[22:31:12] w02: start objective; params=[{"channels1":27,"channels2":6,"kernel_size1":36,"kernel_size2":13,"stride1":11,"stride2":6}]
[22:31:12] w02: Preparing datastores for training and validation...

[22:31:34] w02: after latent size calc
[22:31:34] w02: 1 am here before gpu
[22:31:34] w02: 2 am here after gpu
[00:51:18] w02: start objective; params=[{"channels1":13,"channels2":9,"kernel_size1":39,"kernel_size2":12}]
[00:51:18] w02: Preparing datastores for training and validation...

[00:51:41] w02: after latent size calc
[00:51:41] w02: 1 am here before gpu
[00:51:41] w02: 2 am here after gpu
[00:51:44] w02: Training failed: Unrecognized table variable name 'kernel_size3'.

[00:51:45] w02: Error using <a href="matlab:matlab.lang.internal.introspective.errorDocCallback('tabular/dotReference', 'C:\Program Files\MATLAB\R2024b\toolbox\matlab\datatypes\tabular\@tabular\dotReference.m', 229)" style="font-weight:bold"> . </a> (<a href="matlab: opentoline('C:\Program Files\MATLAB\R2024b\toolbox\matlab\datatypes\tabular\@tabular\dotReference.m',229,0)">line 229</a>)
Unrecognized table variable name 'kernel_size3'.

Error in <a href="matlab:matlab.lang.internal.introspective.errorDocCallback('Bayesian_optimization>buildOptimizedNetwork_compressed1', 'C:\Users\Maria\Documents\Honours Programme\Networks\GAN\src\training\Bayesian_optimization.m', 487)" style="font-weight:bold">Bayesian_optimization>buildOptimizedNetwork_compressed1</a> (<a href="matlab: opentoline('C:\Users\Maria\Documents\Honours Programme\Networks\GAN\src\training\Bayesian_optimization.m',487,0)">line 487</a>)
    kernel_conv3 = [params.kernel_size3,2];
                    ^^^^^^^^^^^^^^^^^^^
Error in <a href="matlab:matlab.lang.internal.introspective.errorDocCallback('Bayesian_optimization>trainAndEvaluateAE', 'C:\Users\Maria\Documents\Honours Programme\Networks\GAN\src\training\Bayesian_optimization.m', 289)" style="font-weight:bold">Bayesian_optimization>trainAndEvaluateAE</a> (<a href="matlab: opentoline('C:\Users\Maria\Documents\Honours Programme\Networks\GAN\src\training\Bayesian_optimization.m',289,0)">line 289</a>)
        net = buildOptimizedNetwork_compressed1(params);
              ^^^^^^^^^^^^^^^^^^^^^^^^^^^^^^^^^^^^^^^^^
Error in <a href="matlab:matlab.lang.internal.introspective.errorDocCallback('Bayesian_optimization>@(params)trainAndEvaluateAE(params,dataCfg)', 'C:\Users\Maria\Documents\Honours Programme\Networks\GAN\src\training\Bayesian_optimization.m', 124)" style="font-weight:bold">Bayesian_optimization>@(params)trainAndEvaluateAE(params,dataCfg)</a> (<a href="matlab: opentoline('C:\Users\Maria\Documents\Honours Programme\Networks\GAN\src\training\Bayesian_optimization.m',124,0)">line 124</a>)
objectiveFcn = @(params) trainAndEvaluateAE(params, dataCfg);
                         ^^^^^^^^^^^^^^^^^^^^^^^^^^^^^^^^^^^
Error in <a href="matlab:matlab.lang.internal.introspective.errorDocCallback('bayesoptim.callObjFcnParallel>callObjNormallyParallel', 'C:\Program Files\MATLAB\R2024b\toolbox\stats\bayesoptim\+bayesoptim\callObjFcnParallel.m', 45)" style="font-weight:bold">bayesoptim.callObjFcnParallel>callObjNormallyParallel</a> (<a href="matlab: opentoline('C:\Program Files\MATLAB\R2024b\toolbox\stats\bayesoptim\+bayesoptim\callObjFcnParallel.m',45,0)">line 45</a>)
            Objective = ObjectiveFcn(conditionalizedX);
                        ^^^^^^^^^^^^^^^^^^^^^^^^^^^^^^
Error in <a href="matlab:matlab.lang.internal.introspective.errorDocCallback('bayesoptim.callObjFcnParallel', 'C:\Program Files\MATLAB\R2024b\toolbox\stats\bayesoptim\+bayesoptim\callObjFcnParallel.m', 26)" style="font-weight:bold">bayesoptim.callObjFcnParallel</a> (<a href="matlab: opentoline('C:\Program Files\MATLAB\R2024b\toolbox\stats\bayesoptim\+bayesoptim\callObjFcnParallel.m',26,0)">line 26</a>)
            = callObjNormallyParallel(ObjectiveFcn, ObjectiveNargout, NumCoupledConstraints, conditionalizedX);
              ^^^^^^^^^^^^^^^^^^^^^^^^^^^^^^^^^^^^^^^^^^^^^^^^^^^^^^^^^^^^^^^^^^^^^^^^^^^^^^^^^^^^^^^^^^^^^^^^

[00:53:23] w02: start objective; params=[{"channels1":13,"channels2":9,"kernel_size1":39,"kernel_size2":12}]
[00:53:23] w02: Preparing datastores for training and validation...

[00:53:47] w02: after latent size calc
[00:53:47] w02: 1 am here before gpu
[00:53:47] w02: 2 am here after gpu
[00:53:48] w02: Training failed: Unrecognized function or variable 'pad2'.

[00:53:48] w02: Unrecognized function or variable 'pad2'.

Error in <a href="matlab:matlab.lang.internal.introspective.errorDocCallback('Bayesian_optimization>buildOptimizedNetwork_compressed1', 'C:\Users\Maria\Documents\Honours Programme\Networks\GAN\src\training\Bayesian_optimization.m', 600)" style="font-weight:bold">Bayesian_optimization>buildOptimizedNetwork_compressed1</a> (<a href="matlab: opentoline('C:\Users\Maria\Documents\Honours Programme\Networks\GAN\src\training\Bayesian_optimization.m',600,0)">line 600</a>)
            zeroPadding2dBSSC(pad2, sprintf("pad_after_tconv2_%d",i), 0)
                              ^^^^
Error in <a href="matlab:matlab.lang.internal.introspective.errorDocCallback('Bayesian_optimization>trainAndEvaluateAE', 'C:\Users\Maria\Documents\Honours Programme\Networks\GAN\src\training\Bayesian_optimization.m', 289)" style="font-weight:bold">Bayesian_optimization>trainAndEvaluateAE</a> (<a href="matlab: opentoline('C:\Users\Maria\Documents\Honours Programme\Networks\GAN\src\training\Bayesian_optimization.m',289,0)">line 289</a>)
        net = buildOptimizedNetwork_compressed1(params);
              ^^^^^^^^^^^^^^^^^^^^^^^^^^^^^^^^^^^^^^^^^
Error in <a href="matlab:matlab.lang.internal.introspective.errorDocCallback('Bayesian_optimization>@(params)trainAndEvaluateAE(params,dataCfg)', 'C:\Users\Maria\Documents\Honours Programme\Networks\GAN\src\training\Bayesian_optimization.m', 124)" style="font-weight:bold">Bayesian_optimization>@(params)trainAndEvaluateAE(params,dataCfg)</a> (<a href="matlab: opentoline('C:\Users\Maria\Documents\Honours Programme\Networks\GAN\src\training\Bayesian_optimization.m',124,0)">line 124</a>)
objectiveFcn = @(params) trainAndEvaluateAE(params, dataCfg);
                         ^^^^^^^^^^^^^^^^^^^^^^^^^^^^^^^^^^^
Error in <a href="matlab:matlab.lang.internal.introspective.errorDocCallback('bayesoptim.callObjFcnParallel>callObjNormallyParallel', 'C:\Program Files\MATLAB\R2024b\toolbox\stats\bayesoptim\+bayesoptim\callObjFcnParallel.m', 45)" style="font-weight:bold">bayesoptim.callObjFcnParallel>callObjNormallyParallel</a> (<a href="matlab: opentoline('C:\Program Files\MATLAB\R2024b\toolbox\stats\bayesoptim\+bayesoptim\callObjFcnParallel.m',45,0)">line 45</a>)
            Objective = ObjectiveFcn(conditionalizedX);
                        ^^^^^^^^^^^^^^^^^^^^^^^^^^^^^^
Error in <a href="matlab:matlab.lang.internal.introspective.errorDocCallback('bayesoptim.callObjFcnParallel', 'C:\Program Files\MATLAB\R2024b\toolbox\stats\bayesoptim\+bayesoptim\callObjFcnParallel.m', 26)" style="font-weight:bold">bayesoptim.callObjFcnParallel</a> (<a href="matlab: opentoline('C:\Program Files\MATLAB\R2024b\toolbox\stats\bayesoptim\+bayesoptim\callObjFcnParallel.m',26,0)">line 26</a>)
            = callObjNormallyParallel(ObjectiveFcn, ObjectiveNargout, NumCoupledConstraints, conditionalizedX);
              ^^^^^^^^^^^^^^^^^^^^^^^^^^^^^^^^^^^^^^^^^^^^^^^^^^^^^^^^^^^^^^^^^^^^^^^^^^^^^^^^^^^^^^^^^^^^^^^^

[00:54:50] w02: start objective; params=[{"channels1":13,"channels2":9,"kernel_size1":39,"kernel_size2":12}]
[00:54:50] w02: Preparing datastores for training and validation...

[00:55:13] w02: after latent size calc
[00:55:13] w02: 1 am here before gpu
[00:55:13] w02: 2 am here after gpu
[01:03:12] w02: start objective; params=[{"channels1":13,"channels2":9,"kernel_size1":39,"kernel_size2":12}]
[01:03:12] w02: Preparing datastores for training and validation...

[01:03:35] w02: after latent size calc
[01:03:35] w02: 1 am here before gpu
[01:03:35] w02: 2 am here after gpu
[01:03:45] w02: Training network (Final=0) on cpu for 10 epochs...

[01:40:03] w02: start objective; params=[{"channels1":8,"channels2":7,"kernel_size1":23,"kernel_size2":15}]
[01:40:03] w02: Preparing datastores for training and validation...

[01:40:24] w02: after latent size calc
[01:40:24] w02: 1 am here before gpu
[01:40:24] w02: 2 am here after gpu
[01:40:33] w02: Training network (Final=0) on cpu for 10 epochs...

[02:18:06] w02: start objective; params=[{"channels1":32,"channels2":16,"kernel_size1":40,"kernel_size2":14}]
[02:18:06] w02: Preparing datastores for training and validation...

[02:18:29] w02: after latent size calc
[02:18:29] w02: Latent size 112 exceeds limit (s1=16, s2=5, p=7, ch2=16). Penalized.

[02:18:29] w02: 1 am here before gpu
[02:18:29] w02: 2 am here after gpu
[02:18:38] w02: Training network (Final=0) on cpu for 10 epochs...

[03:11:49] w02: start objective; params=[{"channels1":32,"channels2":5,"kernel_size1":39,"kernel_size2":6}]
[03:11:49] w02: Preparing datastores for training and validation...

[03:12:17] w02: after latent size calc
[03:12:17] w02: 1 am here before gpu
[03:12:17] w02: 2 am here after gpu
[03:12:27] w02: Training network (Final=0) on cpu for 10 epochs...

[04:11:13] w02: start objective; params=[{"channels1":11,"channels2":4,"kernel_size1":19,"kernel_size2":15}]
[04:11:13] w02: Preparing datastores for training and validation...

[04:11:43] w02: after latent size calc
[04:11:43] w02: 1 am here before gpu
[04:11:43] w02: 2 am here after gpu
[04:11:52] w02: Training network (Final=0) on cpu for 10 epochs...

[05:05:16] w02: start objective; params=[{"channels1":9,"channels2":8,"kernel_size1":16,"kernel_size2":15}]
[05:05:16] w02: Preparing datastores for training and validation...

[05:05:50] w02: after latent size calc
[05:05:50] w02: 1 am here before gpu
[05:05:50] w02: 2 am here after gpu
[05:05:58] w02: Training network (Final=0) on cpu for 10 epochs...

[06:01:46] w02: start objective; params=[{"channels1":11,"channels2":5,"kernel_size1":17,"kernel_size2":15}]
[06:01:46] w02: Preparing datastores for training and validation...

[06:02:21] w02: after latent size calc
[06:02:21] w02: 1 am here before gpu
[06:02:21] w02: 2 am here after gpu
[06:02:30] w02: Training network (Final=0) on cpu for 10 epochs...

[07:01:56] w02: start objective; params=[{"channels1":31,"channels2":7,"kernel_size1":35,"kernel_size2":5}]
[07:01:56] w02: Preparing datastores for training and validation...

[07:02:36] w02: after latent size calc
[07:02:36] w02: Latent size 112 exceeds limit (s1=16, s2=5, p=3, ch2=7). Penalized.

[07:02:36] w02: 1 am here before gpu
[07:02:36] w02: 2 am here after gpu
[07:02:47] w02: Training network (Final=0) on cpu for 10 epochs...

[08:15:11] w02: start objective; params=[{"channels1":8,"channels2":16,"kernel_size1":24,"kernel_size2":6}]
[08:15:11] w02: Preparing datastores for training and validation...

[08:15:58] w02: after latent size calc
[08:15:58] w02: Latent size 256 exceeds limit (s1=16, s2=5, p=3, ch2=16). Penalized.

[08:15:58] w02: 1 am here before gpu
[08:15:58] w02: 2 am here after gpu
[08:16:07] w02: Training network (Final=0) on cpu for 10 epochs...

[09:22:44] w02: start objective; params=[{"channels1":8,"channels2":4,"kernel_size1":37,"kernel_size2":8}]
[09:22:44] w02: Preparing datastores for training and validation...

[09:24:00] w02: after latent size calc
[09:24:00] w02: 1 am here before gpu
[09:24:00] w02: 2 am here after gpu
[09:24:09] w02: Training network (Final=0) on cpu for 10 epochs...

[10:42:28] w02: Training failed: Unable to perform assignment because the left and right sides have a different number of elements.

[10:42:29] w02: Unable to perform assignment because the left and right sides have a different number of elements.

Error in <a href="matlab:matlab.lang.internal.introspective.errorDocCallback('deep.TrainingInfo>iCreateTrainingHistory', 'C:\Program Files\MATLAB\R2024b\toolbox\nnet\deeptrain\+deep\TrainingInfo.m', 121)" style="font-weight:bold">deep.TrainingInfo>iCreateTrainingHistory</a> (<a href="matlab: opentoline('C:\Program Files\MATLAB\R2024b\toolbox\nnet\deeptrain\+deep\TrainingInfo.m',121,0)">line 121</a>)
    value(mask) = trainingData(:,2);
    ^^^^^^^^^^^
Error in <a href="matlab:matlab.lang.internal.introspective.errorDocCallback('deep.TrainingInfo.createTrainingInfo', 'C:\Program Files\MATLAB\R2024b\toolbox\nnet\deeptrain\+deep\TrainingInfo.m', 90)" style="font-weight:bold">deep.TrainingInfo.createTrainingInfo</a> (<a href="matlab: opentoline('C:\Program Files\MATLAB\R2024b\toolbox\nnet\deeptrain\+deep\TrainingInfo.m',90,0)">line 90</a>)
            trainingHistory = iCreateTrainingHistory(monitorConfig,columnNames,trainingMetrics);
                              ^^^^^^^^^^^^^^^^^^^^^^^^^^^^^^^^^^^^^^^^^^^^^^^^^^^^^^^^^^^^^^^^^
Error in <a href="matlab:matlab.lang.internal.introspective.errorDocCallback('deep.internal.train.TrainingOutputManager/getTrainingOutputs', 'C:\Program Files\MATLAB\R2024b\toolbox\nnet\deeptrain\+deep\+internal\+train\TrainingOutputManager.m', 37)" style="font-weight:bold">deep.internal.train.TrainingOutputManager/getTrainingOutputs</a> (<a href="matlab: opentoline('C:\Program Files\MATLAB\R2024b\toolbox\nnet\deeptrain\+deep\+internal\+train\TrainingOutputManager.m',37,0)">line 37</a>)
                info = deep.TrainingInfo.createTrainingInfo(monitorManager,...
                       ^^^^^^^^^^^^^^^^^^^^^^^^^^^^^^^^^^^^^^^^^^^^^^^^^^^^^^^
Error in <a href="matlab:matlab.lang.internal.introspective.errorDocCallback('deep.internal.train.train', 'C:\Program Files\MATLAB\R2024b\toolbox\nnet\deeptrain\+deep\+internal\+train\train.m', 31)" style="font-weight:bold">deep.internal.train.train</a> (<a href="matlab: opentoline('C:\Program Files\MATLAB\R2024b\toolbox\nnet\deeptrain\+deep\+internal\+train\train.m',31,0)">line 31</a>)
[varargout{1:nargout}] = getTrainingOutputs(outputManager, net);
                         ^^^^^^^^^^^^^^^^^^^^^^^^^^^^^^^^^^^^^^
Error in <a href="matlab:matlab.lang.internal.introspective.errorDocCallback('trainnet', 'C:\Program Files\MATLAB\R2024b\toolbox\nnet\deeptrain\trainnet.m', 48)" style="font-weight:bold">trainnet</a> (<a href="matlab: opentoline('C:\Program Files\MATLAB\R2024b\toolbox\nnet\deeptrain\trainnet.m',48,0)">line 48</a>)
    [varargout{1:nargout}] = deep.internal.train.train(mbq, net, loss, options, ...
                             ^^^^^^^^^^^^^^^^^^^^^^^^^^^^^^^^^^^^^^^^^^^^^^^^^^^^^^
Error in <a href="matlab:matlab.lang.internal.introspective.errorDocCallback('Bayesian_optimization>trainAndEvaluateAE', 'C:\Users\Maria\Documents\Honours Programme\Networks\GAN\src\training\Bayesian_optimization.m', 314)" style="font-weight:bold">Bayesian_optimization>trainAndEvaluateAE</a> (<a href="matlab: opentoline('C:\Users\Maria\Documents\Honours Programme\Networks\GAN\src\training\Bayesian_optimization.m',314,0)">line 314</a>)
        [net, info] = trainnet(trainData, net, lossFn, options);
                      ^^^^^^^^^^^^^^^^^^^^^^^^^^^^^^^^^^^^^^^^^
Error in <a href="matlab:matlab.lang.internal.introspective.errorDocCallback('Bayesian_optimization>@(params)trainAndEvaluateAE(params,dataCfg)', 'C:\Users\Maria\Documents\Honours Programme\Networks\GAN\src\training\Bayesian_optimization.m', 124)" style="font-weight:bold">Bayesian_optimization>@(params)trainAndEvaluateAE(params,dataCfg)</a> (<a href="matlab: opentoline('C:\Users\Maria\Documents\Honours Programme\Networks\GAN\src\training\Bayesian_optimization.m',124,0)">line 124</a>)
objectiveFcn = @(params) trainAndEvaluateAE(params, dataCfg);
                         ^^^^^^^^^^^^^^^^^^^^^^^^^^^^^^^^^^^
Error in <a href="matlab:matlab.lang.internal.introspective.errorDocCallback('bayesoptim.callObjFcnParallel>callObjNormallyParallel', 'C:\Program Files\MATLAB\R2024b\toolbox\stats\bayesoptim\+bayesoptim\callObjFcnParallel.m', 45)" style="font-weight:bold">bayesoptim.callObjFcnParallel>callObjNormallyParallel</a> (<a href="matlab: opentoline('C:\Program Files\MATLAB\R2024b\toolbox\stats\bayesoptim\+bayesoptim\callObjFcnParallel.m',45,0)">line 45</a>)
            Objective = ObjectiveFcn(conditionalizedX);
                        ^^^^^^^^^^^^^^^^^^^^^^^^^^^^^^
Error in <a href="matlab:matlab.lang.internal.introspective.errorDocCallback('bayesoptim.callObjFcnParallel', 'C:\Program Files\MATLAB\R2024b\toolbox\stats\bayesoptim\+bayesoptim\callObjFcnParallel.m', 12)" style="font-weight:bold">bayesoptim.callObjFcnParallel</a> (<a href="matlab: opentoline('C:\Program Files\MATLAB\R2024b\toolbox\stats\bayesoptim\+bayesoptim\callObjFcnParallel.m',12,0)">line 12</a>)
        = callObjNormallyParallel(ObjectiveFcn, ObjectiveNargout, NumCoupledConstraints, conditionalizedX);
          ^^^^^^^^^^^^^^^^^^^^^^^^^^^^^^^^^^^^^^^^^^^^^^^^^^^^^^^^^^^^^^^^^^^^^^^^^^^^^^^^^^^^^^^^^^^^^^^^

[18:01:55] w02: start objective; params=[{"channels1":31,"channels2":7,"kernel_size1":15,"kernel_size2":6,"stride1":5,"dilatation_factor":4}]
[18:01:55] w02: Preparing datastores for training and validation...

[18:02:20] w02: after latent size calc
[18:02:20] w02: Latent size 112 exceeds limit (s1=16, s2=5, p=3, ch2=7). Penalized.

[18:02:20] w02: 1 am here before gpu
[18:02:20] w02: 2 am here after gpu
[18:02:22] w02: Training failed: Unrecognized table variable name 'dilation_factor'.

[18:02:23] w02: Error using <a href="matlab:matlab.lang.internal.introspective.errorDocCallback('tabular/dotReference', 'C:\Program Files\MATLAB\R2024b\toolbox\matlab\datatypes\tabular\@tabular\dotReference.m', 229)" style="font-weight:bold"> . </a> (<a href="matlab: opentoline('C:\Program Files\MATLAB\R2024b\toolbox\matlab\datatypes\tabular\@tabular\dotReference.m',229,0)">line 229</a>)
Unrecognized table variable name 'dilation_factor'.

Error in <a href="matlab:matlab.lang.internal.introspective.errorDocCallback('Bayesian_optimization>buildOptimizedNetwork_compressed1', 'C:\Users\Maria\Documents\Honours Programme\Networks\GAN\src\training\Bayesian_optimization.m', 407)" style="font-weight:bold">Bayesian_optimization>buildOptimizedNetwork_compressed1</a> (<a href="matlab: opentoline('C:\Users\Maria\Documents\Honours Programme\Networks\GAN\src\training\Bayesian_optimization.m',407,0)">line 407</a>)
    DilationFactor = [params.dilation_factor 1];
                      ^^^^^^^^^^^^^^^^^^^^^^
Error in <a href="matlab:matlab.lang.internal.introspective.errorDocCallback('Bayesian_optimization>trainAndEvaluateAE', 'C:\Users\Maria\Documents\Honours Programme\Networks\GAN\src\training\Bayesian_optimization.m', 315)" style="font-weight:bold">Bayesian_optimization>trainAndEvaluateAE</a> (<a href="matlab: opentoline('C:\Users\Maria\Documents\Honours Programme\Networks\GAN\src\training\Bayesian_optimization.m',315,0)">line 315</a>)
        net = buildOptimizedNetwork_compressed1(params);
              ^^^^^^^^^^^^^^^^^^^^^^^^^^^^^^^^^^^^^^^^^
Error in <a href="matlab:matlab.lang.internal.introspective.errorDocCallback('Bayesian_optimization>@(params)trainAndEvaluateAE(params,dataCfg)', 'C:\Users\Maria\Documents\Honours Programme\Networks\GAN\src\training\Bayesian_optimization.m', 149)" style="font-weight:bold">Bayesian_optimization>@(params)trainAndEvaluateAE(params,dataCfg)</a> (<a href="matlab: opentoline('C:\Users\Maria\Documents\Honours Programme\Networks\GAN\src\training\Bayesian_optimization.m',149,0)">line 149</a>)
objectiveFcn = @(params) trainAndEvaluateAE(params, dataCfg);
                         ^^^^^^^^^^^^^^^^^^^^^^^^^^^^^^^^^^^
Error in <a href="matlab:matlab.lang.internal.introspective.errorDocCallback('bayesoptim.callObjFcnParallel>callObjNormallyParallel', 'C:\Program Files\MATLAB\R2024b\toolbox\stats\bayesoptim\+bayesoptim\callObjFcnParallel.m', 45)" style="font-weight:bold">bayesoptim.callObjFcnParallel>callObjNormallyParallel</a> (<a href="matlab: opentoline('C:\Program Files\MATLAB\R2024b\toolbox\stats\bayesoptim\+bayesoptim\callObjFcnParallel.m',45,0)">line 45</a>)
            Objective = ObjectiveFcn(conditionalizedX);
                        ^^^^^^^^^^^^^^^^^^^^^^^^^^^^^^
Error in <a href="matlab:matlab.lang.internal.introspective.errorDocCallback('bayesoptim.callObjFcnParallel', 'C:\Program Files\MATLAB\R2024b\toolbox\stats\bayesoptim\+bayesoptim\callObjFcnParallel.m', 26)" style="font-weight:bold">bayesoptim.callObjFcnParallel</a> (<a href="matlab: opentoline('C:\Program Files\MATLAB\R2024b\toolbox\stats\bayesoptim\+bayesoptim\callObjFcnParallel.m',26,0)">line 26</a>)
            = callObjNormallyParallel(ObjectiveFcn, ObjectiveNargout, NumCoupledConstraints, conditionalizedX);
              ^^^^^^^^^^^^^^^^^^^^^^^^^^^^^^^^^^^^^^^^^^^^^^^^^^^^^^^^^^^^^^^^^^^^^^^^^^^^^^^^^^^^^^^^^^^^^^^^

[18:02:33] w02: start objective; params=[{"channels1":22,"channels2":12,"kernel_size1":16,"kernel_size2":10,"stride1":16,"dilatation_factor":8}]
[18:02:33] w02: Preparing datastores for training and validation...

[18:02:57] w02: after latent size calc
[18:02:57] w02: Latent size 120 exceeds limit (s1=16, s2=5, p=5, ch2=12). Penalized.

[18:02:57] w02: 1 am here before gpu
[18:02:57] w02: 2 am here after gpu
[18:02:57] w02: Training failed: Unrecognized table variable name 'dilation_factor'.

[18:02:57] w02: Error using <a href="matlab:matlab.lang.internal.introspective.errorDocCallback('tabular/dotReference', 'C:\Program Files\MATLAB\R2024b\toolbox\matlab\datatypes\tabular\@tabular\dotReference.m', 229)" style="font-weight:bold"> . </a> (<a href="matlab: opentoline('C:\Program Files\MATLAB\R2024b\toolbox\matlab\datatypes\tabular\@tabular\dotReference.m',229,0)">line 229</a>)
Unrecognized table variable name 'dilation_factor'.

Error in <a href="matlab:matlab.lang.internal.introspective.errorDocCallback('Bayesian_optimization>buildOptimizedNetwork_compressed1', 'C:\Users\Maria\Documents\Honours Programme\Networks\GAN\src\training\Bayesian_optimization.m', 407)" style="font-weight:bold">Bayesian_optimization>buildOptimizedNetwork_compressed1</a> (<a href="matlab: opentoline('C:\Users\Maria\Documents\Honours Programme\Networks\GAN\src\training\Bayesian_optimization.m',407,0)">line 407</a>)
    DilationFactor = [params.dilation_factor 1];
                      ^^^^^^^^^^^^^^^^^^^^^^
Error in <a href="matlab:matlab.lang.internal.introspective.errorDocCallback('Bayesian_optimization>trainAndEvaluateAE', 'C:\Users\Maria\Documents\Honours Programme\Networks\GAN\src\training\Bayesian_optimization.m', 315)" style="font-weight:bold">Bayesian_optimization>trainAndEvaluateAE</a> (<a href="matlab: opentoline('C:\Users\Maria\Documents\Honours Programme\Networks\GAN\src\training\Bayesian_optimization.m',315,0)">line 315</a>)
        net = buildOptimizedNetwork_compressed1(params);
              ^^^^^^^^^^^^^^^^^^^^^^^^^^^^^^^^^^^^^^^^^
Error in <a href="matlab:matlab.lang.internal.introspective.errorDocCallback('Bayesian_optimization>@(params)trainAndEvaluateAE(params,dataCfg)', 'C:\Users\Maria\Documents\Honours Programme\Networks\GAN\src\training\Bayesian_optimization.m', 149)" style="font-weight:bold">Bayesian_optimization>@(params)trainAndEvaluateAE(params,dataCfg)</a> (<a href="matlab: opentoline('C:\Users\Maria\Documents\Honours Programme\Networks\GAN\src\training\Bayesian_optimization.m',149,0)">line 149</a>)
objectiveFcn = @(params) trainAndEvaluateAE(params, dataCfg);
                         ^^^^^^^^^^^^^^^^^^^^^^^^^^^^^^^^^^^
Error in <a href="matlab:matlab.lang.internal.introspective.errorDocCallback('bayesoptim.callObjFcnParallel>callObjNormallyParallel', 'C:\Program Files\MATLAB\R2024b\toolbox\stats\bayesoptim\+bayesoptim\callObjFcnParallel.m', 45)" style="font-weight:bold">bayesoptim.callObjFcnParallel>callObjNormallyParallel</a> (<a href="matlab: opentoline('C:\Program Files\MATLAB\R2024b\toolbox\stats\bayesoptim\+bayesoptim\callObjFcnParallel.m',45,0)">line 45</a>)
            Objective = ObjectiveFcn(conditionalizedX);
                        ^^^^^^^^^^^^^^^^^^^^^^^^^^^^^^
Error in <a href="matlab:matlab.lang.internal.introspective.errorDocCallback('bayesoptim.callObjFcnParallel', 'C:\Program Files\MATLAB\R2024b\toolbox\stats\bayesoptim\+bayesoptim\callObjFcnParallel.m', 12)" style="font-weight:bold">bayesoptim.callObjFcnParallel</a> (<a href="matlab: opentoline('C:\Program Files\MATLAB\R2024b\toolbox\stats\bayesoptim\+bayesoptim\callObjFcnParallel.m',12,0)">line 12</a>)
        = callObjNormallyParallel(ObjectiveFcn, ObjectiveNargout, NumCoupledConstraints, conditionalizedX);
          ^^^^^^^^^^^^^^^^^^^^^^^^^^^^^^^^^^^^^^^^^^^^^^^^^^^^^^^^^^^^^^^^^^^^^^^^^^^^^^^^^^^^^^^^^^^^^^^^

[18:03:00] w02: start objective; params=[{"channels1":24,"channels2":5,"kernel_size1":8,"kernel_size2":9,"stride1":8,"dilatation_factor":8}]
[18:03:00] w02: Preparing datastores for training and validation...

[18:03:25] w02: after latent size calc
[18:03:25] w02: 1 am here before gpu
[18:03:25] w02: 2 am here after gpu
[18:03:25] w02: Training failed: Unrecognized table variable name 'dilation_factor'.

[18:03:25] w02: Error using <a href="matlab:matlab.lang.internal.introspective.errorDocCallback('tabular/dotReference', 'C:\Program Files\MATLAB\R2024b\toolbox\matlab\datatypes\tabular\@tabular\dotReference.m', 229)" style="font-weight:bold"> . </a> (<a href="matlab: opentoline('C:\Program Files\MATLAB\R2024b\toolbox\matlab\datatypes\tabular\@tabular\dotReference.m',229,0)">line 229</a>)
Unrecognized table variable name 'dilation_factor'.

Error in <a href="matlab:matlab.lang.internal.introspective.errorDocCallback('Bayesian_optimization>buildOptimizedNetwork_compressed1', 'C:\Users\Maria\Documents\Honours Programme\Networks\GAN\src\training\Bayesian_optimization.m', 407)" style="font-weight:bold">Bayesian_optimization>buildOptimizedNetwork_compressed1</a> (<a href="matlab: opentoline('C:\Users\Maria\Documents\Honours Programme\Networks\GAN\src\training\Bayesian_optimization.m',407,0)">line 407</a>)
    DilationFactor = [params.dilation_factor 1];
                      ^^^^^^^^^^^^^^^^^^^^^^
Error in <a href="matlab:matlab.lang.internal.introspective.errorDocCallback('Bayesian_optimization>trainAndEvaluateAE', 'C:\Users\Maria\Documents\Honours Programme\Networks\GAN\src\training\Bayesian_optimization.m', 315)" style="font-weight:bold">Bayesian_optimization>trainAndEvaluateAE</a> (<a href="matlab: opentoline('C:\Users\Maria\Documents\Honours Programme\Networks\GAN\src\training\Bayesian_optimization.m',315,0)">line 315</a>)
        net = buildOptimizedNetwork_compressed1(params);
              ^^^^^^^^^^^^^^^^^^^^^^^^^^^^^^^^^^^^^^^^^
Error in <a href="matlab:matlab.lang.internal.introspective.errorDocCallback('Bayesian_optimization>@(params)trainAndEvaluateAE(params,dataCfg)', 'C:\Users\Maria\Documents\Honours Programme\Networks\GAN\src\training\Bayesian_optimization.m', 149)" style="font-weight:bold">Bayesian_optimization>@(params)trainAndEvaluateAE(params,dataCfg)</a> (<a href="matlab: opentoline('C:\Users\Maria\Documents\Honours Programme\Networks\GAN\src\training\Bayesian_optimization.m',149,0)">line 149</a>)
objectiveFcn = @(params) trainAndEvaluateAE(params, dataCfg);
                         ^^^^^^^^^^^^^^^^^^^^^^^^^^^^^^^^^^^
Error in <a href="matlab:matlab.lang.internal.introspective.errorDocCallback('bayesoptim.callObjFcnParallel>callObjNormallyParallel', 'C:\Program Files\MATLAB\R2024b\toolbox\stats\bayesoptim\+bayesoptim\callObjFcnParallel.m', 45)" style="font-weight:bold">bayesoptim.callObjFcnParallel>callObjNormallyParallel</a> (<a href="matlab: opentoline('C:\Program Files\MATLAB\R2024b\toolbox\stats\bayesoptim\+bayesoptim\callObjFcnParallel.m',45,0)">line 45</a>)
            Objective = ObjectiveFcn(conditionalizedX);
                        ^^^^^^^^^^^^^^^^^^^^^^^^^^^^^^
Error in <a href="matlab:matlab.lang.internal.introspective.errorDocCallback('bayesoptim.callObjFcnParallel', 'C:\Program Files\MATLAB\R2024b\toolbox\stats\bayesoptim\+bayesoptim\callObjFcnParallel.m', 12)" style="font-weight:bold">bayesoptim.callObjFcnParallel</a> (<a href="matlab: opentoline('C:\Program Files\MATLAB\R2024b\toolbox\stats\bayesoptim\+bayesoptim\callObjFcnParallel.m',12,0)">line 12</a>)
        = callObjNormallyParallel(ObjectiveFcn, ObjectiveNargout, NumCoupledConstraints, conditionalizedX);
          ^^^^^^^^^^^^^^^^^^^^^^^^^^^^^^^^^^^^^^^^^^^^^^^^^^^^^^^^^^^^^^^^^^^^^^^^^^^^^^^^^^^^^^^^^^^^^^^^

[18:03:27] w02: start objective; params=[{"channels1":29,"channels2":8,"kernel_size1":22,"kernel_size2":12,"stride1":16,"dilatation_factor":3}]
[18:03:27] w02: Preparing datastores for training and validation...

[18:03:52] w02: after latent size calc
[18:03:52] w02: 1 am here before gpu
[18:03:52] w02: 2 am here after gpu
[18:03:52] w02: Training failed: Unrecognized table variable name 'dilation_factor'.

[18:03:52] w02: Error using <a href="matlab:matlab.lang.internal.introspective.errorDocCallback('tabular/dotReference', 'C:\Program Files\MATLAB\R2024b\toolbox\matlab\datatypes\tabular\@tabular\dotReference.m', 229)" style="font-weight:bold"> . </a> (<a href="matlab: opentoline('C:\Program Files\MATLAB\R2024b\toolbox\matlab\datatypes\tabular\@tabular\dotReference.m',229,0)">line 229</a>)
Unrecognized table variable name 'dilation_factor'.

Error in <a href="matlab:matlab.lang.internal.introspective.errorDocCallback('Bayesian_optimization>buildOptimizedNetwork_compressed1', 'C:\Users\Maria\Documents\Honours Programme\Networks\GAN\src\training\Bayesian_optimization.m', 407)" style="font-weight:bold">Bayesian_optimization>buildOptimizedNetwork_compressed1</a> (<a href="matlab: opentoline('C:\Users\Maria\Documents\Honours Programme\Networks\GAN\src\training\Bayesian_optimization.m',407,0)">line 407</a>)
    DilationFactor = [params.dilation_factor 1];
                      ^^^^^^^^^^^^^^^^^^^^^^
Error in <a href="matlab:matlab.lang.internal.introspective.errorDocCallback('Bayesian_optimization>trainAndEvaluateAE', 'C:\Users\Maria\Documents\Honours Programme\Networks\GAN\src\training\Bayesian_optimization.m', 315)" style="font-weight:bold">Bayesian_optimization>trainAndEvaluateAE</a> (<a href="matlab: opentoline('C:\Users\Maria\Documents\Honours Programme\Networks\GAN\src\training\Bayesian_optimization.m',315,0)">line 315</a>)
        net = buildOptimizedNetwork_compressed1(params);
              ^^^^^^^^^^^^^^^^^^^^^^^^^^^^^^^^^^^^^^^^^
Error in <a href="matlab:matlab.lang.internal.introspective.errorDocCallback('Bayesian_optimization>@(params)trainAndEvaluateAE(params,dataCfg)', 'C:\Users\Maria\Documents\Honours Programme\Networks\GAN\src\training\Bayesian_optimization.m', 149)" style="font-weight:bold">Bayesian_optimization>@(params)trainAndEvaluateAE(params,dataCfg)</a> (<a href="matlab: opentoline('C:\Users\Maria\Documents\Honours Programme\Networks\GAN\src\training\Bayesian_optimization.m',149,0)">line 149</a>)
objectiveFcn = @(params) trainAndEvaluateAE(params, dataCfg);
                         ^^^^^^^^^^^^^^^^^^^^^^^^^^^^^^^^^^^
Error in <a href="matlab:matlab.lang.internal.introspective.errorDocCallback('bayesoptim.callObjFcnParallel>callObjNormallyParallel', 'C:\Program Files\MATLAB\R2024b\toolbox\stats\bayesoptim\+bayesoptim\callObjFcnParallel.m', 45)" style="font-weight:bold">bayesoptim.callObjFcnParallel>callObjNormallyParallel</a> (<a href="matlab: opentoline('C:\Program Files\MATLAB\R2024b\toolbox\stats\bayesoptim\+bayesoptim\callObjFcnParallel.m',45,0)">line 45</a>)
            Objective = ObjectiveFcn(conditionalizedX);
                        ^^^^^^^^^^^^^^^^^^^^^^^^^^^^^^
Error in <a href="matlab:matlab.lang.internal.introspective.errorDocCallback('bayesoptim.callObjFcnParallel', 'C:\Program Files\MATLAB\R2024b\toolbox\stats\bayesoptim\+bayesoptim\callObjFcnParallel.m', 12)" style="font-weight:bold">bayesoptim.callObjFcnParallel</a> (<a href="matlab: opentoline('C:\Program Files\MATLAB\R2024b\toolbox\stats\bayesoptim\+bayesoptim\callObjFcnParallel.m',12,0)">line 12</a>)
        = callObjNormallyParallel(ObjectiveFcn, ObjectiveNargout, NumCoupledConstraints, conditionalizedX);
          ^^^^^^^^^^^^^^^^^^^^^^^^^^^^^^^^^^^^^^^^^^^^^^^^^^^^^^^^^^^^^^^^^^^^^^^^^^^^^^^^^^^^^^^^^^^^^^^^

[18:03:54] w02: start objective; params=[{"channels1":29,"channels2":7,"kernel_size1":23,"kernel_size2":15,"stride1":8,"dilatation_factor":8}]
[18:03:54] w02: Preparing datastores for training and validation...

[18:04:19] w02: after latent size calc
[18:04:19] w02: 1 am here before gpu
[18:04:19] w02: 2 am here after gpu
[18:04:19] w02: Training failed: Unrecognized table variable name 'dilation_factor'.

[18:04:19] w02: Error using <a href="matlab:matlab.lang.internal.introspective.errorDocCallback('tabular/dotReference', 'C:\Program Files\MATLAB\R2024b\toolbox\matlab\datatypes\tabular\@tabular\dotReference.m', 229)" style="font-weight:bold"> . </a> (<a href="matlab: opentoline('C:\Program Files\MATLAB\R2024b\toolbox\matlab\datatypes\tabular\@tabular\dotReference.m',229,0)">line 229</a>)
Unrecognized table variable name 'dilation_factor'.

Error in <a href="matlab:matlab.lang.internal.introspective.errorDocCallback('Bayesian_optimization>buildOptimizedNetwork_compressed1', 'C:\Users\Maria\Documents\Honours Programme\Networks\GAN\src\training\Bayesian_optimization.m', 407)" style="font-weight:bold">Bayesian_optimization>buildOptimizedNetwork_compressed1</a> (<a href="matlab: opentoline('C:\Users\Maria\Documents\Honours Programme\Networks\GAN\src\training\Bayesian_optimization.m',407,0)">line 407</a>)
    DilationFactor = [params.dilation_factor 1];
                      ^^^^^^^^^^^^^^^^^^^^^^
Error in <a href="matlab:matlab.lang.internal.introspective.errorDocCallback('Bayesian_optimization>trainAndEvaluateAE', 'C:\Users\Maria\Documents\Honours Programme\Networks\GAN\src\training\Bayesian_optimization.m', 315)" style="font-weight:bold">Bayesian_optimization>trainAndEvaluateAE</a> (<a href="matlab: opentoline('C:\Users\Maria\Documents\Honours Programme\Networks\GAN\src\training\Bayesian_optimization.m',315,0)">line 315</a>)
        net = buildOptimizedNetwork_compressed1(params);
              ^^^^^^^^^^^^^^^^^^^^^^^^^^^^^^^^^^^^^^^^^
Error in <a href="matlab:matlab.lang.internal.introspective.errorDocCallback('Bayesian_optimization>@(params)trainAndEvaluateAE(params,dataCfg)', 'C:\Users\Maria\Documents\Honours Programme\Networks\GAN\src\training\Bayesian_optimization.m', 149)" style="font-weight:bold">Bayesian_optimization>@(params)trainAndEvaluateAE(params,dataCfg)</a> (<a href="matlab: opentoline('C:\Users\Maria\Documents\Honours Programme\Networks\GAN\src\training\Bayesian_optimization.m',149,0)">line 149</a>)
objectiveFcn = @(params) trainAndEvaluateAE(params, dataCfg);
                         ^^^^^^^^^^^^^^^^^^^^^^^^^^^^^^^^^^^
Error in <a href="matlab:matlab.lang.internal.introspective.errorDocCallback('bayesoptim.callObjFcnParallel>callObjNormallyParallel', 'C:\Program Files\MATLAB\R2024b\toolbox\stats\bayesoptim\+bayesoptim\callObjFcnParallel.m', 45)" style="font-weight:bold">bayesoptim.callObjFcnParallel>callObjNormallyParallel</a> (<a href="matlab: opentoline('C:\Program Files\MATLAB\R2024b\toolbox\stats\bayesoptim\+bayesoptim\callObjFcnParallel.m',45,0)">line 45</a>)
            Objective = ObjectiveFcn(conditionalizedX);
                        ^^^^^^^^^^^^^^^^^^^^^^^^^^^^^^
Error in <a href="matlab:matlab.lang.internal.introspective.errorDocCallback('bayesoptim.callObjFcnParallel', 'C:\Program Files\MATLAB\R2024b\toolbox\stats\bayesoptim\+bayesoptim\callObjFcnParallel.m', 12)" style="font-weight:bold">bayesoptim.callObjFcnParallel</a> (<a href="matlab: opentoline('C:\Program Files\MATLAB\R2024b\toolbox\stats\bayesoptim\+bayesoptim\callObjFcnParallel.m',12,0)">line 12</a>)
        = callObjNormallyParallel(ObjectiveFcn, ObjectiveNargout, NumCoupledConstraints, conditionalizedX);
          ^^^^^^^^^^^^^^^^^^^^^^^^^^^^^^^^^^^^^^^^^^^^^^^^^^^^^^^^^^^^^^^^^^^^^^^^^^^^^^^^^^^^^^^^^^^^^^^^

[18:04:21] w02: start objective; params=[{"channels1":18,"channels2":8,"kernel_size1":14,"kernel_size2":10,"stride1":5,"dilatation_factor":7}]
[18:04:21] w02: Preparing datastores for training and validation...

[18:04:44] w02: after latent size calc
[18:04:44] w02: 1 am here before gpu
[18:04:44] w02: 2 am here after gpu
[18:04:44] w02: Training failed: Unrecognized table variable name 'dilation_factor'.

[18:04:45] w02: Error using <a href="matlab:matlab.lang.internal.introspective.errorDocCallback('tabular/dotReference', 'C:\Program Files\MATLAB\R2024b\toolbox\matlab\datatypes\tabular\@tabular\dotReference.m', 229)" style="font-weight:bold"> . </a> (<a href="matlab: opentoline('C:\Program Files\MATLAB\R2024b\toolbox\matlab\datatypes\tabular\@tabular\dotReference.m',229,0)">line 229</a>)
Unrecognized table variable name 'dilation_factor'.

Error in <a href="matlab:matlab.lang.internal.introspective.errorDocCallback('Bayesian_optimization>buildOptimizedNetwork_compressed1', 'C:\Users\Maria\Documents\Honours Programme\Networks\GAN\src\training\Bayesian_optimization.m', 407)" style="font-weight:bold">Bayesian_optimization>buildOptimizedNetwork_compressed1</a> (<a href="matlab: opentoline('C:\Users\Maria\Documents\Honours Programme\Networks\GAN\src\training\Bayesian_optimization.m',407,0)">line 407</a>)
    DilationFactor = [params.dilation_factor 1];
                      ^^^^^^^^^^^^^^^^^^^^^^
Error in <a href="matlab:matlab.lang.internal.introspective.errorDocCallback('Bayesian_optimization>trainAndEvaluateAE', 'C:\Users\Maria\Documents\Honours Programme\Networks\GAN\src\training\Bayesian_optimization.m', 315)" style="font-weight:bold">Bayesian_optimization>trainAndEvaluateAE</a> (<a href="matlab: opentoline('C:\Users\Maria\Documents\Honours Programme\Networks\GAN\src\training\Bayesian_optimization.m',315,0)">line 315</a>)
        net = buildOptimizedNetwork_compressed1(params);
              ^^^^^^^^^^^^^^^^^^^^^^^^^^^^^^^^^^^^^^^^^
Error in <a href="matlab:matlab.lang.internal.introspective.errorDocCallback('Bayesian_optimization>@(params)trainAndEvaluateAE(params,dataCfg)', 'C:\Users\Maria\Documents\Honours Programme\Networks\GAN\src\training\Bayesian_optimization.m', 149)" style="font-weight:bold">Bayesian_optimization>@(params)trainAndEvaluateAE(params,dataCfg)</a> (<a href="matlab: opentoline('C:\Users\Maria\Documents\Honours Programme\Networks\GAN\src\training\Bayesian_optimization.m',149,0)">line 149</a>)
objectiveFcn = @(params) trainAndEvaluateAE(params, dataCfg);
                         ^^^^^^^^^^^^^^^^^^^^^^^^^^^^^^^^^^^
Error in <a href="matlab:matlab.lang.internal.introspective.errorDocCallback('bayesoptim.callObjFcnParallel>callObjNormallyParallel', 'C:\Program Files\MATLAB\R2024b\toolbox\stats\bayesoptim\+bayesoptim\callObjFcnParallel.m', 45)" style="font-weight:bold">bayesoptim.callObjFcnParallel>callObjNormallyParallel</a> (<a href="matlab: opentoline('C:\Program Files\MATLAB\R2024b\toolbox\stats\bayesoptim\+bayesoptim\callObjFcnParallel.m',45,0)">line 45</a>)
            Objective = ObjectiveFcn(conditionalizedX);
                        ^^^^^^^^^^^^^^^^^^^^^^^^^^^^^^
Error in <a href="matlab:matlab.lang.internal.introspective.errorDocCallback('bayesoptim.callObjFcnParallel', 'C:\Program Files\MATLAB\R2024b\toolbox\stats\bayesoptim\+bayesoptim\callObjFcnParallel.m', 12)" style="font-weight:bold">bayesoptim.callObjFcnParallel</a> (<a href="matlab: opentoline('C:\Program Files\MATLAB\R2024b\toolbox\stats\bayesoptim\+bayesoptim\callObjFcnParallel.m',12,0)">line 12</a>)
        = callObjNormallyParallel(ObjectiveFcn, ObjectiveNargout, NumCoupledConstraints, conditionalizedX);
          ^^^^^^^^^^^^^^^^^^^^^^^^^^^^^^^^^^^^^^^^^^^^^^^^^^^^^^^^^^^^^^^^^^^^^^^^^^^^^^^^^^^^^^^^^^^^^^^^

[18:04:46] w02: start objective; params=[{"channels1":11,"channels2":5,"kernel_size1":21,"kernel_size2":12,"stride1":16,"dilatation_factor":5}]
[18:04:46] w02: Preparing datastores for training and validation...

[18:08:30] w02: start objective; params=[{"channels1":31,"channels2":7,"kernel_size1":15,"kernel_size2":6,"stride1":5,"dilatation_factor":4}]
[18:08:30] w02: Preparing datastores for training and validation...

[18:08:54] w02: after latent size calc
[18:08:54] w02: Latent size 112 exceeds limit (s1=16, s2=5, p=3, ch2=7). Penalized.

[18:08:54] w02: 1 am here before gpu
[18:08:54] w02: 2 am here after gpu
[18:08:54] w02: Training failed: Unrecognized table variable name 'dilation_factor'.

[18:08:54] w02: Error using <a href="matlab:matlab.lang.internal.introspective.errorDocCallback('tabular/dotReference', 'C:\Program Files\MATLAB\R2024b\toolbox\matlab\datatypes\tabular\@tabular\dotReference.m', 229)" style="font-weight:bold"> . </a> (<a href="matlab: opentoline('C:\Program Files\MATLAB\R2024b\toolbox\matlab\datatypes\tabular\@tabular\dotReference.m',229,0)">line 229</a>)
Unrecognized table variable name 'dilation_factor'.

Error in <a href="matlab:matlab.lang.internal.introspective.errorDocCallback('Bayesian_optimization>buildOptimizedNetwork_compressed1', 'C:\Users\Maria\Documents\Honours Programme\Networks\GAN\src\training\Bayesian_optimization.m', 407)" style="font-weight:bold">Bayesian_optimization>buildOptimizedNetwork_compressed1</a> (<a href="matlab: opentoline('C:\Users\Maria\Documents\Honours Programme\Networks\GAN\src\training\Bayesian_optimization.m',407,0)">line 407</a>)
    DilationFactor = [params.dilation_factor 1];
                      ^^^^^^^^^^^^^^^^^^^^^^
Error in <a href="matlab:matlab.lang.internal.introspective.errorDocCallback('Bayesian_optimization>trainAndEvaluateAE', 'C:\Users\Maria\Documents\Honours Programme\Networks\GAN\src\training\Bayesian_optimization.m', 315)" style="font-weight:bold">Bayesian_optimization>trainAndEvaluateAE</a> (<a href="matlab: opentoline('C:\Users\Maria\Documents\Honours Programme\Networks\GAN\src\training\Bayesian_optimization.m',315,0)">line 315</a>)
        net = buildOptimizedNetwork_compressed1(params);
              ^^^^^^^^^^^^^^^^^^^^^^^^^^^^^^^^^^^^^^^^^
Error in <a href="matlab:matlab.lang.internal.introspective.errorDocCallback('Bayesian_optimization>@(params)trainAndEvaluateAE(params,dataCfg)', 'C:\Users\Maria\Documents\Honours Programme\Networks\GAN\src\training\Bayesian_optimization.m', 149)" style="font-weight:bold">Bayesian_optimization>@(params)trainAndEvaluateAE(params,dataCfg)</a> (<a href="matlab: opentoline('C:\Users\Maria\Documents\Honours Programme\Networks\GAN\src\training\Bayesian_optimization.m',149,0)">line 149</a>)
objectiveFcn = @(params) trainAndEvaluateAE(params, dataCfg);
                         ^^^^^^^^^^^^^^^^^^^^^^^^^^^^^^^^^^^
Error in <a href="matlab:matlab.lang.internal.introspective.errorDocCallback('bayesoptim.callObjFcnParallel>callObjNormallyParallel', 'C:\Program Files\MATLAB\R2024b\toolbox\stats\bayesoptim\+bayesoptim\callObjFcnParallel.m', 45)" style="font-weight:bold">bayesoptim.callObjFcnParallel>callObjNormallyParallel</a> (<a href="matlab: opentoline('C:\Program Files\MATLAB\R2024b\toolbox\stats\bayesoptim\+bayesoptim\callObjFcnParallel.m',45,0)">line 45</a>)
            Objective = ObjectiveFcn(conditionalizedX);
                        ^^^^^^^^^^^^^^^^^^^^^^^^^^^^^^
Error in <a href="matlab:matlab.lang.internal.introspective.errorDocCallback('bayesoptim.callObjFcnParallel', 'C:\Program Files\MATLAB\R2024b\toolbox\stats\bayesoptim\+bayesoptim\callObjFcnParallel.m', 26)" style="font-weight:bold">bayesoptim.callObjFcnParallel</a> (<a href="matlab: opentoline('C:\Program Files\MATLAB\R2024b\toolbox\stats\bayesoptim\+bayesoptim\callObjFcnParallel.m',26,0)">line 26</a>)
            = callObjNormallyParallel(ObjectiveFcn, ObjectiveNargout, NumCoupledConstraints, conditionalizedX);
              ^^^^^^^^^^^^^^^^^^^^^^^^^^^^^^^^^^^^^^^^^^^^^^^^^^^^^^^^^^^^^^^^^^^^^^^^^^^^^^^^^^^^^^^^^^^^^^^^

[18:08:56] w02: start objective; params=[{"channels1":22,"channels2":12,"kernel_size1":16,"kernel_size2":10,"stride1":16,"dilatation_factor":8}]
[18:08:56] w02: Preparing datastores for training and validation...

[18:09:20] w02: after latent size calc
[18:09:20] w02: Latent size 120 exceeds limit (s1=16, s2=5, p=5, ch2=12). Penalized.

[18:09:20] w02: 1 am here before gpu
[18:09:20] w02: 2 am here after gpu
[18:09:20] w02: Training failed: Unrecognized table variable name 'dilation_factor'.

[18:09:20] w02: Error using <a href="matlab:matlab.lang.internal.introspective.errorDocCallback('tabular/dotReference', 'C:\Program Files\MATLAB\R2024b\toolbox\matlab\datatypes\tabular\@tabular\dotReference.m', 229)" style="font-weight:bold"> . </a> (<a href="matlab: opentoline('C:\Program Files\MATLAB\R2024b\toolbox\matlab\datatypes\tabular\@tabular\dotReference.m',229,0)">line 229</a>)
Unrecognized table variable name 'dilation_factor'.

Error in <a href="matlab:matlab.lang.internal.introspective.errorDocCallback('Bayesian_optimization>buildOptimizedNetwork_compressed1', 'C:\Users\Maria\Documents\Honours Programme\Networks\GAN\src\training\Bayesian_optimization.m', 407)" style="font-weight:bold">Bayesian_optimization>buildOptimizedNetwork_compressed1</a> (<a href="matlab: opentoline('C:\Users\Maria\Documents\Honours Programme\Networks\GAN\src\training\Bayesian_optimization.m',407,0)">line 407</a>)
    DilationFactor = [params.dilation_factor 1];
                      ^^^^^^^^^^^^^^^^^^^^^^
Error in <a href="matlab:matlab.lang.internal.introspective.errorDocCallback('Bayesian_optimization>trainAndEvaluateAE', 'C:\Users\Maria\Documents\Honours Programme\Networks\GAN\src\training\Bayesian_optimization.m', 315)" style="font-weight:bold">Bayesian_optimization>trainAndEvaluateAE</a> (<a href="matlab: opentoline('C:\Users\Maria\Documents\Honours Programme\Networks\GAN\src\training\Bayesian_optimization.m',315,0)">line 315</a>)
        net = buildOptimizedNetwork_compressed1(params);
              ^^^^^^^^^^^^^^^^^^^^^^^^^^^^^^^^^^^^^^^^^
Error in <a href="matlab:matlab.lang.internal.introspective.errorDocCallback('Bayesian_optimization>@(params)trainAndEvaluateAE(params,dataCfg)', 'C:\Users\Maria\Documents\Honours Programme\Networks\GAN\src\training\Bayesian_optimization.m', 149)" style="font-weight:bold">Bayesian_optimization>@(params)trainAndEvaluateAE(params,dataCfg)</a> (<a href="matlab: opentoline('C:\Users\Maria\Documents\Honours Programme\Networks\GAN\src\training\Bayesian_optimization.m',149,0)">line 149</a>)
objectiveFcn = @(params) trainAndEvaluateAE(params, dataCfg);
                         ^^^^^^^^^^^^^^^^^^^^^^^^^^^^^^^^^^^
Error in <a href="matlab:matlab.lang.internal.introspective.errorDocCallback('bayesoptim.callObjFcnParallel>callObjNormallyParallel', 'C:\Program Files\MATLAB\R2024b\toolbox\stats\bayesoptim\+bayesoptim\callObjFcnParallel.m', 45)" style="font-weight:bold">bayesoptim.callObjFcnParallel>callObjNormallyParallel</a> (<a href="matlab: opentoline('C:\Program Files\MATLAB\R2024b\toolbox\stats\bayesoptim\+bayesoptim\callObjFcnParallel.m',45,0)">line 45</a>)
            Objective = ObjectiveFcn(conditionalizedX);
                        ^^^^^^^^^^^^^^^^^^^^^^^^^^^^^^
Error in <a href="matlab:matlab.lang.internal.introspective.errorDocCallback('bayesoptim.callObjFcnParallel', 'C:\Program Files\MATLAB\R2024b\toolbox\stats\bayesoptim\+bayesoptim\callObjFcnParallel.m', 12)" style="font-weight:bold">bayesoptim.callObjFcnParallel</a> (<a href="matlab: opentoline('C:\Program Files\MATLAB\R2024b\toolbox\stats\bayesoptim\+bayesoptim\callObjFcnParallel.m',12,0)">line 12</a>)
        = callObjNormallyParallel(ObjectiveFcn, ObjectiveNargout, NumCoupledConstraints, conditionalizedX);
          ^^^^^^^^^^^^^^^^^^^^^^^^^^^^^^^^^^^^^^^^^^^^^^^^^^^^^^^^^^^^^^^^^^^^^^^^^^^^^^^^^^^^^^^^^^^^^^^^

[18:09:22] w02: start objective; params=[{"channels1":10,"channels2":11,"kernel_size1":17,"kernel_size2":9,"stride1":16,"dilatation_factor":7}]
[18:09:22] w02: Preparing datastores for training and validation...

[18:09:45] w02: after latent size calc
[18:09:45] w02: Latent size 110 exceeds limit (s1=16, s2=5, p=5, ch2=11). Penalized.

[18:09:45] w02: 1 am here before gpu
[18:09:45] w02: 2 am here after gpu
[18:09:45] w02: Training failed: Unrecognized table variable name 'dilation_factor'.

[18:09:46] w02: Error using <a href="matlab:matlab.lang.internal.introspective.errorDocCallback('tabular/dotReference', 'C:\Program Files\MATLAB\R2024b\toolbox\matlab\datatypes\tabular\@tabular\dotReference.m', 229)" style="font-weight:bold"> . </a> (<a href="matlab: opentoline('C:\Program Files\MATLAB\R2024b\toolbox\matlab\datatypes\tabular\@tabular\dotReference.m',229,0)">line 229</a>)
Unrecognized table variable name 'dilation_factor'.

Error in <a href="matlab:matlab.lang.internal.introspective.errorDocCallback('Bayesian_optimization>buildOptimizedNetwork_compressed1', 'C:\Users\Maria\Documents\Honours Programme\Networks\GAN\src\training\Bayesian_optimization.m', 407)" style="font-weight:bold">Bayesian_optimization>buildOptimizedNetwork_compressed1</a> (<a href="matlab: opentoline('C:\Users\Maria\Documents\Honours Programme\Networks\GAN\src\training\Bayesian_optimization.m',407,0)">line 407</a>)
    DilationFactor = [params.dilation_factor 1];
                      ^^^^^^^^^^^^^^^^^^^^^^
Error in <a href="matlab:matlab.lang.internal.introspective.errorDocCallback('Bayesian_optimization>trainAndEvaluateAE', 'C:\Users\Maria\Documents\Honours Programme\Networks\GAN\src\training\Bayesian_optimization.m', 315)" style="font-weight:bold">Bayesian_optimization>trainAndEvaluateAE</a> (<a href="matlab: opentoline('C:\Users\Maria\Documents\Honours Programme\Networks\GAN\src\training\Bayesian_optimization.m',315,0)">line 315</a>)
        net = buildOptimizedNetwork_compressed1(params);
              ^^^^^^^^^^^^^^^^^^^^^^^^^^^^^^^^^^^^^^^^^
Error in <a href="matlab:matlab.lang.internal.introspective.errorDocCallback('Bayesian_optimization>@(params)trainAndEvaluateAE(params,dataCfg)', 'C:\Users\Maria\Documents\Honours Programme\Networks\GAN\src\training\Bayesian_optimization.m', 149)" style="font-weight:bold">Bayesian_optimization>@(params)trainAndEvaluateAE(params,dataCfg)</a> (<a href="matlab: opentoline('C:\Users\Maria\Documents\Honours Programme\Networks\GAN\src\training\Bayesian_optimization.m',149,0)">line 149</a>)
objectiveFcn = @(params) trainAndEvaluateAE(params, dataCfg);
                         ^^^^^^^^^^^^^^^^^^^^^^^^^^^^^^^^^^^
Error in <a href="matlab:matlab.lang.internal.introspective.errorDocCallback('bayesoptim.callObjFcnParallel>callObjNormallyParallel', 'C:\Program Files\MATLAB\R2024b\toolbox\stats\bayesoptim\+bayesoptim\callObjFcnParallel.m', 45)" style="font-weight:bold">bayesoptim.callObjFcnParallel>callObjNormallyParallel</a> (<a href="matlab: opentoline('C:\Program Files\MATLAB\R2024b\toolbox\stats\bayesoptim\+bayesoptim\callObjFcnParallel.m',45,0)">line 45</a>)
            Objective = ObjectiveFcn(conditionalizedX);
                        ^^^^^^^^^^^^^^^^^^^^^^^^^^^^^^
Error in <a href="matlab:matlab.lang.internal.introspective.errorDocCallback('bayesoptim.callObjFcnParallel', 'C:\Program Files\MATLAB\R2024b\toolbox\stats\bayesoptim\+bayesoptim\callObjFcnParallel.m', 12)" style="font-weight:bold">bayesoptim.callObjFcnParallel</a> (<a href="matlab: opentoline('C:\Program Files\MATLAB\R2024b\toolbox\stats\bayesoptim\+bayesoptim\callObjFcnParallel.m',12,0)">line 12</a>)
        = callObjNormallyParallel(ObjectiveFcn, ObjectiveNargout, NumCoupledConstraints, conditionalizedX);
          ^^^^^^^^^^^^^^^^^^^^^^^^^^^^^^^^^^^^^^^^^^^^^^^^^^^^^^^^^^^^^^^^^^^^^^^^^^^^^^^^^^^^^^^^^^^^^^^^

[18:09:47] w02: start objective; params=[{"channels1":20,"channels2":14,"kernel_size1":13,"kernel_size2":13,"stride1":5,"dilatation_factor":7}]
[18:09:47] w02: Preparing datastores for training and validation...

[18:10:10] w02: after latent size calc
[18:10:10] w02: 1 am here before gpu
[18:10:10] w02: 2 am here after gpu
[18:10:10] w02: Training failed: Unrecognized table variable name 'dilation_factor'.

[18:10:10] w02: Error using <a href="matlab:matlab.lang.internal.introspective.errorDocCallback('tabular/dotReference', 'C:\Program Files\MATLAB\R2024b\toolbox\matlab\datatypes\tabular\@tabular\dotReference.m', 229)" style="font-weight:bold"> . </a> (<a href="matlab: opentoline('C:\Program Files\MATLAB\R2024b\toolbox\matlab\datatypes\tabular\@tabular\dotReference.m',229,0)">line 229</a>)
Unrecognized table variable name 'dilation_factor'.

Error in <a href="matlab:matlab.lang.internal.introspective.errorDocCallback('Bayesian_optimization>buildOptimizedNetwork_compressed1', 'C:\Users\Maria\Documents\Honours Programme\Networks\GAN\src\training\Bayesian_optimization.m', 407)" style="font-weight:bold">Bayesian_optimization>buildOptimizedNetwork_compressed1</a> (<a href="matlab: opentoline('C:\Users\Maria\Documents\Honours Programme\Networks\GAN\src\training\Bayesian_optimization.m',407,0)">line 407</a>)
    DilationFactor = [params.dilation_factor 1];
                      ^^^^^^^^^^^^^^^^^^^^^^
Error in <a href="matlab:matlab.lang.internal.introspective.errorDocCallback('Bayesian_optimization>trainAndEvaluateAE', 'C:\Users\Maria\Documents\Honours Programme\Networks\GAN\src\training\Bayesian_optimization.m', 315)" style="font-weight:bold">Bayesian_optimization>trainAndEvaluateAE</a> (<a href="matlab: opentoline('C:\Users\Maria\Documents\Honours Programme\Networks\GAN\src\training\Bayesian_optimization.m',315,0)">line 315</a>)
        net = buildOptimizedNetwork_compressed1(params);
              ^^^^^^^^^^^^^^^^^^^^^^^^^^^^^^^^^^^^^^^^^
Error in <a href="matlab:matlab.lang.internal.introspective.errorDocCallback('Bayesian_optimization>@(params)trainAndEvaluateAE(params,dataCfg)', 'C:\Users\Maria\Documents\Honours Programme\Networks\GAN\src\training\Bayesian_optimization.m', 149)" style="font-weight:bold">Bayesian_optimization>@(params)trainAndEvaluateAE(params,dataCfg)</a> (<a href="matlab: opentoline('C:\Users\Maria\Documents\Honours Programme\Networks\GAN\src\training\Bayesian_optimization.m',149,0)">line 149</a>)
objectiveFcn = @(params) trainAndEvaluateAE(params, dataCfg);
                         ^^^^^^^^^^^^^^^^^^^^^^^^^^^^^^^^^^^
Error in <a href="matlab:matlab.lang.internal.introspective.errorDocCallback('bayesoptim.callObjFcnParallel>callObjNormallyParallel', 'C:\Program Files\MATLAB\R2024b\toolbox\stats\bayesoptim\+bayesoptim\callObjFcnParallel.m', 45)" style="font-weight:bold">bayesoptim.callObjFcnParallel>callObjNormallyParallel</a> (<a href="matlab: opentoline('C:\Program Files\MATLAB\R2024b\toolbox\stats\bayesoptim\+bayesoptim\callObjFcnParallel.m',45,0)">line 45</a>)
            Objective = ObjectiveFcn(conditionalizedX);
                        ^^^^^^^^^^^^^^^^^^^^^^^^^^^^^^
Error in <a href="matlab:matlab.lang.internal.introspective.errorDocCallback('bayesoptim.callObjFcnParallel', 'C:\Program Files\MATLAB\R2024b\toolbox\stats\bayesoptim\+bayesoptim\callObjFcnParallel.m', 12)" style="font-weight:bold">bayesoptim.callObjFcnParallel</a> (<a href="matlab: opentoline('C:\Program Files\MATLAB\R2024b\toolbox\stats\bayesoptim\+bayesoptim\callObjFcnParallel.m',12,0)">line 12</a>)
        = callObjNormallyParallel(ObjectiveFcn, ObjectiveNargout, NumCoupledConstraints, conditionalizedX);
          ^^^^^^^^^^^^^^^^^^^^^^^^^^^^^^^^^^^^^^^^^^^^^^^^^^^^^^^^^^^^^^^^^^^^^^^^^^^^^^^^^^^^^^^^^^^^^^^^

[18:10:12] w02: start objective; params=[{"channels1":27,"channels2":5,"kernel_size1":20,"kernel_size2":10,"stride1":16,"dilatation_factor":6}]
[18:10:12] w02: Preparing datastores for training and validation...

[18:10:38] w02: after latent size calc
[18:10:38] w02: 1 am here before gpu
[18:10:38] w02: 2 am here after gpu
[18:10:38] w02: Training failed: Unrecognized table variable name 'dilation_factor'.

[18:10:38] w02: Error using <a href="matlab:matlab.lang.internal.introspective.errorDocCallback('tabular/dotReference', 'C:\Program Files\MATLAB\R2024b\toolbox\matlab\datatypes\tabular\@tabular\dotReference.m', 229)" style="font-weight:bold"> . </a> (<a href="matlab: opentoline('C:\Program Files\MATLAB\R2024b\toolbox\matlab\datatypes\tabular\@tabular\dotReference.m',229,0)">line 229</a>)
Unrecognized table variable name 'dilation_factor'.

Error in <a href="matlab:matlab.lang.internal.introspective.errorDocCallback('Bayesian_optimization>buildOptimizedNetwork_compressed1', 'C:\Users\Maria\Documents\Honours Programme\Networks\GAN\src\training\Bayesian_optimization.m', 407)" style="font-weight:bold">Bayesian_optimization>buildOptimizedNetwork_compressed1</a> (<a href="matlab: opentoline('C:\Users\Maria\Documents\Honours Programme\Networks\GAN\src\training\Bayesian_optimization.m',407,0)">line 407</a>)
    DilationFactor = [params.dilation_factor 1];
                      ^^^^^^^^^^^^^^^^^^^^^^
Error in <a href="matlab:matlab.lang.internal.introspective.errorDocCallback('Bayesian_optimization>trainAndEvaluateAE', 'C:\Users\Maria\Documents\Honours Programme\Networks\GAN\src\training\Bayesian_optimization.m', 315)" style="font-weight:bold">Bayesian_optimization>trainAndEvaluateAE</a> (<a href="matlab: opentoline('C:\Users\Maria\Documents\Honours Programme\Networks\GAN\src\training\Bayesian_optimization.m',315,0)">line 315</a>)
        net = buildOptimizedNetwork_compressed1(params);
              ^^^^^^^^^^^^^^^^^^^^^^^^^^^^^^^^^^^^^^^^^
Error in <a href="matlab:matlab.lang.internal.introspective.errorDocCallback('Bayesian_optimization>@(params)trainAndEvaluateAE(params,dataCfg)', 'C:\Users\Maria\Documents\Honours Programme\Networks\GAN\src\training\Bayesian_optimization.m', 149)" style="font-weight:bold">Bayesian_optimization>@(params)trainAndEvaluateAE(params,dataCfg)</a> (<a href="matlab: opentoline('C:\Users\Maria\Documents\Honours Programme\Networks\GAN\src\training\Bayesian_optimization.m',149,0)">line 149</a>)
objectiveFcn = @(params) trainAndEvaluateAE(params, dataCfg);
                         ^^^^^^^^^^^^^^^^^^^^^^^^^^^^^^^^^^^
Error in <a href="matlab:matlab.lang.internal.introspective.errorDocCallback('bayesoptim.callObjFcnParallel>callObjNormallyParallel', 'C:\Program Files\MATLAB\R2024b\toolbox\stats\bayesoptim\+bayesoptim\callObjFcnParallel.m', 45)" style="font-weight:bold">bayesoptim.callObjFcnParallel>callObjNormallyParallel</a> (<a href="matlab: opentoline('C:\Program Files\MATLAB\R2024b\toolbox\stats\bayesoptim\+bayesoptim\callObjFcnParallel.m',45,0)">line 45</a>)
            Objective = ObjectiveFcn(conditionalizedX);
                        ^^^^^^^^^^^^^^^^^^^^^^^^^^^^^^
Error in <a href="matlab:matlab.lang.internal.introspective.errorDocCallback('bayesoptim.callObjFcnParallel', 'C:\Program Files\MATLAB\R2024b\toolbox\stats\bayesoptim\+bayesoptim\callObjFcnParallel.m', 12)" style="font-weight:bold">bayesoptim.callObjFcnParallel</a> (<a href="matlab: opentoline('C:\Program Files\MATLAB\R2024b\toolbox\stats\bayesoptim\+bayesoptim\callObjFcnParallel.m',12,0)">line 12</a>)
        = callObjNormallyParallel(ObjectiveFcn, ObjectiveNargout, NumCoupledConstraints, conditionalizedX);
          ^^^^^^^^^^^^^^^^^^^^^^^^^^^^^^^^^^^^^^^^^^^^^^^^^^^^^^^^^^^^^^^^^^^^^^^^^^^^^^^^^^^^^^^^^^^^^^^^

[18:10:39] w02: start objective; params=[{"channels1":27,"channels2":7,"kernel_size1":17,"kernel_size2":9,"stride1":10,"dilatation_factor":5}]
[18:10:39] w02: Preparing datastores for training and validation...

[18:11:01] w02: start objective; params=[{"channels1":31,"channels2":7,"kernel_size1":15,"kernel_size2":6,"stride1":5,"dilation_factor":4}]
[18:11:01] w02: Preparing datastores for training and validation...

[18:11:25] w02: after latent size calc
[18:11:25] w02: Latent size 112 exceeds limit (s1=16, s2=5, p=3, ch2=7). Penalized.

[18:11:25] w02: 1 am here before gpu
[18:11:25] w02: 2 am here after gpu
[18:11:49] w02: Training network (Final=0) on cpu for 10 epochs...

[19:22:41] w02: start objective; params=[{"channels1":31,"channels2":7,"kernel_size1":15,"kernel_size2":6,"stride1":5,"dilation_factor":4}]
[19:22:41] w02: Preparing datastores for training and validation...

[19:23:14] w02: after latent size calc
[19:23:14] w02: Latent size 112 exceeds limit (s1=16, s2=5, p=3, ch2=7). Penalized.

[19:23:14] w02: 1 am here before gpu
[19:23:14] w02: 2 am here after gpu
[19:23:38] w02: Training network (Final=0) on cpu for 10 epochs...

[20:41:45] w02: start objective; params=[{"channels1":31,"channels2":15,"kernel_size1":23,"kernel_size2":10,"stride1":16,"dilation_factor":5}]
[20:41:45] w02: Preparing datastores for training and validation...

[20:42:25] w02: after latent size calc
[20:42:25] w02: Latent size 150 exceeds limit (s1=16, s2=5, p=5, ch2=15). Penalized.

[20:42:25] w02: 1 am here before gpu
[20:42:25] w02: 2 am here after gpu
[20:42:41] w02: Training network (Final=0) on cpu for 10 epochs...

[22:07:37] w02: start objective; params=[{"channels1":24,"channels2":14,"kernel_size1":17,"kernel_size2":14,"stride1":4,"dilation_factor":8}]
[22:07:37] w02: Preparing datastores for training and validation...

[22:08:21] w02: after latent size calc
[22:08:21] w02: 1 am here before gpu
[22:08:21] w02: 2 am here after gpu
[22:08:36] w02: Training network (Final=0) on cpu for 10 epochs...

[23:51:11] w02: start objective; params=[{"channels1":9,"channels2":10,"kernel_size1":8,"kernel_size2":15,"stride1":8,"dilation_factor":6}]
[23:51:11] w02: Preparing datastores for training and validation...

[23:52:13] w02: after latent size calc
[23:52:13] w02: 1 am here before gpu
[23:52:13] w02: 2 am here after gpu
[23:52:30] w02: Training network (Final=0) on cpu for 10 epochs...

[12:20:42] w02: start objective; params=[{"channels1":31,"channels2":7,"kernel_size1":15,"kernel_size2":6,"stride1":5,"dilation_factor":4}]
[12:20:42] w02: Preparing datastores for training and validation...

[12:21:06] w02: after latent size calc
[12:21:06] w02: Latent size 112 exceeds limit (s1=16, s2=5, p=3, ch2=7). Penalized.

[12:21:06] w02: 1 am here before gpu
[12:21:06] w02: 2 am here after gpu
[12:21:35] w02: Training network (Final=0) on cpu for 10 epochs...

[13:21:08] w02: start objective; params=[{"channels1":22,"channels2":12,"kernel_size1":16,"kernel_size2":10,"stride1":16,"dilation_factor":8}]
[13:21:08] w02: Preparing datastores for training and validation...

[13:21:35] w02: after latent size calc
[13:21:35] w02: Latent size 120 exceeds limit (s1=16, s2=5, p=5, ch2=12). Penalized.

[13:21:35] w02: 1 am here before gpu
[13:21:35] w02: 2 am here after gpu
[13:21:53] w02: Training network (Final=0) on cpu for 10 epochs...

[16:22:55] w02: start objective; params=[{"channels1":18,"channels2":8,"kernel_size1":16,"kernel_size2":15,"stride1":5,"dilation_factor":7}]
[16:22:55] w02: Preparing datastores for training and validation...

[16:23:40] w02: after latent size calc
[16:23:40] w02: 1 am here before gpu
[16:23:41] w02: 2 am here after gpu
[16:24:58] w02: Training network (Final=0) on cpu for 10 epochs...

[17:36:27] w02: start objective; params=[{"channels1":22,"channels2":12,"kernel_size1":16,"kernel_size2":10,"stride1":16,"dilation_factor":8}]
[17:36:27] w02: Preparing datastores for training and validation...

[17:36:53] w02: after latent size calc
[17:36:53] w02: Latent size 120 exceeds limit (s1=16, s2=5, p=5, ch2=12). Penalized.

[17:36:53] w02: 1 am here before gpu
[17:36:53] w02: 2 am here after gpu
[17:37:09] w02: Training network (Final=0) on cpu for 10 epochs...

[18:32:12] w02: start objective; params=[{"channels1":32,"channels2":5,"kernel_size1":8,"kernel_size2":14,"stride1":8,"dilation_factor":2}]
[18:32:12] w02: Preparing datastores for training and validation...

[18:32:41] w02: after latent size calc
[18:32:41] w02: 1 am here before gpu
[18:32:41] w02: 2 am here after gpu
[18:32:55] w02: Training network (Final=0) on cpu for 10 epochs...

[19:39:21] w02: start objective; params=[{"channels1":29,"channels2":4,"kernel_size1":21,"kernel_size2":15,"stride1":4,"dilation_factor":8}]
[19:39:21] w02: Preparing datastores for training and validation...

[19:39:57] w02: after latent size calc
[19:39:57] w02: 1 am here before gpu
[19:39:57] w02: 2 am here after gpu
[19:40:14] w02: Training network (Final=0) on cpu for 10 epochs...

[12:09:10] w02: start objective; params=[{"channels1":18,"channels2":8,"kernel_size1":16,"kernel_size2":15,"stride1":5,"dilation_factor":7}]
[12:09:10] w02: Preparing datastores for training and validation...

[12:10:48] w02: start objective; params=[{"channels1":18,"channels2":8,"kernel_size1":16,"kernel_size2":15,"stride1":5,"dilation_factor":7}]
[12:10:48] w02: Preparing datastores for training and validation...

[12:11:28] w02: after latent size calc
[12:11:28] w02: 1 am here before gpu
[12:11:29] w02: 2 am here after gpu
[12:11:58] w02: Training network (Final=0) on cpu for 10 epochs...

[12:11:58] w02: Training failed: Invalid trainingOptions.

[12:11:59] w02: Error using <a href="matlab:matlab.lang.internal.introspective.errorDocCallback('trainingOptions', 'C:\Program Files\MATLAB\R2024b\toolbox\nnet\cnn\trainingOptions.m', 23)" style="font-weight:bold">trainingOptions</a> (<a href="matlab: opentoline('C:\Program Files\MATLAB\R2024b\toolbox\nnet\cnn\trainingOptions.m',23,0)">line 23</a>)
Invalid trainingOptions.

Error in <a href="matlab:matlab.lang.internal.introspective.errorDocCallback('Bayesian_optimization>trainAndEvaluateAE', 'C:\Users\Maria\Documents\Honours Programme\Networks\GAN\src\training\Bayesian_optimization.m', 320)" style="font-weight:bold">Bayesian_optimization>trainAndEvaluateAE</a> (<a href="matlab: opentoline('C:\Users\Maria\Documents\Honours Programme\Networks\GAN\src\training\Bayesian_optimization.m',320,0)">line 320</a>)
        options = trainingOptions('adam', ...
                  ^^^^^^^^^^^^^^^^^^^^^^^^^^^
Error in <a href="matlab:matlab.lang.internal.introspective.errorDocCallback('Bayesian_optimization>@(params)trainAndEvaluateAE(params,dataCfg)', 'C:\Users\Maria\Documents\Honours Programme\Networks\GAN\src\training\Bayesian_optimization.m', 149)" style="font-weight:bold">Bayesian_optimization>@(params)trainAndEvaluateAE(params,dataCfg)</a> (<a href="matlab: opentoline('C:\Users\Maria\Documents\Honours Programme\Networks\GAN\src\training\Bayesian_optimization.m',149,0)">line 149</a>)
objectiveFcn = @(params) trainAndEvaluateAE(params, dataCfg);
                         ^^^^^^^^^^^^^^^^^^^^^^^^^^^^^^^^^^^
Error in <a href="matlab:matlab.lang.internal.introspective.errorDocCallback('bayesoptim.callObjFcnParallel>callObjNormallyParallel', 'C:\Program Files\MATLAB\R2024b\toolbox\stats\bayesoptim\+bayesoptim\callObjFcnParallel.m', 45)" style="font-weight:bold">bayesoptim.callObjFcnParallel>callObjNormallyParallel</a> (<a href="matlab: opentoline('C:\Program Files\MATLAB\R2024b\toolbox\stats\bayesoptim\+bayesoptim\callObjFcnParallel.m',45,0)">line 45</a>)
            Objective = ObjectiveFcn(conditionalizedX);
                        ^^^^^^^^^^^^^^^^^^^^^^^^^^^^^^
Error in <a href="matlab:matlab.lang.internal.introspective.errorDocCallback('bayesoptim.callObjFcnParallel', 'C:\Program Files\MATLAB\R2024b\toolbox\stats\bayesoptim\+bayesoptim\callObjFcnParallel.m', 26)" style="font-weight:bold">bayesoptim.callObjFcnParallel</a> (<a href="matlab: opentoline('C:\Program Files\MATLAB\R2024b\toolbox\stats\bayesoptim\+bayesoptim\callObjFcnParallel.m',26,0)">line 26</a>)
            = callObjNormallyParallel(ObjectiveFcn, ObjectiveNargout, NumCoupledConstraints, conditionalizedX);
              ^^^^^^^^^^^^^^^^^^^^^^^^^^^^^^^^^^^^^^^^^^^^^^^^^^^^^^^^^^^^^^^^^^^^^^^^^^^^^^^^^^^^^^^^^^^^^^^^
Caused by:
    Error using <a href="matlab:matlab.lang.internal.introspective.errorDocCallback('nnet.cnn.TrainingOptionsMiniBatch', 'C:\Program Files\MATLAB\R2024b\toolbox\nnet\cnn\+nnet\+cnn\TrainingOptionsMiniBatch.m', 134)" style="font-weight:bold">nnet.cnn.TrainingOptionsMiniBatch</a> (<a href="matlab: opentoline('C:\Program Files\MATLAB\R2024b\toolbox\nnet\cnn\+nnet\+cnn\TrainingOptionsMiniBatch.m',134,0)">line 134</a>)
    The value of 'ValidationData' is invalid. Error when calling "preview" on underlying datastore.
    Datastore "preview" method should not error.
        Unrecognized field name "Banchmark_Amplitude".

[12:12:10] w02: start objective; params=[{"channels1":25,"channels2":8,"kernel_size1":16,"kernel_size2":15,"stride1":16,"dilation_factor":5}]
[12:12:10] w02: Preparing datastores for training and validation...

[12:12:46] w02: after latent size calc
[12:12:46] w02: 1 am here before gpu
[12:12:46] w02: 2 am here after gpu
[12:13:13] w02: Training network (Final=0) on cpu for 10 epochs...

[12:13:13] w02: Training failed: Invalid trainingOptions.

[12:13:14] w02: Error using <a href="matlab:matlab.lang.internal.introspective.errorDocCallback('trainingOptions', 'C:\Program Files\MATLAB\R2024b\toolbox\nnet\cnn\trainingOptions.m', 23)" style="font-weight:bold">trainingOptions</a> (<a href="matlab: opentoline('C:\Program Files\MATLAB\R2024b\toolbox\nnet\cnn\trainingOptions.m',23,0)">line 23</a>)
Invalid trainingOptions.

Error in <a href="matlab:matlab.lang.internal.introspective.errorDocCallback('Bayesian_optimization>trainAndEvaluateAE', 'C:\Users\Maria\Documents\Honours Programme\Networks\GAN\src\training\Bayesian_optimization.m', 320)" style="font-weight:bold">Bayesian_optimization>trainAndEvaluateAE</a> (<a href="matlab: opentoline('C:\Users\Maria\Documents\Honours Programme\Networks\GAN\src\training\Bayesian_optimization.m',320,0)">line 320</a>)
        options = trainingOptions('adam', ...
                  ^^^^^^^^^^^^^^^^^^^^^^^^^^^
Error in <a href="matlab:matlab.lang.internal.introspective.errorDocCallback('Bayesian_optimization>@(params)trainAndEvaluateAE(params,dataCfg)', 'C:\Users\Maria\Documents\Honours Programme\Networks\GAN\src\training\Bayesian_optimization.m', 149)" style="font-weight:bold">Bayesian_optimization>@(params)trainAndEvaluateAE(params,dataCfg)</a> (<a href="matlab: opentoline('C:\Users\Maria\Documents\Honours Programme\Networks\GAN\src\training\Bayesian_optimization.m',149,0)">line 149</a>)
objectiveFcn = @(params) trainAndEvaluateAE(params, dataCfg);
                         ^^^^^^^^^^^^^^^^^^^^^^^^^^^^^^^^^^^
Error in <a href="matlab:matlab.lang.internal.introspective.errorDocCallback('bayesoptim.callObjFcnParallel>callObjNormallyParallel', 'C:\Program Files\MATLAB\R2024b\toolbox\stats\bayesoptim\+bayesoptim\callObjFcnParallel.m', 45)" style="font-weight:bold">bayesoptim.callObjFcnParallel>callObjNormallyParallel</a> (<a href="matlab: opentoline('C:\Program Files\MATLAB\R2024b\toolbox\stats\bayesoptim\+bayesoptim\callObjFcnParallel.m',45,0)">line 45</a>)
            Objective = ObjectiveFcn(conditionalizedX);
                        ^^^^^^^^^^^^^^^^^^^^^^^^^^^^^^
Error in <a href="matlab:matlab.lang.internal.introspective.errorDocCallback('bayesoptim.callObjFcnParallel', 'C:\Program Files\MATLAB\R2024b\toolbox\stats\bayesoptim\+bayesoptim\callObjFcnParallel.m', 12)" style="font-weight:bold">bayesoptim.callObjFcnParallel</a> (<a href="matlab: opentoline('C:\Program Files\MATLAB\R2024b\toolbox\stats\bayesoptim\+bayesoptim\callObjFcnParallel.m',12,0)">line 12</a>)
        = callObjNormallyParallel(ObjectiveFcn, ObjectiveNargout, NumCoupledConstraints, conditionalizedX);
          ^^^^^^^^^^^^^^^^^^^^^^^^^^^^^^^^^^^^^^^^^^^^^^^^^^^^^^^^^^^^^^^^^^^^^^^^^^^^^^^^^^^^^^^^^^^^^^^^
Caused by:
    Error using <a href="matlab:matlab.lang.internal.introspective.errorDocCallback('nnet.cnn.TrainingOptionsMiniBatch', 'C:\Program Files\MATLAB\R2024b\toolbox\nnet\cnn\+nnet\+cnn\TrainingOptionsMiniBatch.m', 134)" style="font-weight:bold">nnet.cnn.TrainingOptionsMiniBatch</a> (<a href="matlab: opentoline('C:\Program Files\MATLAB\R2024b\toolbox\nnet\cnn\+nnet\+cnn\TrainingOptionsMiniBatch.m',134,0)">line 134</a>)
    The value of 'ValidationData' is invalid. Error when calling "preview" on underlying datastore.
    Datastore "preview" method should not error.
        Unrecognized field name "Banchmark_Amplitude".

[12:13:28] w02: start objective; params=[{"channels1":18,"channels2":8,"kernel_size1":16,"kernel_size2":15,"stride1":5,"dilation_factor":7}]
[12:13:28] w02: Preparing datastores for training and validation...

[12:14:03] w02: after latent size calc
[12:14:03] w02: 1 am here before gpu
[12:14:03] w02: 2 am here after gpu
[12:14:22] w02: Training network (Final=0) on cpu for 10 epochs...

[13:06:13] w02: Training failed: Unrecognized function or variable 'loss_latent'.

[13:06:15] w02: Unrecognized function or variable 'loss_latent'.

Error in <a href="matlab:matlab.lang.internal.introspective.errorDocCallback('Bayesian_optimization>trainAndEvaluateAE', 'C:\Users\Maria\Documents\Honours Programme\Networks\GAN\src\training\Bayesian_optimization.m', 342)" style="font-weight:bold">Bayesian_optimization>trainAndEvaluateAE</a> (<a href="matlab: opentoline('C:\Users\Maria\Documents\Honours Programme\Networks\GAN\src\training\Bayesian_optimization.m',342,0)">line 342</a>)
        loss = valLoss + complexityPenalty + loss_latent;
                                             ^^^^^^^^^^^
Error in <a href="matlab:matlab.lang.internal.introspective.errorDocCallback('Bayesian_optimization>@(params)trainAndEvaluateAE(params,dataCfg)', 'C:\Users\Maria\Documents\Honours Programme\Networks\GAN\src\training\Bayesian_optimization.m', 149)" style="font-weight:bold">Bayesian_optimization>@(params)trainAndEvaluateAE(params,dataCfg)</a> (<a href="matlab: opentoline('C:\Users\Maria\Documents\Honours Programme\Networks\GAN\src\training\Bayesian_optimization.m',149,0)">line 149</a>)
objectiveFcn = @(params) trainAndEvaluateAE(params, dataCfg);
                         ^^^^^^^^^^^^^^^^^^^^^^^^^^^^^^^^^^^
Error in <a href="matlab:matlab.lang.internal.introspective.errorDocCallback('bayesoptim.callObjFcnParallel>callObjNormallyParallel', 'C:\Program Files\MATLAB\R2024b\toolbox\stats\bayesoptim\+bayesoptim\callObjFcnParallel.m', 45)" style="font-weight:bold">bayesoptim.callObjFcnParallel>callObjNormallyParallel</a> (<a href="matlab: opentoline('C:\Program Files\MATLAB\R2024b\toolbox\stats\bayesoptim\+bayesoptim\callObjFcnParallel.m',45,0)">line 45</a>)
            Objective = ObjectiveFcn(conditionalizedX);
                        ^^^^^^^^^^^^^^^^^^^^^^^^^^^^^^
Error in <a href="matlab:matlab.lang.internal.introspective.errorDocCallback('bayesoptim.callObjFcnParallel', 'C:\Program Files\MATLAB\R2024b\toolbox\stats\bayesoptim\+bayesoptim\callObjFcnParallel.m', 26)" style="font-weight:bold">bayesoptim.callObjFcnParallel</a> (<a href="matlab: opentoline('C:\Program Files\MATLAB\R2024b\toolbox\stats\bayesoptim\+bayesoptim\callObjFcnParallel.m',26,0)">line 26</a>)
            = callObjNormallyParallel(ObjectiveFcn, ObjectiveNargout, NumCoupledConstraints, conditionalizedX);
              ^^^^^^^^^^^^^^^^^^^^^^^^^^^^^^^^^^^^^^^^^^^^^^^^^^^^^^^^^^^^^^^^^^^^^^^^^^^^^^^^^^^^^^^^^^^^^^^^

[13:06:28] w02: start objective; params=[{"channels1":12,"channels2":4,"kernel_size1":18,"kernel_size2":5,"stride1":5,"dilation_factor":4}]
[13:06:28] w02: Preparing datastores for training and validation...

[13:06:53] w02: after latent size calc
[13:06:53] w02: 1 am here before gpu
[13:06:53] w02: 2 am here after gpu
[13:07:08] w02: Training network (Final=0) on cpu for 10 epochs...

[14:08:56] w02: Training failed: Unrecognized function or variable 'loss_latent'.

[14:08:57] w02: Unrecognized function or variable 'loss_latent'.

Error in <a href="matlab:matlab.lang.internal.introspective.errorDocCallback('Bayesian_optimization>trainAndEvaluateAE', 'C:\Users\Maria\Documents\Honours Programme\Networks\GAN\src\training\Bayesian_optimization.m', 342)" style="font-weight:bold">Bayesian_optimization>trainAndEvaluateAE</a> (<a href="matlab: opentoline('C:\Users\Maria\Documents\Honours Programme\Networks\GAN\src\training\Bayesian_optimization.m',342,0)">line 342</a>)
        loss = valLoss + complexityPenalty + loss_latent;
                                             ^^^^^^^^^^^
Error in <a href="matlab:matlab.lang.internal.introspective.errorDocCallback('Bayesian_optimization>@(params)trainAndEvaluateAE(params,dataCfg)', 'C:\Users\Maria\Documents\Honours Programme\Networks\GAN\src\training\Bayesian_optimization.m', 149)" style="font-weight:bold">Bayesian_optimization>@(params)trainAndEvaluateAE(params,dataCfg)</a> (<a href="matlab: opentoline('C:\Users\Maria\Documents\Honours Programme\Networks\GAN\src\training\Bayesian_optimization.m',149,0)">line 149</a>)
objectiveFcn = @(params) trainAndEvaluateAE(params, dataCfg);
                         ^^^^^^^^^^^^^^^^^^^^^^^^^^^^^^^^^^^
Error in <a href="matlab:matlab.lang.internal.introspective.errorDocCallback('bayesoptim.callObjFcnParallel>callObjNormallyParallel', 'C:\Program Files\MATLAB\R2024b\toolbox\stats\bayesoptim\+bayesoptim\callObjFcnParallel.m', 45)" style="font-weight:bold">bayesoptim.callObjFcnParallel>callObjNormallyParallel</a> (<a href="matlab: opentoline('C:\Program Files\MATLAB\R2024b\toolbox\stats\bayesoptim\+bayesoptim\callObjFcnParallel.m',45,0)">line 45</a>)
            Objective = ObjectiveFcn(conditionalizedX);
                        ^^^^^^^^^^^^^^^^^^^^^^^^^^^^^^
Error in <a href="matlab:matlab.lang.internal.introspective.errorDocCallback('bayesoptim.callObjFcnParallel', 'C:\Program Files\MATLAB\R2024b\toolbox\stats\bayesoptim\+bayesoptim\callObjFcnParallel.m', 26)" style="font-weight:bold">bayesoptim.callObjFcnParallel</a> (<a href="matlab: opentoline('C:\Program Files\MATLAB\R2024b\toolbox\stats\bayesoptim\+bayesoptim\callObjFcnParallel.m',26,0)">line 26</a>)
            = callObjNormallyParallel(ObjectiveFcn, ObjectiveNargout, NumCoupledConstraints, conditionalizedX);
              ^^^^^^^^^^^^^^^^^^^^^^^^^^^^^^^^^^^^^^^^^^^^^^^^^^^^^^^^^^^^^^^^^^^^^^^^^^^^^^^^^^^^^^^^^^^^^^^^

[14:09:18] w02: start objective; params=[{"channels1":12,"channels2":4,"kernel_size1":18,"kernel_size2":5,"stride1":5,"dilation_factor":4}]
[14:09:18] w02: Preparing datastores for training and validation...

[14:09:47] w02: after latent size calc
[14:09:47] w02: 1 am here before gpu
[14:09:47] w02: 2 am here after gpu
[14:10:01] w02: Training network (Final=0) on cpu for 10 epochs...

[15:21:23] w02: Training failed: Unrecognized function or variable 'loss_latent'.

[15:21:24] w02: Unrecognized function or variable 'loss_latent'.

Error in <a href="matlab:matlab.lang.internal.introspective.errorDocCallback('Bayesian_optimization>trainAndEvaluateAE', 'C:\Users\Maria\Documents\Honours Programme\Networks\GAN\src\training\Bayesian_optimization.m', 342)" style="font-weight:bold">Bayesian_optimization>trainAndEvaluateAE</a> (<a href="matlab: opentoline('C:\Users\Maria\Documents\Honours Programme\Networks\GAN\src\training\Bayesian_optimization.m',342,0)">line 342</a>)
        loss = valLoss + complexityPenalty + loss_latent;
                                             ^^^^^^^^^^^
Error in <a href="matlab:matlab.lang.internal.introspective.errorDocCallback('Bayesian_optimization>@(params)trainAndEvaluateAE(params,dataCfg)', 'C:\Users\Maria\Documents\Honours Programme\Networks\GAN\src\training\Bayesian_optimization.m', 149)" style="font-weight:bold">Bayesian_optimization>@(params)trainAndEvaluateAE(params,dataCfg)</a> (<a href="matlab: opentoline('C:\Users\Maria\Documents\Honours Programme\Networks\GAN\src\training\Bayesian_optimization.m',149,0)">line 149</a>)
objectiveFcn = @(params) trainAndEvaluateAE(params, dataCfg);
                         ^^^^^^^^^^^^^^^^^^^^^^^^^^^^^^^^^^^
Error in <a href="matlab:matlab.lang.internal.introspective.errorDocCallback('bayesoptim.callObjFcnParallel>callObjNormallyParallel', 'C:\Program Files\MATLAB\R2024b\toolbox\stats\bayesoptim\+bayesoptim\callObjFcnParallel.m', 45)" style="font-weight:bold">bayesoptim.callObjFcnParallel>callObjNormallyParallel</a> (<a href="matlab: opentoline('C:\Program Files\MATLAB\R2024b\toolbox\stats\bayesoptim\+bayesoptim\callObjFcnParallel.m',45,0)">line 45</a>)
            Objective = ObjectiveFcn(conditionalizedX);
                        ^^^^^^^^^^^^^^^^^^^^^^^^^^^^^^
Error in <a href="matlab:matlab.lang.internal.introspective.errorDocCallback('bayesoptim.callObjFcnParallel', 'C:\Program Files\MATLAB\R2024b\toolbox\stats\bayesoptim\+bayesoptim\callObjFcnParallel.m', 26)" style="font-weight:bold">bayesoptim.callObjFcnParallel</a> (<a href="matlab: opentoline('C:\Program Files\MATLAB\R2024b\toolbox\stats\bayesoptim\+bayesoptim\callObjFcnParallel.m',26,0)">line 26</a>)
            = callObjNormallyParallel(ObjectiveFcn, ObjectiveNargout, NumCoupledConstraints, conditionalizedX);
              ^^^^^^^^^^^^^^^^^^^^^^^^^^^^^^^^^^^^^^^^^^^^^^^^^^^^^^^^^^^^^^^^^^^^^^^^^^^^^^^^^^^^^^^^^^^^^^^^

[15:22:03] w02: start objective; params=[{"channels1":10,"channels2":6,"kernel_size1":21,"kernel_size2":11,"stride1":16,"dilation_factor":8}]
[15:22:03] w02: Preparing datastores for training and validation...

[15:22:44] w02: after latent size calc
[15:22:44] w02: 1 am here before gpu
[15:22:44] w02: 2 am here after gpu
[15:23:00] w02: Training network (Final=0) on cpu for 10 epochs...

[16:16:01] w02: start objective; params=[{"channels1":12,"channels2":4,"kernel_size1":18,"kernel_size2":5,"stride1":5,"dilation_factor":4}]
[16:16:01] w02: Preparing datastores for training and validation...

[16:16:47] w02: after latent size calc
[16:16:47] w02: 1 am here before gpu
[16:16:47] w02: 2 am here after gpu
[16:17:04] w02: Training network (Final=0) on cpu for 10 epochs...

[17:41:03] w02: start objective; params=[{"channels1":12,"channels2":4,"kernel_size1":18,"kernel_size2":5,"stride1":5,"dilation_factor":4}]
[17:41:03] w02: Preparing datastores for training and validation...

[17:42:04] w02: after latent size calc
[17:42:04] w02: 1 am here before gpu
[17:42:04] w02: 2 am here after gpu
[17:42:21] w02: Training network (Final=0) on cpu for 10 epochs...

[19:31:20] w02: start objective; params=[{"channels1":10,"channels2":6,"kernel_size1":21,"kernel_size2":11,"stride1":16,"dilation_factor":8}]
[19:31:20] w02: Preparing datastores for training and validation...

[19:32:30] w02: after latent size calc
[19:32:30] w02: 1 am here before gpu
[19:32:30] w02: 2 am here after gpu
[19:32:48] w02: Training network (Final=0) on cpu for 10 epochs...

[21:19:37] w02: start objective; params=[{"channels1":9,"channels2":3,"kernel_size1":16,"kernel_size2":5,"stride1":16,"dilation_factor":3}]
[21:19:37] w02: Preparing datastores for training and validation...

[21:20:57] w02: after latent size calc
[21:20:57] w02: 1 am here before gpu
[21:20:57] w02: 2 am here after gpu
[21:21:13] w02: Training network (Final=0) on cpu for 10 epochs...

[23:20:10] w02: start objective; params=[{"channels1":10,"channels2":7,"kernel_size1":23,"kernel_size2":12,"stride1":16,"dilation_factor":8}]
[23:20:10] w02: Preparing datastores for training and validation...

[23:21:49] w02: after latent size calc
[23:21:50] w02: 1 am here before gpu
[23:21:50] w02: 2 am here after gpu
[23:22:08] w02: Training network (Final=0) on cpu for 10 epochs...

[01:33:31] w02: start objective; params=[{"channels1":12,"channels2":6,"kernel_size1":19,"kernel_size2":16,"stride1":4,"dilation_factor":2}]
[01:33:31] w02: Preparing datastores for training and validation...

[01:35:23] w02: after latent size calc
[01:35:23] w02: 1 am here before gpu
[01:35:23] w02: 2 am here after gpu
[01:35:47] w02: Training network (Final=0) on cpu for 10 epochs...

[14:59:13] w02: start objective; params=[{"channels1":12,"channels2":4,"kernel_size1":18,"kernel_size2":5,"stride1":5,"dilation_factor":4}]
[14:59:14] w02: Preparing datastores for training and validation...

[15:00:16] w02: start objective; params=[{"channels1":12,"channels2":4,"kernel_size1":18,"kernel_size2":5,"stride1":5,"dilation_factor":4}]
[15:00:16] w02: Preparing datastores for training and validation...

[15:00:24] w02: after latent size calc
[15:00:24] w02: 1 am here before gpu
[15:00:25] w02: 2 am here after gpu
[15:01:01] w02: Training network (Final=0) on cpu for 10 epochs...

[15:38:23] w02: start objective; params=[{"channels1":10,"channels2":6,"kernel_size1":21,"kernel_size2":11,"stride1":16,"dilation_factor":8}]
[15:38:23] w02: Preparing datastores for training and validation...

[15:38:32] w02: after latent size calc
[15:38:32] w02: 1 am here before gpu
[15:38:32] w02: 2 am here after gpu
[15:38:53] w02: Training network (Final=0) on cpu for 10 epochs...

[00:14:19] w02: start objective; params=[{"channels1":8,"channels2":5,"kernel_size1":20,"kernel_size2":16,"stride1":5,"dilation_factor":7}]
[00:14:19] w02: Preparing datastores for training and validation...

[00:14:25] w02: after latent size calc
[00:14:25] w02: 1 am here before gpu
[00:14:26] w02: 2 am here after gpu
[00:14:55] w02: Training network (Final=0) on cpu for 10 epochs...

[00:44:11] w02: start objective; params=[{"channels1":10,"channels2":6,"kernel_size1":21,"kernel_size2":11,"stride1":16,"dilation_factor":8}]
[00:44:11] w02: Preparing datastores for training and validation...

[00:44:16] w02: after latent size calc
[00:44:16] w02: 1 am here before gpu
[00:44:16] w02: 2 am here after gpu
[00:44:30] w02: Training network (Final=0) on cpu for 10 epochs...

[01:16:00] w02: start objective; params=[{"channels1":12,"channels2":7,"kernel_size1":31,"kernel_size2":10,"stride1":16,"dilation_factor":5}]
[01:16:00] w02: Preparing datastores for training and validation...

[01:16:05] w02: after latent size calc
[01:16:05] w02: 1 am here before gpu
[01:16:05] w02: 2 am here after gpu
[01:16:18] w02: Training network (Final=0) on cpu for 10 epochs...

[01:48:12] w02: start objective; params=[{"channels1":12,"channels2":5,"kernel_size1":20,"kernel_size2":5,"stride1":5,"dilation_factor":4}]
[01:48:12] w02: Preparing datastores for training and validation...

[01:48:17] w02: after latent size calc
[01:48:17] w02: 1 am here before gpu
[01:48:17] w02: 2 am here after gpu
[01:48:30] w02: Training network (Final=0) on cpu for 10 epochs...

[02:26:07] w02: start objective; params=[{"channels1":12,"channels2":8,"kernel_size1":12,"kernel_size2":5,"stride1":5,"dilation_factor":3}]
[02:26:07] w02: Preparing datastores for training and validation...

[02:26:15] w02: after latent size calc
[02:26:15] w02: 1 am here before gpu
[02:26:15] w02: 2 am here after gpu
[02:26:29] w02: Training network (Final=0) on cpu for 10 epochs...

[03:10:19] w02: start objective; params=[{"channels1":11,"channels2":5,"kernel_size1":10,"kernel_size2":5,"stride1":5,"dilation_factor":5}]
[03:10:19] w02: Preparing datastores for training and validation...

[03:10:25] w02: after latent size calc
[03:10:26] w02: 1 am here before gpu
[03:10:26] w02: 2 am here after gpu
[03:10:38] w02: Training network (Final=0) on cpu for 10 epochs...

[03:53:49] w02: start objective; params=[{"channels1":12,"channels2":8,"kernel_size1":22,"kernel_size2":6,"stride1":20,"dilation_factor":7}]
[03:53:49] w02: Preparing datastores for training and validation...

[03:53:56] w02: after latent size calc
[03:53:56] w02: 1 am here before gpu
[03:53:56] w02: 2 am here after gpu
[03:54:08] w02: Training network (Final=0) on cpu for 10 epochs...

[13:17:57] w02: start objective; params=[{"channels1":12,"channels2":4,"kernel_size1":18,"kernel_size2":5,"stride1":5,"dilation_factor":4}]
[13:17:57] w02: Preparing datastores for training and validation...

[13:18:40] w02: start objective; params=[{"channels1":12,"channels2":4,"kernel_size1":18,"kernel_size2":5,"stride1":5,"dilation_factor":4}]
[13:18:40] w02: Preparing datastores for training and validation...

[13:19:06] w02: Datastores ready. Starting training...

[13:19:06] w02: 1 am here before gpu
[13:19:06] w02: 2 am here after gpu
[13:19:35] w02: Training network (Final=0) on cpu for 10 epochs...

[13:19:36] w02: Training failed: Invalid trainingOptions.

[13:19:36] w02: Error using <a href="matlab:matlab.lang.internal.introspective.errorDocCallback('trainingOptions', 'C:\Program Files\MATLAB\R2024b\toolbox\nnet\cnn\trainingOptions.m', 23)" style="font-weight:bold">trainingOptions</a> (<a href="matlab: opentoline('C:\Program Files\MATLAB\R2024b\toolbox\nnet\cnn\trainingOptions.m',23,0)">line 23</a>)
Invalid trainingOptions.

Error in <a href="matlab:matlab.lang.internal.introspective.errorDocCallback('Bayesian_optimization>trainAndEvaluateAE', 'C:\Users\Maria\Documents\Honours Programme\Networks\GAN\src\training\Bayesian_optimization.m', 303)" style="font-weight:bold">Bayesian_optimization>trainAndEvaluateAE</a> (<a href="matlab: opentoline('C:\Users\Maria\Documents\Honours Programme\Networks\GAN\src\training\Bayesian_optimization.m',303,0)">line 303</a>)
        options = trainingOptions('adam', ...
                  ^^^^^^^^^^^^^^^^^^^^^^^^^^^
Error in <a href="matlab:matlab.lang.internal.introspective.errorDocCallback('Bayesian_optimization>@(params)trainAndEvaluateAE(params,dataCfg)', 'C:\Users\Maria\Documents\Honours Programme\Networks\GAN\src\training\Bayesian_optimization.m', 116)" style="font-weight:bold">Bayesian_optimization>@(params)trainAndEvaluateAE(params,dataCfg)</a> (<a href="matlab: opentoline('C:\Users\Maria\Documents\Honours Programme\Networks\GAN\src\training\Bayesian_optimization.m',116,0)">line 116</a>)
objectiveFcn = @(params) trainAndEvaluateAE(params, dataCfg);
                         ^^^^^^^^^^^^^^^^^^^^^^^^^^^^^^^^^^^
Error in <a href="matlab:matlab.lang.internal.introspective.errorDocCallback('bayesoptim.callObjFcnParallel>callObjNormallyParallel', 'C:\Program Files\MATLAB\R2024b\toolbox\stats\bayesoptim\+bayesoptim\callObjFcnParallel.m', 45)" style="font-weight:bold">bayesoptim.callObjFcnParallel>callObjNormallyParallel</a> (<a href="matlab: opentoline('C:\Program Files\MATLAB\R2024b\toolbox\stats\bayesoptim\+bayesoptim\callObjFcnParallel.m',45,0)">line 45</a>)
            Objective = ObjectiveFcn(conditionalizedX);
                        ^^^^^^^^^^^^^^^^^^^^^^^^^^^^^^
Error in <a href="matlab:matlab.lang.internal.introspective.errorDocCallback('bayesoptim.callObjFcnParallel', 'C:\Program Files\MATLAB\R2024b\toolbox\stats\bayesoptim\+bayesoptim\callObjFcnParallel.m', 26)" style="font-weight:bold">bayesoptim.callObjFcnParallel</a> (<a href="matlab: opentoline('C:\Program Files\MATLAB\R2024b\toolbox\stats\bayesoptim\+bayesoptim\callObjFcnParallel.m',26,0)">line 26</a>)
            = callObjNormallyParallel(ObjectiveFcn, ObjectiveNargout, NumCoupledConstraints, conditionalizedX);
              ^^^^^^^^^^^^^^^^^^^^^^^^^^^^^^^^^^^^^^^^^^^^^^^^^^^^^^^^^^^^^^^^^^^^^^^^^^^^^^^^^^^^^^^^^^^^^^^^
Caused by:
    Error using <a href="matlab:matlab.lang.internal.introspective.errorDocCallback('nnet.cnn.TrainingOptionsMiniBatch', 'C:\Program Files\MATLAB\R2024b\toolbox\nnet\cnn\+nnet\+cnn\TrainingOptionsMiniBatch.m', 134)" style="font-weight:bold">nnet.cnn.TrainingOptionsMiniBatch</a> (<a href="matlab: opentoline('C:\Program Files\MATLAB\R2024b\toolbox\nnet\cnn\+nnet\+cnn\TrainingOptionsMiniBatch.m',134,0)">line 134</a>)
    The value of 'ValidationData' is invalid. Error when calling "preview" on underlying datastore.
    Datastore "preview" method should not error.
        Unrecognized function or variable 'f'.

[13:24:40] w02: start objective; params=[{"channels1":12,"channels2":4,"kernel_size1":18,"kernel_size2":5,"stride1":5,"dilation_factor":4}]
[13:24:40] w02: Preparing datastores for training and validation...

[13:25:05] w02: Datastores ready. Starting training...

[13:25:06] w02: 1 am here before gpu
[13:25:06] w02: 2 am here after gpu
[13:25:22] w02: Training network (Final=0) on cpu for 10 epochs...

[13:25:36] w02: Training failed: Layer "input_1": Invalid input data. Invalid size of channel dimension. Layer expects input with channel dimension size 6 but received input with size 1.

[13:25:36] w02: Error using <a href="matlab:matlab.lang.internal.introspective.errorDocCallback('trainnet', 'C:\Program Files\MATLAB\R2024b\toolbox\nnet\deeptrain\trainnet.m', 54)" style="font-weight:bold">trainnet</a> (<a href="matlab: opentoline('C:\Program Files\MATLAB\R2024b\toolbox\nnet\deeptrain\trainnet.m',54,0)">line 54</a>)
Layer "input_1": Invalid input data. Invalid size of channel dimension. Layer expects input with channel dimension size 6 but received input with size 1.

Error in <a href="matlab:matlab.lang.internal.introspective.errorDocCallback('Bayesian_optimization>trainAndEvaluateAE', 'C:\Users\Maria\Documents\Honours Programme\Networks\GAN\src\training\Bayesian_optimization.m', 319)" style="font-weight:bold">Bayesian_optimization>trainAndEvaluateAE</a> (<a href="matlab: opentoline('C:\Users\Maria\Documents\Honours Programme\Networks\GAN\src\training\Bayesian_optimization.m',319,0)">line 319</a>)
        [net, info] = trainnet(trainData, net, lossFn, options);
                      ^^^^^^^^^^^^^^^^^^^^^^^^^^^^^^^^^^^^^^^^^
Error in <a href="matlab:matlab.lang.internal.introspective.errorDocCallback('Bayesian_optimization>@(params)trainAndEvaluateAE(params,dataCfg)', 'C:\Users\Maria\Documents\Honours Programme\Networks\GAN\src\training\Bayesian_optimization.m', 116)" style="font-weight:bold">Bayesian_optimization>@(params)trainAndEvaluateAE(params,dataCfg)</a> (<a href="matlab: opentoline('C:\Users\Maria\Documents\Honours Programme\Networks\GAN\src\training\Bayesian_optimization.m',116,0)">line 116</a>)
objectiveFcn = @(params) trainAndEvaluateAE(params, dataCfg);
                         ^^^^^^^^^^^^^^^^^^^^^^^^^^^^^^^^^^^
Error in <a href="matlab:matlab.lang.internal.introspective.errorDocCallback('bayesoptim.callObjFcnParallel>callObjNormallyParallel', 'C:\Program Files\MATLAB\R2024b\toolbox\stats\bayesoptim\+bayesoptim\callObjFcnParallel.m', 45)" style="font-weight:bold">bayesoptim.callObjFcnParallel>callObjNormallyParallel</a> (<a href="matlab: opentoline('C:\Program Files\MATLAB\R2024b\toolbox\stats\bayesoptim\+bayesoptim\callObjFcnParallel.m',45,0)">line 45</a>)
            Objective = ObjectiveFcn(conditionalizedX);
                        ^^^^^^^^^^^^^^^^^^^^^^^^^^^^^^
Error in <a href="matlab:matlab.lang.internal.introspective.errorDocCallback('bayesoptim.callObjFcnParallel', 'C:\Program Files\MATLAB\R2024b\toolbox\stats\bayesoptim\+bayesoptim\callObjFcnParallel.m', 26)" style="font-weight:bold">bayesoptim.callObjFcnParallel</a> (<a href="matlab: opentoline('C:\Program Files\MATLAB\R2024b\toolbox\stats\bayesoptim\+bayesoptim\callObjFcnParallel.m',26,0)">line 26</a>)
            = callObjNormallyParallel(ObjectiveFcn, ObjectiveNargout, NumCoupledConstraints, conditionalizedX);
              ^^^^^^^^^^^^^^^^^^^^^^^^^^^^^^^^^^^^^^^^^^^^^^^^^^^^^^^^^^^^^^^^^^^^^^^^^^^^^^^^^^^^^^^^^^^^^^^^

[13:25:42] w02: start objective; params=[{"channels1":10,"channels2":6,"kernel_size1":21,"kernel_size2":11,"stride1":16,"dilation_factor":8}]
[13:25:42] w02: Preparing datastores for training and validation...

[13:26:39] w02: start objective; params=[{"channels1":12,"channels2":4,"kernel_size1":18,"kernel_size2":5,"stride1":5,"dilation_factor":4}]
[13:26:39] w02: Preparing datastores for training and validation...

[13:27:04] w02: Datastores ready. Starting training...

[13:27:04] w02: 1 am here before gpu
[13:27:04] w02: 2 am here after gpu
[13:27:19] w02: Training network (Final=0) on cpu for 10 epochs...

[14:11:39] w02: start objective; params=[{"channels1":10,"channels2":6,"kernel_size1":21,"kernel_size2":11,"stride1":16,"dilation_factor":8}]
[14:11:40] w02: Preparing datastores for training and validation...

[14:12:04] w02: Datastores ready. Starting training...

[14:12:04] w02: 1 am here before gpu
[14:12:04] w02: 2 am here after gpu
[14:12:20] w02: Training network (Final=0) on cpu for 10 epochs...

[16:18:45] w02: start objective; params=[{"channels1":4,"channels2":2,"kernel_size1":27,"kernel_size2":10,"stride1":25,"dilation_factor":18}]
[16:18:45] w02: Preparing datastores for training and validation...

[16:19:00] w02: Datastores ready. Starting training...

[16:19:00] w02: 1 am here before gpu
[16:19:00] w02: 2 am here after gpu
[16:19:16] w02: Training network (Final=0) on cpu for 10 epochs...

[16:36:26] w02: start objective; params=[{"channels1":2,"channels2":4,"kernel_size1":24,"kernel_size2":5,"stride1":20,"dilation_factor":14}]
[16:36:26] w02: Preparing datastores for training and validation...

[16:36:42] w02: Datastores ready. Starting training...

[16:36:42] w02: 1 am here before gpu
[16:36:42] w02: 2 am here after gpu
[16:36:55] w02: Training network (Final=0) on cpu for 10 epochs...

[16:58:37] w02: start objective; params=[{"channels1":4,"channels2":3,"kernel_size1":37,"kernel_size2":9,"stride1":25,"dilation_factor":13}]
[16:58:37] w02: Preparing datastores for training and validation...

[16:59:06] w02: Datastores ready. Starting training...

[16:59:06] w02: 1 am here before gpu
[16:59:06] w02: 2 am here after gpu
[16:59:22] w02: Training network (Final=0) on cpu for 10 epochs...

[17:46:42] w02: start objective; params=[{"channels1":4,"channels2":3,"kernel_size1":37,"kernel_size2":9,"stride1":25,"dilation_factor":14}]
[17:46:42] w02: Preparing datastores for training and validation...

[17:47:15] w02: Datastores ready. Starting training...

[17:47:15] w02: 1 am here before gpu
[17:47:15] w02: 2 am here after gpu
[17:47:32] w02: Training network (Final=0) on cpu for 10 epochs...

[18:40:20] w02: start objective; params=[{"channels1":4,"channels2":3,"kernel_size1":37,"kernel_size2":9,"stride1":20,"dilation_factor":12}]
[18:40:20] w02: Preparing datastores for training and validation...

[18:40:55] w02: Datastores ready. Starting training...

[18:40:55] w02: 1 am here before gpu
[18:40:55] w02: 2 am here after gpu
[18:41:14] w02: Training network (Final=0) on cpu for 10 epochs...

[19:40:36] w02: start objective; params=[{"channels1":4,"channels2":3,"kernel_size1":40,"kernel_size2":6,"stride1":40,"dilation_factor":12}]
[19:40:36] w02: Preparing datastores for training and validation...

[19:41:14] w02: Datastores ready. Starting training...

[19:41:14] w02: 1 am here before gpu
[19:41:14] w02: 2 am here after gpu
[19:41:31] w02: Training network (Final=0) on cpu for 10 epochs...

[20:42:00] w02: start objective; params=[{"channels1":6,"channels2":2,"kernel_size1":39,"kernel_size2":9,"stride1":32,"dilation_factor":12}]
[20:42:00] w02: Preparing datastores for training and validation...

[20:42:43] w02: Datastores ready. Starting training...

[20:42:43] w02: 1 am here before gpu
[20:42:43] w02: 2 am here after gpu
[20:43:01] w02: Training network (Final=0) on cpu for 10 epochs...

[15:53:21] w02: start objective; params=[{"channels1":9,"channels2":17,"kernel_size1":9,"kernel_size2":9,"kernel_size3":6,"dilation_factor":1}]
[15:53:21] w02: Preparing datastores for training and validation...

[15:53:49] w02: Datastores ready. Starting training...

[15:53:49] w02: 1 am here before gpu
[15:53:49] w02: 2 am here after gpu
[15:54:18] w02: Training network (Final=0) on cpu for 10 epochs...

[17:23:13] w02: Training failed: Unrecognized table variable name 'stride1'.

[17:23:15] w02: Error using <a href="matlab:matlab.lang.internal.introspective.errorDocCallback('tabular/dotReference', 'C:\Program Files\MATLAB\R2024b\toolbox\matlab\datatypes\tabular\@tabular\dotReference.m', 229)" style="font-weight:bold"> . </a> (<a href="matlab: opentoline('C:\Program Files\MATLAB\R2024b\toolbox\matlab\datatypes\tabular\@tabular\dotReference.m',229,0)">line 229</a>)
Unrecognized table variable name 'stride1'.

Error in <a href="matlab:matlab.lang.internal.introspective.errorDocCallback('Bayesian_optimization>trainAndEvaluateAE', 'C:\Users\Maria\Documents\Honours Programme\Networks\GAN\src\training\Bayesian_optimization.m', 333)" style="font-weight:bold">Bayesian_optimization>trainAndEvaluateAE</a> (<a href="matlab: opentoline('C:\Users\Maria\Documents\Honours Programme\Networks\GAN\src\training\Bayesian_optimization.m',333,0)">line 333</a>)
            save(fullfile('results\magnified_states_optim\',sprintf('net_%d_%d_%d_%d_%d_%d_freq%d.mat', params.channels1, params.channels2, params.kernel_size1, params.kernel_size2, params.stride1, params.dilation_factor, dataCfg.frequency)), 'net','-v7.3');
                                                                                                                                                                                      ^^^^^^^^^^^^^^
Error in <a href="matlab:matlab.lang.internal.introspective.errorDocCallback('Bayesian_optimization>@(params)trainAndEvaluateAE(params,dataCfg)', 'C:\Users\Maria\Documents\Honours Programme\Networks\GAN\src\training\Bayesian_optimization.m', 126)" style="font-weight:bold">Bayesian_optimization>@(params)trainAndEvaluateAE(params,dataCfg)</a> (<a href="matlab: opentoline('C:\Users\Maria\Documents\Honours Programme\Networks\GAN\src\training\Bayesian_optimization.m',126,0)">line 126</a>)
objectiveFcn = @(params) trainAndEvaluateAE(params, dataCfg);
                         ^^^^^^^^^^^^^^^^^^^^^^^^^^^^^^^^^^^
Error in <a href="matlab:matlab.lang.internal.introspective.errorDocCallback('bayesoptim.callObjFcnParallel>callObjNormallyParallel', 'C:\Program Files\MATLAB\R2024b\toolbox\stats\bayesoptim\+bayesoptim\callObjFcnParallel.m', 45)" style="font-weight:bold">bayesoptim.callObjFcnParallel>callObjNormallyParallel</a> (<a href="matlab: opentoline('C:\Program Files\MATLAB\R2024b\toolbox\stats\bayesoptim\+bayesoptim\callObjFcnParallel.m',45,0)">line 45</a>)
            Objective = ObjectiveFcn(conditionalizedX);
                        ^^^^^^^^^^^^^^^^^^^^^^^^^^^^^^
Error in <a href="matlab:matlab.lang.internal.introspective.errorDocCallback('bayesoptim.callObjFcnParallel', 'C:\Program Files\MATLAB\R2024b\toolbox\stats\bayesoptim\+bayesoptim\callObjFcnParallel.m', 26)" style="font-weight:bold">bayesoptim.callObjFcnParallel</a> (<a href="matlab: opentoline('C:\Program Files\MATLAB\R2024b\toolbox\stats\bayesoptim\+bayesoptim\callObjFcnParallel.m',26,0)">line 26</a>)
            = callObjNormallyParallel(ObjectiveFcn, ObjectiveNargout, NumCoupledConstraints, conditionalizedX);
              ^^^^^^^^^^^^^^^^^^^^^^^^^^^^^^^^^^^^^^^^^^^^^^^^^^^^^^^^^^^^^^^^^^^^^^^^^^^^^^^^^^^^^^^^^^^^^^^^

[17:24:11] w02: start objective; params=[{"channels1":9,"channels2":22,"kernel_size1":8,"kernel_size2":6,"kernel_size3":6,"dilation_factor":3}]
[17:24:11] w02: Preparing datastores for training and validation...

[17:24:40] w02: Datastores ready. Starting training...

[17:24:40] w02: 1 am here before gpu
[17:24:40] w02: 2 am here after gpu
[17:25:02] w02: Training network (Final=0) on cpu for 10 epochs...

[17:33:20] w02: start objective; params=[{"channels1":9,"channels2":17,"kernel_size1":9,"kernel_size2":9,"kernel_size3":6,"dilation_factor":1}]
[17:33:20] w02: Preparing datastores for training and validation...

[17:33:42] w02: Datastores ready. Starting training...

[17:33:42] w02: 1 am here before gpu
[17:33:42] w02: 2 am here after gpu
[17:33:58] w02: Training network (Final=0) on cpu for 10 epochs...

[19:24:47] w02: start objective; params=[{"channels1":9,"channels2":22,"kernel_size1":8,"kernel_size2":6,"kernel_size3":6,"dilation_factor":3}]
[19:24:47] w02: Preparing datastores for training and validation...

[19:25:24] w02: Datastores ready. Starting training...

[19:25:24] w02: 1 am here before gpu
[19:25:24] w02: 2 am here after gpu
[19:25:45] w02: Training network (Final=0) on cpu for 10 epochs...

[21:33:16] w02: start objective; params=[{"channels1":10,"channels2":16,"kernel_size1":6,"kernel_size2":9,"kernel_size3":8,"dilation_factor":3}]
[21:33:16] w02: Preparing datastores for training and validation...

[21:33:59] w02: Datastores ready. Starting training...

[21:33:59] w02: 1 am here before gpu
[21:33:59] w02: 2 am here after gpu
[21:34:23] w02: Training network (Final=0) on cpu for 10 epochs...

[23:56:59] w02: start objective; params=[{"channels1":6,"channels2":16,"kernel_size1":12,"kernel_size2":11,"kernel_size3":12,"dilation_factor":7}]
[23:56:59] w02: Preparing datastores for training and validation...

[23:57:25] w02: 1 am here before gpu
[23:57:25] w02: 2 am here after gpu
[23:57:55] w02: Training network (Final=0) on cpu for 10 epochs...

[23:58:23] w02: Training failed: Execution failed during layer(s) "fc_latent_adjust_1".

[23:58:24] w02: Error using <a href="matlab:matlab.lang.internal.introspective.errorDocCallback('trainnet', 'C:\Program Files\MATLAB\R2024b\toolbox\nnet\deeptrain\trainnet.m', 54)" style="font-weight:bold">trainnet</a> (<a href="matlab: opentoline('C:\Program Files\MATLAB\R2024b\toolbox\nnet\deeptrain\trainnet.m',54,0)">line 54</a>)
Execution failed during layer(s) "fc_latent_adjust_1".

Error in <a href="matlab:matlab.lang.internal.introspective.errorDocCallback('Bayesian_optimization_downsampled>trainAndEvaluateAE', 'C:\Users\Maria\Documents\Honours Programme\Networks\GAN\src\training\Bayesian_optimization_downsampled.m', 318)" style="font-weight:bold">Bayesian_optimization_downsampled>trainAndEvaluateAE</a> (<a href="matlab: opentoline('C:\Users\Maria\Documents\Honours Programme\Networks\GAN\src\training\Bayesian_optimization_downsampled.m',318,0)">line 318</a>)
        [net, info] = trainnet(trainData, net, lossFn, options);
                      ^^^^^^^^^^^^^^^^^^^^^^^^^^^^^^^^^^^^^^^^^
Error in <a href="matlab:matlab.lang.internal.introspective.errorDocCallback('Bayesian_optimization_downsampled>@(params)trainAndEvaluateAE(params,dataCfg)', 'C:\Users\Maria\Documents\Honours Programme\Networks\GAN\src\training\Bayesian_optimization_downsampled.m', 117)" style="font-weight:bold">Bayesian_optimization_downsampled>@(params)trainAndEvaluateAE(params,dataCfg)</a> (<a href="matlab: opentoline('C:\Users\Maria\Documents\Honours Programme\Networks\GAN\src\training\Bayesian_optimization_downsampled.m',117,0)">line 117</a>)
objectiveFcn = @(params) trainAndEvaluateAE(params, dataCfg);
                         ^^^^^^^^^^^^^^^^^^^^^^^^^^^^^^^^^^^
Error in <a href="matlab:matlab.lang.internal.introspective.errorDocCallback('bayesoptim.callObjFcnParallel>callObjNormallyParallel', 'C:\Program Files\MATLAB\R2024b\toolbox\stats\bayesoptim\+bayesoptim\callObjFcnParallel.m', 45)" style="font-weight:bold">bayesoptim.callObjFcnParallel>callObjNormallyParallel</a> (<a href="matlab: opentoline('C:\Program Files\MATLAB\R2024b\toolbox\stats\bayesoptim\+bayesoptim\callObjFcnParallel.m',45,0)">line 45</a>)
            Objective = ObjectiveFcn(conditionalizedX);
                        ^^^^^^^^^^^^^^^^^^^^^^^^^^^^^^
Error in <a href="matlab:matlab.lang.internal.introspective.errorDocCallback('bayesoptim.callObjFcnParallel', 'C:\Program Files\MATLAB\R2024b\toolbox\stats\bayesoptim\+bayesoptim\callObjFcnParallel.m', 26)" style="font-weight:bold">bayesoptim.callObjFcnParallel</a> (<a href="matlab: opentoline('C:\Program Files\MATLAB\R2024b\toolbox\stats\bayesoptim\+bayesoptim\callObjFcnParallel.m',26,0)">line 26</a>)
            = callObjNormallyParallel(ObjectiveFcn, ObjectiveNargout, NumCoupledConstraints, conditionalizedX);
              ^^^^^^^^^^^^^^^^^^^^^^^^^^^^^^^^^^^^^^^^^^^^^^^^^^^^^^^^^^^^^^^^^^^^^^^^^^^^^^^^^^^^^^^^^^^^^^^^
Caused by:
    Error using <a href="matlab:matlab.lang.internal.introspective.errorDocCallback('dlarray/fullyconnect>iValidateWeights', 'C:\Program Files\MATLAB\R2024b\toolbox\nnet\deep\deep\@dlarray\fullyconnect.m', 207)" style="font-weight:bold">dlarray/fullyconnect>iValidateWeights</a> (<a href="matlab: opentoline('C:\Program Files\MATLAB\R2024b\toolbox\nnet\deep\deep\@dlarray\fullyconnect.m',207,0)">line 207</a>)
    The number of weights (32) for each output feature must match the number of elements (160) in each observation of the input data.

[23:58:36] w02: start objective; params=[{"channels1":10,"channels2":16,"kernel_size1":11,"kernel_size2":14,"kernel_size3":13,"dilation_factor":6}]
[23:58:36] w02: Preparing datastores for training and validation...

[23:59:00] w02: 1 am here before gpu
[23:59:00] w02: 2 am here after gpu
[23:59:16] w02: Training network (Final=0) on cpu for 10 epochs...

[00:15:37] w02: start objective; params=[{"channels1":6,"channels2":16,"kernel_size1":12,"kernel_size2":11,"kernel_size3":12,"dilation_factor":7}]
[00:15:37] w02: Preparing datastores for training and validation...

[00:15:44] w02: 1 am here before gpu
[00:15:44] w02: 2 am here after gpu
[00:15:46] w02: Training network (Final=0) on cpu for 10 epochs...

[00:15:46] w02: Training failed: The number of datastore outputs (56) must match the number of network inputs plus the number of targets (2).

[00:15:46] w02: Error using <a href="matlab:matlab.lang.internal.introspective.errorDocCallback('trainnet', 'C:\Program Files\MATLAB\R2024b\toolbox\nnet\deeptrain\trainnet.m', 54)" style="font-weight:bold">trainnet</a> (<a href="matlab: opentoline('C:\Program Files\MATLAB\R2024b\toolbox\nnet\deeptrain\trainnet.m',54,0)">line 54</a>)
The number of datastore outputs (56) must match the number of network inputs plus the number of targets (2).

Error in <a href="matlab:matlab.lang.internal.introspective.errorDocCallback('Bayesian_optimization_downsampled>trainAndEvaluateAE', 'C:\Users\Maria\Documents\Honours Programme\Networks\GAN\src\training\Bayesian_optimization_downsampled.m', 318)" style="font-weight:bold">Bayesian_optimization_downsampled>trainAndEvaluateAE</a> (<a href="matlab: opentoline('C:\Users\Maria\Documents\Honours Programme\Networks\GAN\src\training\Bayesian_optimization_downsampled.m',318,0)">line 318</a>)
        [net, info] = trainnet(trainData, net, lossFn, options);
                      ^^^^^^^^^^^^^^^^^^^^^^^^^^^^^^^^^^^^^^^^^
Error in <a href="matlab:matlab.lang.internal.introspective.errorDocCallback('Bayesian_optimization_downsampled>@(params)trainAndEvaluateAE(params,dataCfg)', 'C:\Users\Maria\Documents\Honours Programme\Networks\GAN\src\training\Bayesian_optimization_downsampled.m', 117)" style="font-weight:bold">Bayesian_optimization_downsampled>@(params)trainAndEvaluateAE(params,dataCfg)</a> (<a href="matlab: opentoline('C:\Users\Maria\Documents\Honours Programme\Networks\GAN\src\training\Bayesian_optimization_downsampled.m',117,0)">line 117</a>)
objectiveFcn = @(params) trainAndEvaluateAE(params, dataCfg);
                         ^^^^^^^^^^^^^^^^^^^^^^^^^^^^^^^^^^^
Error in <a href="matlab:matlab.lang.internal.introspective.errorDocCallback('bayesoptim.callObjFcnParallel>callObjNormallyParallel', 'C:\Program Files\MATLAB\R2024b\toolbox\stats\bayesoptim\+bayesoptim\callObjFcnParallel.m', 45)" style="font-weight:bold">bayesoptim.callObjFcnParallel>callObjNormallyParallel</a> (<a href="matlab: opentoline('C:\Program Files\MATLAB\R2024b\toolbox\stats\bayesoptim\+bayesoptim\callObjFcnParallel.m',45,0)">line 45</a>)
            Objective = ObjectiveFcn(conditionalizedX);
                        ^^^^^^^^^^^^^^^^^^^^^^^^^^^^^^
Error in <a href="matlab:matlab.lang.internal.introspective.errorDocCallback('bayesoptim.callObjFcnParallel', 'C:\Program Files\MATLAB\R2024b\toolbox\stats\bayesoptim\+bayesoptim\callObjFcnParallel.m', 26)" style="font-weight:bold">bayesoptim.callObjFcnParallel</a> (<a href="matlab: opentoline('C:\Program Files\MATLAB\R2024b\toolbox\stats\bayesoptim\+bayesoptim\callObjFcnParallel.m',26,0)">line 26</a>)
            = callObjNormallyParallel(ObjectiveFcn, ObjectiveNargout, NumCoupledConstraints, conditionalizedX);
              ^^^^^^^^^^^^^^^^^^^^^^^^^^^^^^^^^^^^^^^^^^^^^^^^^^^^^^^^^^^^^^^^^^^^^^^^^^^^^^^^^^^^^^^^^^^^^^^^

[00:15:50] w02: start objective; params=[{"channels1":10,"channels2":16,"kernel_size1":11,"kernel_size2":14,"kernel_size3":13,"dilation_factor":6}]
[00:15:50] w02: Preparing datastores for training and validation...

[00:15:55] w02: 1 am here before gpu
[00:15:55] w02: 2 am here after gpu
[00:15:56] w02: Training network (Final=0) on cpu for 10 epochs...

[00:15:57] w02: Training failed: The number of datastore outputs (56) must match the number of network inputs plus the number of targets (2).

[00:15:57] w02: Error using <a href="matlab:matlab.lang.internal.introspective.errorDocCallback('trainnet', 'C:\Program Files\MATLAB\R2024b\toolbox\nnet\deeptrain\trainnet.m', 54)" style="font-weight:bold">trainnet</a> (<a href="matlab: opentoline('C:\Program Files\MATLAB\R2024b\toolbox\nnet\deeptrain\trainnet.m',54,0)">line 54</a>)
The number of datastore outputs (56) must match the number of network inputs plus the number of targets (2).

Error in <a href="matlab:matlab.lang.internal.introspective.errorDocCallback('Bayesian_optimization_downsampled>trainAndEvaluateAE', 'C:\Users\Maria\Documents\Honours Programme\Networks\GAN\src\training\Bayesian_optimization_downsampled.m', 318)" style="font-weight:bold">Bayesian_optimization_downsampled>trainAndEvaluateAE</a> (<a href="matlab: opentoline('C:\Users\Maria\Documents\Honours Programme\Networks\GAN\src\training\Bayesian_optimization_downsampled.m',318,0)">line 318</a>)
        [net, info] = trainnet(trainData, net, lossFn, options);
                      ^^^^^^^^^^^^^^^^^^^^^^^^^^^^^^^^^^^^^^^^^
Error in <a href="matlab:matlab.lang.internal.introspective.errorDocCallback('Bayesian_optimization_downsampled>@(params)trainAndEvaluateAE(params,dataCfg)', 'C:\Users\Maria\Documents\Honours Programme\Networks\GAN\src\training\Bayesian_optimization_downsampled.m', 117)" style="font-weight:bold">Bayesian_optimization_downsampled>@(params)trainAndEvaluateAE(params,dataCfg)</a> (<a href="matlab: opentoline('C:\Users\Maria\Documents\Honours Programme\Networks\GAN\src\training\Bayesian_optimization_downsampled.m',117,0)">line 117</a>)
objectiveFcn = @(params) trainAndEvaluateAE(params, dataCfg);
                         ^^^^^^^^^^^^^^^^^^^^^^^^^^^^^^^^^^^
Error in <a href="matlab:matlab.lang.internal.introspective.errorDocCallback('bayesoptim.callObjFcnParallel>callObjNormallyParallel', 'C:\Program Files\MATLAB\R2024b\toolbox\stats\bayesoptim\+bayesoptim\callObjFcnParallel.m', 45)" style="font-weight:bold">bayesoptim.callObjFcnParallel>callObjNormallyParallel</a> (<a href="matlab: opentoline('C:\Program Files\MATLAB\R2024b\toolbox\stats\bayesoptim\+bayesoptim\callObjFcnParallel.m',45,0)">line 45</a>)
            Objective = ObjectiveFcn(conditionalizedX);
                        ^^^^^^^^^^^^^^^^^^^^^^^^^^^^^^
Error in <a href="matlab:matlab.lang.internal.introspective.errorDocCallback('bayesoptim.callObjFcnParallel', 'C:\Program Files\MATLAB\R2024b\toolbox\stats\bayesoptim\+bayesoptim\callObjFcnParallel.m', 12)" style="font-weight:bold">bayesoptim.callObjFcnParallel</a> (<a href="matlab: opentoline('C:\Program Files\MATLAB\R2024b\toolbox\stats\bayesoptim\+bayesoptim\callObjFcnParallel.m',12,0)">line 12</a>)
        = callObjNormallyParallel(ObjectiveFcn, ObjectiveNargout, NumCoupledConstraints, conditionalizedX);
          ^^^^^^^^^^^^^^^^^^^^^^^^^^^^^^^^^^^^^^^^^^^^^^^^^^^^^^^^^^^^^^^^^^^^^^^^^^^^^^^^^^^^^^^^^^^^^^^^

[00:15:57] w02: start objective; params=[{"channels1":7,"channels2":23,"kernel_size1":13,"kernel_size2":10,"kernel_size3":14,"dilation_factor":5}]
[00:15:57] w02: Preparing datastores for training and validation...

[00:16:04] w02: 1 am here before gpu
[00:16:04] w02: 2 am here after gpu
[00:16:04] w02: Training network (Final=0) on cpu for 10 epochs...

[00:16:05] w02: Training failed: The number of datastore outputs (56) must match the number of network inputs plus the number of targets (2).

[00:16:05] w02: Error using <a href="matlab:matlab.lang.internal.introspective.errorDocCallback('trainnet', 'C:\Program Files\MATLAB\R2024b\toolbox\nnet\deeptrain\trainnet.m', 54)" style="font-weight:bold">trainnet</a> (<a href="matlab: opentoline('C:\Program Files\MATLAB\R2024b\toolbox\nnet\deeptrain\trainnet.m',54,0)">line 54</a>)
The number of datastore outputs (56) must match the number of network inputs plus the number of targets (2).

Error in <a href="matlab:matlab.lang.internal.introspective.errorDocCallback('Bayesian_optimization_downsampled>trainAndEvaluateAE', 'C:\Users\Maria\Documents\Honours Programme\Networks\GAN\src\training\Bayesian_optimization_downsampled.m', 318)" style="font-weight:bold">Bayesian_optimization_downsampled>trainAndEvaluateAE</a> (<a href="matlab: opentoline('C:\Users\Maria\Documents\Honours Programme\Networks\GAN\src\training\Bayesian_optimization_downsampled.m',318,0)">line 318</a>)
        [net, info] = trainnet(trainData, net, lossFn, options);
                      ^^^^^^^^^^^^^^^^^^^^^^^^^^^^^^^^^^^^^^^^^
Error in <a href="matlab:matlab.lang.internal.introspective.errorDocCallback('Bayesian_optimization_downsampled>@(params)trainAndEvaluateAE(params,dataCfg)', 'C:\Users\Maria\Documents\Honours Programme\Networks\GAN\src\training\Bayesian_optimization_downsampled.m', 117)" style="font-weight:bold">Bayesian_optimization_downsampled>@(params)trainAndEvaluateAE(params,dataCfg)</a> (<a href="matlab: opentoline('C:\Users\Maria\Documents\Honours Programme\Networks\GAN\src\training\Bayesian_optimization_downsampled.m',117,0)">line 117</a>)
objectiveFcn = @(params) trainAndEvaluateAE(params, dataCfg);
                         ^^^^^^^^^^^^^^^^^^^^^^^^^^^^^^^^^^^
Error in <a href="matlab:matlab.lang.internal.introspective.errorDocCallback('bayesoptim.callObjFcnParallel>callObjNormallyParallel', 'C:\Program Files\MATLAB\R2024b\toolbox\stats\bayesoptim\+bayesoptim\callObjFcnParallel.m', 45)" style="font-weight:bold">bayesoptim.callObjFcnParallel>callObjNormallyParallel</a> (<a href="matlab: opentoline('C:\Program Files\MATLAB\R2024b\toolbox\stats\bayesoptim\+bayesoptim\callObjFcnParallel.m',45,0)">line 45</a>)
            Objective = ObjectiveFcn(conditionalizedX);
                        ^^^^^^^^^^^^^^^^^^^^^^^^^^^^^^
Error in <a href="matlab:matlab.lang.internal.introspective.errorDocCallback('bayesoptim.callObjFcnParallel', 'C:\Program Files\MATLAB\R2024b\toolbox\stats\bayesoptim\+bayesoptim\callObjFcnParallel.m', 12)" style="font-weight:bold">bayesoptim.callObjFcnParallel</a> (<a href="matlab: opentoline('C:\Program Files\MATLAB\R2024b\toolbox\stats\bayesoptim\+bayesoptim\callObjFcnParallel.m',12,0)">line 12</a>)
        = callObjNormallyParallel(ObjectiveFcn, ObjectiveNargout, NumCoupledConstraints, conditionalizedX);
          ^^^^^^^^^^^^^^^^^^^^^^^^^^^^^^^^^^^^^^^^^^^^^^^^^^^^^^^^^^^^^^^^^^^^^^^^^^^^^^^^^^^^^^^^^^^^^^^^

[00:17:13] w02: start objective; params=[{"channels1":6,"channels2":16,"kernel_size1":12,"kernel_size2":11,"kernel_size3":12,"dilation_factor":7}]
[00:17:13] w02: Preparing datastores for training and validation...

[00:17:19] w02: 1 am here before gpu
[00:17:19] w02: 2 am here after gpu
[00:17:35] w02: Training network (Final=0) on cpu for 10 epochs...

[01:17:47] w02: start objective; params=[{"channels1":6,"channels2":16,"kernel_size1":12,"kernel_size2":11,"kernel_size3":12,"dilation_factor":7}]
[01:17:47] w02: Preparing datastores for training and validation...

[01:17:52] w02: 1 am here before gpu
[01:17:52] w02: 2 am here after gpu
[01:18:08] w02: Training network (Final=0) on cpu for 10 epochs...

[02:17:03] w02: start objective; params=[{"channels1":9,"channels2":22,"kernel_size1":13,"kernel_size2":11,"kernel_size3":11,"dilation_factor":6}]
[02:17:03] w02: Preparing datastores for training and validation...

[02:17:08] w02: 1 am here before gpu
[02:17:08] w02: 2 am here after gpu
[02:17:23] w02: Training network (Final=0) on cpu for 10 epochs...

[03:19:58] w02: start objective; params=[{"channels1":10,"channels2":17,"kernel_size1":15,"kernel_size2":11,"kernel_size3":10,"dilation_factor":3}]
[03:19:58] w02: Preparing datastores for training and validation...

[03:20:04] w02: 1 am here before gpu
[03:20:04] w02: 2 am here after gpu
[03:20:19] w02: Training network (Final=0) on cpu for 10 epochs...

[04:22:34] w02: start objective; params=[{"channels1":5,"channels2":22,"kernel_size1":10,"kernel_size2":11,"kernel_size3":15,"dilation_factor":5}]
[04:22:34] w02: Preparing datastores for training and validation...

[04:22:40] w02: 1 am here before gpu
[04:22:40] w02: 2 am here after gpu
[04:22:55] w02: Training network (Final=0) on cpu for 10 epochs...

[17:58:26] w02: start objective; params=[{"channels1":9,"channels2":19,"kernel_size1":11,"kernel_size2":13,"kernel_size3":11,"dilation_factor":2,"batch_size":9,"learning_rate":0.00027439287079833804}]
[17:58:26] w02: Preparing datastores for training and validation...

[17:58:32] w02: 1 am here before gpu
[17:58:32] w02: 2 am here after gpu
[17:59:00] w02: Training network (Final=0) on cpu for 10 epochs...

[17:59:06] w02: Training failed: The number of datastore outputs (2) must match the number of network inputs plus the number of targets (56).

[17:59:06] w02: Error using <a href="matlab:matlab.lang.internal.introspective.errorDocCallback('trainnet', 'C:\Program Files\MATLAB\R2024b\toolbox\nnet\deeptrain\trainnet.m', 54)" style="font-weight:bold">trainnet</a> (<a href="matlab: opentoline('C:\Program Files\MATLAB\R2024b\toolbox\nnet\deeptrain\trainnet.m',54,0)">line 54</a>)
The number of datastore outputs (2) must match the number of network inputs plus the number of targets (56).

Error in <a href="matlab:matlab.lang.internal.introspective.errorDocCallback('Bayesian_optimization_downsampled_one_path>trainAndEvaluateAE', 'C:\Users\Maria\Documents\Honours Programme\Networks\GAN\src\training\Bayesian_optimization_downsampled_one_path.m', 290)" style="font-weight:bold">Bayesian_optimization_downsampled_one_path>trainAndEvaluateAE</a> (<a href="matlab: opentoline('C:\Users\Maria\Documents\Honours Programme\Networks\GAN\src\training\Bayesian_optimization_downsampled_one_path.m',290,0)">line 290</a>)
        [net, info] = trainnet(trainData, net, lossFn, options);
                      ^^^^^^^^^^^^^^^^^^^^^^^^^^^^^^^^^^^^^^^^^
Error in <a href="matlab:matlab.lang.internal.introspective.errorDocCallback('Bayesian_optimization_downsampled_one_path>@(params)trainAndEvaluateAE(params,dataCfg)', 'C:\Users\Maria\Documents\Honours Programme\Networks\GAN\src\training\Bayesian_optimization_downsampled_one_path.m', 89)" style="font-weight:bold">Bayesian_optimization_downsampled_one_path>@(params)trainAndEvaluateAE(params,dataCfg)</a> (<a href="matlab: opentoline('C:\Users\Maria\Documents\Honours Programme\Networks\GAN\src\training\Bayesian_optimization_downsampled_one_path.m',89,0)">line 89</a>)
objectiveFcn = @(params) trainAndEvaluateAE(params, dataCfg);
                         ^^^^^^^^^^^^^^^^^^^^^^^^^^^^^^^^^^^
Error in <a href="matlab:matlab.lang.internal.introspective.errorDocCallback('bayesoptim.callObjFcnParallel>callObjNormallyParallel', 'C:\Program Files\MATLAB\R2024b\toolbox\stats\bayesoptim\+bayesoptim\callObjFcnParallel.m', 45)" style="font-weight:bold">bayesoptim.callObjFcnParallel>callObjNormallyParallel</a> (<a href="matlab: opentoline('C:\Program Files\MATLAB\R2024b\toolbox\stats\bayesoptim\+bayesoptim\callObjFcnParallel.m',45,0)">line 45</a>)
            Objective = ObjectiveFcn(conditionalizedX);
                        ^^^^^^^^^^^^^^^^^^^^^^^^^^^^^^
Error in <a href="matlab:matlab.lang.internal.introspective.errorDocCallback('bayesoptim.callObjFcnParallel', 'C:\Program Files\MATLAB\R2024b\toolbox\stats\bayesoptim\+bayesoptim\callObjFcnParallel.m', 26)" style="font-weight:bold">bayesoptim.callObjFcnParallel</a> (<a href="matlab: opentoline('C:\Program Files\MATLAB\R2024b\toolbox\stats\bayesoptim\+bayesoptim\callObjFcnParallel.m',26,0)">line 26</a>)
            = callObjNormallyParallel(ObjectiveFcn, ObjectiveNargout, NumCoupledConstraints, conditionalizedX);
              ^^^^^^^^^^^^^^^^^^^^^^^^^^^^^^^^^^^^^^^^^^^^^^^^^^^^^^^^^^^^^^^^^^^^^^^^^^^^^^^^^^^^^^^^^^^^^^^^

[17:59:17] w02: start objective; params=[{"channels1":7,"channels2":16,"kernel_size1":12,"kernel_size2":12,"kernel_size3":11,"dilation_factor":7,"batch_size":8,"learning_rate":0.0074469106959402422}]
[17:59:17] w02: Preparing datastores for training and validation...

[17:59:23] w02: 1 am here before gpu
[17:59:23] w02: 2 am here after gpu
[17:59:39] w02: Training network (Final=0) on cpu for 10 epochs...

[17:59:44] w02: Training failed: The number of datastore outputs (2) must match the number of network inputs plus the number of targets (56).

[17:59:44] w02: Error using <a href="matlab:matlab.lang.internal.introspective.errorDocCallback('trainnet', 'C:\Program Files\MATLAB\R2024b\toolbox\nnet\deeptrain\trainnet.m', 54)" style="font-weight:bold">trainnet</a> (<a href="matlab: opentoline('C:\Program Files\MATLAB\R2024b\toolbox\nnet\deeptrain\trainnet.m',54,0)">line 54</a>)
The number of datastore outputs (2) must match the number of network inputs plus the number of targets (56).

Error in <a href="matlab:matlab.lang.internal.introspective.errorDocCallback('Bayesian_optimization_downsampled_one_path>trainAndEvaluateAE', 'C:\Users\Maria\Documents\Honours Programme\Networks\GAN\src\training\Bayesian_optimization_downsampled_one_path.m', 290)" style="font-weight:bold">Bayesian_optimization_downsampled_one_path>trainAndEvaluateAE</a> (<a href="matlab: opentoline('C:\Users\Maria\Documents\Honours Programme\Networks\GAN\src\training\Bayesian_optimization_downsampled_one_path.m',290,0)">line 290</a>)
        [net, info] = trainnet(trainData, net, lossFn, options);
                      ^^^^^^^^^^^^^^^^^^^^^^^^^^^^^^^^^^^^^^^^^
Error in <a href="matlab:matlab.lang.internal.introspective.errorDocCallback('Bayesian_optimization_downsampled_one_path>@(params)trainAndEvaluateAE(params,dataCfg)', 'C:\Users\Maria\Documents\Honours Programme\Networks\GAN\src\training\Bayesian_optimization_downsampled_one_path.m', 89)" style="font-weight:bold">Bayesian_optimization_downsampled_one_path>@(params)trainAndEvaluateAE(params,dataCfg)</a> (<a href="matlab: opentoline('C:\Users\Maria\Documents\Honours Programme\Networks\GAN\src\training\Bayesian_optimization_downsampled_one_path.m',89,0)">line 89</a>)
objectiveFcn = @(params) trainAndEvaluateAE(params, dataCfg);
                         ^^^^^^^^^^^^^^^^^^^^^^^^^^^^^^^^^^^
Error in <a href="matlab:matlab.lang.internal.introspective.errorDocCallback('bayesoptim.callObjFcnParallel>callObjNormallyParallel', 'C:\Program Files\MATLAB\R2024b\toolbox\stats\bayesoptim\+bayesoptim\callObjFcnParallel.m', 45)" style="font-weight:bold">bayesoptim.callObjFcnParallel>callObjNormallyParallel</a> (<a href="matlab: opentoline('C:\Program Files\MATLAB\R2024b\toolbox\stats\bayesoptim\+bayesoptim\callObjFcnParallel.m',45,0)">line 45</a>)
            Objective = ObjectiveFcn(conditionalizedX);
                        ^^^^^^^^^^^^^^^^^^^^^^^^^^^^^^
Error in <a href="matlab:matlab.lang.internal.introspective.errorDocCallback('bayesoptim.callObjFcnParallel', 'C:\Program Files\MATLAB\R2024b\toolbox\stats\bayesoptim\+bayesoptim\callObjFcnParallel.m', 12)" style="font-weight:bold">bayesoptim.callObjFcnParallel</a> (<a href="matlab: opentoline('C:\Program Files\MATLAB\R2024b\toolbox\stats\bayesoptim\+bayesoptim\callObjFcnParallel.m',12,0)">line 12</a>)
        = callObjNormallyParallel(ObjectiveFcn, ObjectiveNargout, NumCoupledConstraints, conditionalizedX);
          ^^^^^^^^^^^^^^^^^^^^^^^^^^^^^^^^^^^^^^^^^^^^^^^^^^^^^^^^^^^^^^^^^^^^^^^^^^^^^^^^^^^^^^^^^^^^^^^^

[17:59:46] w02: start objective; params=[{"channels1":5,"channels2":25,"kernel_size1":15,"kernel_size2":14,"kernel_size3":15,"dilation_factor":7,"batch_size":4,"learning_rate":0.00014894068312060725}]
[17:59:46] w02: Preparing datastores for training and validation...

[17:59:53] w02: 1 am here before gpu
[17:59:53] w02: 2 am here after gpu
[18:03:43] w02: start objective; params=[{"channels1":9,"channels2":19,"kernel_size1":11,"kernel_size2":13,"kernel_size3":11,"dilation_factor":2,"batch_size":9,"learning_rate":0.00027439287079833804}]
[18:03:43] w02: Preparing datastores for training and validation...

[18:03:50] w02: 1 am here before gpu
[18:03:50] w02: 2 am here after gpu
[18:04:10] w02: Training network (Final=0) on cpu for 10 epochs...

[18:04:15] w02: Training failed: The number of datastore outputs (2) must match the number of network inputs plus the number of targets (56).

[18:04:15] w02: Error using <a href="matlab:matlab.lang.internal.introspective.errorDocCallback('trainnet', 'C:\Program Files\MATLAB\R2024b\toolbox\nnet\deeptrain\trainnet.m', 54)" style="font-weight:bold">trainnet</a> (<a href="matlab: opentoline('C:\Program Files\MATLAB\R2024b\toolbox\nnet\deeptrain\trainnet.m',54,0)">line 54</a>)
The number of datastore outputs (2) must match the number of network inputs plus the number of targets (56).

Error in <a href="matlab:matlab.lang.internal.introspective.errorDocCallback('Bayesian_optimization_downsampled_one_path>trainAndEvaluateAE', 'C:\Users\Maria\Documents\Honours Programme\Networks\GAN\src\training\Bayesian_optimization_downsampled_one_path.m', 291)" style="font-weight:bold">Bayesian_optimization_downsampled_one_path>trainAndEvaluateAE</a> (<a href="matlab: opentoline('C:\Users\Maria\Documents\Honours Programme\Networks\GAN\src\training\Bayesian_optimization_downsampled_one_path.m',291,0)">line 291</a>)
        [net, info] = trainnet(trainData, net, lossFn, options);
                      ^^^^^^^^^^^^^^^^^^^^^^^^^^^^^^^^^^^^^^^^^
Error in <a href="matlab:matlab.lang.internal.introspective.errorDocCallback('Bayesian_optimization_downsampled_one_path>@(params)trainAndEvaluateAE(params,dataCfg)', 'C:\Users\Maria\Documents\Honours Programme\Networks\GAN\src\training\Bayesian_optimization_downsampled_one_path.m', 90)" style="font-weight:bold">Bayesian_optimization_downsampled_one_path>@(params)trainAndEvaluateAE(params,dataCfg)</a> (<a href="matlab: opentoline('C:\Users\Maria\Documents\Honours Programme\Networks\GAN\src\training\Bayesian_optimization_downsampled_one_path.m',90,0)">line 90</a>)
objectiveFcn = @(params) trainAndEvaluateAE(params, dataCfg);
                         ^^^^^^^^^^^^^^^^^^^^^^^^^^^^^^^^^^^
Error in <a href="matlab:matlab.lang.internal.introspective.errorDocCallback('bayesoptim.callObjFcnParallel>callObjNormallyParallel', 'C:\Program Files\MATLAB\R2024b\toolbox\stats\bayesoptim\+bayesoptim\callObjFcnParallel.m', 45)" style="font-weight:bold">bayesoptim.callObjFcnParallel>callObjNormallyParallel</a> (<a href="matlab: opentoline('C:\Program Files\MATLAB\R2024b\toolbox\stats\bayesoptim\+bayesoptim\callObjFcnParallel.m',45,0)">line 45</a>)
            Objective = ObjectiveFcn(conditionalizedX);
                        ^^^^^^^^^^^^^^^^^^^^^^^^^^^^^^
Error in <a href="matlab:matlab.lang.internal.introspective.errorDocCallback('bayesoptim.callObjFcnParallel', 'C:\Program Files\MATLAB\R2024b\toolbox\stats\bayesoptim\+bayesoptim\callObjFcnParallel.m', 26)" style="font-weight:bold">bayesoptim.callObjFcnParallel</a> (<a href="matlab: opentoline('C:\Program Files\MATLAB\R2024b\toolbox\stats\bayesoptim\+bayesoptim\callObjFcnParallel.m',26,0)">line 26</a>)
            = callObjNormallyParallel(ObjectiveFcn, ObjectiveNargout, NumCoupledConstraints, conditionalizedX);
              ^^^^^^^^^^^^^^^^^^^^^^^^^^^^^^^^^^^^^^^^^^^^^^^^^^^^^^^^^^^^^^^^^^^^^^^^^^^^^^^^^^^^^^^^^^^^^^^^

[18:04:17] w02: start objective; params=[{"channels1":7,"channels2":16,"kernel_size1":12,"kernel_size2":12,"kernel_size3":11,"dilation_factor":7,"batch_size":8,"learning_rate":0.0074469106959402422}]
[18:04:17] w02: Preparing datastores for training and validation...

[18:04:22] w02: 1 am here before gpu
[18:04:22] w02: 2 am here after gpu
[18:04:40] w02: Training network (Final=0) on cpu for 10 epochs...

[18:04:45] w02: Training failed: The number of datastore outputs (2) must match the number of network inputs plus the number of targets (56).

[18:04:45] w02: Error using <a href="matlab:matlab.lang.internal.introspective.errorDocCallback('trainnet', 'C:\Program Files\MATLAB\R2024b\toolbox\nnet\deeptrain\trainnet.m', 54)" style="font-weight:bold">trainnet</a> (<a href="matlab: opentoline('C:\Program Files\MATLAB\R2024b\toolbox\nnet\deeptrain\trainnet.m',54,0)">line 54</a>)
The number of datastore outputs (2) must match the number of network inputs plus the number of targets (56).

Error in <a href="matlab:matlab.lang.internal.introspective.errorDocCallback('Bayesian_optimization_downsampled_one_path>trainAndEvaluateAE', 'C:\Users\Maria\Documents\Honours Programme\Networks\GAN\src\training\Bayesian_optimization_downsampled_one_path.m', 291)" style="font-weight:bold">Bayesian_optimization_downsampled_one_path>trainAndEvaluateAE</a> (<a href="matlab: opentoline('C:\Users\Maria\Documents\Honours Programme\Networks\GAN\src\training\Bayesian_optimization_downsampled_one_path.m',291,0)">line 291</a>)
        [net, info] = trainnet(trainData, net, lossFn, options);
                      ^^^^^^^^^^^^^^^^^^^^^^^^^^^^^^^^^^^^^^^^^
Error in <a href="matlab:matlab.lang.internal.introspective.errorDocCallback('Bayesian_optimization_downsampled_one_path>@(params)trainAndEvaluateAE(params,dataCfg)', 'C:\Users\Maria\Documents\Honours Programme\Networks\GAN\src\training\Bayesian_optimization_downsampled_one_path.m', 90)" style="font-weight:bold">Bayesian_optimization_downsampled_one_path>@(params)trainAndEvaluateAE(params,dataCfg)</a> (<a href="matlab: opentoline('C:\Users\Maria\Documents\Honours Programme\Networks\GAN\src\training\Bayesian_optimization_downsampled_one_path.m',90,0)">line 90</a>)
objectiveFcn = @(params) trainAndEvaluateAE(params, dataCfg);
                         ^^^^^^^^^^^^^^^^^^^^^^^^^^^^^^^^^^^
Error in <a href="matlab:matlab.lang.internal.introspective.errorDocCallback('bayesoptim.callObjFcnParallel>callObjNormallyParallel', 'C:\Program Files\MATLAB\R2024b\toolbox\stats\bayesoptim\+bayesoptim\callObjFcnParallel.m', 45)" style="font-weight:bold">bayesoptim.callObjFcnParallel>callObjNormallyParallel</a> (<a href="matlab: opentoline('C:\Program Files\MATLAB\R2024b\toolbox\stats\bayesoptim\+bayesoptim\callObjFcnParallel.m',45,0)">line 45</a>)
            Objective = ObjectiveFcn(conditionalizedX);
                        ^^^^^^^^^^^^^^^^^^^^^^^^^^^^^^
Error in <a href="matlab:matlab.lang.internal.introspective.errorDocCallback('bayesoptim.callObjFcnParallel', 'C:\Program Files\MATLAB\R2024b\toolbox\stats\bayesoptim\+bayesoptim\callObjFcnParallel.m', 12)" style="font-weight:bold">bayesoptim.callObjFcnParallel</a> (<a href="matlab: opentoline('C:\Program Files\MATLAB\R2024b\toolbox\stats\bayesoptim\+bayesoptim\callObjFcnParallel.m',12,0)">line 12</a>)
        = callObjNormallyParallel(ObjectiveFcn, ObjectiveNargout, NumCoupledConstraints, conditionalizedX);
          ^^^^^^^^^^^^^^^^^^^^^^^^^^^^^^^^^^^^^^^^^^^^^^^^^^^^^^^^^^^^^^^^^^^^^^^^^^^^^^^^^^^^^^^^^^^^^^^^

[18:04:46] w02: start objective; params=[{"channels1":5,"channels2":17,"kernel_size1":15,"kernel_size2":11,"kernel_size3":15,"dilation_factor":8,"batch_size":15,"learning_rate":0.0001319459947276277}]
[18:04:46] w02: Preparing datastores for training and validation...

[18:04:52] w02: 1 am here before gpu
[18:04:52] w02: 2 am here after gpu
[18:07:18] w02: start objective; params=[{"channels1":9,"channels2":19,"kernel_size1":11,"kernel_size2":13,"kernel_size3":11,"dilation_factor":2,"batch_size":9,"learning_rate":0.00027439287079833804}]
[18:07:18] w02: Preparing datastores for training and validation...

[18:07:18] w02: Using single frequency datastore for frequency index 4

[18:07:24] w02: 1 am here before gpu
[18:07:24] w02: 2 am here after gpu
[18:07:43] w02: Training network (Final=0) on cpu for 10 epochs...

[18:07:48] w02: Training failed: The number of datastore outputs (2) must match the number of network inputs plus the number of targets (56).

[18:07:48] w02: Error using <a href="matlab:matlab.lang.internal.introspective.errorDocCallback('trainnet', 'C:\Program Files\MATLAB\R2024b\toolbox\nnet\deeptrain\trainnet.m', 54)" style="font-weight:bold">trainnet</a> (<a href="matlab: opentoline('C:\Program Files\MATLAB\R2024b\toolbox\nnet\deeptrain\trainnet.m',54,0)">line 54</a>)
The number of datastore outputs (2) must match the number of network inputs plus the number of targets (56).

Error in <a href="matlab:matlab.lang.internal.introspective.errorDocCallback('Bayesian_optimization_downsampled_one_path>trainAndEvaluateAE', 'C:\Users\Maria\Documents\Honours Programme\Networks\GAN\src\training\Bayesian_optimization_downsampled_one_path.m', 292)" style="font-weight:bold">Bayesian_optimization_downsampled_one_path>trainAndEvaluateAE</a> (<a href="matlab: opentoline('C:\Users\Maria\Documents\Honours Programme\Networks\GAN\src\training\Bayesian_optimization_downsampled_one_path.m',292,0)">line 292</a>)
        [net, info] = trainnet(trainData, net, lossFn, options);
                      ^^^^^^^^^^^^^^^^^^^^^^^^^^^^^^^^^^^^^^^^^
Error in <a href="matlab:matlab.lang.internal.introspective.errorDocCallback('Bayesian_optimization_downsampled_one_path>@(params)trainAndEvaluateAE(params,dataCfg)', 'C:\Users\Maria\Documents\Honours Programme\Networks\GAN\src\training\Bayesian_optimization_downsampled_one_path.m', 90)" style="font-weight:bold">Bayesian_optimization_downsampled_one_path>@(params)trainAndEvaluateAE(params,dataCfg)</a> (<a href="matlab: opentoline('C:\Users\Maria\Documents\Honours Programme\Networks\GAN\src\training\Bayesian_optimization_downsampled_one_path.m',90,0)">line 90</a>)
objectiveFcn = @(params) trainAndEvaluateAE(params, dataCfg);
                         ^^^^^^^^^^^^^^^^^^^^^^^^^^^^^^^^^^^
Error in <a href="matlab:matlab.lang.internal.introspective.errorDocCallback('bayesoptim.callObjFcnParallel>callObjNormallyParallel', 'C:\Program Files\MATLAB\R2024b\toolbox\stats\bayesoptim\+bayesoptim\callObjFcnParallel.m', 45)" style="font-weight:bold">bayesoptim.callObjFcnParallel>callObjNormallyParallel</a> (<a href="matlab: opentoline('C:\Program Files\MATLAB\R2024b\toolbox\stats\bayesoptim\+bayesoptim\callObjFcnParallel.m',45,0)">line 45</a>)
            Objective = ObjectiveFcn(conditionalizedX);
                        ^^^^^^^^^^^^^^^^^^^^^^^^^^^^^^
Error in <a href="matlab:matlab.lang.internal.introspective.errorDocCallback('bayesoptim.callObjFcnParallel', 'C:\Program Files\MATLAB\R2024b\toolbox\stats\bayesoptim\+bayesoptim\callObjFcnParallel.m', 26)" style="font-weight:bold">bayesoptim.callObjFcnParallel</a> (<a href="matlab: opentoline('C:\Program Files\MATLAB\R2024b\toolbox\stats\bayesoptim\+bayesoptim\callObjFcnParallel.m',26,0)">line 26</a>)
            = callObjNormallyParallel(ObjectiveFcn, ObjectiveNargout, NumCoupledConstraints, conditionalizedX);
              ^^^^^^^^^^^^^^^^^^^^^^^^^^^^^^^^^^^^^^^^^^^^^^^^^^^^^^^^^^^^^^^^^^^^^^^^^^^^^^^^^^^^^^^^^^^^^^^^

[18:07:49] w02: start objective; params=[{"channels1":7,"channels2":16,"kernel_size1":12,"kernel_size2":12,"kernel_size3":11,"dilation_factor":7,"batch_size":8,"learning_rate":0.0074469106959402422}]
[18:07:49] w02: Preparing datastores for training and validation...

[18:07:49] w02: Using single frequency datastore for frequency index 4

[18:07:57] w02: 1 am here before gpu
[18:07:57] w02: 2 am here after gpu
[18:08:15] w02: Training network (Final=0) on cpu for 10 epochs...

[18:08:19] w02: Training failed: The number of datastore outputs (2) must match the number of network inputs plus the number of targets (56).

[18:08:19] w02: Error using <a href="matlab:matlab.lang.internal.introspective.errorDocCallback('trainnet', 'C:\Program Files\MATLAB\R2024b\toolbox\nnet\deeptrain\trainnet.m', 54)" style="font-weight:bold">trainnet</a> (<a href="matlab: opentoline('C:\Program Files\MATLAB\R2024b\toolbox\nnet\deeptrain\trainnet.m',54,0)">line 54</a>)
The number of datastore outputs (2) must match the number of network inputs plus the number of targets (56).

Error in <a href="matlab:matlab.lang.internal.introspective.errorDocCallback('Bayesian_optimization_downsampled_one_path>trainAndEvaluateAE', 'C:\Users\Maria\Documents\Honours Programme\Networks\GAN\src\training\Bayesian_optimization_downsampled_one_path.m', 292)" style="font-weight:bold">Bayesian_optimization_downsampled_one_path>trainAndEvaluateAE</a> (<a href="matlab: opentoline('C:\Users\Maria\Documents\Honours Programme\Networks\GAN\src\training\Bayesian_optimization_downsampled_one_path.m',292,0)">line 292</a>)
        [net, info] = trainnet(trainData, net, lossFn, options);
                      ^^^^^^^^^^^^^^^^^^^^^^^^^^^^^^^^^^^^^^^^^
Error in <a href="matlab:matlab.lang.internal.introspective.errorDocCallback('Bayesian_optimization_downsampled_one_path>@(params)trainAndEvaluateAE(params,dataCfg)', 'C:\Users\Maria\Documents\Honours Programme\Networks\GAN\src\training\Bayesian_optimization_downsampled_one_path.m', 90)" style="font-weight:bold">Bayesian_optimization_downsampled_one_path>@(params)trainAndEvaluateAE(params,dataCfg)</a> (<a href="matlab: opentoline('C:\Users\Maria\Documents\Honours Programme\Networks\GAN\src\training\Bayesian_optimization_downsampled_one_path.m',90,0)">line 90</a>)
objectiveFcn = @(params) trainAndEvaluateAE(params, dataCfg);
                         ^^^^^^^^^^^^^^^^^^^^^^^^^^^^^^^^^^^
Error in <a href="matlab:matlab.lang.internal.introspective.errorDocCallback('bayesoptim.callObjFcnParallel>callObjNormallyParallel', 'C:\Program Files\MATLAB\R2024b\toolbox\stats\bayesoptim\+bayesoptim\callObjFcnParallel.m', 45)" style="font-weight:bold">bayesoptim.callObjFcnParallel>callObjNormallyParallel</a> (<a href="matlab: opentoline('C:\Program Files\MATLAB\R2024b\toolbox\stats\bayesoptim\+bayesoptim\callObjFcnParallel.m',45,0)">line 45</a>)
            Objective = ObjectiveFcn(conditionalizedX);
                        ^^^^^^^^^^^^^^^^^^^^^^^^^^^^^^
Error in <a href="matlab:matlab.lang.internal.introspective.errorDocCallback('bayesoptim.callObjFcnParallel', 'C:\Program Files\MATLAB\R2024b\toolbox\stats\bayesoptim\+bayesoptim\callObjFcnParallel.m', 12)" style="font-weight:bold">bayesoptim.callObjFcnParallel</a> (<a href="matlab: opentoline('C:\Program Files\MATLAB\R2024b\toolbox\stats\bayesoptim\+bayesoptim\callObjFcnParallel.m',12,0)">line 12</a>)
        = callObjNormallyParallel(ObjectiveFcn, ObjectiveNargout, NumCoupledConstraints, conditionalizedX);
          ^^^^^^^^^^^^^^^^^^^^^^^^^^^^^^^^^^^^^^^^^^^^^^^^^^^^^^^^^^^^^^^^^^^^^^^^^^^^^^^^^^^^^^^^^^^^^^^^

[18:08:20] w02: start objective; params=[{"channels1":5,"channels2":17,"kernel_size1":15,"kernel_size2":11,"kernel_size3":15,"dilation_factor":8,"batch_size":15,"learning_rate":0.0001319459947276277}]
[18:08:20] w02: Preparing datastores for training and validation...

[18:08:20] w02: Using single frequency datastore for frequency index 4

[18:08:27] w02: 1 am here before gpu
[18:08:27] w02: 2 am here after gpu
[18:11:22] w02: start objective; params=[{"channels1":9,"channels2":19,"kernel_size1":11,"kernel_size2":13,"kernel_size3":11,"dilation_factor":2,"batch_size":9,"learning_rate":0.00027439287079833804}]
[18:11:22] w02: Preparing datastores for training and validation...

[18:11:22] w02: Using single frequency datastore for frequency index 4

[18:11:27] w02: 1 am here before gpu
[18:11:27] w02: 2 am here after gpu
[18:11:28] w02: Training network (Final=0) on cpu for 10 epochs...

[18:12:22] w02: Training failed: Unrecognized table variable name 'l2_regularization'.

[18:12:23] w02: Error using <a href="matlab:matlab.lang.internal.introspective.errorDocCallback('tabular/dotReference', 'C:\Program Files\MATLAB\R2024b\toolbox\matlab\datatypes\tabular\@tabular\dotReference.m', 229)" style="font-weight:bold"> . </a> (<a href="matlab: opentoline('C:\Program Files\MATLAB\R2024b\toolbox\matlab\datatypes\tabular\@tabular\dotReference.m',229,0)">line 229</a>)
Unrecognized table variable name 'l2_regularization'.

Error in <a href="matlab:matlab.lang.internal.introspective.errorDocCallback('Bayesian_optimization_downsampled_one_path>trainAndEvaluateAE', 'C:\Users\Maria\Documents\Honours Programme\Networks\GAN\src\training\Bayesian_optimization_downsampled_one_path.m', 296)" style="font-weight:bold">Bayesian_optimization_downsampled_one_path>trainAndEvaluateAE</a> (<a href="matlab: opentoline('C:\Users\Maria\Documents\Honours Programme\Networks\GAN\src\training\Bayesian_optimization_downsampled_one_path.m',296,0)">line 296</a>)
            params.kernel_size1, params.kernel_size2, params.kernel_size3, params.dilation_factor, params.l2_regularization, params.learning_rate, params.batch_size, dataCfg.frequency);            
                                                                                                   ^^^^^^^^^^^^^^^^^^^^^^^^
Error in <a href="matlab:matlab.lang.internal.introspective.errorDocCallback('Bayesian_optimization_downsampled_one_path>@(params)trainAndEvaluateAE(params,dataCfg)', 'C:\Users\Maria\Documents\Honours Programme\Networks\GAN\src\training\Bayesian_optimization_downsampled_one_path.m', 90)" style="font-weight:bold">Bayesian_optimization_downsampled_one_path>@(params)trainAndEvaluateAE(params,dataCfg)</a> (<a href="matlab: opentoline('C:\Users\Maria\Documents\Honours Programme\Networks\GAN\src\training\Bayesian_optimization_downsampled_one_path.m',90,0)">line 90</a>)
objectiveFcn = @(params) trainAndEvaluateAE(params, dataCfg);
                         ^^^^^^^^^^^^^^^^^^^^^^^^^^^^^^^^^^^
Error in <a href="matlab:matlab.lang.internal.introspective.errorDocCallback('bayesoptim.callObjFcnParallel>callObjNormallyParallel', 'C:\Program Files\MATLAB\R2024b\toolbox\stats\bayesoptim\+bayesoptim\callObjFcnParallel.m', 45)" style="font-weight:bold">bayesoptim.callObjFcnParallel>callObjNormallyParallel</a> (<a href="matlab: opentoline('C:\Program Files\MATLAB\R2024b\toolbox\stats\bayesoptim\+bayesoptim\callObjFcnParallel.m',45,0)">line 45</a>)
            Objective = ObjectiveFcn(conditionalizedX);
                        ^^^^^^^^^^^^^^^^^^^^^^^^^^^^^^
Error in <a href="matlab:matlab.lang.internal.introspective.errorDocCallback('bayesoptim.callObjFcnParallel', 'C:\Program Files\MATLAB\R2024b\toolbox\stats\bayesoptim\+bayesoptim\callObjFcnParallel.m', 26)" style="font-weight:bold">bayesoptim.callObjFcnParallel</a> (<a href="matlab: opentoline('C:\Program Files\MATLAB\R2024b\toolbox\stats\bayesoptim\+bayesoptim\callObjFcnParallel.m',26,0)">line 26</a>)
            = callObjNormallyParallel(ObjectiveFcn, ObjectiveNargout, NumCoupledConstraints, conditionalizedX);
              ^^^^^^^^^^^^^^^^^^^^^^^^^^^^^^^^^^^^^^^^^^^^^^^^^^^^^^^^^^^^^^^^^^^^^^^^^^^^^^^^^^^^^^^^^^^^^^^^

[18:12:24] w02: start objective; params=[{"channels1":7,"channels2":19,"kernel_size1":10,"kernel_size2":13,"kernel_size3":12,"dilation_factor":4,"batch_size":8,"learning_rate":0.0062196529135743672}]
[18:12:24] w02: Preparing datastores for training and validation...

[18:12:24] w02: Using single frequency datastore for frequency index 4

[18:12:30] w02: 1 am here before gpu
[18:12:30] w02: 2 am here after gpu
[18:12:32] w02: Training network (Final=0) on cpu for 10 epochs...

[18:14:02] w02: start objective; params=[{"channels1":9,"channels2":19,"kernel_size1":11,"kernel_size2":13,"kernel_size3":11,"dilation_factor":2,"batch_size":9,"learning_rate":0.00027439287079833804}]
[18:14:02] w02: Preparing datastores for training and validation...

[18:14:02] w02: Using single frequency datastore for frequency index 4

[18:14:08] w02: 1 am here before gpu
[18:14:08] w02: 2 am here after gpu
[18:14:09] w02: Training network (Final=0) on cpu for 10 epochs...

[18:14:36] w02: Training failed: Cannot create 'net_best_9_19_11_13_11_2_2.743929e-04_9_freq4.mat' because 'results\One_path_downsampled_states_optim' does not exist.

[18:14:37] w02: Error using <a href="matlab:matlab.lang.internal.introspective.errorDocCallback('save')" style="font-weight:bold">save</a>
Cannot create 'net_best_9_19_11_13_11_2_2.743929e-04_9_freq4.mat' because 'results\One_path_downsampled_states_optim' does not exist.

Error in <a href="matlab:matlab.lang.internal.introspective.errorDocCallback('Bayesian_optimization_downsampled_one_path>trainAndEvaluateAE', 'C:\Users\Maria\Documents\Honours Programme\Networks\GAN\src\training\Bayesian_optimization_downsampled_one_path.m', 302)" style="font-weight:bold">Bayesian_optimization_downsampled_one_path>trainAndEvaluateAE</a> (<a href="matlab: opentoline('C:\Users\Maria\Documents\Honours Programme\Networks\GAN\src\training\Bayesian_optimization_downsampled_one_path.m',302,0)">line 302</a>)
        save(fullfile('results\One_path_downsampled_states_optim\',model_name), 'net','-v7.3');
        ^^^^^^^^^^^^^^^^^^^^^^^^^^^^^^^^^^^^^^^^^^^^^^^^^^^^^^^^^^^^^^^^^^^^^^^^^^^^^^^^^^^^^^
Error in <a href="matlab:matlab.lang.internal.introspective.errorDocCallback('Bayesian_optimization_downsampled_one_path>@(params)trainAndEvaluateAE(params,dataCfg)', 'C:\Users\Maria\Documents\Honours Programme\Networks\GAN\src\training\Bayesian_optimization_downsampled_one_path.m', 90)" style="font-weight:bold">Bayesian_optimization_downsampled_one_path>@(params)trainAndEvaluateAE(params,dataCfg)</a> (<a href="matlab: opentoline('C:\Users\Maria\Documents\Honours Programme\Networks\GAN\src\training\Bayesian_optimization_downsampled_one_path.m',90,0)">line 90</a>)
objectiveFcn = @(params) trainAndEvaluateAE(params, dataCfg);
                         ^^^^^^^^^^^^^^^^^^^^^^^^^^^^^^^^^^^
Error in <a href="matlab:matlab.lang.internal.introspective.errorDocCallback('bayesoptim.callObjFcnParallel>callObjNormallyParallel', 'C:\Program Files\MATLAB\R2024b\toolbox\stats\bayesoptim\+bayesoptim\callObjFcnParallel.m', 45)" style="font-weight:bold">bayesoptim.callObjFcnParallel>callObjNormallyParallel</a> (<a href="matlab: opentoline('C:\Program Files\MATLAB\R2024b\toolbox\stats\bayesoptim\+bayesoptim\callObjFcnParallel.m',45,0)">line 45</a>)
            Objective = ObjectiveFcn(conditionalizedX);
                        ^^^^^^^^^^^^^^^^^^^^^^^^^^^^^^
Error in <a href="matlab:matlab.lang.internal.introspective.errorDocCallback('bayesoptim.callObjFcnParallel', 'C:\Program Files\MATLAB\R2024b\toolbox\stats\bayesoptim\+bayesoptim\callObjFcnParallel.m', 26)" style="font-weight:bold">bayesoptim.callObjFcnParallel</a> (<a href="matlab: opentoline('C:\Program Files\MATLAB\R2024b\toolbox\stats\bayesoptim\+bayesoptim\callObjFcnParallel.m',26,0)">line 26</a>)
            = callObjNormallyParallel(ObjectiveFcn, ObjectiveNargout, NumCoupledConstraints, conditionalizedX);
              ^^^^^^^^^^^^^^^^^^^^^^^^^^^^^^^^^^^^^^^^^^^^^^^^^^^^^^^^^^^^^^^^^^^^^^^^^^^^^^^^^^^^^^^^^^^^^^^^

[18:14:37] w02: start objective; params=[{"channels1":7,"channels2":19,"kernel_size1":10,"kernel_size2":13,"kernel_size3":12,"dilation_factor":4,"batch_size":8,"learning_rate":0.0062196529135743672}]
[18:14:37] w02: Preparing datastores for training and validation...

[18:14:37] w02: Using single frequency datastore for frequency index 4

[18:14:43] w02: 1 am here before gpu
[18:14:43] w02: 2 am here after gpu
[18:14:43] w02: Training network (Final=0) on cpu for 10 epochs...

[18:15:17] w02: Training failed: Cannot create 'net_best_7_19_10_13_12_4_6.219653e-03_8_freq4.mat' because 'results\One_path_downsampled_states_optim' does not exist.

[18:15:17] w02: Error using <a href="matlab:matlab.lang.internal.introspective.errorDocCallback('save')" style="font-weight:bold">save</a>
Cannot create 'net_best_7_19_10_13_12_4_6.219653e-03_8_freq4.mat' because 'results\One_path_downsampled_states_optim' does not exist.

Error in <a href="matlab:matlab.lang.internal.introspective.errorDocCallback('Bayesian_optimization_downsampled_one_path>trainAndEvaluateAE', 'C:\Users\Maria\Documents\Honours Programme\Networks\GAN\src\training\Bayesian_optimization_downsampled_one_path.m', 302)" style="font-weight:bold">Bayesian_optimization_downsampled_one_path>trainAndEvaluateAE</a> (<a href="matlab: opentoline('C:\Users\Maria\Documents\Honours Programme\Networks\GAN\src\training\Bayesian_optimization_downsampled_one_path.m',302,0)">line 302</a>)
        save(fullfile('results\One_path_downsampled_states_optim\',model_name), 'net','-v7.3');
        ^^^^^^^^^^^^^^^^^^^^^^^^^^^^^^^^^^^^^^^^^^^^^^^^^^^^^^^^^^^^^^^^^^^^^^^^^^^^^^^^^^^^^^
Error in <a href="matlab:matlab.lang.internal.introspective.errorDocCallback('Bayesian_optimization_downsampled_one_path>@(params)trainAndEvaluateAE(params,dataCfg)', 'C:\Users\Maria\Documents\Honours Programme\Networks\GAN\src\training\Bayesian_optimization_downsampled_one_path.m', 90)" style="font-weight:bold">Bayesian_optimization_downsampled_one_path>@(params)trainAndEvaluateAE(params,dataCfg)</a> (<a href="matlab: opentoline('C:\Users\Maria\Documents\Honours Programme\Networks\GAN\src\training\Bayesian_optimization_downsampled_one_path.m',90,0)">line 90</a>)
objectiveFcn = @(params) trainAndEvaluateAE(params, dataCfg);
                         ^^^^^^^^^^^^^^^^^^^^^^^^^^^^^^^^^^^
Error in <a href="matlab:matlab.lang.internal.introspective.errorDocCallback('bayesoptim.callObjFcnParallel>callObjNormallyParallel', 'C:\Program Files\MATLAB\R2024b\toolbox\stats\bayesoptim\+bayesoptim\callObjFcnParallel.m', 45)" style="font-weight:bold">bayesoptim.callObjFcnParallel>callObjNormallyParallel</a> (<a href="matlab: opentoline('C:\Program Files\MATLAB\R2024b\toolbox\stats\bayesoptim\+bayesoptim\callObjFcnParallel.m',45,0)">line 45</a>)
            Objective = ObjectiveFcn(conditionalizedX);
                        ^^^^^^^^^^^^^^^^^^^^^^^^^^^^^^
Error in <a href="matlab:matlab.lang.internal.introspective.errorDocCallback('bayesoptim.callObjFcnParallel', 'C:\Program Files\MATLAB\R2024b\toolbox\stats\bayesoptim\+bayesoptim\callObjFcnParallel.m', 12)" style="font-weight:bold">bayesoptim.callObjFcnParallel</a> (<a href="matlab: opentoline('C:\Program Files\MATLAB\R2024b\toolbox\stats\bayesoptim\+bayesoptim\callObjFcnParallel.m',12,0)">line 12</a>)
        = callObjNormallyParallel(ObjectiveFcn, ObjectiveNargout, NumCoupledConstraints, conditionalizedX);
          ^^^^^^^^^^^^^^^^^^^^^^^^^^^^^^^^^^^^^^^^^^^^^^^^^^^^^^^^^^^^^^^^^^^^^^^^^^^^^^^^^^^^^^^^^^^^^^^^

[18:15:18] w02: start objective; params=[{"channels1":6,"channels2":17,"kernel_size1":10,"kernel_size2":13,"kernel_size3":13,"dilation_factor":6,"batch_size":9,"learning_rate":0.0076819957725517887}]
[18:15:18] w02: Preparing datastores for training and validation...

[18:15:18] w02: Using single frequency datastore for frequency index 4

[18:16:23] w02: start objective; params=[{"channels1":9,"channels2":19,"kernel_size1":11,"kernel_size2":13,"kernel_size3":11,"dilation_factor":2,"batch_size":9,"learning_rate":0.00027439287079833804}]
[18:16:23] w02: Preparing datastores for training and validation...

[18:16:23] w02: Using single frequency datastore for frequency index 4

[18:16:28] w02: 1 am here before gpu
[18:16:28] w02: 2 am here after gpu
[18:16:29] w02: Training network (Final=0) on cpu for 10 epochs...

[18:17:00] w02: start objective; params=[{"channels1":7,"channels2":19,"kernel_size1":10,"kernel_size2":13,"kernel_size3":12,"dilation_factor":4,"batch_size":8,"learning_rate":0.0062196529135743672}]
[18:17:00] w02: Preparing datastores for training and validation...

[18:17:00] w02: Using single frequency datastore for frequency index 4

[18:17:06] w02: 1 am here before gpu
[18:17:06] w02: 2 am here after gpu
[18:17:07] w02: Training network (Final=0) on cpu for 10 epochs...

[18:17:45] w02: start objective; params=[{"channels1":8,"channels2":17,"kernel_size1":15,"kernel_size2":15,"kernel_size3":12,"dilation_factor":7,"batch_size":10,"learning_rate":0.00984786178838779}]
[18:17:45] w02: Preparing datastores for training and validation...

[18:17:45] w02: Using single frequency datastore for frequency index 4

[18:17:51] w02: 1 am here before gpu
[18:17:51] w02: 2 am here after gpu
[18:17:51] w02: Training network (Final=0) on cpu for 10 epochs...

[18:18:19] w02: start objective; params=[{"channels1":5,"channels2":16,"kernel_size1":11,"kernel_size2":12,"kernel_size3":14,"dilation_factor":7,"batch_size":9,"learning_rate":0.0099990785882519972}]
[18:18:19] w02: Preparing datastores for training and validation...

[18:18:19] w02: Using single frequency datastore for frequency index 4

[18:18:25] w02: 1 am here before gpu
[18:18:25] w02: 2 am here after gpu
[18:18:25] w02: Training network (Final=0) on cpu for 10 epochs...

[18:18:36] w02: start objective; params=[{"channels1":10,"channels2":16,"kernel_size1":15,"kernel_size2":10,"kernel_size3":14,"dilation_factor":3,"batch_size":10,"learning_rate":0.0097271720296509042}]
[18:18:36] w02: Preparing datastores for training and validation...

[18:18:36] w02: Using single frequency datastore for frequency index 4

[18:18:39] w02: 1 am here before gpu
[18:18:39] w02: 2 am here after gpu
[18:18:39] w02: Training network (Final=0) on cpu for 10 epochs...

[18:18:52] w02: start objective; params=[{"channels1":8,"channels2":24,"kernel_size1":15,"kernel_size2":13,"kernel_size3":12,"dilation_factor":4,"batch_size":9,"learning_rate":0.00614516743245515}]
[18:18:52] w02: Preparing datastores for training and validation...

[18:18:52] w02: Using single frequency datastore for frequency index 4

[18:18:55] w02: 1 am here before gpu
[18:18:55] w02: 2 am here after gpu
[18:18:55] w02: Training network (Final=0) on cpu for 10 epochs...

[18:19:07] w02: start objective; params=[{"channels1":6,"channels2":24,"kernel_size1":15,"kernel_size2":12,"kernel_size3":13,"dilation_factor":4,"batch_size":16,"learning_rate":0.0098515777553897423}]
[18:19:07] w02: Preparing datastores for training and validation...

[18:19:07] w02: Using single frequency datastore for frequency index 4

[18:19:10] w02: 1 am here before gpu
[18:19:10] w02: 2 am here after gpu
[18:19:10] w02: Training network (Final=0) on cpu for 10 epochs...

[18:19:17] w02: start objective; params=[{"channels1":6,"channels2":18,"kernel_size1":15,"kernel_size2":14,"kernel_size3":13,"dilation_factor":7,"batch_size":8,"learning_rate":0.0097461884394168356}]
[18:19:17] w02: Preparing datastores for training and validation...

[18:19:17] w02: Using single frequency datastore for frequency index 4

[18:19:20] w02: 1 am here before gpu
[18:19:20] w02: 2 am here after gpu
[18:19:20] w02: Training network (Final=0) on cpu for 10 epochs...

[18:19:35] w02: start objective; params=[{"channels1":9,"channels2":23,"kernel_size1":15,"kernel_size2":14,"kernel_size3":12,"dilation_factor":2,"batch_size":4,"learning_rate":0.00974436789352626}]
[18:19:35] w02: Preparing datastores for training and validation...

[18:19:35] w02: Using single frequency datastore for frequency index 4

[18:19:38] w02: 1 am here before gpu
[18:19:38] w02: 2 am here after gpu
[18:19:38] w02: Training network (Final=0) on cpu for 10 epochs...

[18:20:21] w02: start objective; params=[{"channels1":5,"channels2":21,"kernel_size1":15,"kernel_size2":10,"kernel_size3":12,"dilation_factor":6,"batch_size":14,"learning_rate":0.00994607997293177}]
[18:20:21] w02: Preparing datastores for training and validation...

[18:20:21] w02: Using single frequency datastore for frequency index 4

[18:20:25] w02: 1 am here before gpu
[18:20:25] w02: 2 am here after gpu
[18:20:25] w02: Training network (Final=0) on cpu for 10 epochs...

[18:20:34] w02: start objective; params=[{"channels1":8,"channels2":25,"kernel_size1":15,"kernel_size2":11,"kernel_size3":15,"dilation_factor":2,"batch_size":4,"learning_rate":0.0076315554355805828}]
[18:20:34] w02: Preparing datastores for training and validation...

[18:20:34] w02: Using single frequency datastore for frequency index 4

[18:20:38] w02: 1 am here before gpu
[18:20:38] w02: 2 am here after gpu
[18:20:38] w02: Training network (Final=0) on cpu for 10 epochs...

[18:21:19] w02: start objective; params=[{"channels1":6,"channels2":23,"kernel_size1":15,"kernel_size2":14,"kernel_size3":15,"dilation_factor":7,"batch_size":4,"learning_rate":0.0093773805988293085}]
[18:21:19] w02: Preparing datastores for training and validation...

[18:21:19] w02: Using single frequency datastore for frequency index 4

[18:21:22] w02: 1 am here before gpu
[18:21:22] w02: 2 am here after gpu
[18:21:22] w02: Training network (Final=0) on cpu for 10 epochs...

[18:22:01] w02: start objective; params=[{"channels1":10,"channels2":22,"kernel_size1":10,"kernel_size2":14,"kernel_size3":15,"dilation_factor":5,"batch_size":15,"learning_rate":0.00010040228246069888}]
[18:22:01] w02: Preparing datastores for training and validation...

[18:22:01] w02: Using single frequency datastore for frequency index 4

[18:22:04] w02: 1 am here before gpu
[18:22:04] w02: 2 am here after gpu
[18:22:04] w02: Training network (Final=0) on cpu for 10 epochs...

[18:22:10] w02: start objective; params=[{"channels1":7,"channels2":18,"kernel_size1":15,"kernel_size2":14,"kernel_size3":15,"dilation_factor":3,"batch_size":4,"learning_rate":0.0010848982154478149}]
[18:22:10] w02: Preparing datastores for training and validation...

[18:22:10] w02: Using single frequency datastore for frequency index 4

[18:22:14] w02: 1 am here before gpu
[18:22:14] w02: 2 am here after gpu
[18:22:14] w02: Training network (Final=0) on cpu for 10 epochs...

[18:22:49] w02: start objective; params=[{"channels1":6,"channels2":21,"kernel_size1":15,"kernel_size2":13,"kernel_size3":10,"dilation_factor":7,"batch_size":4,"learning_rate":0.00010330322574372819}]
[18:22:49] w02: Preparing datastores for training and validation...

[18:22:49] w02: Using single frequency datastore for frequency index 4

[18:22:52] w02: 1 am here before gpu
[18:22:52] w02: 2 am here after gpu
[18:22:52] w02: Training network (Final=0) on cpu for 10 epochs...

[18:23:28] w02: start objective; params=[{"channels1":6,"channels2":22,"kernel_size1":10,"kernel_size2":15,"kernel_size3":10,"dilation_factor":6,"batch_size":16,"learning_rate":0.0085483708503977344}]
[18:23:28] w02: Preparing datastores for training and validation...

[18:23:28] w02: Using single frequency datastore for frequency index 4

[18:23:31] w02: 1 am here before gpu
[18:23:31] w02: 2 am here after gpu
[18:23:31] w02: Training network (Final=0) on cpu for 10 epochs...

[18:23:38] w02: start objective; params=[{"channels1":7,"channels2":19,"kernel_size1":10,"kernel_size2":12,"kernel_size3":10,"dilation_factor":7,"batch_size":4,"learning_rate":0.00976548000820715}]
[18:23:38] w02: Preparing datastores for training and validation...

[18:23:38] w02: Using single frequency datastore for frequency index 4

[18:23:41] w02: 1 am here before gpu
[18:23:41] w02: 2 am here after gpu
[18:23:41] w02: Training network (Final=0) on cpu for 10 epochs...

[18:24:18] w02: start objective; params=[{"channels1":7,"channels2":19,"kernel_size1":10,"kernel_size2":11,"kernel_size3":15,"dilation_factor":5,"batch_size":4,"learning_rate":0.00010556316626496732}]
[18:24:18] w02: Preparing datastores for training and validation...

[18:24:18] w02: Using single frequency datastore for frequency index 4

[18:24:21] w02: 1 am here before gpu
[18:24:21] w02: 2 am here after gpu
[18:24:21] w02: Training network (Final=0) on cpu for 10 epochs...

[18:24:58] w02: start objective; params=[{"channels1":10,"channels2":22,"kernel_size1":15,"kernel_size2":10,"kernel_size3":15,"dilation_factor":6,"batch_size":4,"learning_rate":0.0081746034147623277}]
[18:24:58] w02: Preparing datastores for training and validation...

[18:24:58] w02: Using single frequency datastore for frequency index 4

[18:25:01] w02: 1 am here before gpu
[18:25:01] w02: 2 am here after gpu
[18:25:01] w02: Training network (Final=0) on cpu for 10 epochs...

[18:25:36] w02: start objective; params=[{"channels1":7,"channels2":21,"kernel_size1":15,"kernel_size2":11,"kernel_size3":15,"dilation_factor":5,"batch_size":16,"learning_rate":0.00010969595468559199}]
[18:25:36] w02: Preparing datastores for training and validation...

[18:25:36] w02: Using single frequency datastore for frequency index 4

[18:25:40] w02: 1 am here before gpu
[18:25:40] w02: 2 am here after gpu
[18:25:40] w02: Training network (Final=0) on cpu for 10 epochs...

[18:25:47] w02: start objective; params=[{"channels1":5,"channels2":18,"kernel_size1":15,"kernel_size2":14,"kernel_size3":12,"dilation_factor":7,"batch_size":10,"learning_rate":0.00096310388807167423}]
[18:25:47] w02: Preparing datastores for training and validation...

[18:25:47] w02: Using single frequency datastore for frequency index 4

[18:25:50] w02: 1 am here before gpu
[18:25:50] w02: 2 am here after gpu
[18:25:50] w02: Training network (Final=0) on cpu for 10 epochs...

[18:26:01] w02: start objective; params=[{"channels1":10,"channels2":19,"kernel_size1":15,"kernel_size2":14,"kernel_size3":13,"dilation_factor":4,"batch_size":4,"learning_rate":0.00030481058288454638}]
[18:26:01] w02: Preparing datastores for training and validation...

[18:26:01] w02: Using single frequency datastore for frequency index 4

[18:26:04] w02: 1 am here before gpu
[18:26:04] w02: 2 am here after gpu
[18:26:04] w02: Training network (Final=0) on cpu for 10 epochs...

[18:26:39] w02: start objective; params=[{"channels1":5,"channels2":22,"kernel_size1":10,"kernel_size2":12,"kernel_size3":14,"dilation_factor":4,"batch_size":16,"learning_rate":0.00033149094572589905}]
[18:26:39] w02: Preparing datastores for training and validation...

[18:26:39] w02: Using single frequency datastore for frequency index 4

[18:26:42] w02: 1 am here before gpu
[18:26:42] w02: 2 am here after gpu
[18:26:42] w02: Training network (Final=0) on cpu for 10 epochs...

[18:26:50] w02: start objective; params=[{"channels1":10,"channels2":19,"kernel_size1":15,"kernel_size2":14,"kernel_size3":14,"dilation_factor":4,"batch_size":8,"learning_rate":0.00010132323827761122}]
[18:26:50] w02: Preparing datastores for training and validation...

[18:26:50] w02: Using single frequency datastore for frequency index 4

[18:26:53] w02: 1 am here before gpu
[18:26:53] w02: 2 am here after gpu
[18:26:53] w02: Training network (Final=0) on cpu for 10 epochs...

[18:27:08] w02: start objective; params=[{"channels1":10,"channels2":22,"kernel_size1":15,"kernel_size2":10,"kernel_size3":15,"dilation_factor":7,"batch_size":16,"learning_rate":0.00033038485338711919}]
[18:27:08] w02: Preparing datastores for training and validation...

[18:27:08] w02: Using single frequency datastore for frequency index 4

[18:27:11] w02: 1 am here before gpu
[18:27:11] w02: 2 am here after gpu
[18:27:11] w02: Training network (Final=0) on cpu for 10 epochs...

[18:27:18] w02: start objective; params=[{"channels1":9,"channels2":16,"kernel_size1":10,"kernel_size2":12,"kernel_size3":12,"dilation_factor":6,"batch_size":16,"learning_rate":0.00253812359264631}]
[18:27:18] w02: Preparing datastores for training and validation...

[18:27:18] w02: Using single frequency datastore for frequency index 4

[18:27:21] w02: 1 am here before gpu
[18:27:21] w02: 2 am here after gpu
[18:27:21] w02: Training network (Final=0) on cpu for 10 epochs...

[18:27:27] w02: start objective; params=[{"channels1":9,"channels2":20,"kernel_size1":15,"kernel_size2":10,"kernel_size3":11,"dilation_factor":4,"batch_size":4,"learning_rate":0.0044946795111707677}]
[18:27:27] w02: Preparing datastores for training and validation...

[18:27:27] w02: Using single frequency datastore for frequency index 4

[18:27:30] w02: 1 am here before gpu
[18:27:30] w02: 2 am here after gpu
[18:27:30] w02: Training network (Final=0) on cpu for 10 epochs...

[18:29:05] w02: start objective; params=[{"channels1":10,"channels2":22,"kernel_size1":15,"kernel_size2":14,"kernel_size3":15,"dilation_factor":3,"batch_size":8,"learning_rate":0.00161298576650371}]
[18:29:05] w02: Preparing datastores for training and validation...

[18:29:05] w02: Using single frequency datastore for frequency index 4

[18:29:11] w02: 1 am here before gpu
[18:29:11] w02: 2 am here after gpu
[18:29:12] w02: Training network (Final=0) on cpu for 10 epochs...

[18:29:54] w02: start objective; params=[{"channels1":5,"channels2":18,"kernel_size1":15,"kernel_size2":13,"kernel_size3":10,"dilation_factor":7,"batch_size":16,"learning_rate":0.0025713516690347589}]
[18:29:54] w02: Preparing datastores for training and validation...

[18:29:54] w02: Using single frequency datastore for frequency index 4

[18:29:59] w02: 1 am here before gpu
[18:29:59] w02: 2 am here after gpu
[18:30:00] w02: Training network (Final=0) on cpu for 10 epochs...

[18:30:18] w02: start objective; params=[{"channels1":5,"channels2":24,"kernel_size1":15,"kernel_size2":10,"kernel_size3":13,"dilation_factor":7,"batch_size":12,"learning_rate":0.00011137152750991313}]
[18:30:18] w02: Preparing datastores for training and validation...

[18:30:18] w02: Using single frequency datastore for frequency index 4

[18:30:23] w02: 1 am here before gpu
[18:30:23] w02: 2 am here after gpu
[18:30:24] w02: Training network (Final=0) on cpu for 10 epochs...

[18:30:46] w02: start objective; params=[{"channels1":7,"channels2":23,"kernel_size1":15,"kernel_size2":12,"kernel_size3":13,"dilation_factor":4,"batch_size":7,"learning_rate":0.00054610129242987145}]
[18:30:46] w02: Preparing datastores for training and validation...

[18:30:46] w02: Using single frequency datastore for frequency index 4

[18:30:51] w02: 1 am here before gpu
[18:30:51] w02: 2 am here after gpu
[18:30:51] w02: Training network (Final=0) on cpu for 10 epochs...

[18:31:33] w02: start objective; params=[{"channels1":9,"channels2":16,"kernel_size1":15,"kernel_size2":13,"kernel_size3":13,"dilation_factor":7,"batch_size":6,"learning_rate":0.003645587127091684}]
[18:31:33] w02: Preparing datastores for training and validation...

[18:31:33] w02: Using single frequency datastore for frequency index 4

[18:31:36] w02: 1 am here before gpu
[18:31:36] w02: 2 am here after gpu
[18:31:36] w02: Training network (Final=0) on cpu for 10 epochs...

[18:31:54] w02: start objective; params=[{"channels1":7,"channels2":19,"kernel_size1":10,"kernel_size2":14,"kernel_size3":12,"dilation_factor":6,"batch_size":9,"learning_rate":0.00073035854062193943}]
[18:31:54] w02: Preparing datastores for training and validation...

[18:31:54] w02: Using single frequency datastore for frequency index 4

[18:31:57] w02: 1 am here before gpu
[18:31:57] w02: 2 am here after gpu
[18:31:57] w02: Training network (Final=0) on cpu for 10 epochs...

[18:32:08] w02: start objective; params=[{"channels1":10,"channels2":17,"kernel_size1":13,"kernel_size2":14,"kernel_size3":14,"dilation_factor":6,"batch_size":16,"learning_rate":0.00985454979443666}]
[18:32:08] w02: Preparing datastores for training and validation...

[18:32:08] w02: Using single frequency datastore for frequency index 4

[18:32:10] w02: 1 am here before gpu
[18:32:10] w02: 2 am here after gpu
[18:32:10] w02: Training network (Final=0) on cpu for 10 epochs...

[18:39:40] w02: start objective; params=[{"channels1":9,"channels2":19,"kernel_size1":11,"kernel_size2":13,"kernel_size3":11,"dilation_factor":2,"batch_size":9,"learning_rate":0.0016564808202884163}]
[18:39:40] w02: Preparing datastores for training and validation...

[18:39:40] w02: Using single frequency datastore for frequency index 4

[18:39:47] w02: 1 am here before gpu
[18:39:47] w02: 2 am here after gpu
[18:39:50] w02: Training network (Final=0) on cpu for 10 epochs...

[18:40:28] w02: start objective; params=[{"channels1":7,"channels2":19,"kernel_size1":10,"kernel_size2":13,"kernel_size3":12,"dilation_factor":4,"batch_size":8,"learning_rate":0.0078864776127079549}]
[18:40:28] w02: Preparing datastores for training and validation...

[18:40:28] w02: Using single frequency datastore for frequency index 4

[18:40:34] w02: 1 am here before gpu
[18:40:34] w02: 2 am here after gpu
[18:40:35] w02: Training network (Final=0) on cpu for 10 epochs...

[18:41:16] w02: start objective; params=[{"channels1":8,"channels2":19,"kernel_size1":13,"kernel_size2":14,"kernel_size3":14,"dilation_factor":3,"batch_size":5,"learning_rate":0.0099703992913068914}]
[18:41:16] w02: Preparing datastores for training and validation...

[18:41:16] w02: Using single frequency datastore for frequency index 4

[18:41:23] w02: 1 am here before gpu
[18:41:23] w02: 2 am here after gpu
[18:41:24] w02: Training network (Final=0) on cpu for 10 epochs...

[18:42:31] w02: start objective; params=[{"channels1":9,"channels2":21,"kernel_size1":15,"kernel_size2":15,"kernel_size3":15,"dilation_factor":4,"batch_size":4,"learning_rate":0.0099902291631620791}]
[18:42:31] w02: Preparing datastores for training and validation...

[18:42:31] w02: Using single frequency datastore for frequency index 4

[18:42:36] w02: 1 am here before gpu
[18:42:36] w02: 2 am here after gpu
[18:42:37] w02: Training network (Final=0) on cpu for 10 epochs...

[18:44:08] w02: start objective; params=[{"channels1":9,"channels2":16,"kernel_size1":14,"kernel_size2":11,"kernel_size3":10,"dilation_factor":7,"batch_size":4,"learning_rate":0.0063887513659324135}]
[18:44:08] w02: Preparing datastores for training and validation...

[18:44:08] w02: Using single frequency datastore for frequency index 4

[18:44:13] w02: 1 am here before gpu
[18:44:13] w02: 2 am here after gpu
[18:44:14] w02: Training network (Final=0) on cpu for 10 epochs...

[18:45:45] w02: start objective; params=[{"channels1":7,"channels2":19,"kernel_size1":12,"kernel_size2":10,"kernel_size3":14,"dilation_factor":2,"batch_size":4,"learning_rate":0.0053863997859000274}]
[18:45:45] w02: Preparing datastores for training and validation...

[18:45:45] w02: Using single frequency datastore for frequency index 4

[18:45:50] w02: 1 am here before gpu
[18:45:50] w02: 2 am here after gpu
[18:45:51] w02: Training network (Final=0) on cpu for 10 epochs...

[18:47:24] w02: start objective; params=[{"channels1":8,"channels2":22,"kernel_size1":13,"kernel_size2":14,"kernel_size3":12,"dilation_factor":8,"batch_size":4,"learning_rate":0.00803053945577093}]
[18:47:24] w02: Preparing datastores for training and validation...

[18:47:24] w02: Using single frequency datastore for frequency index 4

[18:47:30] w02: 1 am here before gpu
[18:47:30] w02: 2 am here after gpu
[18:47:31] w02: Training network (Final=0) on cpu for 10 epochs...

[18:49:22] w02: start objective; params=[{"channels1":8,"channels2":16,"kernel_size1":15,"kernel_size2":13,"kernel_size3":13,"dilation_factor":8,"batch_size":4,"learning_rate":0.001120425597934213}]
[18:49:22] w02: Preparing datastores for training and validation...

[18:49:22] w02: Using single frequency datastore for frequency index 4

[18:49:28] w02: 1 am here before gpu
[18:49:28] w02: 2 am here after gpu
[18:49:28] w02: Training network (Final=0) on cpu for 10 epochs...

[18:51:02] w02: start objective; params=[{"channels1":5,"channels2":24,"kernel_size1":12,"kernel_size2":12,"kernel_size3":14,"dilation_factor":2,"batch_size":6,"learning_rate":0.0094671677246156282}]
[18:51:02] w02: Preparing datastores for training and validation...

[18:51:02] w02: Using single frequency datastore for frequency index 4

[18:51:07] w02: 1 am here before gpu
[18:51:07] w02: 2 am here after gpu
[18:51:08] w02: Training network (Final=0) on cpu for 10 epochs...

[18:52:01] w02: start objective; params=[{"channels1":8,"channels2":22,"kernel_size1":12,"kernel_size2":11,"kernel_size3":14,"dilation_factor":8,"batch_size":5,"learning_rate":0.0095975865574728647}]
[18:52:01] w02: Preparing datastores for training and validation...

[18:52:01] w02: Using single frequency datastore for frequency index 4

[18:52:06] w02: 1 am here before gpu
[18:52:06] w02: 2 am here after gpu
[18:52:07] w02: Training network (Final=0) on cpu for 10 epochs...

[18:53:18] w02: start objective; params=[{"channels1":8,"channels2":20,"kernel_size1":10,"kernel_size2":15,"kernel_size3":10,"dilation_factor":3,"batch_size":4,"learning_rate":0.0086302324459654172}]
[18:53:18] w02: Preparing datastores for training and validation...

[18:53:18] w02: Using single frequency datastore for frequency index 4

[18:53:23] w02: 1 am here before gpu
[18:53:23] w02: 2 am here after gpu
[18:53:24] w02: Training network (Final=0) on cpu for 10 epochs...

[18:55:00] w02: start objective; params=[{"channels1":6,"channels2":19,"kernel_size1":15,"kernel_size2":13,"kernel_size3":10,"dilation_factor":7,"batch_size":4,"learning_rate":0.0070882322826279539}]
[18:55:00] w02: Preparing datastores for training and validation...

[18:55:00] w02: Using single frequency datastore for frequency index 4

[18:55:05] w02: 1 am here before gpu
[18:55:05] w02: 2 am here after gpu
[18:55:06] w02: Training network (Final=0) on cpu for 10 epochs...

[18:56:41] w02: start objective; params=[{"channels1":7,"channels2":17,"kernel_size1":15,"kernel_size2":11,"kernel_size3":10,"dilation_factor":5,"batch_size":4,"learning_rate":0.008323269377638904}]
[18:56:41] w02: Preparing datastores for training and validation...

[18:56:41] w02: Using single frequency datastore for frequency index 4

[18:56:44] w02: 1 am here before gpu
[18:56:44] w02: 2 am here after gpu
[18:56:45] w02: Training network (Final=0) on cpu for 10 epochs...

[18:57:17] w02: start objective; params=[{"channels1":7,"channels2":20,"kernel_size1":11,"kernel_size2":11,"kernel_size3":10,"dilation_factor":7,"batch_size":4,"learning_rate":0.0097183529836704485}]
[18:57:17] w02: Preparing datastores for training and validation...

[18:57:17] w02: Using single frequency datastore for frequency index 4

[18:57:20] w02: 1 am here before gpu
[18:57:20] w02: 2 am here after gpu
[18:57:20] w02: Training network (Final=0) on cpu for 10 epochs...

[18:57:52] w02: start objective; params=[{"channels1":8,"channels2":23,"kernel_size1":15,"kernel_size2":13,"kernel_size3":10,"dilation_factor":5,"batch_size":4,"learning_rate":0.0084730749719976167}]
[18:57:52] w02: Preparing datastores for training and validation...

[18:57:52] w02: Using single frequency datastore for frequency index 4

[18:57:55] w02: 1 am here before gpu
[18:57:55] w02: 2 am here after gpu
[18:57:56] w02: Training network (Final=0) on cpu for 10 epochs...

[18:58:27] w02: start objective; params=[{"channels1":7,"channels2":22,"kernel_size1":15,"kernel_size2":15,"kernel_size3":13,"dilation_factor":4,"batch_size":4,"learning_rate":0.0080168546644860481}]
[18:58:27] w02: Preparing datastores for training and validation...

[18:58:27] w02: Using single frequency datastore for frequency index 4

[18:58:30] w02: 1 am here before gpu
[18:58:30] w02: 2 am here after gpu
[18:58:30] w02: Training network (Final=0) on cpu for 10 epochs...

[18:59:19] w02: start objective; params=[{"channels1":5,"channels2":23,"kernel_size1":14,"kernel_size2":11,"kernel_size3":10,"dilation_factor":7,"batch_size":4,"learning_rate":0.0032919883224243338}]
[18:59:19] w02: Preparing datastores for training and validation...

[18:59:19] w02: Using single frequency datastore for frequency index 4

[18:59:31] w02: 1 am here before gpu
[18:59:31] w02: 2 am here after gpu
[18:59:32] w02: Training network (Final=0) on cpu for 10 epochs...

[19:01:39] w02: start objective; params=[{"channels1":6,"channels2":25,"kernel_size1":13,"kernel_size2":12,"kernel_size3":12,"dilation_factor":6,"batch_size":4,"learning_rate":0.00988744220703123}]
[19:01:39] w02: Preparing datastores for training and validation...

[19:01:39] w02: Using single frequency datastore for frequency index 4

[19:01:44] w02: 1 am here before gpu
[19:01:44] w02: 2 am here after gpu
[19:01:45] w02: Training network (Final=0) on cpu for 10 epochs...

[19:03:20] w02: start objective; params=[{"channels1":9,"channels2":21,"kernel_size1":14,"kernel_size2":15,"kernel_size3":11,"dilation_factor":3,"batch_size":4,"learning_rate":0.005505566535905098}]
[19:03:20] w02: Preparing datastores for training and validation...

[19:03:20] w02: Using single frequency datastore for frequency index 4

[19:03:26] w02: 1 am here before gpu
[19:03:26] w02: 2 am here after gpu
[19:03:27] w02: Training network (Final=0) on cpu for 10 epochs...

[19:05:25] w02: start objective; params=[{"channels1":9,"channels2":22,"kernel_size1":10,"kernel_size2":14,"kernel_size3":15,"dilation_factor":4,"batch_size":16,"learning_rate":0.0099823755844485468}]
[19:05:25] w02: Preparing datastores for training and validation...

[19:05:25] w02: Using single frequency datastore for frequency index 4

[19:05:31] w02: 1 am here before gpu
[19:05:31] w02: 2 am here after gpu
[19:05:32] w02: Training network (Final=0) on cpu for 10 epochs...

[19:05:50] w02: start objective; params=[{"channels1":8,"channels2":22,"kernel_size1":10,"kernel_size2":10,"kernel_size3":15,"dilation_factor":3,"batch_size":16,"learning_rate":0.0047162561849221248}]
[19:05:50] w02: Preparing datastores for training and validation...

[19:05:50] w02: Using single frequency datastore for frequency index 4

[19:05:56] w02: 1 am here before gpu
[19:05:56] w02: 2 am here after gpu
[19:05:56] w02: Training network (Final=0) on cpu for 10 epochs...

[19:06:14] w02: start objective; params=[{"channels1":6,"channels2":23,"kernel_size1":15,"kernel_size2":10,"kernel_size3":15,"dilation_factor":6,"batch_size":9,"learning_rate":0.002983236035778397}]
[19:06:14] w02: Preparing datastores for training and validation...

[19:06:14] w02: Using single frequency datastore for frequency index 4

[19:06:19] w02: 1 am here before gpu
[19:06:19] w02: 2 am here after gpu
[19:06:20] w02: Training network (Final=0) on cpu for 10 epochs...

[19:06:48] w02: start objective; params=[{"channels1":6,"channels2":24,"kernel_size1":14,"kernel_size2":13,"kernel_size3":10,"dilation_factor":4,"batch_size":16,"learning_rate":0.00669033296414894}]
[19:06:48] w02: Preparing datastores for training and validation...

[19:06:48] w02: Using single frequency datastore for frequency index 4

[19:06:53] w02: 1 am here before gpu
[19:06:53] w02: 2 am here after gpu
[19:06:54] w02: Training network (Final=0) on cpu for 10 epochs...

[19:07:11] w02: start objective; params=[{"channels1":8,"channels2":25,"kernel_size1":10,"kernel_size2":12,"kernel_size3":15,"dilation_factor":4,"batch_size":4,"learning_rate":0.0019705201716290295}]
[19:07:11] w02: Preparing datastores for training and validation...

[19:07:11] w02: Using single frequency datastore for frequency index 4

[19:07:16] w02: 1 am here before gpu
[19:07:16] w02: 2 am here after gpu
[19:07:17] w02: Training network (Final=0) on cpu for 10 epochs...

[19:09:21] w02: start objective; params=[{"channels1":7,"channels2":24,"kernel_size1":15,"kernel_size2":14,"kernel_size3":10,"dilation_factor":7,"batch_size":8,"learning_rate":0.0053888833714176515}]
[19:09:21] w02: Preparing datastores for training and validation...

[19:09:21] w02: Using single frequency datastore for frequency index 4

[19:09:28] w02: 1 am here before gpu
[19:09:28] w02: 2 am here after gpu
[19:09:29] w02: Training network (Final=0) on cpu for 10 epochs...

[19:10:09] w02: start objective; params=[{"channels1":8,"channels2":25,"kernel_size1":14,"kernel_size2":13,"kernel_size3":10,"dilation_factor":2,"batch_size":4,"learning_rate":0.0067469467127013313}]
[19:10:09] w02: Preparing datastores for training and validation...

[19:10:09] w02: Using single frequency datastore for frequency index 4

[19:10:14] w02: 1 am here before gpu
[19:10:14] w02: 2 am here after gpu
[19:10:14] w02: Training network (Final=0) on cpu for 10 epochs...

[19:11:56] w02: start objective; params=[{"channels1":9,"channels2":22,"kernel_size1":15,"kernel_size2":15,"kernel_size3":15,"dilation_factor":5,"batch_size":12,"learning_rate":0.0069077882818428787}]
[19:11:56] w02: Preparing datastores for training and validation...

[19:11:56] w02: Using single frequency datastore for frequency index 4

[19:12:02] w02: 1 am here before gpu
[19:12:02] w02: 2 am here after gpu
[19:12:03] w02: Training network (Final=0) on cpu for 10 epochs...

[19:12:32] w02: start objective; params=[{"channels1":8,"channels2":17,"kernel_size1":10,"kernel_size2":15,"kernel_size3":10,"dilation_factor":7,"batch_size":12,"learning_rate":0.0040673951632529239}]
[19:12:32] w02: Preparing datastores for training and validation...

[19:12:32] w02: Using single frequency datastore for frequency index 4

[19:12:37] w02: 1 am here before gpu
[19:12:37] w02: 2 am here after gpu
[19:12:38] w02: Training network (Final=0) on cpu for 10 epochs...

[19:12:48] w02: start objective; params=[{"channels1":6,"channels2":23,"kernel_size1":15,"kernel_size2":15,"kernel_size3":10,"dilation_factor":3,"batch_size":4,"learning_rate":0.0091572576389747588}]
[19:12:48] w02: Preparing datastores for training and validation...

[19:12:48] w02: Using single frequency datastore for frequency index 4

[19:12:51] w02: 1 am here before gpu
[19:12:51] w02: 2 am here after gpu
[19:12:51] w02: Training network (Final=0) on cpu for 10 epochs...

[19:13:54] w02: start objective; params=[{"channels1":9,"channels2":19,"kernel_size1":15,"kernel_size2":11,"kernel_size3":10,"dilation_factor":7,"batch_size":4,"learning_rate":0.0060705997463715924}]
[19:13:54] w02: Preparing datastores for training and validation...

[19:13:54] w02: Using single frequency datastore for frequency index 4

[19:13:59] w02: 1 am here before gpu
[19:13:59] w02: 2 am here after gpu
[19:14:00] w02: Training network (Final=0) on cpu for 10 epochs...

[19:43:46] w02: start objective; params=[{"channels1":58,"channels2":22,"channels3":9,"channels4":6,"channels5":2,"kernel_size1":8,"batch_size":9,"learning_rate":0.0016564808202884163}]
[19:43:46] w02: Preparing datastores for training and validation...

[19:43:46] w02: Using single frequency datastore for frequency index 4

[19:44:00] w02: 1 am here before gpu
[19:44:01] w02: 2 am here after gpu
[19:44:31] w02: Training network (Final=0) on cpu for 10 epochs...

[19:44:32] w02: Training failed: Unrecognized function or variable 'net'.

[19:44:33] w02: Unrecognized function or variable 'net'.

Error in <a href="matlab:matlab.lang.internal.introspective.errorDocCallback('Bayesian_optimization_downsampled_one_path>trainAndEvaluateAE', 'C:\Users\Maria\Documents\Honours Programme\Networks\GAN\src\training\Bayesian_optimization_downsampled_one_path.m', 315)" style="font-weight:bold">Bayesian_optimization_downsampled_one_path>trainAndEvaluateAE</a> (<a href="matlab: opentoline('C:\Users\Maria\Documents\Honours Programme\Networks\GAN\src\training\Bayesian_optimization_downsampled_one_path.m',315,0)">line 315</a>)
        [net, info] = trainnet(trainData, net, lossFn, options);
                                          ^^^
Error in <a href="matlab:matlab.lang.internal.introspective.errorDocCallback('Bayesian_optimization_downsampled_one_path>@(params)trainAndEvaluateAE(params,dataCfg,''network_type'',network_type)', 'C:\Users\Maria\Documents\Honours Programme\Networks\GAN\src\training\Bayesian_optimization_downsampled_one_path.m', 102)" style="font-weight:bold">Bayesian_optimization_downsampled_one_path>@(params)trainAndEvaluateAE(params,dataCfg,'network_type',network_type)</a> (<a href="matlab: opentoline('C:\Users\Maria\Documents\Honours Programme\Networks\GAN\src\training\Bayesian_optimization_downsampled_one_path.m',102,0)">line 102</a>)
objectiveFcn = @(params) trainAndEvaluateAE(params, dataCfg, 'network_type', network_type);
                         ^^^^^^^^^^^^^^^^^^^^^^^^^^^^^^^^^^^^^^^^^^^^^^^^^^^^^^^^^^^^^^^^^
Error in <a href="matlab:matlab.lang.internal.introspective.errorDocCallback('bayesoptim.callObjFcnParallel>callObjNormallyParallel', 'C:\Program Files\MATLAB\R2024b\toolbox\stats\bayesoptim\+bayesoptim\callObjFcnParallel.m', 45)" style="font-weight:bold">bayesoptim.callObjFcnParallel>callObjNormallyParallel</a> (<a href="matlab: opentoline('C:\Program Files\MATLAB\R2024b\toolbox\stats\bayesoptim\+bayesoptim\callObjFcnParallel.m',45,0)">line 45</a>)
            Objective = ObjectiveFcn(conditionalizedX);
                        ^^^^^^^^^^^^^^^^^^^^^^^^^^^^^^
Error in <a href="matlab:matlab.lang.internal.introspective.errorDocCallback('bayesoptim.callObjFcnParallel', 'C:\Program Files\MATLAB\R2024b\toolbox\stats\bayesoptim\+bayesoptim\callObjFcnParallel.m', 26)" style="font-weight:bold">bayesoptim.callObjFcnParallel</a> (<a href="matlab: opentoline('C:\Program Files\MATLAB\R2024b\toolbox\stats\bayesoptim\+bayesoptim\callObjFcnParallel.m',26,0)">line 26</a>)
            = callObjNormallyParallel(ObjectiveFcn, ObjectiveNargout, NumCoupledConstraints, conditionalizedX);
              ^^^^^^^^^^^^^^^^^^^^^^^^^^^^^^^^^^^^^^^^^^^^^^^^^^^^^^^^^^^^^^^^^^^^^^^^^^^^^^^^^^^^^^^^^^^^^^^^

[19:44:49] w02: start objective; params=[{"channels1":46,"channels2":17,"channels3":11,"channels4":6,"channels5":2,"kernel_size1":18,"batch_size":8,"learning_rate":0.00862954847946302}]
[19:44:49] w02: Preparing datastores for training and validation...

[19:44:49] w02: Using single frequency datastore for frequency index 4

[19:44:56] w02: 1 am here before gpu
[19:44:56] w02: 2 am here after gpu
[19:44:57] w02: Training network (Final=0) on cpu for 10 epochs...

[19:44:57] w02: Training failed: Unrecognized function or variable 'net'.

[19:44:58] w02: Unrecognized function or variable 'net'.

Error in <a href="matlab:matlab.lang.internal.introspective.errorDocCallback('Bayesian_optimization_downsampled_one_path>trainAndEvaluateAE', 'C:\Users\Maria\Documents\Honours Programme\Networks\GAN\src\training\Bayesian_optimization_downsampled_one_path.m', 315)" style="font-weight:bold">Bayesian_optimization_downsampled_one_path>trainAndEvaluateAE</a> (<a href="matlab: opentoline('C:\Users\Maria\Documents\Honours Programme\Networks\GAN\src\training\Bayesian_optimization_downsampled_one_path.m',315,0)">line 315</a>)
        [net, info] = trainnet(trainData, net, lossFn, options);
                                          ^^^
Error in <a href="matlab:matlab.lang.internal.introspective.errorDocCallback('Bayesian_optimization_downsampled_one_path>@(params)trainAndEvaluateAE(params,dataCfg,''network_type'',network_type)', 'C:\Users\Maria\Documents\Honours Programme\Networks\GAN\src\training\Bayesian_optimization_downsampled_one_path.m', 102)" style="font-weight:bold">Bayesian_optimization_downsampled_one_path>@(params)trainAndEvaluateAE(params,dataCfg,'network_type',network_type)</a> (<a href="matlab: opentoline('C:\Users\Maria\Documents\Honours Programme\Networks\GAN\src\training\Bayesian_optimization_downsampled_one_path.m',102,0)">line 102</a>)
objectiveFcn = @(params) trainAndEvaluateAE(params, dataCfg, 'network_type', network_type);
                         ^^^^^^^^^^^^^^^^^^^^^^^^^^^^^^^^^^^^^^^^^^^^^^^^^^^^^^^^^^^^^^^^^
Error in <a href="matlab:matlab.lang.internal.introspective.errorDocCallback('bayesoptim.callObjFcnParallel>callObjNormallyParallel', 'C:\Program Files\MATLAB\R2024b\toolbox\stats\bayesoptim\+bayesoptim\callObjFcnParallel.m', 45)" style="font-weight:bold">bayesoptim.callObjFcnParallel>callObjNormallyParallel</a> (<a href="matlab: opentoline('C:\Program Files\MATLAB\R2024b\toolbox\stats\bayesoptim\+bayesoptim\callObjFcnParallel.m',45,0)">line 45</a>)
            Objective = ObjectiveFcn(conditionalizedX);
                        ^^^^^^^^^^^^^^^^^^^^^^^^^^^^^^
Error in <a href="matlab:matlab.lang.internal.introspective.errorDocCallback('bayesoptim.callObjFcnParallel', 'C:\Program Files\MATLAB\R2024b\toolbox\stats\bayesoptim\+bayesoptim\callObjFcnParallel.m', 12)" style="font-weight:bold">bayesoptim.callObjFcnParallel</a> (<a href="matlab: opentoline('C:\Program Files\MATLAB\R2024b\toolbox\stats\bayesoptim\+bayesoptim\callObjFcnParallel.m',12,0)">line 12</a>)
        = callObjNormallyParallel(ObjectiveFcn, ObjectiveNargout, NumCoupledConstraints, conditionalizedX);
          ^^^^^^^^^^^^^^^^^^^^^^^^^^^^^^^^^^^^^^^^^^^^^^^^^^^^^^^^^^^^^^^^^^^^^^^^^^^^^^^^^^^^^^^^^^^^^^^^

[19:44:59] w02: start objective; params=[{"channels1":34,"channels2":19,"channels3":15,"channels4":4,"channels5":4,"kernel_size1":20,"batch_size":15,"learning_rate":0.0011486774774828123}]
[19:44:59] w02: Preparing datastores for training and validation...

[19:44:59] w02: Using single frequency datastore for frequency index 4

[19:45:06] w02: 1 am here before gpu
[19:45:06] w02: 2 am here after gpu
[19:45:06] w02: Training network (Final=0) on cpu for 10 epochs...

[19:45:06] w02: Training failed: Unrecognized function or variable 'net'.

[19:45:06] w02: Unrecognized function or variable 'net'.

Error in <a href="matlab:matlab.lang.internal.introspective.errorDocCallback('Bayesian_optimization_downsampled_one_path>trainAndEvaluateAE', 'C:\Users\Maria\Documents\Honours Programme\Networks\GAN\src\training\Bayesian_optimization_downsampled_one_path.m', 315)" style="font-weight:bold">Bayesian_optimization_downsampled_one_path>trainAndEvaluateAE</a> (<a href="matlab: opentoline('C:\Users\Maria\Documents\Honours Programme\Networks\GAN\src\training\Bayesian_optimization_downsampled_one_path.m',315,0)">line 315</a>)
        [net, info] = trainnet(trainData, net, lossFn, options);
                                          ^^^
Error in <a href="matlab:matlab.lang.internal.introspective.errorDocCallback('Bayesian_optimization_downsampled_one_path>@(params)trainAndEvaluateAE(params,dataCfg,''network_type'',network_type)', 'C:\Users\Maria\Documents\Honours Programme\Networks\GAN\src\training\Bayesian_optimization_downsampled_one_path.m', 102)" style="font-weight:bold">Bayesian_optimization_downsampled_one_path>@(params)trainAndEvaluateAE(params,dataCfg,'network_type',network_type)</a> (<a href="matlab: opentoline('C:\Users\Maria\Documents\Honours Programme\Networks\GAN\src\training\Bayesian_optimization_downsampled_one_path.m',102,0)">line 102</a>)
objectiveFcn = @(params) trainAndEvaluateAE(params, dataCfg, 'network_type', network_type);
                         ^^^^^^^^^^^^^^^^^^^^^^^^^^^^^^^^^^^^^^^^^^^^^^^^^^^^^^^^^^^^^^^^^
Error in <a href="matlab:matlab.lang.internal.introspective.errorDocCallback('bayesoptim.callObjFcnParallel>callObjNormallyParallel', 'C:\Program Files\MATLAB\R2024b\toolbox\stats\bayesoptim\+bayesoptim\callObjFcnParallel.m', 45)" style="font-weight:bold">bayesoptim.callObjFcnParallel>callObjNormallyParallel</a> (<a href="matlab: opentoline('C:\Program Files\MATLAB\R2024b\toolbox\stats\bayesoptim\+bayesoptim\callObjFcnParallel.m',45,0)">line 45</a>)
            Objective = ObjectiveFcn(conditionalizedX);
                        ^^^^^^^^^^^^^^^^^^^^^^^^^^^^^^
Error in <a href="matlab:matlab.lang.internal.introspective.errorDocCallback('bayesoptim.callObjFcnParallel', 'C:\Program Files\MATLAB\R2024b\toolbox\stats\bayesoptim\+bayesoptim\callObjFcnParallel.m', 12)" style="font-weight:bold">bayesoptim.callObjFcnParallel</a> (<a href="matlab: opentoline('C:\Program Files\MATLAB\R2024b\toolbox\stats\bayesoptim\+bayesoptim\callObjFcnParallel.m',12,0)">line 12</a>)
        = callObjNormallyParallel(ObjectiveFcn, ObjectiveNargout, NumCoupledConstraints, conditionalizedX);
          ^^^^^^^^^^^^^^^^^^^^^^^^^^^^^^^^^^^^^^^^^^^^^^^^^^^^^^^^^^^^^^^^^^^^^^^^^^^^^^^^^^^^^^^^^^^^^^^^

[19:45:07] w02: start objective; params=[{"channels1":54,"channels2":23,"channels3":13,"channels4":7,"channels5":2,"kernel_size1":8,"batch_size":15,"learning_rate":0.0016367391510527752}]
[19:45:07] w02: Preparing datastores for training and validation...

[19:45:07] w02: Using single frequency datastore for frequency index 4

[19:45:14] w02: 1 am here before gpu
[19:45:14] w02: 2 am here after gpu
[19:45:15] w02: Training network (Final=0) on cpu for 10 epochs...

[19:45:15] w02: Training failed: Unrecognized function or variable 'net'.

[19:45:15] w02: Unrecognized function or variable 'net'.

Error in <a href="matlab:matlab.lang.internal.introspective.errorDocCallback('Bayesian_optimization_downsampled_one_path>trainAndEvaluateAE', 'C:\Users\Maria\Documents\Honours Programme\Networks\GAN\src\training\Bayesian_optimization_downsampled_one_path.m', 315)" style="font-weight:bold">Bayesian_optimization_downsampled_one_path>trainAndEvaluateAE</a> (<a href="matlab: opentoline('C:\Users\Maria\Documents\Honours Programme\Networks\GAN\src\training\Bayesian_optimization_downsampled_one_path.m',315,0)">line 315</a>)
        [net, info] = trainnet(trainData, net, lossFn, options);
                                          ^^^
Error in <a href="matlab:matlab.lang.internal.introspective.errorDocCallback('Bayesian_optimization_downsampled_one_path>@(params)trainAndEvaluateAE(params,dataCfg,''network_type'',network_type)', 'C:\Users\Maria\Documents\Honours Programme\Networks\GAN\src\training\Bayesian_optimization_downsampled_one_path.m', 102)" style="font-weight:bold">Bayesian_optimization_downsampled_one_path>@(params)trainAndEvaluateAE(params,dataCfg,'network_type',network_type)</a> (<a href="matlab: opentoline('C:\Users\Maria\Documents\Honours Programme\Networks\GAN\src\training\Bayesian_optimization_downsampled_one_path.m',102,0)">line 102</a>)
objectiveFcn = @(params) trainAndEvaluateAE(params, dataCfg, 'network_type', network_type);
                         ^^^^^^^^^^^^^^^^^^^^^^^^^^^^^^^^^^^^^^^^^^^^^^^^^^^^^^^^^^^^^^^^^
Error in <a href="matlab:matlab.lang.internal.introspective.errorDocCallback('bayesoptim.callObjFcnParallel>callObjNormallyParallel', 'C:\Program Files\MATLAB\R2024b\toolbox\stats\bayesoptim\+bayesoptim\callObjFcnParallel.m', 45)" style="font-weight:bold">bayesoptim.callObjFcnParallel>callObjNormallyParallel</a> (<a href="matlab: opentoline('C:\Program Files\MATLAB\R2024b\toolbox\stats\bayesoptim\+bayesoptim\callObjFcnParallel.m',45,0)">line 45</a>)
            Objective = ObjectiveFcn(conditionalizedX);
                        ^^^^^^^^^^^^^^^^^^^^^^^^^^^^^^
Error in <a href="matlab:matlab.lang.internal.introspective.errorDocCallback('bayesoptim.callObjFcnParallel', 'C:\Program Files\MATLAB\R2024b\toolbox\stats\bayesoptim\+bayesoptim\callObjFcnParallel.m', 12)" style="font-weight:bold">bayesoptim.callObjFcnParallel</a> (<a href="matlab: opentoline('C:\Program Files\MATLAB\R2024b\toolbox\stats\bayesoptim\+bayesoptim\callObjFcnParallel.m',12,0)">line 12</a>)
        = callObjNormallyParallel(ObjectiveFcn, ObjectiveNargout, NumCoupledConstraints, conditionalizedX);
          ^^^^^^^^^^^^^^^^^^^^^^^^^^^^^^^^^^^^^^^^^^^^^^^^^^^^^^^^^^^^^^^^^^^^^^^^^^^^^^^^^^^^^^^^^^^^^^^^

[19:45:16] w02: start objective; params=[{"channels1":38,"channels2":26,"channels3":12,"channels4":5,"channels5":2,"kernel_size1":8,"batch_size":16,"learning_rate":0.0074482494625100273}]
[19:45:16] w02: Preparing datastores for training and validation...

[19:45:16] w02: Using single frequency datastore for frequency index 4

[19:45:24] w02: 1 am here before gpu
[19:45:24] w02: 2 am here after gpu
[19:45:25] w02: Training network (Final=0) on cpu for 10 epochs...

[19:45:25] w02: Training failed: Unrecognized function or variable 'net'.

[19:45:25] w02: Unrecognized function or variable 'net'.

Error in <a href="matlab:matlab.lang.internal.introspective.errorDocCallback('Bayesian_optimization_downsampled_one_path>trainAndEvaluateAE', 'C:\Users\Maria\Documents\Honours Programme\Networks\GAN\src\training\Bayesian_optimization_downsampled_one_path.m', 315)" style="font-weight:bold">Bayesian_optimization_downsampled_one_path>trainAndEvaluateAE</a> (<a href="matlab: opentoline('C:\Users\Maria\Documents\Honours Programme\Networks\GAN\src\training\Bayesian_optimization_downsampled_one_path.m',315,0)">line 315</a>)
        [net, info] = trainnet(trainData, net, lossFn, options);
                                          ^^^
Error in <a href="matlab:matlab.lang.internal.introspective.errorDocCallback('Bayesian_optimization_downsampled_one_path>@(params)trainAndEvaluateAE(params,dataCfg,''network_type'',network_type)', 'C:\Users\Maria\Documents\Honours Programme\Networks\GAN\src\training\Bayesian_optimization_downsampled_one_path.m', 102)" style="font-weight:bold">Bayesian_optimization_downsampled_one_path>@(params)trainAndEvaluateAE(params,dataCfg,'network_type',network_type)</a> (<a href="matlab: opentoline('C:\Users\Maria\Documents\Honours Programme\Networks\GAN\src\training\Bayesian_optimization_downsampled_one_path.m',102,0)">line 102</a>)
objectiveFcn = @(params) trainAndEvaluateAE(params, dataCfg, 'network_type', network_type);
                         ^^^^^^^^^^^^^^^^^^^^^^^^^^^^^^^^^^^^^^^^^^^^^^^^^^^^^^^^^^^^^^^^^
Error in <a href="matlab:matlab.lang.internal.introspective.errorDocCallback('bayesoptim.callObjFcnParallel>callObjNormallyParallel', 'C:\Program Files\MATLAB\R2024b\toolbox\stats\bayesoptim\+bayesoptim\callObjFcnParallel.m', 45)" style="font-weight:bold">bayesoptim.callObjFcnParallel>callObjNormallyParallel</a> (<a href="matlab: opentoline('C:\Program Files\MATLAB\R2024b\toolbox\stats\bayesoptim\+bayesoptim\callObjFcnParallel.m',45,0)">line 45</a>)
            Objective = ObjectiveFcn(conditionalizedX);
                        ^^^^^^^^^^^^^^^^^^^^^^^^^^^^^^
Error in <a href="matlab:matlab.lang.internal.introspective.errorDocCallback('bayesoptim.callObjFcnParallel', 'C:\Program Files\MATLAB\R2024b\toolbox\stats\bayesoptim\+bayesoptim\callObjFcnParallel.m', 12)" style="font-weight:bold">bayesoptim.callObjFcnParallel</a> (<a href="matlab: opentoline('C:\Program Files\MATLAB\R2024b\toolbox\stats\bayesoptim\+bayesoptim\callObjFcnParallel.m',12,0)">line 12</a>)
        = callObjNormallyParallel(ObjectiveFcn, ObjectiveNargout, NumCoupledConstraints, conditionalizedX);
          ^^^^^^^^^^^^^^^^^^^^^^^^^^^^^^^^^^^^^^^^^^^^^^^^^^^^^^^^^^^^^^^^^^^^^^^^^^^^^^^^^^^^^^^^^^^^^^^^

[19:45:26] w02: start objective; params=[{"channels1":53,"channels2":22,"channels3":10,"channels4":8,"channels5":3,"kernel_size1":8,"batch_size":15,"learning_rate":0.0022269659476660433}]
[19:45:26] w02: Preparing datastores for training and validation...

[19:45:26] w02: Using single frequency datastore for frequency index 4

[19:45:34] w02: 1 am here before gpu
[19:45:34] w02: 2 am here after gpu
[19:45:34] w02: Training network (Final=0) on cpu for 10 epochs...

[19:45:34] w02: Training failed: Unrecognized function or variable 'net'.

[19:45:34] w02: Unrecognized function or variable 'net'.

Error in <a href="matlab:matlab.lang.internal.introspective.errorDocCallback('Bayesian_optimization_downsampled_one_path>trainAndEvaluateAE', 'C:\Users\Maria\Documents\Honours Programme\Networks\GAN\src\training\Bayesian_optimization_downsampled_one_path.m', 315)" style="font-weight:bold">Bayesian_optimization_downsampled_one_path>trainAndEvaluateAE</a> (<a href="matlab: opentoline('C:\Users\Maria\Documents\Honours Programme\Networks\GAN\src\training\Bayesian_optimization_downsampled_one_path.m',315,0)">line 315</a>)
        [net, info] = trainnet(trainData, net, lossFn, options);
                                          ^^^
Error in <a href="matlab:matlab.lang.internal.introspective.errorDocCallback('Bayesian_optimization_downsampled_one_path>@(params)trainAndEvaluateAE(params,dataCfg,''network_type'',network_type)', 'C:\Users\Maria\Documents\Honours Programme\Networks\GAN\src\training\Bayesian_optimization_downsampled_one_path.m', 102)" style="font-weight:bold">Bayesian_optimization_downsampled_one_path>@(params)trainAndEvaluateAE(params,dataCfg,'network_type',network_type)</a> (<a href="matlab: opentoline('C:\Users\Maria\Documents\Honours Programme\Networks\GAN\src\training\Bayesian_optimization_downsampled_one_path.m',102,0)">line 102</a>)
objectiveFcn = @(params) trainAndEvaluateAE(params, dataCfg, 'network_type', network_type);
                         ^^^^^^^^^^^^^^^^^^^^^^^^^^^^^^^^^^^^^^^^^^^^^^^^^^^^^^^^^^^^^^^^^
Error in <a href="matlab:matlab.lang.internal.introspective.errorDocCallback('bayesoptim.callObjFcnParallel>callObjNormallyParallel', 'C:\Program Files\MATLAB\R2024b\toolbox\stats\bayesoptim\+bayesoptim\callObjFcnParallel.m', 45)" style="font-weight:bold">bayesoptim.callObjFcnParallel>callObjNormallyParallel</a> (<a href="matlab: opentoline('C:\Program Files\MATLAB\R2024b\toolbox\stats\bayesoptim\+bayesoptim\callObjFcnParallel.m',45,0)">line 45</a>)
            Objective = ObjectiveFcn(conditionalizedX);
                        ^^^^^^^^^^^^^^^^^^^^^^^^^^^^^^
Error in <a href="matlab:matlab.lang.internal.introspective.errorDocCallback('bayesoptim.callObjFcnParallel', 'C:\Program Files\MATLAB\R2024b\toolbox\stats\bayesoptim\+bayesoptim\callObjFcnParallel.m', 12)" style="font-weight:bold">bayesoptim.callObjFcnParallel</a> (<a href="matlab: opentoline('C:\Program Files\MATLAB\R2024b\toolbox\stats\bayesoptim\+bayesoptim\callObjFcnParallel.m',12,0)">line 12</a>)
        = callObjNormallyParallel(ObjectiveFcn, ObjectiveNargout, NumCoupledConstraints, conditionalizedX);
          ^^^^^^^^^^^^^^^^^^^^^^^^^^^^^^^^^^^^^^^^^^^^^^^^^^^^^^^^^^^^^^^^^^^^^^^^^^^^^^^^^^^^^^^^^^^^^^^^

[19:45:35] w02: start objective; params=[{"channels1":54,"channels2":26,"channels3":8,"channels4":7,"channels5":2,"kernel_size1":14,"batch_size":11,"learning_rate":0.0012954585144982272}]
[19:45:35] w02: Preparing datastores for training and validation...

[19:45:35] w02: Using single frequency datastore for frequency index 4

[19:46:05] w02: start objective; params=[{"channels1":58,"channels2":22,"channels3":9,"channels4":6,"channels5":2,"kernel_size1":8,"batch_size":9,"learning_rate":0.0016564808202884163}]
[19:46:05] w02: Preparing datastores for training and validation...

[19:46:05] w02: Using single frequency datastore for frequency index 4

[19:46:11] w02: 1 am here before gpu
[19:46:11] w02: 2 am here after gpu
[19:46:12] w02: Training network (Final=0) on cpu for 10 epochs...

[19:47:10] w02: start objective; params=[{"channels1":43,"channels2":22,"channels3":8,"channels4":6,"channels5":2,"kernel_size1":12,"batch_size":8,"learning_rate":0.0078864776127079549}]
[19:47:10] w02: Preparing datastores for training and validation...

[19:47:10] w02: Using single frequency datastore for frequency index 4

[19:47:17] w02: 1 am here before gpu
[19:47:17] w02: 2 am here after gpu
[19:47:18] w02: Training network (Final=0) on cpu for 10 epochs...

[19:48:11] w02: start objective; params=[{"channels1":44,"channels2":17,"channels3":11,"channels4":6,"channels5":1,"kernel_size1":19,"batch_size":11,"learning_rate":0.0058065560923784183}]
[19:48:11] w02: Preparing datastores for training and validation...

[19:48:11] w02: Using single frequency datastore for frequency index 4

[19:48:18] w02: 1 am here before gpu
[19:48:18] w02: 2 am here after gpu
[19:48:19] w02: Training network (Final=0) on cpu for 10 epochs...

[19:49:01] w02: start objective; params=[{"channels1":51,"channels2":17,"channels3":9,"channels4":7,"channels5":2,"kernel_size1":15,"batch_size":6,"learning_rate":0.0011120181915882114}]
[19:49:01] w02: Preparing datastores for training and validation...

[19:49:01] w02: Using single frequency datastore for frequency index 4

[19:49:07] w02: 1 am here before gpu
[19:49:07] w02: 2 am here after gpu
[19:49:08] w02: Training network (Final=0) on cpu for 10 epochs...

[19:50:15] w02: start objective; params=[{"channels1":36,"channels2":16,"channels3":9,"channels4":4,"channels5":2,"kernel_size1":7,"batch_size":7,"learning_rate":0.0075204394647816562}]
[19:50:15] w02: Preparing datastores for training and validation...

[19:50:15] w02: Using single frequency datastore for frequency index 4

[19:50:21] w02: 1 am here before gpu
[19:50:21] w02: 2 am here after gpu
[19:50:21] w02: Training network (Final=0) on cpu for 10 epochs...

[19:50:53] w02: start objective; params=[{"channels1":46,"channels2":16,"channels3":16,"channels4":7,"channels5":2,"kernel_size1":14,"batch_size":4,"learning_rate":0.0058501908674584765}]
[19:50:53] w02: Preparing datastores for training and validation...

[19:50:53] w02: Using single frequency datastore for frequency index 4

[19:50:58] w02: 1 am here before gpu
[19:50:58] w02: 2 am here after gpu
[19:50:58] w02: Training network (Final=0) on cpu for 10 epochs...

[19:53:08] w02: start objective; params=[{"channels1":37,"channels2":16,"channels3":16,"channels4":4,"channels5":3,"kernel_size1":17,"batch_size":4,"learning_rate":0.0074858401272114477}]
[19:53:08] w02: Preparing datastores for training and validation...

[19:53:08] w02: Using single frequency datastore for frequency index 4

[19:53:13] w02: 1 am here before gpu
[19:53:13] w02: 2 am here after gpu
[19:53:14] w02: Training network (Final=0) on cpu for 10 epochs...

[19:54:58] w02: start objective; params=[{"channels1":39,"channels2":30,"channels3":15,"channels4":4,"channels5":4,"kernel_size1":9,"batch_size":16,"learning_rate":0.001135813936704255}]
[19:54:58] w02: Preparing datastores for training and validation...

[19:54:58] w02: Using single frequency datastore for frequency index 4

[19:55:03] w02: 1 am here before gpu
[19:55:03] w02: 2 am here after gpu
[19:55:04] w02: Training network (Final=0) on cpu for 10 epochs...

[19:55:26] w02: start objective; params=[{"channels1":56,"channels2":28,"channels3":15,"channels4":4,"channels5":3,"kernel_size1":14,"batch_size":7,"learning_rate":0.0010253851952768864}]
[19:55:26] w02: Preparing datastores for training and validation...

[19:55:26] w02: Using single frequency datastore for frequency index 4

[19:55:33] w02: 1 am here before gpu
[19:55:33] w02: 2 am here after gpu
[19:55:33] w02: Training network (Final=0) on cpu for 10 epochs...

[19:56:46] w02: start objective; params=[{"channels1":34,"channels2":17,"channels3":15,"channels4":5,"channels5":1,"kernel_size1":16,"batch_size":4,"learning_rate":0.0017387434756533009}]
[19:56:46] w02: Preparing datastores for training and validation...

[19:56:46] w02: Using single frequency datastore for frequency index 4

[19:56:51] w02: 1 am here before gpu
[19:56:51] w02: 2 am here after gpu
[19:56:51] w02: Training network (Final=0) on cpu for 10 epochs...

[19:58:53] w02: start objective; params=[{"channels1":57,"channels2":18,"channels3":9,"channels4":4,"channels5":2,"kernel_size1":10,"batch_size":11,"learning_rate":0.0015785262420742994}]
[19:58:53] w02: Preparing datastores for training and validation...

[19:58:53] w02: Using single frequency datastore for frequency index 4

[19:58:59] w02: 1 am here before gpu
[19:58:59] w02: 2 am here after gpu
[19:58:59] w02: Training network (Final=0) on cpu for 10 epochs...

[19:59:30] w02: start objective; params=[{"channels1":57,"channels2":18,"channels3":16,"channels4":4,"channels5":3,"kernel_size1":20,"batch_size":6,"learning_rate":0.0011366085909820728}]
[19:59:30] w02: Preparing datastores for training and validation...

[19:59:30] w02: Using single frequency datastore for frequency index 4

[19:59:36] w02: 1 am here before gpu
[19:59:36] w02: 2 am here after gpu
[19:59:37] w02: Training network (Final=0) on cpu for 10 epochs...

[20:01:09] w02: start objective; params=[{"channels1":41,"channels2":17,"channels3":9,"channels4":4,"channels5":2,"kernel_size1":19,"batch_size":13,"learning_rate":0.0010385448655094438}]
[20:01:09] w02: Preparing datastores for training and validation...

[20:01:09] w02: Using single frequency datastore for frequency index 4

[20:01:14] w02: 1 am here before gpu
[20:01:14] w02: 2 am here after gpu
[20:01:15] w02: Training network (Final=0) on cpu for 10 epochs...

[20:01:48] w02: start objective; params=[{"channels1":64,"channels2":17,"channels3":15,"channels4":8,"channels5":2,"kernel_size1":20,"batch_size":10,"learning_rate":0.0023068047398521543}]
[20:01:48] w02: Preparing datastores for training and validation...

[20:01:48] w02: Using single frequency datastore for frequency index 4

[20:01:54] w02: 1 am here before gpu
[20:01:54] w02: 2 am here after gpu
[20:01:54] w02: Training network (Final=0) on cpu for 10 epochs...

[20:02:47] w02: start objective; params=[{"channels1":60,"channels2":16,"channels3":11,"channels4":5,"channels5":3,"kernel_size1":9,"batch_size":4,"learning_rate":0.00394714701234867}]
[20:02:47] w02: Preparing datastores for training and validation...

[20:02:47] w02: Using single frequency datastore for frequency index 4

[20:02:52] w02: 1 am here before gpu
[20:02:52] w02: 2 am here after gpu
[20:02:52] w02: Training network (Final=0) on cpu for 10 epochs...

[20:04:46] w02: start objective; params=[{"channels1":64,"channels2":17,"channels3":15,"channels4":8,"channels5":3,"kernel_size1":15,"batch_size":5,"learning_rate":0.0019158318598307405}]
[20:04:46] w02: Preparing datastores for training and validation...

[20:04:46] w02: Using single frequency datastore for frequency index 4

[20:04:52] w02: 1 am here before gpu
[20:04:52] w02: 2 am here after gpu
[20:04:52] w02: Training network (Final=0) on cpu for 10 epochs...

[20:06:37] w02: start objective; params=[{"channels1":55,"channels2":17,"channels3":14,"channels4":5,"channels5":2,"kernel_size1":13,"batch_size":4,"learning_rate":0.0016481941215514056}]
[20:06:37] w02: Preparing datastores for training and validation...

[20:06:37] w02: Using single frequency datastore for frequency index 4

[20:06:43] w02: 1 am here before gpu
[20:06:43] w02: 2 am here after gpu
[20:06:43] w02: Training network (Final=0) on cpu for 10 epochs...

[20:09:29] w02: start objective; params=[{"channels1":59,"channels2":17,"channels3":11,"channels4":7,"channels5":2,"kernel_size1":18,"batch_size":4,"learning_rate":0.0012577298163318012}]
[20:09:29] w02: Preparing datastores for training and validation...

[20:09:29] w02: Using single frequency datastore for frequency index 4

[20:09:35] w02: 1 am here before gpu
[20:09:35] w02: 2 am here after gpu
[20:09:35] w02: Training network (Final=0) on cpu for 10 epochs...

[20:17:57] w02: start objective; params=[{"channels1":58,"channels2":22,"channels3":9,"channels4":6,"channels5":2,"kernel_size1":8,"batch_size":9,"learning_rate":0.0016564808202884163}]
[20:17:57] w02: Preparing datastores for training and validation...

[20:17:57] w02: Using single frequency datastore for frequency index 4

[20:18:03] w02: 1 am here before gpu
[20:18:03] w02: 2 am here after gpu
[20:18:06] w02: Training network (Final=0) on cpu for 10 epochs...

[20:18:49] w02: start objective; params=[{"channels1":43,"channels2":22,"channels3":8,"channels4":6,"channels5":2,"kernel_size1":12,"batch_size":8,"learning_rate":0.0078864776127079549}]
[20:18:49] w02: Preparing datastores for training and validation...

[20:18:49] w02: Using single frequency datastore for frequency index 4

[20:18:54] w02: 1 am here before gpu
[20:18:54] w02: 2 am here after gpu
[20:18:54] w02: Training network (Final=0) on cpu for 10 epochs...

[20:19:36] w02: start objective; params=[{"channels1":44,"channels2":16,"channels3":12,"channels4":5,"channels5":3,"kernel_size1":8,"batch_size":5,"learning_rate":0.001002807359060367}]
[20:19:36] w02: Preparing datastores for training and validation...

[20:19:36] w02: Using single frequency datastore for frequency index 4

[20:19:42] w02: 1 am here before gpu
[20:19:42] w02: 2 am here after gpu
[20:19:43] w02: Training network (Final=0) on cpu for 10 epochs...

[20:20:47] w02: start objective; params=[{"channels1":61,"channels2":16,"channels3":16,"channels4":4,"channels5":2,"kernel_size1":10,"batch_size":5,"learning_rate":0.0083396301794538951}]
[20:20:47] w02: Preparing datastores for training and validation...

[20:20:47] w02: Using single frequency datastore for frequency index 4

[20:20:53] w02: 1 am here before gpu
[20:20:53] w02: 2 am here after gpu
[20:20:53] w02: Training network (Final=0) on cpu for 10 epochs...

[20:22:10] w02: start objective; params=[{"channels1":39,"channels2":20,"channels3":15,"channels4":8,"channels5":1,"kernel_size1":11,"batch_size":8,"learning_rate":0.0063529488964851515}]
[20:22:10] w02: Preparing datastores for training and validation...

[20:22:10] w02: Using single frequency datastore for frequency index 4

[20:22:15] w02: 1 am here before gpu
[20:22:15] w02: 2 am here after gpu
[20:22:16] w02: Training network (Final=0) on cpu for 10 epochs...

[20:22:52] w02: start objective; params=[{"channels1":40,"channels2":21,"channels3":13,"channels4":7,"channels5":3,"kernel_size1":13,"batch_size":15,"learning_rate":0.00998952710740562}]
[20:22:52] w02: Preparing datastores for training and validation...

[20:22:52] w02: Using single frequency datastore for frequency index 4

[20:22:57] w02: 1 am here before gpu
[20:22:57] w02: 2 am here after gpu
[20:22:58] w02: Training network (Final=0) on cpu for 10 epochs...

[20:23:22] w02: start objective; params=[{"channels1":49,"channels2":21,"channels3":10,"channels4":8,"channels5":4,"kernel_size1":11,"batch_size":4,"learning_rate":0.0067445108020569664}]
[20:23:22] w02: Preparing datastores for training and validation...

[20:23:22] w02: Using single frequency datastore for frequency index 4

[20:23:27] w02: 1 am here before gpu
[20:23:27] w02: 2 am here after gpu
[20:23:28] w02: Training network (Final=0) on cpu for 10 epochs...

[20:25:52] w02: start objective; params=[{"channels1":32,"channels2":21,"channels3":12,"channels4":5,"channels5":2,"kernel_size1":14,"batch_size":4,"learning_rate":0.0010110900733197835}]
[20:25:52] w02: Preparing datastores for training and validation...

[20:25:52] w02: Using single frequency datastore for frequency index 4

[20:25:57] w02: 1 am here before gpu
[20:25:57] w02: 2 am here after gpu
[20:25:59] w02: Training network (Final=0) on cpu for 10 epochs...

[20:27:47] w02: start objective; params=[{"channels1":47,"channels2":29,"channels3":13,"channels4":7,"channels5":1,"kernel_size1":12,"batch_size":4,"learning_rate":0.0011422775070617378}]
[20:27:47] w02: Preparing datastores for training and validation...

[20:27:47] w02: Using single frequency datastore for frequency index 4

[20:27:55] w02: 1 am here before gpu
[20:27:55] w02: 2 am here after gpu
[20:27:56] w02: Training network (Final=0) on cpu for 10 epochs...

[20:30:03] w02: start objective; params=[{"channels1":62,"channels2":29,"channels3":9,"channels4":7,"channels5":2,"kernel_size1":17,"batch_size":4,"learning_rate":0.0075528421527890476}]
[20:30:03] w02: Preparing datastores for training and validation...

[20:30:03] w02: Using single frequency datastore for frequency index 4

[20:30:08] w02: 1 am here before gpu
[20:30:08] w02: 2 am here after gpu
[20:30:08] w02: Training network (Final=0) on cpu for 10 epochs...

[20:32:47] w02: start objective; params=[{"channels1":58,"channels2":21,"channels3":10,"channels4":6,"channels5":1,"kernel_size1":19,"batch_size":13,"learning_rate":0.0014217541245602136}]
[20:32:47] w02: Preparing datastores for training and validation...

[20:32:47] w02: Using single frequency datastore for frequency index 4

[20:32:53] w02: 1 am here before gpu
[20:32:53] w02: 2 am here after gpu
[20:32:53] w02: Training network (Final=0) on cpu for 10 epochs...

[20:33:34] w02: start objective; params=[{"channels1":48,"channels2":21,"channels3":10,"channels4":7,"channels5":2,"kernel_size1":19,"batch_size":4,"learning_rate":0.0015925308668801427}]
[20:33:34] w02: Preparing datastores for training and validation...

[20:33:34] w02: Using single frequency datastore for frequency index 4

[20:33:39] w02: 1 am here before gpu
[20:33:39] w02: 2 am here after gpu
[20:33:39] w02: Training network (Final=0) on cpu for 10 epochs...

[20:36:07] w02: start objective; params=[{"channels1":41,"channels2":25,"channels3":14,"channels4":6,"channels5":2,"kernel_size1":19,"batch_size":5,"learning_rate":0.003120770174375038}]
[20:36:07] w02: Preparing datastores for training and validation...

[20:36:07] w02: Using single frequency datastore for frequency index 4

[20:36:13] w02: 1 am here before gpu
[20:36:13] w02: 2 am here after gpu
[20:36:13] w02: Training network (Final=0) on cpu for 10 epochs...

[20:37:51] w02: start objective; params=[{"channels1":39,"channels2":30,"channels3":14,"channels4":5,"channels5":4,"kernel_size1":19,"batch_size":4,"learning_rate":0.0012994524860913343}]
[20:37:51] w02: Preparing datastores for training and validation...

[20:37:51] w02: Using single frequency datastore for frequency index 4

[20:37:56] w02: 1 am here before gpu
[20:37:56] w02: 2 am here after gpu
[20:37:57] w02: Training network (Final=0) on cpu for 10 epochs...

[20:39:08] w02: start objective; params=[{"channels1":38,"channels2":28,"channels3":15,"channels4":6,"channels5":2,"kernel_size1":19,"batch_size":5,"learning_rate":0.0013305238801727282}]
[20:39:08] w02: Preparing datastores for training and validation...

[20:39:08] w02: Using single frequency datastore for frequency index 4

[20:39:12] w02: 1 am here before gpu
[20:39:12] w02: 2 am here after gpu
[20:39:13] w02: Training network (Final=0) on cpu for 10 epochs...

[20:40:13] w02: start objective; params=[{"channels1":41,"channels2":28,"channels3":13,"channels4":8,"channels5":4,"kernel_size1":15,"batch_size":4,"learning_rate":0.0017734128001383569}]
[20:40:13] w02: Preparing datastores for training and validation...

[20:40:13] w02: Using single frequency datastore for frequency index 4

[20:40:17] w02: 1 am here before gpu
[20:40:17] w02: 2 am here after gpu
[20:40:18] w02: Training network (Final=0) on cpu for 10 epochs...

[20:42:34] w02: start objective; params=[{"channels1":44,"channels2":23,"channels3":14,"channels4":8,"channels5":2,"kernel_size1":20,"batch_size":6,"learning_rate":0.0053819661569919552}]
[20:42:34] w02: Preparing datastores for training and validation...

[20:42:34] w02: Using single frequency datastore for frequency index 4

[20:42:39] w02: 1 am here before gpu
[20:42:39] w02: 2 am here after gpu
[20:42:39] w02: Training network (Final=0) on cpu for 10 epochs...

[20:43:48] w02: start objective; params=[{"channels1":44,"channels2":29,"channels3":14,"channels4":5,"channels5":2,"kernel_size1":18,"batch_size":4,"learning_rate":0.0030403983640841254}]
[20:43:48] w02: Preparing datastores for training and validation...

[20:43:48] w02: Using single frequency datastore for frequency index 4

[20:43:53] w02: 1 am here before gpu
[20:43:53] w02: 2 am here after gpu
[20:43:53] w02: Training network (Final=0) on cpu for 10 epochs...

[12:58:27] w02: start objective; params=[{"channels1":58,"channels2":22,"kernel_size1":9,"kernel_size2":13,"kernel_size3":11,"dilation_factor":2,"batch_size":9,"learning_rate":0.0016564808202884163}]
[12:58:28] w02: Preparing datastores for training and validation...

[12:58:28] w02: Using single frequency datastore for frequency index 4

[12:58:36] w02: 1 am here before gpu
[12:58:37] w02: 2 am here after gpu
[12:58:52] w02: Training network (Final=0) on cpu for 10 epochs...

[12:59:55] w02: Training failed: Arrays have incompatible sizes for this operation.

[12:59:55] w02: Arrays have incompatible sizes for this operation.

Error in <a href="matlab:matlab.lang.internal.introspective.errorDocCallback('Bayesian_optimization_downsampled_one_path>trainAndEvaluateAE', 'C:\Users\Maria\Documents\Honours Programme\Networks\GAN\src\training\Bayesian_optimization_downsampled_one_path.m', 317)" style="font-weight:bold">Bayesian_optimization_downsampled_one_path>trainAndEvaluateAE</a> (<a href="matlab: opentoline('C:\Users\Maria\Documents\Honours Programme\Networks\GAN\src\training\Bayesian_optimization_downsampled_one_path.m',317,0)">line 317</a>)
            if network_type == 'paper'
                            ^
Error in <a href="matlab:matlab.lang.internal.introspective.errorDocCallback('Bayesian_optimization_downsampled_one_path>@(params)trainAndEvaluateAE(params,dataCfg,''network_type'',network_type)', 'C:\Users\Maria\Documents\Honours Programme\Networks\GAN\src\training\Bayesian_optimization_downsampled_one_path.m', 102)" style="font-weight:bold">Bayesian_optimization_downsampled_one_path>@(params)trainAndEvaluateAE(params,dataCfg,'network_type',network_type)</a> (<a href="matlab: opentoline('C:\Users\Maria\Documents\Honours Programme\Networks\GAN\src\training\Bayesian_optimization_downsampled_one_path.m',102,0)">line 102</a>)
objectiveFcn = @(params) trainAndEvaluateAE(params, dataCfg, 'network_type', network_type);
                         ^^^^^^^^^^^^^^^^^^^^^^^^^^^^^^^^^^^^^^^^^^^^^^^^^^^^^^^^^^^^^^^^^
Error in <a href="matlab:matlab.lang.internal.introspective.errorDocCallback('bayesoptim.callObjFcnParallel>callObjNormallyParallel', 'C:\Program Files\MATLAB\R2024b\toolbox\stats\bayesoptim\+bayesoptim\callObjFcnParallel.m', 45)" style="font-weight:bold">bayesoptim.callObjFcnParallel>callObjNormallyParallel</a> (<a href="matlab: opentoline('C:\Program Files\MATLAB\R2024b\toolbox\stats\bayesoptim\+bayesoptim\callObjFcnParallel.m',45,0)">line 45</a>)
            Objective = ObjectiveFcn(conditionalizedX);
                        ^^^^^^^^^^^^^^^^^^^^^^^^^^^^^^
Error in <a href="matlab:matlab.lang.internal.introspective.errorDocCallback('bayesoptim.callObjFcnParallel', 'C:\Program Files\MATLAB\R2024b\toolbox\stats\bayesoptim\+bayesoptim\callObjFcnParallel.m', 26)" style="font-weight:bold">bayesoptim.callObjFcnParallel</a> (<a href="matlab: opentoline('C:\Program Files\MATLAB\R2024b\toolbox\stats\bayesoptim\+bayesoptim\callObjFcnParallel.m',26,0)">line 26</a>)
            = callObjNormallyParallel(ObjectiveFcn, ObjectiveNargout, NumCoupledConstraints, conditionalizedX);
              ^^^^^^^^^^^^^^^^^^^^^^^^^^^^^^^^^^^^^^^^^^^^^^^^^^^^^^^^^^^^^^^^^^^^^^^^^^^^^^^^^^^^^^^^^^^^^^^^
<a href="matlab:helpview('matlab','error_sizeDimensionsMustMatch')" style="font-weight:bold">Related documentation</a>

[13:00:01] w02: start objective; params=[{"channels1":46,"channels2":17,"kernel_size1":11,"kernel_size2":12,"kernel_size3":11,"dilation_factor":7,"batch_size":8,"learning_rate":0.00862954847946302}]
[13:00:01] w02: Preparing datastores for training and validation...

[13:00:01] w02: Using single frequency datastore for frequency index 4

[13:00:08] w02: 1 am here before gpu
[13:00:08] w02: 2 am here after gpu
[13:00:11] w02: Training network (Final=0) on cpu for 10 epochs...

[13:00:57] w02: Training failed: Arrays have incompatible sizes for this operation.

[13:00:57] w02: Arrays have incompatible sizes for this operation.

Error in <a href="matlab:matlab.lang.internal.introspective.errorDocCallback('Bayesian_optimization_downsampled_one_path>trainAndEvaluateAE', 'C:\Users\Maria\Documents\Honours Programme\Networks\GAN\src\training\Bayesian_optimization_downsampled_one_path.m', 317)" style="font-weight:bold">Bayesian_optimization_downsampled_one_path>trainAndEvaluateAE</a> (<a href="matlab: opentoline('C:\Users\Maria\Documents\Honours Programme\Networks\GAN\src\training\Bayesian_optimization_downsampled_one_path.m',317,0)">line 317</a>)
            if network_type == 'paper'
                            ^
Error in <a href="matlab:matlab.lang.internal.introspective.errorDocCallback('Bayesian_optimization_downsampled_one_path>@(params)trainAndEvaluateAE(params,dataCfg,''network_type'',network_type)', 'C:\Users\Maria\Documents\Honours Programme\Networks\GAN\src\training\Bayesian_optimization_downsampled_one_path.m', 102)" style="font-weight:bold">Bayesian_optimization_downsampled_one_path>@(params)trainAndEvaluateAE(params,dataCfg,'network_type',network_type)</a> (<a href="matlab: opentoline('C:\Users\Maria\Documents\Honours Programme\Networks\GAN\src\training\Bayesian_optimization_downsampled_one_path.m',102,0)">line 102</a>)
objectiveFcn = @(params) trainAndEvaluateAE(params, dataCfg, 'network_type', network_type);
                         ^^^^^^^^^^^^^^^^^^^^^^^^^^^^^^^^^^^^^^^^^^^^^^^^^^^^^^^^^^^^^^^^^
Error in <a href="matlab:matlab.lang.internal.introspective.errorDocCallback('bayesoptim.callObjFcnParallel>callObjNormallyParallel', 'C:\Program Files\MATLAB\R2024b\toolbox\stats\bayesoptim\+bayesoptim\callObjFcnParallel.m', 45)" style="font-weight:bold">bayesoptim.callObjFcnParallel>callObjNormallyParallel</a> (<a href="matlab: opentoline('C:\Program Files\MATLAB\R2024b\toolbox\stats\bayesoptim\+bayesoptim\callObjFcnParallel.m',45,0)">line 45</a>)
            Objective = ObjectiveFcn(conditionalizedX);
                        ^^^^^^^^^^^^^^^^^^^^^^^^^^^^^^
Error in <a href="matlab:matlab.lang.internal.introspective.errorDocCallback('bayesoptim.callObjFcnParallel', 'C:\Program Files\MATLAB\R2024b\toolbox\stats\bayesoptim\+bayesoptim\callObjFcnParallel.m', 12)" style="font-weight:bold">bayesoptim.callObjFcnParallel</a> (<a href="matlab: opentoline('C:\Program Files\MATLAB\R2024b\toolbox\stats\bayesoptim\+bayesoptim\callObjFcnParallel.m',12,0)">line 12</a>)
        = callObjNormallyParallel(ObjectiveFcn, ObjectiveNargout, NumCoupledConstraints, conditionalizedX);
          ^^^^^^^^^^^^^^^^^^^^^^^^^^^^^^^^^^^^^^^^^^^^^^^^^^^^^^^^^^^^^^^^^^^^^^^^^^^^^^^^^^^^^^^^^^^^^^^^
<a href="matlab:helpview('matlab','error_sizeDimensionsMustMatch')" style="font-weight:bold">Related documentation</a>

[13:00:59] w02: start objective; params=[{"channels1":33,"channels2":16,"kernel_size1":20,"kernel_size2":15,"kernel_size3":15,"dilation_factor":5,"batch_size":9,"learning_rate":0.0011404638280210972}]
[13:00:59] w02: Preparing datastores for training and validation...

[13:00:59] w02: Using single frequency datastore for frequency index 4

[13:01:06] w02: 1 am here before gpu
[13:01:06] w02: 2 am here after gpu
[13:01:08] w02: Training network (Final=0) on cpu for 10 epochs...

[13:01:34] w02: Training failed: Arrays have incompatible sizes for this operation.

[13:01:35] w02: Arrays have incompatible sizes for this operation.

Error in <a href="matlab:matlab.lang.internal.introspective.errorDocCallback('Bayesian_optimization_downsampled_one_path>trainAndEvaluateAE', 'C:\Users\Maria\Documents\Honours Programme\Networks\GAN\src\training\Bayesian_optimization_downsampled_one_path.m', 317)" style="font-weight:bold">Bayesian_optimization_downsampled_one_path>trainAndEvaluateAE</a> (<a href="matlab: opentoline('C:\Users\Maria\Documents\Honours Programme\Networks\GAN\src\training\Bayesian_optimization_downsampled_one_path.m',317,0)">line 317</a>)
            if network_type == 'paper'
                            ^
Error in <a href="matlab:matlab.lang.internal.introspective.errorDocCallback('Bayesian_optimization_downsampled_one_path>@(params)trainAndEvaluateAE(params,dataCfg,''network_type'',network_type)', 'C:\Users\Maria\Documents\Honours Programme\Networks\GAN\src\training\Bayesian_optimization_downsampled_one_path.m', 102)" style="font-weight:bold">Bayesian_optimization_downsampled_one_path>@(params)trainAndEvaluateAE(params,dataCfg,'network_type',network_type)</a> (<a href="matlab: opentoline('C:\Users\Maria\Documents\Honours Programme\Networks\GAN\src\training\Bayesian_optimization_downsampled_one_path.m',102,0)">line 102</a>)
objectiveFcn = @(params) trainAndEvaluateAE(params, dataCfg, 'network_type', network_type);
                         ^^^^^^^^^^^^^^^^^^^^^^^^^^^^^^^^^^^^^^^^^^^^^^^^^^^^^^^^^^^^^^^^^
Error in <a href="matlab:matlab.lang.internal.introspective.errorDocCallback('bayesoptim.callObjFcnParallel>callObjNormallyParallel', 'C:\Program Files\MATLAB\R2024b\toolbox\stats\bayesoptim\+bayesoptim\callObjFcnParallel.m', 45)" style="font-weight:bold">bayesoptim.callObjFcnParallel>callObjNormallyParallel</a> (<a href="matlab: opentoline('C:\Program Files\MATLAB\R2024b\toolbox\stats\bayesoptim\+bayesoptim\callObjFcnParallel.m',45,0)">line 45</a>)
            Objective = ObjectiveFcn(conditionalizedX);
                        ^^^^^^^^^^^^^^^^^^^^^^^^^^^^^^
Error in <a href="matlab:matlab.lang.internal.introspective.errorDocCallback('bayesoptim.callObjFcnParallel', 'C:\Program Files\MATLAB\R2024b\toolbox\stats\bayesoptim\+bayesoptim\callObjFcnParallel.m', 12)" style="font-weight:bold">bayesoptim.callObjFcnParallel</a> (<a href="matlab: opentoline('C:\Program Files\MATLAB\R2024b\toolbox\stats\bayesoptim\+bayesoptim\callObjFcnParallel.m',12,0)">line 12</a>)
        = callObjNormallyParallel(ObjectiveFcn, ObjectiveNargout, NumCoupledConstraints, conditionalizedX);
          ^^^^^^^^^^^^^^^^^^^^^^^^^^^^^^^^^^^^^^^^^^^^^^^^^^^^^^^^^^^^^^^^^^^^^^^^^^^^^^^^^^^^^^^^^^^^^^^^
<a href="matlab:helpview('matlab','error_sizeDimensionsMustMatch')" style="font-weight:bold">Related documentation</a>

[13:01:36] w02: start objective; params=[{"channels1":54,"channels2":23,"kernel_size1":16,"kernel_size2":14,"kernel_size3":12,"dilation_factor":3,"batch_size":15,"learning_rate":0.0016367391510527752}]
[13:01:36] w02: Preparing datastores for training and validation...

[13:01:36] w02: Using single frequency datastore for frequency index 4

[13:01:43] w02: 1 am here before gpu
[13:01:43] w02: 2 am here after gpu
[13:01:44] w02: Training network (Final=0) on cpu for 10 epochs...

[13:02:00] w02: Training failed: Arrays have incompatible sizes for this operation.

[13:02:00] w02: Arrays have incompatible sizes for this operation.

Error in <a href="matlab:matlab.lang.internal.introspective.errorDocCallback('Bayesian_optimization_downsampled_one_path>trainAndEvaluateAE', 'C:\Users\Maria\Documents\Honours Programme\Networks\GAN\src\training\Bayesian_optimization_downsampled_one_path.m', 317)" style="font-weight:bold">Bayesian_optimization_downsampled_one_path>trainAndEvaluateAE</a> (<a href="matlab: opentoline('C:\Users\Maria\Documents\Honours Programme\Networks\GAN\src\training\Bayesian_optimization_downsampled_one_path.m',317,0)">line 317</a>)
            if network_type == 'paper'
                            ^
Error in <a href="matlab:matlab.lang.internal.introspective.errorDocCallback('Bayesian_optimization_downsampled_one_path>@(params)trainAndEvaluateAE(params,dataCfg,''network_type'',network_type)', 'C:\Users\Maria\Documents\Honours Programme\Networks\GAN\src\training\Bayesian_optimization_downsampled_one_path.m', 102)" style="font-weight:bold">Bayesian_optimization_downsampled_one_path>@(params)trainAndEvaluateAE(params,dataCfg,'network_type',network_type)</a> (<a href="matlab: opentoline('C:\Users\Maria\Documents\Honours Programme\Networks\GAN\src\training\Bayesian_optimization_downsampled_one_path.m',102,0)">line 102</a>)
objectiveFcn = @(params) trainAndEvaluateAE(params, dataCfg, 'network_type', network_type);
                         ^^^^^^^^^^^^^^^^^^^^^^^^^^^^^^^^^^^^^^^^^^^^^^^^^^^^^^^^^^^^^^^^^
Error in <a href="matlab:matlab.lang.internal.introspective.errorDocCallback('bayesoptim.callObjFcnParallel>callObjNormallyParallel', 'C:\Program Files\MATLAB\R2024b\toolbox\stats\bayesoptim\+bayesoptim\callObjFcnParallel.m', 45)" style="font-weight:bold">bayesoptim.callObjFcnParallel>callObjNormallyParallel</a> (<a href="matlab: opentoline('C:\Program Files\MATLAB\R2024b\toolbox\stats\bayesoptim\+bayesoptim\callObjFcnParallel.m',45,0)">line 45</a>)
            Objective = ObjectiveFcn(conditionalizedX);
                        ^^^^^^^^^^^^^^^^^^^^^^^^^^^^^^
Error in <a href="matlab:matlab.lang.internal.introspective.errorDocCallback('bayesoptim.callObjFcnParallel', 'C:\Program Files\MATLAB\R2024b\toolbox\stats\bayesoptim\+bayesoptim\callObjFcnParallel.m', 12)" style="font-weight:bold">bayesoptim.callObjFcnParallel</a> (<a href="matlab: opentoline('C:\Program Files\MATLAB\R2024b\toolbox\stats\bayesoptim\+bayesoptim\callObjFcnParallel.m',12,0)">line 12</a>)
        = callObjNormallyParallel(ObjectiveFcn, ObjectiveNargout, NumCoupledConstraints, conditionalizedX);
          ^^^^^^^^^^^^^^^^^^^^^^^^^^^^^^^^^^^^^^^^^^^^^^^^^^^^^^^^^^^^^^^^^^^^^^^^^^^^^^^^^^^^^^^^^^^^^^^^
<a href="matlab:helpview('matlab','error_sizeDimensionsMustMatch')" style="font-weight:bold">Related documentation</a>

[13:02:01] w02: start objective; params=[{"channels1":61,"channels2":27,"kernel_size1":8,"kernel_size2":12,"kernel_size3":13,"dilation_factor":6,"batch_size":8,"learning_rate":0.0054062605133121094}]
[13:02:01] w02: Preparing datastores for training and validation...

[13:02:01] w02: Using single frequency datastore for frequency index 4

[13:02:09] w02: 1 am here before gpu
[13:02:09] w02: 2 am here after gpu
[13:02:10] w02: Training network (Final=0) on cpu for 10 epochs...

[13:02:43] w02: Training failed: Arrays have incompatible sizes for this operation.

[13:02:43] w02: Arrays have incompatible sizes for this operation.

Error in <a href="matlab:matlab.lang.internal.introspective.errorDocCallback('Bayesian_optimization_downsampled_one_path>trainAndEvaluateAE', 'C:\Users\Maria\Documents\Honours Programme\Networks\GAN\src\training\Bayesian_optimization_downsampled_one_path.m', 317)" style="font-weight:bold">Bayesian_optimization_downsampled_one_path>trainAndEvaluateAE</a> (<a href="matlab: opentoline('C:\Users\Maria\Documents\Honours Programme\Networks\GAN\src\training\Bayesian_optimization_downsampled_one_path.m',317,0)">line 317</a>)
            if network_type == 'paper'
                            ^
Error in <a href="matlab:matlab.lang.internal.introspective.errorDocCallback('Bayesian_optimization_downsampled_one_path>@(params)trainAndEvaluateAE(params,dataCfg,''network_type'',network_type)', 'C:\Users\Maria\Documents\Honours Programme\Networks\GAN\src\training\Bayesian_optimization_downsampled_one_path.m', 102)" style="font-weight:bold">Bayesian_optimization_downsampled_one_path>@(params)trainAndEvaluateAE(params,dataCfg,'network_type',network_type)</a> (<a href="matlab: opentoline('C:\Users\Maria\Documents\Honours Programme\Networks\GAN\src\training\Bayesian_optimization_downsampled_one_path.m',102,0)">line 102</a>)
objectiveFcn = @(params) trainAndEvaluateAE(params, dataCfg, 'network_type', network_type);
                         ^^^^^^^^^^^^^^^^^^^^^^^^^^^^^^^^^^^^^^^^^^^^^^^^^^^^^^^^^^^^^^^^^
Error in <a href="matlab:matlab.lang.internal.introspective.errorDocCallback('bayesoptim.callObjFcnParallel>callObjNormallyParallel', 'C:\Program Files\MATLAB\R2024b\toolbox\stats\bayesoptim\+bayesoptim\callObjFcnParallel.m', 45)" style="font-weight:bold">bayesoptim.callObjFcnParallel>callObjNormallyParallel</a> (<a href="matlab: opentoline('C:\Program Files\MATLAB\R2024b\toolbox\stats\bayesoptim\+bayesoptim\callObjFcnParallel.m',45,0)">line 45</a>)
            Objective = ObjectiveFcn(conditionalizedX);
                        ^^^^^^^^^^^^^^^^^^^^^^^^^^^^^^
Error in <a href="matlab:matlab.lang.internal.introspective.errorDocCallback('bayesoptim.callObjFcnParallel', 'C:\Program Files\MATLAB\R2024b\toolbox\stats\bayesoptim\+bayesoptim\callObjFcnParallel.m', 12)" style="font-weight:bold">bayesoptim.callObjFcnParallel</a> (<a href="matlab: opentoline('C:\Program Files\MATLAB\R2024b\toolbox\stats\bayesoptim\+bayesoptim\callObjFcnParallel.m',12,0)">line 12</a>)
        = callObjNormallyParallel(ObjectiveFcn, ObjectiveNargout, NumCoupledConstraints, conditionalizedX);
          ^^^^^^^^^^^^^^^^^^^^^^^^^^^^^^^^^^^^^^^^^^^^^^^^^^^^^^^^^^^^^^^^^^^^^^^^^^^^^^^^^^^^^^^^^^^^^^^^
<a href="matlab:helpview('matlab','error_sizeDimensionsMustMatch')" style="font-weight:bold">Related documentation</a>

[13:02:44] w02: start objective; params=[{"channels1":50,"channels2":21,"kernel_size1":14,"kernel_size2":15,"kernel_size3":14,"dilation_factor":4,"batch_size":13,"learning_rate":0.0010114029858461166}]
[13:02:44] w02: Preparing datastores for training and validation...

[13:02:44] w02: Using single frequency datastore for frequency index 4

[13:02:51] w02: 1 am here before gpu
[13:02:51] w02: 2 am here after gpu
[13:02:52] w02: Training network (Final=0) on cpu for 10 epochs...

[13:03:12] w02: Training failed: Arrays have incompatible sizes for this operation.

[13:03:13] w02: Arrays have incompatible sizes for this operation.

Error in <a href="matlab:matlab.lang.internal.introspective.errorDocCallback('Bayesian_optimization_downsampled_one_path>trainAndEvaluateAE', 'C:\Users\Maria\Documents\Honours Programme\Networks\GAN\src\training\Bayesian_optimization_downsampled_one_path.m', 317)" style="font-weight:bold">Bayesian_optimization_downsampled_one_path>trainAndEvaluateAE</a> (<a href="matlab: opentoline('C:\Users\Maria\Documents\Honours Programme\Networks\GAN\src\training\Bayesian_optimization_downsampled_one_path.m',317,0)">line 317</a>)
            if network_type == 'paper'
                            ^
Error in <a href="matlab:matlab.lang.internal.introspective.errorDocCallback('Bayesian_optimization_downsampled_one_path>@(params)trainAndEvaluateAE(params,dataCfg,''network_type'',network_type)', 'C:\Users\Maria\Documents\Honours Programme\Networks\GAN\src\training\Bayesian_optimization_downsampled_one_path.m', 102)" style="font-weight:bold">Bayesian_optimization_downsampled_one_path>@(params)trainAndEvaluateAE(params,dataCfg,'network_type',network_type)</a> (<a href="matlab: opentoline('C:\Users\Maria\Documents\Honours Programme\Networks\GAN\src\training\Bayesian_optimization_downsampled_one_path.m',102,0)">line 102</a>)
objectiveFcn = @(params) trainAndEvaluateAE(params, dataCfg, 'network_type', network_type);
                         ^^^^^^^^^^^^^^^^^^^^^^^^^^^^^^^^^^^^^^^^^^^^^^^^^^^^^^^^^^^^^^^^^
Error in <a href="matlab:matlab.lang.internal.introspective.errorDocCallback('bayesoptim.callObjFcnParallel>callObjNormallyParallel', 'C:\Program Files\MATLAB\R2024b\toolbox\stats\bayesoptim\+bayesoptim\callObjFcnParallel.m', 45)" style="font-weight:bold">bayesoptim.callObjFcnParallel>callObjNormallyParallel</a> (<a href="matlab: opentoline('C:\Program Files\MATLAB\R2024b\toolbox\stats\bayesoptim\+bayesoptim\callObjFcnParallel.m',45,0)">line 45</a>)
            Objective = ObjectiveFcn(conditionalizedX);
                        ^^^^^^^^^^^^^^^^^^^^^^^^^^^^^^
Error in <a href="matlab:matlab.lang.internal.introspective.errorDocCallback('bayesoptim.callObjFcnParallel', 'C:\Program Files\MATLAB\R2024b\toolbox\stats\bayesoptim\+bayesoptim\callObjFcnParallel.m', 12)" style="font-weight:bold">bayesoptim.callObjFcnParallel</a> (<a href="matlab: opentoline('C:\Program Files\MATLAB\R2024b\toolbox\stats\bayesoptim\+bayesoptim\callObjFcnParallel.m',12,0)">line 12</a>)
        = callObjNormallyParallel(ObjectiveFcn, ObjectiveNargout, NumCoupledConstraints, conditionalizedX);
          ^^^^^^^^^^^^^^^^^^^^^^^^^^^^^^^^^^^^^^^^^^^^^^^^^^^^^^^^^^^^^^^^^^^^^^^^^^^^^^^^^^^^^^^^^^^^^^^^
<a href="matlab:helpview('matlab','error_sizeDimensionsMustMatch')" style="font-weight:bold">Related documentation</a>

[13:03:13] w02: start objective; params=[{"channels1":37,"channels2":21,"kernel_size1":13,"kernel_size2":11,"kernel_size3":13,"dilation_factor":4,"batch_size":10,"learning_rate":0.0044732159917026905}]
[13:03:13] w02: Preparing datastores for training and validation...

[13:03:13] w02: Using single frequency datastore for frequency index 4

[13:03:20] w02: 1 am here before gpu
[13:03:20] w02: 2 am here after gpu
[13:03:21] w02: Training network (Final=0) on cpu for 10 epochs...

[13:03:45] w02: Training failed: Arrays have incompatible sizes for this operation.

[13:03:45] w02: Arrays have incompatible sizes for this operation.

Error in <a href="matlab:matlab.lang.internal.introspective.errorDocCallback('Bayesian_optimization_downsampled_one_path>trainAndEvaluateAE', 'C:\Users\Maria\Documents\Honours Programme\Networks\GAN\src\training\Bayesian_optimization_downsampled_one_path.m', 317)" style="font-weight:bold">Bayesian_optimization_downsampled_one_path>trainAndEvaluateAE</a> (<a href="matlab: opentoline('C:\Users\Maria\Documents\Honours Programme\Networks\GAN\src\training\Bayesian_optimization_downsampled_one_path.m',317,0)">line 317</a>)
            if network_type == 'paper'
                            ^
Error in <a href="matlab:matlab.lang.internal.introspective.errorDocCallback('Bayesian_optimization_downsampled_one_path>@(params)trainAndEvaluateAE(params,dataCfg,''network_type'',network_type)', 'C:\Users\Maria\Documents\Honours Programme\Networks\GAN\src\training\Bayesian_optimization_downsampled_one_path.m', 102)" style="font-weight:bold">Bayesian_optimization_downsampled_one_path>@(params)trainAndEvaluateAE(params,dataCfg,'network_type',network_type)</a> (<a href="matlab: opentoline('C:\Users\Maria\Documents\Honours Programme\Networks\GAN\src\training\Bayesian_optimization_downsampled_one_path.m',102,0)">line 102</a>)
objectiveFcn = @(params) trainAndEvaluateAE(params, dataCfg, 'network_type', network_type);
                         ^^^^^^^^^^^^^^^^^^^^^^^^^^^^^^^^^^^^^^^^^^^^^^^^^^^^^^^^^^^^^^^^^
Error in <a href="matlab:matlab.lang.internal.introspective.errorDocCallback('bayesoptim.callObjFcnParallel>callObjNormallyParallel', 'C:\Program Files\MATLAB\R2024b\toolbox\stats\bayesoptim\+bayesoptim\callObjFcnParallel.m', 45)" style="font-weight:bold">bayesoptim.callObjFcnParallel>callObjNormallyParallel</a> (<a href="matlab: opentoline('C:\Program Files\MATLAB\R2024b\toolbox\stats\bayesoptim\+bayesoptim\callObjFcnParallel.m',45,0)">line 45</a>)
            Objective = ObjectiveFcn(conditionalizedX);
                        ^^^^^^^^^^^^^^^^^^^^^^^^^^^^^^
Error in <a href="matlab:matlab.lang.internal.introspective.errorDocCallback('bayesoptim.callObjFcnParallel', 'C:\Program Files\MATLAB\R2024b\toolbox\stats\bayesoptim\+bayesoptim\callObjFcnParallel.m', 12)" style="font-weight:bold">bayesoptim.callObjFcnParallel</a> (<a href="matlab: opentoline('C:\Program Files\MATLAB\R2024b\toolbox\stats\bayesoptim\+bayesoptim\callObjFcnParallel.m',12,0)">line 12</a>)
        = callObjNormallyParallel(ObjectiveFcn, ObjectiveNargout, NumCoupledConstraints, conditionalizedX);
          ^^^^^^^^^^^^^^^^^^^^^^^^^^^^^^^^^^^^^^^^^^^^^^^^^^^^^^^^^^^^^^^^^^^^^^^^^^^^^^^^^^^^^^^^^^^^^^^^
<a href="matlab:helpview('matlab','error_sizeDimensionsMustMatch')" style="font-weight:bold">Related documentation</a>

[13:03:47] w02: start objective; params=[{"channels1":48,"channels2":27,"kernel_size1":18,"kernel_size2":11,"kernel_size3":15,"dilation_factor":4,"batch_size":5,"learning_rate":0.001253155613471538}]
[13:03:47] w02: Preparing datastores for training and validation...

[13:03:47] w02: Using single frequency datastore for frequency index 4

[13:03:55] w02: 1 am here before gpu
[13:03:55] w02: 2 am here after gpu
[13:03:56] w02: Training network (Final=0) on cpu for 10 epochs...

[13:05:24] w02: Training failed: Arrays have incompatible sizes for this operation.

[13:05:25] w02: Arrays have incompatible sizes for this operation.

Error in <a href="matlab:matlab.lang.internal.introspective.errorDocCallback('Bayesian_optimization_downsampled_one_path>trainAndEvaluateAE', 'C:\Users\Maria\Documents\Honours Programme\Networks\GAN\src\training\Bayesian_optimization_downsampled_one_path.m', 317)" style="font-weight:bold">Bayesian_optimization_downsampled_one_path>trainAndEvaluateAE</a> (<a href="matlab: opentoline('C:\Users\Maria\Documents\Honours Programme\Networks\GAN\src\training\Bayesian_optimization_downsampled_one_path.m',317,0)">line 317</a>)
            if network_type == 'paper'
                            ^
Error in <a href="matlab:matlab.lang.internal.introspective.errorDocCallback('Bayesian_optimization_downsampled_one_path>@(params)trainAndEvaluateAE(params,dataCfg,''network_type'',network_type)', 'C:\Users\Maria\Documents\Honours Programme\Networks\GAN\src\training\Bayesian_optimization_downsampled_one_path.m', 102)" style="font-weight:bold">Bayesian_optimization_downsampled_one_path>@(params)trainAndEvaluateAE(params,dataCfg,'network_type',network_type)</a> (<a href="matlab: opentoline('C:\Users\Maria\Documents\Honours Programme\Networks\GAN\src\training\Bayesian_optimization_downsampled_one_path.m',102,0)">line 102</a>)
objectiveFcn = @(params) trainAndEvaluateAE(params, dataCfg, 'network_type', network_type);
                         ^^^^^^^^^^^^^^^^^^^^^^^^^^^^^^^^^^^^^^^^^^^^^^^^^^^^^^^^^^^^^^^^^
Error in <a href="matlab:matlab.lang.internal.introspective.errorDocCallback('bayesoptim.callObjFcnParallel>callObjNormallyParallel', 'C:\Program Files\MATLAB\R2024b\toolbox\stats\bayesoptim\+bayesoptim\callObjFcnParallel.m', 45)" style="font-weight:bold">bayesoptim.callObjFcnParallel>callObjNormallyParallel</a> (<a href="matlab: opentoline('C:\Program Files\MATLAB\R2024b\toolbox\stats\bayesoptim\+bayesoptim\callObjFcnParallel.m',45,0)">line 45</a>)
            Objective = ObjectiveFcn(conditionalizedX);
                        ^^^^^^^^^^^^^^^^^^^^^^^^^^^^^^
Error in <a href="matlab:matlab.lang.internal.introspective.errorDocCallback('bayesoptim.callObjFcnParallel', 'C:\Program Files\MATLAB\R2024b\toolbox\stats\bayesoptim\+bayesoptim\callObjFcnParallel.m', 12)" style="font-weight:bold">bayesoptim.callObjFcnParallel</a> (<a href="matlab: opentoline('C:\Program Files\MATLAB\R2024b\toolbox\stats\bayesoptim\+bayesoptim\callObjFcnParallel.m',12,0)">line 12</a>)
        = callObjNormallyParallel(ObjectiveFcn, ObjectiveNargout, NumCoupledConstraints, conditionalizedX);
          ^^^^^^^^^^^^^^^^^^^^^^^^^^^^^^^^^^^^^^^^^^^^^^^^^^^^^^^^^^^^^^^^^^^^^^^^^^^^^^^^^^^^^^^^^^^^^^^^
<a href="matlab:helpview('matlab','error_sizeDimensionsMustMatch')" style="font-weight:bold">Related documentation</a>

[13:05:26] w02: start objective; params=[{"channels1":35,"channels2":26,"kernel_size1":8,"kernel_size2":11,"kernel_size3":11,"dilation_factor":3,"batch_size":9,"learning_rate":0.00434037495997273}]
[13:05:26] w02: Preparing datastores for training and validation...

[13:05:26] w02: Using single frequency datastore for frequency index 4

[13:05:38] w02: 1 am here before gpu
[13:05:38] w02: 2 am here after gpu
[13:05:39] w02: Training network (Final=0) on cpu for 10 epochs...

[13:06:10] w02: Training failed: Arrays have incompatible sizes for this operation.

[13:06:10] w02: Arrays have incompatible sizes for this operation.

Error in <a href="matlab:matlab.lang.internal.introspective.errorDocCallback('Bayesian_optimization_downsampled_one_path>trainAndEvaluateAE', 'C:\Users\Maria\Documents\Honours Programme\Networks\GAN\src\training\Bayesian_optimization_downsampled_one_path.m', 317)" style="font-weight:bold">Bayesian_optimization_downsampled_one_path>trainAndEvaluateAE</a> (<a href="matlab: opentoline('C:\Users\Maria\Documents\Honours Programme\Networks\GAN\src\training\Bayesian_optimization_downsampled_one_path.m',317,0)">line 317</a>)
        if final
        ^^^^^^^^
Error in <a href="matlab:matlab.lang.internal.introspective.errorDocCallback('Bayesian_optimization_downsampled_one_path>@(params)trainAndEvaluateAE(params,dataCfg,''network_type'',network_type)', 'C:\Users\Maria\Documents\Honours Programme\Networks\GAN\src\training\Bayesian_optimization_downsampled_one_path.m', 102)" style="font-weight:bold">Bayesian_optimization_downsampled_one_path>@(params)trainAndEvaluateAE(params,dataCfg,'network_type',network_type)</a> (<a href="matlab: opentoline('C:\Users\Maria\Documents\Honours Programme\Networks\GAN\src\training\Bayesian_optimization_downsampled_one_path.m',102,0)">line 102</a>)
objectiveFcn = @(params) trainAndEvaluateAE(params, dataCfg, 'network_type', network_type);
                         ^
Error in <a href="matlab:matlab.lang.internal.introspective.errorDocCallback('bayesoptim.callObjFcnParallel>callObjNormallyParallel', 'C:\Program Files\MATLAB\R2024b\toolbox\stats\bayesoptim\+bayesoptim\callObjFcnParallel.m', 45)" style="font-weight:bold">bayesoptim.callObjFcnParallel>callObjNormallyParallel</a> (<a href="matlab: opentoline('C:\Program Files\MATLAB\R2024b\toolbox\stats\bayesoptim\+bayesoptim\callObjFcnParallel.m',45,0)">line 45</a>)
            Objective = ObjectiveFcn(conditionalizedX);
                        ^^^^^^^^^^^^^^^^^^^^^^^^^^^^^^
Error in <a href="matlab:matlab.lang.internal.introspective.errorDocCallback('bayesoptim.callObjFcnParallel', 'C:\Program Files\MATLAB\R2024b\toolbox\stats\bayesoptim\+bayesoptim\callObjFcnParallel.m', 12)" style="font-weight:bold">bayesoptim.callObjFcnParallel</a> (<a href="matlab: opentoline('C:\Program Files\MATLAB\R2024b\toolbox\stats\bayesoptim\+bayesoptim\callObjFcnParallel.m',12,0)">line 12</a>)
        = callObjNormallyParallel(ObjectiveFcn, ObjectiveNargout, NumCoupledConstraints, conditionalizedX);
          ^^^^^^^^^^^^^^^^^^^^^^^^^^^^^^^^^^^^^^^^^^^^^^^^^^^^^^^^^^^^^^^^^^^^^^^^^^^^^^^^^^^^^^^^^^^^^^^^
<a href="matlab:helpview('matlab','error_sizeDimensionsMustMatch')" style="font-weight:bold">Related documentation</a>

[13:06:11] w02: start objective; params=[{"channels1":64,"channels2":20,"kernel_size1":10,"kernel_size2":12,"kernel_size3":14,"dilation_factor":6,"batch_size":11,"learning_rate":0.0096190335809712164}]
[13:06:11] w02: Preparing datastores for training and validation...

[13:06:11] w02: Using single frequency datastore for frequency index 4

[13:06:18] w02: 1 am here before gpu
[13:06:18] w02: 2 am here after gpu
[13:06:19] w02: Training network (Final=0) on cpu for 10 epochs...

[13:06:44] w02: Training failed: Arrays have incompatible sizes for this operation.

[13:06:45] w02: Arrays have incompatible sizes for this operation.

Error in <a href="matlab:matlab.lang.internal.introspective.errorDocCallback('Bayesian_optimization_downsampled_one_path>trainAndEvaluateAE', 'C:\Users\Maria\Documents\Honours Programme\Networks\GAN\src\training\Bayesian_optimization_downsampled_one_path.m', 317)" style="font-weight:bold">Bayesian_optimization_downsampled_one_path>trainAndEvaluateAE</a> (<a href="matlab: opentoline('C:\Users\Maria\Documents\Honours Programme\Networks\GAN\src\training\Bayesian_optimization_downsampled_one_path.m',317,0)">line 317</a>)
        if final_training
        ^^^^^^^^^^^^^^^^^
Error in <a href="matlab:matlab.lang.internal.introspective.errorDocCallback('Bayesian_optimization_downsampled_one_path>@(params)trainAndEvaluateAE(params,dataCfg,''network_type'',network_type)', 'C:\Users\Maria\Documents\Honours Programme\Networks\GAN\src\training\Bayesian_optimization_downsampled_one_path.m', 102)" style="font-weight:bold">Bayesian_optimization_downsampled_one_path>@(params)trainAndEvaluateAE(params,dataCfg,'network_type',network_type)</a> (<a href="matlab: opentoline('C:\Users\Maria\Documents\Honours Programme\Networks\GAN\src\training\Bayesian_optimization_downsampled_one_path.m',102,0)">line 102</a>)
objectiveFcn = @(params) trainAndEvaluateAE(params, dataCfg, 'network_type', network_type);
                         ^^^^^^^^^^^^^^^^^^^^^^^^^^^^^^^^^^^^^^^^^^^^^^^^^^^^^^^^^^^^^^^^^
Error in <a href="matlab:matlab.lang.internal.introspective.errorDocCallback('bayesoptim.callObjFcnParallel>callObjNormallyParallel', 'C:\Program Files\MATLAB\R2024b\toolbox\stats\bayesoptim\+bayesoptim\callObjFcnParallel.m', 45)" style="font-weight:bold">bayesoptim.callObjFcnParallel>callObjNormallyParallel</a> (<a href="matlab: opentoline('C:\Program Files\MATLAB\R2024b\toolbox\stats\bayesoptim\+bayesoptim\callObjFcnParallel.m',45,0)">line 45</a>)
            Objective = ObjectiveFcn(conditionalizedX);
                        ^^^^^^^^^^^^^^^^^^^^^^^^^^^^^^
Error in <a href="matlab:matlab.lang.internal.introspective.errorDocCallback('bayesoptim.callObjFcnParallel', 'C:\Program Files\MATLAB\R2024b\toolbox\stats\bayesoptim\+bayesoptim\callObjFcnParallel.m', 12)" style="font-weight:bold">bayesoptim.callObjFcnParallel</a> (<a href="matlab: opentoline('C:\Program Files\MATLAB\R2024b\toolbox\stats\bayesoptim\+bayesoptim\callObjFcnParallel.m',12,0)">line 12</a>)
        = callObjNormallyParallel(ObjectiveFcn, ObjectiveNargout, NumCoupledConstraints, conditionalizedX);
          ^^^^^^^^^^^^^^^^^^^^^^^^^^^^^^^^^^^^^^^^^^^^^^^^^^^^^^^^^^^^^^^^^^^^^^^^^^^^^^^^^^^^^^^^^^^^^^^^
<a href="matlab:helpview('matlab','error_sizeDimensionsMustMatch')" style="font-weight:bold">Related documentation</a>

[13:06:46] w02: start objective; params=[{"channels1":39,"channels2":19,"kernel_size1":17,"kernel_size2":11,"kernel_size3":13,"dilation_factor":4,"batch_size":14,"learning_rate":0.0048079956379798684}]
[13:06:46] w02: Preparing datastores for training and validation...

[13:06:46] w02: Using single frequency datastore for frequency index 4

[13:06:54] w02: 1 am here before gpu
[13:06:54] w02: 2 am here after gpu
[13:06:55] w02: Training network (Final=0) on cpu for 10 epochs...

[13:07:20] w02: Training failed: Arrays have incompatible sizes for this operation.

[13:07:20] w02: Arrays have incompatible sizes for this operation.

Error in <a href="matlab:matlab.lang.internal.introspective.errorDocCallback('Bayesian_optimization_downsampled_one_path>trainAndEvaluateAE', 'C:\Users\Maria\Documents\Honours Programme\Networks\GAN\src\training\Bayesian_optimization_downsampled_one_path.m', 317)" style="font-weight:bold">Bayesian_optimization_downsampled_one_path>trainAndEvaluateAE</a> (<a href="matlab: opentoline('C:\Users\Maria\Documents\Honours Programme\Networks\GAN\src\training\Bayesian_optimization_downsampled_one_path.m',317,0)">line 317</a>)
        if final_training
        ^^^^^^^^^^^^^^^^^
Error in <a href="matlab:matlab.lang.internal.introspective.errorDocCallback('Bayesian_optimization_downsampled_one_path>@(params)trainAndEvaluateAE(params,dataCfg,''network_type'',network_type)', 'C:\Users\Maria\Documents\Honours Programme\Networks\GAN\src\training\Bayesian_optimization_downsampled_one_path.m', 102)" style="font-weight:bold">Bayesian_optimization_downsampled_one_path>@(params)trainAndEvaluateAE(params,dataCfg,'network_type',network_type)</a> (<a href="matlab: opentoline('C:\Users\Maria\Documents\Honours Programme\Networks\GAN\src\training\Bayesian_optimization_downsampled_one_path.m',102,0)">line 102</a>)
objectiveFcn = @(params) trainAndEvaluateAE(params, dataCfg, 'network_type', network_type);
                         ^^^^^^^^^^^^^^^^^^^^^^^^^^^^^^^^^^^^^^^^^^^^^^^^^^^^^^^^^^^^^^^^^
Error in <a href="matlab:matlab.lang.internal.introspective.errorDocCallback('bayesoptim.callObjFcnParallel>callObjNormallyParallel', 'C:\Program Files\MATLAB\R2024b\toolbox\stats\bayesoptim\+bayesoptim\callObjFcnParallel.m', 45)" style="font-weight:bold">bayesoptim.callObjFcnParallel>callObjNormallyParallel</a> (<a href="matlab: opentoline('C:\Program Files\MATLAB\R2024b\toolbox\stats\bayesoptim\+bayesoptim\callObjFcnParallel.m',45,0)">line 45</a>)
            Objective = ObjectiveFcn(conditionalizedX);
                        ^^^^^^^^^^^^^^^^^^^^^^^^^^^^^^
Error in <a href="matlab:matlab.lang.internal.introspective.errorDocCallback('bayesoptim.callObjFcnParallel', 'C:\Program Files\MATLAB\R2024b\toolbox\stats\bayesoptim\+bayesoptim\callObjFcnParallel.m', 12)" style="font-weight:bold">bayesoptim.callObjFcnParallel</a> (<a href="matlab: opentoline('C:\Program Files\MATLAB\R2024b\toolbox\stats\bayesoptim\+bayesoptim\callObjFcnParallel.m',12,0)">line 12</a>)
        = callObjNormallyParallel(ObjectiveFcn, ObjectiveNargout, NumCoupledConstraints, conditionalizedX);
          ^^^^^^^^^^^^^^^^^^^^^^^^^^^^^^^^^^^^^^^^^^^^^^^^^^^^^^^^^^^^^^^^^^^^^^^^^^^^^^^^^^^^^^^^^^^^^^^^
<a href="matlab:helpview('matlab','error_sizeDimensionsMustMatch')" style="font-weight:bold">Related documentation</a>

[13:07:21] w02: start objective; params=[{"channels1":58,"channels2":22,"kernel_size1":18,"kernel_size2":12,"kernel_size3":12,"dilation_factor":7,"batch_size":6,"learning_rate":0.005764445369218}]
[13:07:21] w02: Preparing datastores for training and validation...

[13:07:21] w02: Using single frequency datastore for frequency index 4

[13:07:30] w02: 1 am here before gpu
[13:07:30] w02: 2 am here after gpu
[13:07:30] w02: Training network (Final=0) on cpu for 10 epochs...

[13:08:19] w02: Training failed: Arrays have incompatible sizes for this operation.

[13:08:19] w02: Arrays have incompatible sizes for this operation.

Error in <a href="matlab:matlab.lang.internal.introspective.errorDocCallback('Bayesian_optimization_downsampled_one_path>trainAndEvaluateAE', 'C:\Users\Maria\Documents\Honours Programme\Networks\GAN\src\training\Bayesian_optimization_downsampled_one_path.m', 317)" style="font-weight:bold">Bayesian_optimization_downsampled_one_path>trainAndEvaluateAE</a> (<a href="matlab: opentoline('C:\Users\Maria\Documents\Honours Programme\Networks\GAN\src\training\Bayesian_optimization_downsampled_one_path.m',317,0)">line 317</a>)
        if final_training
        ^^^^^^^^^^^^^^^^^
Error in <a href="matlab:matlab.lang.internal.introspective.errorDocCallback('Bayesian_optimization_downsampled_one_path>@(params)trainAndEvaluateAE(params,dataCfg,''network_type'',network_type)', 'C:\Users\Maria\Documents\Honours Programme\Networks\GAN\src\training\Bayesian_optimization_downsampled_one_path.m', 102)" style="font-weight:bold">Bayesian_optimization_downsampled_one_path>@(params)trainAndEvaluateAE(params,dataCfg,'network_type',network_type)</a> (<a href="matlab: opentoline('C:\Users\Maria\Documents\Honours Programme\Networks\GAN\src\training\Bayesian_optimization_downsampled_one_path.m',102,0)">line 102</a>)
objectiveFcn = @(params) trainAndEvaluateAE(params, dataCfg, 'network_type', network_type);
                         ^^^^^^^^^^^^^^^^^^^^^^^^^^^^^^^^^^^^^^^^^^^^^^^^^^^^^^^^^^^^^^^^^
Error in <a href="matlab:matlab.lang.internal.introspective.errorDocCallback('bayesoptim.callObjFcnParallel>callObjNormallyParallel', 'C:\Program Files\MATLAB\R2024b\toolbox\stats\bayesoptim\+bayesoptim\callObjFcnParallel.m', 45)" style="font-weight:bold">bayesoptim.callObjFcnParallel>callObjNormallyParallel</a> (<a href="matlab: opentoline('C:\Program Files\MATLAB\R2024b\toolbox\stats\bayesoptim\+bayesoptim\callObjFcnParallel.m',45,0)">line 45</a>)
            Objective = ObjectiveFcn(conditionalizedX);
                        ^^^^^^^^^^^^^^^^^^^^^^^^^^^^^^
Error in <a href="matlab:matlab.lang.internal.introspective.errorDocCallback('bayesoptim.callObjFcnParallel', 'C:\Program Files\MATLAB\R2024b\toolbox\stats\bayesoptim\+bayesoptim\callObjFcnParallel.m', 12)" style="font-weight:bold">bayesoptim.callObjFcnParallel</a> (<a href="matlab: opentoline('C:\Program Files\MATLAB\R2024b\toolbox\stats\bayesoptim\+bayesoptim\callObjFcnParallel.m',12,0)">line 12</a>)
        = callObjNormallyParallel(ObjectiveFcn, ObjectiveNargout, NumCoupledConstraints, conditionalizedX);
          ^^^^^^^^^^^^^^^^^^^^^^^^^^^^^^^^^^^^^^^^^^^^^^^^^^^^^^^^^^^^^^^^^^^^^^^^^^^^^^^^^^^^^^^^^^^^^^^^
<a href="matlab:helpview('matlab','error_sizeDimensionsMustMatch')" style="font-weight:bold">Related documentation</a>

[13:08:20] w02: start objective; params=[{"channels1":62,"channels2":31,"kernel_size1":13,"kernel_size2":13,"kernel_size3":12,"dilation_factor":4,"batch_size":16,"learning_rate":0.0020328470485685055}]
[13:08:20] w02: Preparing datastores for training and validation...

[13:08:20] w02: Using single frequency datastore for frequency index 4

[13:08:30] w02: 1 am here before gpu
[13:08:30] w02: 2 am here after gpu
[13:08:31] w02: Training network (Final=0) on cpu for 10 epochs...

[13:08:50] w02: Training failed: Arrays have incompatible sizes for this operation.

[13:08:50] w02: Arrays have incompatible sizes for this operation.

Error in <a href="matlab:matlab.lang.internal.introspective.errorDocCallback('Bayesian_optimization_downsampled_one_path>trainAndEvaluateAE', 'C:\Users\Maria\Documents\Honours Programme\Networks\GAN\src\training\Bayesian_optimization_downsampled_one_path.m', 317)" style="font-weight:bold">Bayesian_optimization_downsampled_one_path>trainAndEvaluateAE</a> (<a href="matlab: opentoline('C:\Users\Maria\Documents\Honours Programme\Networks\GAN\src\training\Bayesian_optimization_downsampled_one_path.m',317,0)">line 317</a>)
        if final_training
        ^^^^^^^^^^^^^^^^^
Error in <a href="matlab:matlab.lang.internal.introspective.errorDocCallback('Bayesian_optimization_downsampled_one_path>@(params)trainAndEvaluateAE(params,dataCfg,''network_type'',network_type)', 'C:\Users\Maria\Documents\Honours Programme\Networks\GAN\src\training\Bayesian_optimization_downsampled_one_path.m', 102)" style="font-weight:bold">Bayesian_optimization_downsampled_one_path>@(params)trainAndEvaluateAE(params,dataCfg,'network_type',network_type)</a> (<a href="matlab: opentoline('C:\Users\Maria\Documents\Honours Programme\Networks\GAN\src\training\Bayesian_optimization_downsampled_one_path.m',102,0)">line 102</a>)
objectiveFcn = @(params) trainAndEvaluateAE(params, dataCfg, 'network_type', network_type);
                         ^^^^^^^^^^^^^^^^^^^^^^^^^^^^^^^^^^^^^^^^^^^^^^^^^^^^^^^^^^^^^^^^^
Error in <a href="matlab:matlab.lang.internal.introspective.errorDocCallback('bayesoptim.callObjFcnParallel>callObjNormallyParallel', 'C:\Program Files\MATLAB\R2024b\toolbox\stats\bayesoptim\+bayesoptim\callObjFcnParallel.m', 45)" style="font-weight:bold">bayesoptim.callObjFcnParallel>callObjNormallyParallel</a> (<a href="matlab: opentoline('C:\Program Files\MATLAB\R2024b\toolbox\stats\bayesoptim\+bayesoptim\callObjFcnParallel.m',45,0)">line 45</a>)
            Objective = ObjectiveFcn(conditionalizedX);
                        ^^^^^^^^^^^^^^^^^^^^^^^^^^^^^^
Error in <a href="matlab:matlab.lang.internal.introspective.errorDocCallback('bayesoptim.callObjFcnParallel', 'C:\Program Files\MATLAB\R2024b\toolbox\stats\bayesoptim\+bayesoptim\callObjFcnParallel.m', 12)" style="font-weight:bold">bayesoptim.callObjFcnParallel</a> (<a href="matlab: opentoline('C:\Program Files\MATLAB\R2024b\toolbox\stats\bayesoptim\+bayesoptim\callObjFcnParallel.m',12,0)">line 12</a>)
        = callObjNormallyParallel(ObjectiveFcn, ObjectiveNargout, NumCoupledConstraints, conditionalizedX);
          ^^^^^^^^^^^^^^^^^^^^^^^^^^^^^^^^^^^^^^^^^^^^^^^^^^^^^^^^^^^^^^^^^^^^^^^^^^^^^^^^^^^^^^^^^^^^^^^^
<a href="matlab:helpview('matlab','error_sizeDimensionsMustMatch')" style="font-weight:bold">Related documentation</a>

[13:08:53] w02: start objective; params=[{"channels1":44,"channels2":20,"kernel_size1":18,"kernel_size2":13,"kernel_size3":13,"dilation_factor":5,"batch_size":5,"learning_rate":0.0012238324277639644}]
[13:08:53] w02: Preparing datastores for training and validation...

[13:08:53] w02: Using single frequency datastore for frequency index 4

[13:09:05] w02: 1 am here before gpu
[13:09:05] w02: 2 am here after gpu
[13:09:07] w02: Training network (Final=0) on cpu for 10 epochs...

[13:10:13] w02: Training failed: Arrays have incompatible sizes for this operation.

[13:10:14] w02: Arrays have incompatible sizes for this operation.

Error in <a href="matlab:matlab.lang.internal.introspective.errorDocCallback('Bayesian_optimization_downsampled_one_path>trainAndEvaluateAE', 'C:\Users\Maria\Documents\Honours Programme\Networks\GAN\src\training\Bayesian_optimization_downsampled_one_path.m', 317)" style="font-weight:bold">Bayesian_optimization_downsampled_one_path>trainAndEvaluateAE</a> (<a href="matlab: opentoline('C:\Users\Maria\Documents\Honours Programme\Networks\GAN\src\training\Bayesian_optimization_downsampled_one_path.m',317,0)">line 317</a>)

Error in <a href="matlab:matlab.lang.internal.introspective.errorDocCallback('Bayesian_optimization_downsampled_one_path>@(params)trainAndEvaluateAE(params,dataCfg,''network_type'',network_type)', 'C:\Users\Maria\Documents\Honours Programme\Networks\GAN\src\training\Bayesian_optimization_downsampled_one_path.m', 102)" style="font-weight:bold">Bayesian_optimization_downsampled_one_path>@(params)trainAndEvaluateAE(params,dataCfg,'network_type',network_type)</a> (<a href="matlab: opentoline('C:\Users\Maria\Documents\Honours Programme\Networks\GAN\src\training\Bayesian_optimization_downsampled_one_path.m',102,0)">line 102</a>)

Error in <a href="matlab:matlab.lang.internal.introspective.errorDocCallback('bayesoptim.callObjFcnParallel>callObjNormallyParallel', 'C:\Program Files\MATLAB\R2024b\toolbox\stats\bayesoptim\+bayesoptim\callObjFcnParallel.m', 45)" style="font-weight:bold">bayesoptim.callObjFcnParallel>callObjNormallyParallel</a> (<a href="matlab: opentoline('C:\Program Files\MATLAB\R2024b\toolbox\stats\bayesoptim\+bayesoptim\callObjFcnParallel.m',45,0)">line 45</a>)
            Objective = ObjectiveFcn(conditionalizedX);
                        ^^^^^^^^^^^^^^^^^^^^^^^^^^^^^^
Error in <a href="matlab:matlab.lang.internal.introspective.errorDocCallback('bayesoptim.callObjFcnParallel', 'C:\Program Files\MATLAB\R2024b\toolbox\stats\bayesoptim\+bayesoptim\callObjFcnParallel.m', 12)" style="font-weight:bold">bayesoptim.callObjFcnParallel</a> (<a href="matlab: opentoline('C:\Program Files\MATLAB\R2024b\toolbox\stats\bayesoptim\+bayesoptim\callObjFcnParallel.m',12,0)">line 12</a>)
        = callObjNormallyParallel(ObjectiveFcn, ObjectiveNargout, NumCoupledConstraints, conditionalizedX);
          ^^^^^^^^^^^^^^^^^^^^^^^^^^^^^^^^^^^^^^^^^^^^^^^^^^^^^^^^^^^^^^^^^^^^^^^^^^^^^^^^^^^^^^^^^^^^^^^^
<a href="matlab:helpview('matlab','error_sizeDimensionsMustMatch')" style="font-weight:bold">Related documentation</a>

[13:15:06] w02: start objective; params=[{"channels1":58,"channels2":22,"kernel_size1":9,"kernel_size2":13,"kernel_size3":11,"dilation_factor":2,"batch_size":9,"learning_rate":0.0016564808202884163}]
[13:15:06] w02: Preparing datastores for training and validation...

[13:15:06] w02: Using single frequency datastore for frequency index 4

[13:15:09] w02: 1 am here before gpu
[13:15:09] w02: 2 am here after gpu
[13:15:10] w02: Training network (Final=0) on cpu for 10 epochs...

[13:15:25] w02: start objective; params=[{"channels1":43,"channels2":22,"kernel_size1":7,"kernel_size2":13,"kernel_size3":12,"dilation_factor":4,"batch_size":8,"learning_rate":0.0078864776127079549}]
[13:15:25] w02: Preparing datastores for training and validation...

[13:15:25] w02: Using single frequency datastore for frequency index 4

[13:15:29] w02: 1 am here before gpu
[13:15:29] w02: 2 am here after gpu
[13:15:29] w02: Training network (Final=0) on cpu for 10 epochs...

[13:15:48] w02: start objective; params=[{"channels1":61,"channels2":20,"kernel_size1":13,"kernel_size2":15,"kernel_size3":15,"dilation_factor":3,"batch_size":10,"learning_rate":0.0013095206001126098}]
[13:15:48] w02: Preparing datastores for training and validation...

[13:15:48] w02: Using single frequency datastore for frequency index 4

[13:15:56] w02: 1 am here before gpu
[13:15:56] w02: 2 am here after gpu
[13:15:57] w02: Training network (Final=0) on cpu for 10 epochs...

[13:16:26] w02: start objective; params=[{"channels1":57,"channels2":21,"kernel_size1":17,"kernel_size2":14,"kernel_size3":15,"dilation_factor":8,"batch_size":13,"learning_rate":0.0010046505128126354}]
[13:16:26] w02: Preparing datastores for training and validation...

[13:16:26] w02: Using single frequency datastore for frequency index 4

[13:16:35] w02: 1 am here before gpu
[13:16:35] w02: 2 am here after gpu
[13:16:36] w02: Training network (Final=0) on cpu for 10 epochs...

[13:17:05] w02: start objective; params=[{"channels1":48,"channels2":20,"kernel_size1":17,"kernel_size2":15,"kernel_size3":11,"dilation_factor":4,"batch_size":10,"learning_rate":0.0010464401562963652}]
[13:17:05] w02: Preparing datastores for training and validation...

[13:17:05] w02: Using single frequency datastore for frequency index 4

[13:17:13] w02: 1 am here before gpu
[13:17:13] w02: 2 am here after gpu
[13:17:13] w02: Training network (Final=0) on cpu for 10 epochs...

[13:17:42] w02: start objective; params=[{"channels1":61,"channels2":32,"kernel_size1":17,"kernel_size2":15,"kernel_size3":15,"dilation_factor":2,"batch_size":10,"learning_rate":0.0031155824713273916}]
[13:17:42] w02: Preparing datastores for training and validation...

[13:17:42] w02: Using single frequency datastore for frequency index 4

[13:17:49] w02: 1 am here before gpu
[13:17:49] w02: 2 am here after gpu
[13:17:50] w02: Training network (Final=0) on cpu for 10 epochs...

[13:18:26] w02: start objective; params=[{"channels1":63,"channels2":19,"kernel_size1":20,"kernel_size2":14,"kernel_size3":12,"dilation_factor":5,"batch_size":10,"learning_rate":0.0014784391129031363}]
[13:18:26] w02: Preparing datastores for training and validation...

[13:18:26] w02: Using single frequency datastore for frequency index 4

[13:18:34] w02: 1 am here before gpu
[13:18:34] w02: 2 am here after gpu
[13:18:34] w02: Training network (Final=0) on cpu for 10 epochs...

[13:19:02] w02: start objective; params=[{"channels1":63,"channels2":24,"kernel_size1":12,"kernel_size2":12,"kernel_size3":11,"dilation_factor":2,"batch_size":11,"learning_rate":0.0013214958297079193}]
[13:19:02] w02: Preparing datastores for training and validation...

[13:19:02] w02: Using single frequency datastore for frequency index 4

[13:19:10] w02: 1 am here before gpu
[13:19:10] w02: 2 am here after gpu
[13:19:10] w02: Training network (Final=0) on cpu for 10 epochs...

[13:19:32] w02: start objective; params=[{"channels1":60,"channels2":28,"kernel_size1":12,"kernel_size2":15,"kernel_size3":13,"dilation_factor":5,"batch_size":10,"learning_rate":0.0026835519184288973}]
[13:19:32] w02: Preparing datastores for training and validation...

[13:19:32] w02: Using single frequency datastore for frequency index 4

[13:19:39] w02: 1 am here before gpu
[13:19:39] w02: 2 am here after gpu
[13:19:39] w02: Training network (Final=0) on cpu for 10 epochs...

[13:20:02] w02: start objective; params=[{"channels1":59,"channels2":23,"kernel_size1":13,"kernel_size2":15,"kernel_size3":10,"dilation_factor":4,"batch_size":10,"learning_rate":0.0012327410004872596}]
[13:20:02] w02: Preparing datastores for training and validation...

[13:20:02] w02: Using single frequency datastore for frequency index 4

[13:20:10] w02: 1 am here before gpu
[13:20:10] w02: 2 am here after gpu
[13:20:10] w02: Training network (Final=0) on cpu for 10 epochs...

[13:20:35] w02: start objective; params=[{"channels1":61,"channels2":21,"kernel_size1":11,"kernel_size2":15,"kernel_size3":11,"dilation_factor":3,"batch_size":8,"learning_rate":0.0029964058656026735}]
[13:20:35] w02: Preparing datastores for training and validation...

[13:20:35] w02: Using single frequency datastore for frequency index 4

[13:20:42] w02: 1 am here before gpu
[13:20:42] w02: 2 am here after gpu
[13:20:43] w02: Training network (Final=0) on cpu for 10 epochs...

[13:21:13] w02: start objective; params=[{"channels1":62,"channels2":29,"kernel_size1":12,"kernel_size2":15,"kernel_size3":15,"dilation_factor":4,"batch_size":10,"learning_rate":0.00415607233609088}]
[13:21:13] w02: Preparing datastores for training and validation...

[13:21:13] w02: Using single frequency datastore for frequency index 4

[13:21:20] w02: 1 am here before gpu
[13:21:20] w02: 2 am here after gpu
[13:21:20] w02: Training network (Final=0) on cpu for 10 epochs...

[13:21:43] w02: start objective; params=[{"channels1":61,"channels2":20,"kernel_size1":12,"kernel_size2":14,"kernel_size3":15,"dilation_factor":7,"batch_size":9,"learning_rate":0.0039164419995355295}]
[13:21:43] w02: Preparing datastores for training and validation...

[13:21:43] w02: Using single frequency datastore for frequency index 4

[13:21:50] w02: 1 am here before gpu
[13:21:50] w02: 2 am here after gpu
[13:21:51] w02: Training network (Final=0) on cpu for 10 epochs...

[13:22:17] w02: start objective; params=[{"channels1":43,"channels2":21,"kernel_size1":11,"kernel_size2":11,"kernel_size3":15,"dilation_factor":3,"batch_size":11,"learning_rate":0.0016959154562998556}]
[13:22:17] w02: Preparing datastores for training and validation...

[13:22:17] w02: Using single frequency datastore for frequency index 4

[13:22:24] w02: 1 am here before gpu
[13:22:24] w02: 2 am here after gpu
[13:22:24] w02: Training network (Final=0) on cpu for 10 epochs...

[13:22:46] w02: start objective; params=[{"channels1":62,"channels2":20,"kernel_size1":11,"kernel_size2":11,"kernel_size3":15,"dilation_factor":3,"batch_size":11,"learning_rate":0.0029112759728166472}]
[13:22:46] w02: Preparing datastores for training and validation...

[13:22:46] w02: Using single frequency datastore for frequency index 4

[13:22:54] w02: 1 am here before gpu
[13:22:54] w02: 2 am here after gpu
[13:22:55] w02: Training network (Final=0) on cpu for 10 epochs...

[13:23:27] w02: start objective; params=[{"channels1":61,"channels2":20,"kernel_size1":14,"kernel_size2":13,"kernel_size3":15,"dilation_factor":4,"batch_size":10,"learning_rate":0.0067588079740970915}]
[13:23:27] w02: Preparing datastores for training and validation...

[13:23:27] w02: Using single frequency datastore for frequency index 4

[13:23:33] w02: 1 am here before gpu
[13:23:33] w02: 2 am here after gpu
[13:23:34] w02: Training network (Final=0) on cpu for 10 epochs...

[13:24:02] w02: start objective; params=[{"channels1":60,"channels2":28,"kernel_size1":12,"kernel_size2":14,"kernel_size3":15,"dilation_factor":4,"batch_size":10,"learning_rate":0.0011431352979626103}]
[13:24:02] w02: Preparing datastores for training and validation...

[13:24:02] w02: Using single frequency datastore for frequency index 4

[13:24:11] w02: 1 am here before gpu
[13:24:11] w02: 2 am here after gpu
[13:24:12] w02: Training network (Final=0) on cpu for 10 epochs...

[13:24:40] w02: start objective; params=[{"channels1":61,"channels2":27,"kernel_size1":8,"kernel_size2":11,"kernel_size3":15,"dilation_factor":3,"batch_size":10,"learning_rate":0.0011824448834799469}]
[13:24:40] w02: Preparing datastores for training and validation...

[13:24:40] w02: Using single frequency datastore for frequency index 4

[13:24:48] w02: 1 am here before gpu
[13:24:48] w02: 2 am here after gpu
[13:24:48] w02: Training network (Final=0) on cpu for 10 epochs...

[13:25:29] w02: start objective; params=[{"channels1":61,"channels2":17,"kernel_size1":15,"kernel_size2":15,"kernel_size3":14,"dilation_factor":3,"batch_size":7,"learning_rate":0.0010093986345957233}]
[13:25:29] w02: Preparing datastores for training and validation...

[13:25:29] w02: Using single frequency datastore for frequency index 4

[13:25:36] w02: 1 am here before gpu
[13:25:36] w02: 2 am here after gpu
[13:25:37] w02: Training network (Final=0) on cpu for 10 epochs...

[13:26:20] w02: start objective; params=[{"channels1":62,"channels2":22,"kernel_size1":15,"kernel_size2":15,"kernel_size3":15,"dilation_factor":3,"batch_size":8,"learning_rate":0.0013592018905716717}]
[13:26:20] w02: Preparing datastores for training and validation...

[13:26:20] w02: Using single frequency datastore for frequency index 4

[13:26:28] w02: 1 am here before gpu
[13:26:28] w02: 2 am here after gpu
[13:26:29] w02: Training network (Final=0) on cpu for 10 epochs...

[13:27:06] w02: start objective; params=[{"channels1":60,"channels2":20,"kernel_size1":14,"kernel_size2":15,"kernel_size3":13,"dilation_factor":4,"batch_size":4,"learning_rate":0.0026985187125712989}]
[13:27:06] w02: Preparing datastores for training and validation...

[13:27:06] w02: Using single frequency datastore for frequency index 4

[13:27:14] w02: 1 am here before gpu
[13:27:14] w02: 2 am here after gpu
[13:27:14] w02: Training failed: The class architectures_container has no Constant property or Static method named 'helperhelperELU'.

[13:27:14] w02: The class architectures_container has no Constant property or Static method named 'helperhelperELU'.

Error in <a href="matlab:matlab.lang.internal.introspective.errorDocCallback('architectures_container.buildOptimizedNetwork_compressed_downsampled_sin_freq_RES', 'C:\Users\Maria\Documents\Honours Programme\Networks\GAN\src\models\architectures_container.m', 1251)" style="font-weight:bold">architectures_container.buildOptimizedNetwork_compressed_downsampled_sin_freq_RES</a> (<a href="matlab: opentoline('C:\Users\Maria\Documents\Honours Programme\Networks\GAN\src\models\architectures_container.m',1251,0)">line 1251</a>)
                    architectures_container.helperhelperELU(sprintf("elu_dec_6_%d", i))
                    ^^^^^^^^^^^^^^^^^^^^^^^^^^^^^^^^^^^^^^^^^^^^^^^^^^^^^^^^^^^^^^^^^^^
Error in <a href="matlab:matlab.lang.internal.introspective.errorDocCallback('Bayesian_optimization_downsampled_one_path>trainAndEvaluateAE', 'C:\Users\Maria\Documents\Honours Programme\Networks\GAN\src\training\Bayesian_optimization_downsampled_one_path.m', 288)" style="font-weight:bold">Bayesian_optimization_downsampled_one_path>trainAndEvaluateAE</a> (<a href="matlab: opentoline('C:\Users\Maria\Documents\Honours Programme\Networks\GAN\src\training\Bayesian_optimization_downsampled_one_path.m',288,0)">line 288</a>)
            net = architectures_container.buildOptimizedNetwork_compressed_downsampled_sin_freq_RES(params);
                  ^^^^^^^^^^^^^^^^^^^^^^^^^^^^^^^^^^^^^^^^^^^^^^^^^^^^^^^^^^^^^^^^^^^^^^^^^^^^^^^^^^^^^^^^^
Error in <a href="matlab:matlab.lang.internal.introspective.errorDocCallback('Bayesian_optimization_downsampled_one_path>@(params)trainAndEvaluateAE(params,dataCfg,''network_type'',network_type)', 'C:\Users\Maria\Documents\Honours Programme\Networks\GAN\src\training\Bayesian_optimization_downsampled_one_path.m', 102)" style="font-weight:bold">Bayesian_optimization_downsampled_one_path>@(params)trainAndEvaluateAE(params,dataCfg,'network_type',network_type)</a> (<a href="matlab: opentoline('C:\Users\Maria\Documents\Honours Programme\Networks\GAN\src\training\Bayesian_optimization_downsampled_one_path.m',102,0)">line 102</a>)
objectiveFcn = @(params) trainAndEvaluateAE(params, dataCfg, 'network_type', network_type);
                         ^^^^^^^^^^^^^^^^^^^^^^^^^^^^^^^^^^^^^^^^^^^^^^^^^^^^^^^^^^^^^^^^^
Error in <a href="matlab:matlab.lang.internal.introspective.errorDocCallback('bayesoptim.callObjFcnParallel>callObjNormallyParallel', 'C:\Program Files\MATLAB\R2024b\toolbox\stats\bayesoptim\+bayesoptim\callObjFcnParallel.m', 45)" style="font-weight:bold">bayesoptim.callObjFcnParallel>callObjNormallyParallel</a> (<a href="matlab: opentoline('C:\Program Files\MATLAB\R2024b\toolbox\stats\bayesoptim\+bayesoptim\callObjFcnParallel.m',45,0)">line 45</a>)
            Objective = ObjectiveFcn(conditionalizedX);
                        ^^^^^^^^^^^^^^^^^^^^^^^^^^^^^^
Error in <a href="matlab:matlab.lang.internal.introspective.errorDocCallback('bayesoptim.callObjFcnParallel', 'C:\Program Files\MATLAB\R2024b\toolbox\stats\bayesoptim\+bayesoptim\callObjFcnParallel.m', 12)" style="font-weight:bold">bayesoptim.callObjFcnParallel</a> (<a href="matlab: opentoline('C:\Program Files\MATLAB\R2024b\toolbox\stats\bayesoptim\+bayesoptim\callObjFcnParallel.m',12,0)">line 12</a>)
        = callObjNormallyParallel(ObjectiveFcn, ObjectiveNargout, NumCoupledConstraints, conditionalizedX);
          ^^^^^^^^^^^^^^^^^^^^^^^^^^^^^^^^^^^^^^^^^^^^^^^^^^^^^^^^^^^^^^^^^^^^^^^^^^^^^^^^^^^^^^^^^^^^^^^^

[13:27:15] w02: start objective; params=[{"channels1":50,"channels2":29,"kernel_size1":20,"kernel_size2":10,"kernel_size3":15,"dilation_factor":8,"batch_size":15,"learning_rate":0.0050329289693689713}]
[13:27:15] w02: Preparing datastores for training and validation...

[13:27:15] w02: Using single frequency datastore for frequency index 4

[13:27:23] w02: 1 am here before gpu
[13:27:23] w02: 2 am here after gpu
[13:27:23] w02: Training failed: The class architectures_container has no Constant property or Static method named 'helperhelperELU'.

[13:27:23] w02: The class architectures_container has no Constant property or Static method named 'helperhelperELU'.

Error in <a href="matlab:matlab.lang.internal.introspective.errorDocCallback('architectures_container.buildOptimizedNetwork_compressed_downsampled_sin_freq_RES', 'C:\Users\Maria\Documents\Honours Programme\Networks\GAN\src\models\architectures_container.m', 1251)" style="font-weight:bold">architectures_container.buildOptimizedNetwork_compressed_downsampled_sin_freq_RES</a> (<a href="matlab: opentoline('C:\Users\Maria\Documents\Honours Programme\Networks\GAN\src\models\architectures_container.m',1251,0)">line 1251</a>)
                    architectures_container.helperELU(sprintf("elu_dec_6_%d", i))
                    ^^^^^^^^^^^^^^^^^^^^^^^^^^^^^^^^^^^^^^^^^^^^^^^^^^^^^^^^^^^^^
Error in <a href="matlab:matlab.lang.internal.introspective.errorDocCallback('Bayesian_optimization_downsampled_one_path>trainAndEvaluateAE', 'C:\Users\Maria\Documents\Honours Programme\Networks\GAN\src\training\Bayesian_optimization_downsampled_one_path.m', 288)" style="font-weight:bold">Bayesian_optimization_downsampled_one_path>trainAndEvaluateAE</a> (<a href="matlab: opentoline('C:\Users\Maria\Documents\Honours Programme\Networks\GAN\src\training\Bayesian_optimization_downsampled_one_path.m',288,0)">line 288</a>)
            net = architectures_container.buildOptimizedNetwork_compressed_downsampled_sin_freq_RES(params);
                  ^^^^^^^^^^^^^^^^^^^^^^^^^^^^^^^^^^^^^^^^^^^^^^^^^^^^^^^^^^^^^^^^^^^^^^^^^^^^^^^^^^^^^^^^^
Error in <a href="matlab:matlab.lang.internal.introspective.errorDocCallback('Bayesian_optimization_downsampled_one_path>@(params)trainAndEvaluateAE(params,dataCfg,''network_type'',network_type)', 'C:\Users\Maria\Documents\Honours Programme\Networks\GAN\src\training\Bayesian_optimization_downsampled_one_path.m', 102)" style="font-weight:bold">Bayesian_optimization_downsampled_one_path>@(params)trainAndEvaluateAE(params,dataCfg,'network_type',network_type)</a> (<a href="matlab: opentoline('C:\Users\Maria\Documents\Honours Programme\Networks\GAN\src\training\Bayesian_optimization_downsampled_one_path.m',102,0)">line 102</a>)
objectiveFcn = @(params) trainAndEvaluateAE(params, dataCfg, 'network_type', network_type);
                         ^^^^^^^^^^^^^^^^^^^^^^^^^^^^^^^^^^^^^^^^^^^^^^^^^^^^^^^^^^^^^^^^^
Error in <a href="matlab:matlab.lang.internal.introspective.errorDocCallback('bayesoptim.callObjFcnParallel>callObjNormallyParallel', 'C:\Program Files\MATLAB\R2024b\toolbox\stats\bayesoptim\+bayesoptim\callObjFcnParallel.m', 45)" style="font-weight:bold">bayesoptim.callObjFcnParallel>callObjNormallyParallel</a> (<a href="matlab: opentoline('C:\Program Files\MATLAB\R2024b\toolbox\stats\bayesoptim\+bayesoptim\callObjFcnParallel.m',45,0)">line 45</a>)
            Objective = ObjectiveFcn(conditionalizedX);
                        ^^^^^^^^^^^^^^^^^^^^^^^^^^^^^^
Error in <a href="matlab:matlab.lang.internal.introspective.errorDocCallback('bayesoptim.callObjFcnParallel', 'C:\Program Files\MATLAB\R2024b\toolbox\stats\bayesoptim\+bayesoptim\callObjFcnParallel.m', 12)" style="font-weight:bold">bayesoptim.callObjFcnParallel</a> (<a href="matlab: opentoline('C:\Program Files\MATLAB\R2024b\toolbox\stats\bayesoptim\+bayesoptim\callObjFcnParallel.m',12,0)">line 12</a>)
        = callObjNormallyParallel(ObjectiveFcn, ObjectiveNargout, NumCoupledConstraints, conditionalizedX);
          ^^^^^^^^^^^^^^^^^^^^^^^^^^^^^^^^^^^^^^^^^^^^^^^^^^^^^^^^^^^^^^^^^^^^^^^^^^^^^^^^^^^^^^^^^^^^^^^^

[13:27:24] w02: start objective; params=[{"channels1":48,"channels2":17,"kernel_size1":17,"kernel_size2":12,"kernel_size3":14,"dilation_factor":3,"batch_size":16,"learning_rate":0.0018880802257611622}]
[13:27:24] w02: Preparing datastores for training and validation...

[13:27:24] w02: Using single frequency datastore for frequency index 4

[13:27:30] w02: 1 am here before gpu
[13:27:30] w02: 2 am here after gpu
[13:27:30] w02: Training failed: The class architectures_container has no Constant property or Static method named 'helperhelperELU'.

[13:27:30] w02: The class architectures_container has no Constant property or Static method named 'helperhelperELU'.

Error in <a href="matlab:matlab.lang.internal.introspective.errorDocCallback('architectures_container.buildOptimizedNetwork_compressed_downsampled_sin_freq_RES', 'C:\Users\Maria\Documents\Honours Programme\Networks\GAN\src\models\architectures_container.m', 1251)" style="font-weight:bold">architectures_container.buildOptimizedNetwork_compressed_downsampled_sin_freq_RES</a> (<a href="matlab: opentoline('C:\Users\Maria\Documents\Honours Programme\Networks\GAN\src\models\architectures_container.m',1251,0)">line 1251</a>)
                    architectures_container.helperELU(sprintf("elu_dec_6_%d", i))
                    ^^^^^^^^^^^^^^^^^^^^^^^^^^^^^^^^^^^^^^^^^^^^^^^^^^^^^^^^^^^^^
Error in <a href="matlab:matlab.lang.internal.introspective.errorDocCallback('Bayesian_optimization_downsampled_one_path>trainAndEvaluateAE', 'C:\Users\Maria\Documents\Honours Programme\Networks\GAN\src\training\Bayesian_optimization_downsampled_one_path.m', 288)" style="font-weight:bold">Bayesian_optimization_downsampled_one_path>trainAndEvaluateAE</a> (<a href="matlab: opentoline('C:\Users\Maria\Documents\Honours Programme\Networks\GAN\src\training\Bayesian_optimization_downsampled_one_path.m',288,0)">line 288</a>)
            net = architectures_container.buildOptimizedNetwork_compressed_downsampled_sin_freq_RES(params);
                  ^^^^^^^^^^^^^^^^^^^^^^^^^^^^^^^^^^^^^^^^^^^^^^^^^^^^^^^^^^^^^^^^^^^^^^^^^^^^^^^^^^^^^^^^^
Error in <a href="matlab:matlab.lang.internal.introspective.errorDocCallback('Bayesian_optimization_downsampled_one_path>@(params)trainAndEvaluateAE(params,dataCfg,''network_type'',network_type)', 'C:\Users\Maria\Documents\Honours Programme\Networks\GAN\src\training\Bayesian_optimization_downsampled_one_path.m', 102)" style="font-weight:bold">Bayesian_optimization_downsampled_one_path>@(params)trainAndEvaluateAE(params,dataCfg,'network_type',network_type)</a> (<a href="matlab: opentoline('C:\Users\Maria\Documents\Honours Programme\Networks\GAN\src\training\Bayesian_optimization_downsampled_one_path.m',102,0)">line 102</a>)
objectiveFcn = @(params) trainAndEvaluateAE(params, dataCfg, 'network_type', network_type);
                         ^^^^^^^^^^^^^^^^^^^^^^^^^^^^^^^^^^^^^^^^^^^^^^^^^^^^^^^^^^^^^^^^^
Error in <a href="matlab:matlab.lang.internal.introspective.errorDocCallback('bayesoptim.callObjFcnParallel>callObjNormallyParallel', 'C:\Program Files\MATLAB\R2024b\toolbox\stats\bayesoptim\+bayesoptim\callObjFcnParallel.m', 45)" style="font-weight:bold">bayesoptim.callObjFcnParallel>callObjNormallyParallel</a> (<a href="matlab: opentoline('C:\Program Files\MATLAB\R2024b\toolbox\stats\bayesoptim\+bayesoptim\callObjFcnParallel.m',45,0)">line 45</a>)
            Objective = ObjectiveFcn(conditionalizedX);
                        ^^^^^^^^^^^^^^^^^^^^^^^^^^^^^^
Error in <a href="matlab:matlab.lang.internal.introspective.errorDocCallback('bayesoptim.callObjFcnParallel', 'C:\Program Files\MATLAB\R2024b\toolbox\stats\bayesoptim\+bayesoptim\callObjFcnParallel.m', 12)" style="font-weight:bold">bayesoptim.callObjFcnParallel</a> (<a href="matlab: opentoline('C:\Program Files\MATLAB\R2024b\toolbox\stats\bayesoptim\+bayesoptim\callObjFcnParallel.m',12,0)">line 12</a>)
        = callObjNormallyParallel(ObjectiveFcn, ObjectiveNargout, NumCoupledConstraints, conditionalizedX);
          ^^^^^^^^^^^^^^^^^^^^^^^^^^^^^^^^^^^^^^^^^^^^^^^^^^^^^^^^^^^^^^^^^^^^^^^^^^^^^^^^^^^^^^^^^^^^^^^^

[13:27:30] w02: start objective; params=[{"channels1":55,"channels2":17,"kernel_size1":13,"kernel_size2":15,"kernel_size3":15,"dilation_factor":5,"batch_size":12,"learning_rate":0.0098711668189002191}]
[13:27:30] w02: Preparing datastores for training and validation...

[13:27:30] w02: Using single frequency datastore for frequency index 4

[13:27:34] w02: 1 am here before gpu
[13:27:34] w02: 2 am here after gpu
[13:27:34] w02: Training failed: The class architectures_container has no Constant property or Static method named 'helperhelperELU'.

[13:27:34] w02: The class architectures_container has no Constant property or Static method named 'helperhelperELU'.

Error in <a href="matlab:matlab.lang.internal.introspective.errorDocCallback('architectures_container.buildOptimizedNetwork_compressed_downsampled_sin_freq_RES', 'C:\Users\Maria\Documents\Honours Programme\Networks\GAN\src\models\architectures_container.m', 1251)" style="font-weight:bold">architectures_container.buildOptimizedNetwork_compressed_downsampled_sin_freq_RES</a> (<a href="matlab: opentoline('C:\Users\Maria\Documents\Honours Programme\Networks\GAN\src\models\architectures_container.m',1251,0)">line 1251</a>)
                    architectures_container.helperELU(sprintf("elu_dec_6_%d", i))
                    ^^^^^^^^^^^^^^^^^^^^^^^^^^^^^^^^^^^^^^^^^^^^^^^^^^^^^^^^^^^^^
Error in <a href="matlab:matlab.lang.internal.introspective.errorDocCallback('Bayesian_optimization_downsampled_one_path>trainAndEvaluateAE', 'C:\Users\Maria\Documents\Honours Programme\Networks\GAN\src\training\Bayesian_optimization_downsampled_one_path.m', 288)" style="font-weight:bold">Bayesian_optimization_downsampled_one_path>trainAndEvaluateAE</a> (<a href="matlab: opentoline('C:\Users\Maria\Documents\Honours Programme\Networks\GAN\src\training\Bayesian_optimization_downsampled_one_path.m',288,0)">line 288</a>)
            net = architectures_container.buildOptimizedNetwork_compressed_downsampled_sin_freq_RES(params);
                  ^^^^^^^^^^^^^^^^^^^^^^^^^^^^^^^^^^^^^^^^^^^^^^^^^^^^^^^^^^^^^^^^^^^^^^^^^^^^^^^^^^^^^^^^^
Error in <a href="matlab:matlab.lang.internal.introspective.errorDocCallback('Bayesian_optimization_downsampled_one_path>@(params)trainAndEvaluateAE(params,dataCfg,''network_type'',network_type)', 'C:\Users\Maria\Documents\Honours Programme\Networks\GAN\src\training\Bayesian_optimization_downsampled_one_path.m', 102)" style="font-weight:bold">Bayesian_optimization_downsampled_one_path>@(params)trainAndEvaluateAE(params,dataCfg,'network_type',network_type)</a> (<a href="matlab: opentoline('C:\Users\Maria\Documents\Honours Programme\Networks\GAN\src\training\Bayesian_optimization_downsampled_one_path.m',102,0)">line 102</a>)
objectiveFcn = @(params) trainAndEvaluateAE(params, dataCfg, 'network_type', network_type);
                         ^^^^^^^^^^^^^^^^^^^^^^^^^^^^^^^^^^^^^^^^^^^^^^^^^^^^^^^^^^^^^^^^^
Error in <a href="matlab:matlab.lang.internal.introspective.errorDocCallback('bayesoptim.callObjFcnParallel>callObjNormallyParallel', 'C:\Program Files\MATLAB\R2024b\toolbox\stats\bayesoptim\+bayesoptim\callObjFcnParallel.m', 45)" style="font-weight:bold">bayesoptim.callObjFcnParallel>callObjNormallyParallel</a> (<a href="matlab: opentoline('C:\Program Files\MATLAB\R2024b\toolbox\stats\bayesoptim\+bayesoptim\callObjFcnParallel.m',45,0)">line 45</a>)
            Objective = ObjectiveFcn(conditionalizedX);
                        ^^^^^^^^^^^^^^^^^^^^^^^^^^^^^^
Error in <a href="matlab:matlab.lang.internal.introspective.errorDocCallback('bayesoptim.callObjFcnParallel', 'C:\Program Files\MATLAB\R2024b\toolbox\stats\bayesoptim\+bayesoptim\callObjFcnParallel.m', 12)" style="font-weight:bold">bayesoptim.callObjFcnParallel</a> (<a href="matlab: opentoline('C:\Program Files\MATLAB\R2024b\toolbox\stats\bayesoptim\+bayesoptim\callObjFcnParallel.m',12,0)">line 12</a>)
        = callObjNormallyParallel(ObjectiveFcn, ObjectiveNargout, NumCoupledConstraints, conditionalizedX);
          ^^^^^^^^^^^^^^^^^^^^^^^^^^^^^^^^^^^^^^^^^^^^^^^^^^^^^^^^^^^^^^^^^^^^^^^^^^^^^^^^^^^^^^^^^^^^^^^^

[13:27:35] w02: start objective; params=[{"channels1":41,"channels2":24,"kernel_size1":15,"kernel_size2":15,"kernel_size3":14,"dilation_factor":7,"batch_size":7,"learning_rate":0.0012682606739033487}]
[13:27:35] w02: Preparing datastores for training and validation...

[13:27:35] w02: Using single frequency datastore for frequency index 4

[13:27:40] w02: 1 am here before gpu
[13:27:40] w02: 2 am here after gpu
[13:27:40] w02: Training failed: The class architectures_container has no Constant property or Static method named 'helperhelperELU'.

[13:27:40] w02: The class architectures_container has no Constant property or Static method named 'helperhelperELU'.

Error in <a href="matlab:matlab.lang.internal.introspective.errorDocCallback('architectures_container.buildOptimizedNetwork_compressed_downsampled_sin_freq_RES', 'C:\Users\Maria\Documents\Honours Programme\Networks\GAN\src\models\architectures_container.m', 1251)" style="font-weight:bold">architectures_container.buildOptimizedNetwork_compressed_downsampled_sin_freq_RES</a> (<a href="matlab: opentoline('C:\Users\Maria\Documents\Honours Programme\Networks\GAN\src\models\architectures_container.m',1251,0)">line 1251</a>)
                    architectures_container.helperELU(sprintf("elu_dec_6_%d", i))
                    ^^^^^^^^^^^^^^^^^^^^^^^^^^^^^^^^^^^^^^^^^^^^^^^^^^^^^^^^^^^^^
Error in <a href="matlab:matlab.lang.internal.introspective.errorDocCallback('Bayesian_optimization_downsampled_one_path>trainAndEvaluateAE', 'C:\Users\Maria\Documents\Honours Programme\Networks\GAN\src\training\Bayesian_optimization_downsampled_one_path.m', 288)" style="font-weight:bold">Bayesian_optimization_downsampled_one_path>trainAndEvaluateAE</a> (<a href="matlab: opentoline('C:\Users\Maria\Documents\Honours Programme\Networks\GAN\src\training\Bayesian_optimization_downsampled_one_path.m',288,0)">line 288</a>)
            net = architectures_container.buildOptimizedNetwork_compressed_downsampled_sin_freq_RES(params);
                  ^^^^^^^^^^^^^^^^^^^^^^^^^^^^^^^^^^^^^^^^^^^^^^^^^^^^^^^^^^^^^^^^^^^^^^^^^^^^^^^^^^^^^^^^^
Error in <a href="matlab:matlab.lang.internal.introspective.errorDocCallback('Bayesian_optimization_downsampled_one_path>@(params)trainAndEvaluateAE(params,dataCfg,''network_type'',network_type)', 'C:\Users\Maria\Documents\Honours Programme\Networks\GAN\src\training\Bayesian_optimization_downsampled_one_path.m', 102)" style="font-weight:bold">Bayesian_optimization_downsampled_one_path>@(params)trainAndEvaluateAE(params,dataCfg,'network_type',network_type)</a> (<a href="matlab: opentoline('C:\Users\Maria\Documents\Honours Programme\Networks\GAN\src\training\Bayesian_optimization_downsampled_one_path.m',102,0)">line 102</a>)
objectiveFcn = @(params) trainAndEvaluateAE(params, dataCfg, 'network_type', network_type);
                         ^^^^^^^^^^^^^^^^^^^^^^^^^^^^^^^^^^^^^^^^^^^^^^^^^^^^^^^^^^^^^^^^^
Error in <a href="matlab:matlab.lang.internal.introspective.errorDocCallback('bayesoptim.callObjFcnParallel>callObjNormallyParallel', 'C:\Program Files\MATLAB\R2024b\toolbox\stats\bayesoptim\+bayesoptim\callObjFcnParallel.m', 45)" style="font-weight:bold">bayesoptim.callObjFcnParallel>callObjNormallyParallel</a> (<a href="matlab: opentoline('C:\Program Files\MATLAB\R2024b\toolbox\stats\bayesoptim\+bayesoptim\callObjFcnParallel.m',45,0)">line 45</a>)
            Objective = ObjectiveFcn(conditionalizedX);
                        ^^^^^^^^^^^^^^^^^^^^^^^^^^^^^^
Error in <a href="matlab:matlab.lang.internal.introspective.errorDocCallback('bayesoptim.callObjFcnParallel', 'C:\Program Files\MATLAB\R2024b\toolbox\stats\bayesoptim\+bayesoptim\callObjFcnParallel.m', 12)" style="font-weight:bold">bayesoptim.callObjFcnParallel</a> (<a href="matlab: opentoline('C:\Program Files\MATLAB\R2024b\toolbox\stats\bayesoptim\+bayesoptim\callObjFcnParallel.m',12,0)">line 12</a>)
        = callObjNormallyParallel(ObjectiveFcn, ObjectiveNargout, NumCoupledConstraints, conditionalizedX);
          ^^^^^^^^^^^^^^^^^^^^^^^^^^^^^^^^^^^^^^^^^^^^^^^^^^^^^^^^^^^^^^^^^^^^^^^^^^^^^^^^^^^^^^^^^^^^^^^^

[13:27:41] w02: start objective; params=[{"channels1":36,"channels2":16,"kernel_size1":9,"kernel_size2":13,"kernel_size3":14,"dilation_factor":7,"batch_size":8,"learning_rate":0.0015969014410695055}]
[13:27:41] w02: Preparing datastores for training and validation...

[13:27:41] w02: Using single frequency datastore for frequency index 4

[13:27:48] w02: 1 am here before gpu
[13:27:48] w02: 2 am here after gpu
[13:27:48] w02: Training failed: The class architectures_container has no Constant property or Static method named 'helperhelperELU'.

[13:27:49] w02: The class architectures_container has no Constant property or Static method named 'helperhelperELU'.

Error in <a href="matlab:matlab.lang.internal.introspective.errorDocCallback('architectures_container.buildOptimizedNetwork_compressed_downsampled_sin_freq_RES', 'C:\Users\Maria\Documents\Honours Programme\Networks\GAN\src\models\architectures_container.m', 1251)" style="font-weight:bold">architectures_container.buildOptimizedNetwork_compressed_downsampled_sin_freq_RES</a> (<a href="matlab: opentoline('C:\Users\Maria\Documents\Honours Programme\Networks\GAN\src\models\architectures_container.m',1251,0)">line 1251</a>)
                    architectures_container.helperELU(sprintf("elu_dec_6_%d", i))
                    ^^^^^^^^^^^^^^^^^^^^^^^^^^^^^^^^^^^^^^^^^^^^^^^^^^^^^^^^^^^^^
Error in <a href="matlab:matlab.lang.internal.introspective.errorDocCallback('Bayesian_optimization_downsampled_one_path>trainAndEvaluateAE', 'C:\Users\Maria\Documents\Honours Programme\Networks\GAN\src\training\Bayesian_optimization_downsampled_one_path.m', 288)" style="font-weight:bold">Bayesian_optimization_downsampled_one_path>trainAndEvaluateAE</a> (<a href="matlab: opentoline('C:\Users\Maria\Documents\Honours Programme\Networks\GAN\src\training\Bayesian_optimization_downsampled_one_path.m',288,0)">line 288</a>)
            net = architectures_container.buildOptimizedNetwork_compressed_downsampled_sin_freq_RES(params);
                  ^^^^^^^^^^^^^^^^^^^^^^^^^^^^^^^^^^^^^^^^^^^^^^^^^^^^^^^^^^^^^^^^^^^^^^^^^^^^^^^^^^^^^^^^^
Error in <a href="matlab:matlab.lang.internal.introspective.errorDocCallback('Bayesian_optimization_downsampled_one_path>@(params)trainAndEvaluateAE(params,dataCfg,''network_type'',network_type)', 'C:\Users\Maria\Documents\Honours Programme\Networks\GAN\src\training\Bayesian_optimization_downsampled_one_path.m', 102)" style="font-weight:bold">Bayesian_optimization_downsampled_one_path>@(params)trainAndEvaluateAE(params,dataCfg,'network_type',network_type)</a> (<a href="matlab: opentoline('C:\Users\Maria\Documents\Honours Programme\Networks\GAN\src\training\Bayesian_optimization_downsampled_one_path.m',102,0)">line 102</a>)
objectiveFcn = @(params) trainAndEvaluateAE(params, dataCfg, 'network_type', network_type);
                         ^^^^^^^^^^^^^^^^^^^^^^^^^^^^^^^^^^^^^^^^^^^^^^^^^^^^^^^^^^^^^^^^^
Error in <a href="matlab:matlab.lang.internal.introspective.errorDocCallback('bayesoptim.callObjFcnParallel>callObjNormallyParallel', 'C:\Program Files\MATLAB\R2024b\toolbox\stats\bayesoptim\+bayesoptim\callObjFcnParallel.m', 45)" style="font-weight:bold">bayesoptim.callObjFcnParallel>callObjNormallyParallel</a> (<a href="matlab: opentoline('C:\Program Files\MATLAB\R2024b\toolbox\stats\bayesoptim\+bayesoptim\callObjFcnParallel.m',45,0)">line 45</a>)
            Objective = ObjectiveFcn(conditionalizedX);
                        ^^^^^^^^^^^^^^^^^^^^^^^^^^^^^^
Error in <a href="matlab:matlab.lang.internal.introspective.errorDocCallback('bayesoptim.callObjFcnParallel', 'C:\Program Files\MATLAB\R2024b\toolbox\stats\bayesoptim\+bayesoptim\callObjFcnParallel.m', 12)" style="font-weight:bold">bayesoptim.callObjFcnParallel</a> (<a href="matlab: opentoline('C:\Program Files\MATLAB\R2024b\toolbox\stats\bayesoptim\+bayesoptim\callObjFcnParallel.m',12,0)">line 12</a>)
        = callObjNormallyParallel(ObjectiveFcn, ObjectiveNargout, NumCoupledConstraints, conditionalizedX);
          ^^^^^^^^^^^^^^^^^^^^^^^^^^^^^^^^^^^^^^^^^^^^^^^^^^^^^^^^^^^^^^^^^^^^^^^^^^^^^^^^^^^^^^^^^^^^^^^^

[13:27:50] w02: start objective; params=[{"channels1":55,"channels2":23,"kernel_size1":10,"kernel_size2":13,"kernel_size3":14,"dilation_factor":5,"batch_size":13,"learning_rate":0.0010292391333991441}]
[13:27:50] w02: Preparing datastores for training and validation...

[13:27:50] w02: Using single frequency datastore for frequency index 4

[13:27:59] w02: 1 am here before gpu
[13:27:59] w02: 2 am here after gpu
[13:27:59] w02: Training failed: The class architectures_container has no Constant property or Static method named 'helperhelperELU'.

[13:27:59] w02: The class architectures_container has no Constant property or Static method named 'helperhelperELU'.

Error in <a href="matlab:matlab.lang.internal.introspective.errorDocCallback('architectures_container.buildOptimizedNetwork_compressed_downsampled_sin_freq_RES', 'C:\Users\Maria\Documents\Honours Programme\Networks\GAN\src\models\architectures_container.m', 1251)" style="font-weight:bold">architectures_container.buildOptimizedNetwork_compressed_downsampled_sin_freq_RES</a> (<a href="matlab: opentoline('C:\Users\Maria\Documents\Honours Programme\Networks\GAN\src\models\architectures_container.m',1251,0)">line 1251</a>)
                    architectures_container.helperELU(sprintf("elu_dec_6_%d", i))
                    ^^^^^^^^^^^^^^^^^^^^^^^^^^^^^^^^^^^^^^^^^^^^^^^^^^^^^^^^^^^^^
Error in <a href="matlab:matlab.lang.internal.introspective.errorDocCallback('Bayesian_optimization_downsampled_one_path>trainAndEvaluateAE', 'C:\Users\Maria\Documents\Honours Programme\Networks\GAN\src\training\Bayesian_optimization_downsampled_one_path.m', 288)" style="font-weight:bold">Bayesian_optimization_downsampled_one_path>trainAndEvaluateAE</a> (<a href="matlab: opentoline('C:\Users\Maria\Documents\Honours Programme\Networks\GAN\src\training\Bayesian_optimization_downsampled_one_path.m',288,0)">line 288</a>)
            net = architectures_container.buildOptimizedNetwork_compressed_downsampled_sin_freq_RES(params);
                  ^^^^^^^^^^^^^^^^^^^^^^^^^^^^^^^^^^^^^^^^^^^^^^^^^^^^^^^^^^^^^^^^^^^^^^^^^^^^^^^^^^^^^^^^^
Error in <a href="matlab:matlab.lang.internal.introspective.errorDocCallback('Bayesian_optimization_downsampled_one_path>@(params)trainAndEvaluateAE(params,dataCfg,''network_type'',network_type)', 'C:\Users\Maria\Documents\Honours Programme\Networks\GAN\src\training\Bayesian_optimization_downsampled_one_path.m', 102)" style="font-weight:bold">Bayesian_optimization_downsampled_one_path>@(params)trainAndEvaluateAE(params,dataCfg,'network_type',network_type)</a> (<a href="matlab: opentoline('C:\Users\Maria\Documents\Honours Programme\Networks\GAN\src\training\Bayesian_optimization_downsampled_one_path.m',102,0)">line 102</a>)
objectiveFcn = @(params) trainAndEvaluateAE(params, dataCfg, 'network_type', network_type);
                         ^^^^^^^^^^^^^^^^^^^^^^^^^^^^^^^^^^^^^^^^^^^^^^^^^^^^^^^^^^^^^^^^^
Error in <a href="matlab:matlab.lang.internal.introspective.errorDocCallback('bayesoptim.callObjFcnParallel>callObjNormallyParallel', 'C:\Program Files\MATLAB\R2024b\toolbox\stats\bayesoptim\+bayesoptim\callObjFcnParallel.m', 45)" style="font-weight:bold">bayesoptim.callObjFcnParallel>callObjNormallyParallel</a> (<a href="matlab: opentoline('C:\Program Files\MATLAB\R2024b\toolbox\stats\bayesoptim\+bayesoptim\callObjFcnParallel.m',45,0)">line 45</a>)
            Objective = ObjectiveFcn(conditionalizedX);
                        ^^^^^^^^^^^^^^^^^^^^^^^^^^^^^^
Error in <a href="matlab:matlab.lang.internal.introspective.errorDocCallback('bayesoptim.callObjFcnParallel', 'C:\Program Files\MATLAB\R2024b\toolbox\stats\bayesoptim\+bayesoptim\callObjFcnParallel.m', 12)" style="font-weight:bold">bayesoptim.callObjFcnParallel</a> (<a href="matlab: opentoline('C:\Program Files\MATLAB\R2024b\toolbox\stats\bayesoptim\+bayesoptim\callObjFcnParallel.m',12,0)">line 12</a>)
        = callObjNormallyParallel(ObjectiveFcn, ObjectiveNargout, NumCoupledConstraints, conditionalizedX);
          ^^^^^^^^^^^^^^^^^^^^^^^^^^^^^^^^^^^^^^^^^^^^^^^^^^^^^^^^^^^^^^^^^^^^^^^^^^^^^^^^^^^^^^^^^^^^^^^^

[13:28:00] w02: start objective; params=[{"channels1":61,"channels2":23,"kernel_size1":15,"kernel_size2":13,"kernel_size3":11,"dilation_factor":3,"batch_size":7,"learning_rate":0.007683780742235885}]
[13:28:00] w02: Preparing datastores for training and validation...

[13:28:00] w02: Using single frequency datastore for frequency index 4

[13:29:56] w02: start objective; params=[{"channels1":58,"channels2":22,"kernel_size1":9,"kernel_size2":13,"kernel_size3":11,"dilation_factor":2,"batch_size":9,"learning_rate":0.0016564808202884163}]
[13:29:56] w02: Preparing datastores for training and validation...

[13:29:56] w02: Using single frequency datastore for frequency index 4

[13:30:03] w02: 1 am here before gpu
[13:30:03] w02: 2 am here after gpu
[13:30:05] w02: Training network (Final=0) on cpu for 10 epochs...

[13:30:38] w02: start objective; params=[{"channels1":43,"channels2":22,"kernel_size1":7,"kernel_size2":13,"kernel_size3":12,"dilation_factor":4,"batch_size":8,"learning_rate":0.0078864776127079549}]
[13:30:38] w02: Preparing datastores for training and validation...

[13:30:38] w02: Using single frequency datastore for frequency index 4

[13:30:45] w02: 1 am here before gpu
[13:30:45] w02: 2 am here after gpu
[13:30:45] w02: Training network (Final=0) on cpu for 10 epochs...

[13:31:04] w02: start objective; params=[{"channels1":57,"channels2":21,"kernel_size1":12,"kernel_size2":14,"kernel_size3":11,"dilation_factor":2,"batch_size":12,"learning_rate":0.0016452956640284017}]
[13:31:04] w02: Preparing datastores for training and validation...

[13:31:04] w02: Using single frequency datastore for frequency index 4

[13:31:08] w02: 1 am here before gpu
[13:31:08] w02: 2 am here after gpu
[13:31:09] w02: Training network (Final=0) on cpu for 10 epochs...

[13:31:29] w02: start objective; params=[{"channels1":53,"channels2":24,"kernel_size1":9,"kernel_size2":13,"kernel_size3":12,"dilation_factor":5,"batch_size":9,"learning_rate":0.0010307441113852737}]
[13:31:29] w02: Preparing datastores for training and validation...

[13:31:29] w02: Using single frequency datastore for frequency index 4

[13:31:35] w02: 1 am here before gpu
[13:31:35] w02: 2 am here after gpu
[13:31:35] w02: Training network (Final=0) on cpu for 10 epochs...

[13:31:50] w02: start objective; params=[{"channels1":48,"channels2":21,"kernel_size1":9,"kernel_size2":13,"kernel_size3":13,"dilation_factor":2,"batch_size":9,"learning_rate":0.0033552386005941239}]
[13:31:50] w02: Preparing datastores for training and validation...

[13:31:50] w02: Using single frequency datastore for frequency index 4

[13:31:53] w02: 1 am here before gpu
[13:31:53] w02: 2 am here after gpu
[13:31:54] w02: Training network (Final=0) on cpu for 10 epochs...

[13:32:09] w02: start objective; params=[{"channels1":61,"channels2":29,"kernel_size1":18,"kernel_size2":14,"kernel_size3":14,"dilation_factor":2,"batch_size":14,"learning_rate":0.0060050568475951823}]
[13:32:09] w02: Preparing datastores for training and validation...

[13:32:09] w02: Using single frequency datastore for frequency index 4

[13:32:12] w02: 1 am here before gpu
[13:32:12] w02: 2 am here after gpu
[13:32:13] w02: Training network (Final=0) on cpu for 10 epochs...

[13:32:22] w02: start objective; params=[{"channels1":59,"channels2":20,"kernel_size1":8,"kernel_size2":13,"kernel_size3":14,"dilation_factor":2,"batch_size":9,"learning_rate":0.0013200219352810896}]
[13:32:22] w02: Preparing datastores for training and validation...

[13:32:22] w02: Using single frequency datastore for frequency index 4

[13:32:26] w02: 1 am here before gpu
[13:32:26] w02: 2 am here after gpu
[13:32:26] w02: Training network (Final=0) on cpu for 10 epochs...

[13:32:55] w02: start objective; params=[{"channels1":58,"channels2":24,"kernel_size1":9,"kernel_size2":15,"kernel_size3":11,"dilation_factor":2,"batch_size":5,"learning_rate":0.0010373910013057495}]
[13:32:55] w02: Preparing datastores for training and validation...

[13:32:55] w02: Using single frequency datastore for frequency index 4

[13:33:02] w02: 1 am here before gpu
[13:33:02] w02: 2 am here after gpu
[13:33:02] w02: Training network (Final=0) on cpu for 10 epochs...

[13:34:13] w02: start objective; params=[{"channels1":59,"channels2":19,"kernel_size1":9,"kernel_size2":13,"kernel_size3":15,"dilation_factor":6,"batch_size":9,"learning_rate":0.0016666466445013665}]
[13:34:13] w02: Preparing datastores for training and validation...

[13:34:13] w02: Using single frequency datastore for frequency index 4

[13:34:21] w02: 1 am here before gpu
[13:34:21] w02: 2 am here after gpu
[13:34:21] w02: Training network (Final=0) on cpu for 10 epochs...

[13:34:51] w02: start objective; params=[{"channels1":63,"channels2":19,"kernel_size1":16,"kernel_size2":13,"kernel_size3":12,"dilation_factor":3,"batch_size":9,"learning_rate":0.0015447554109818435}]
[13:34:51] w02: Preparing datastores for training and validation...

[13:34:51] w02: Using single frequency datastore for frequency index 4

[13:35:01] w02: 1 am here before gpu
[13:35:01] w02: 2 am here after gpu
[13:35:01] w02: Training network (Final=0) on cpu for 10 epochs...

[13:35:34] w02: start objective; params=[{"channels1":38,"channels2":32,"kernel_size1":9,"kernel_size2":13,"kernel_size3":11,"dilation_factor":2,"batch_size":9,"learning_rate":0.0018421509993235361}]
[13:35:34] w02: Preparing datastores for training and validation...

[13:35:34] w02: Using single frequency datastore for frequency index 4

[13:35:41] w02: 1 am here before gpu
[13:35:41] w02: 2 am here after gpu
[13:35:41] w02: Training network (Final=0) on cpu for 10 epochs...

[13:36:09] w02: start objective; params=[{"channels1":59,"channels2":22,"kernel_size1":9,"kernel_size2":13,"kernel_size3":13,"dilation_factor":3,"batch_size":9,"learning_rate":0.0016794704671639535}]
[13:36:09] w02: Preparing datastores for training and validation...

[13:36:09] w02: Using single frequency datastore for frequency index 4

[13:36:16] w02: 1 am here before gpu
[13:36:16] w02: 2 am here after gpu
[13:36:16] w02: Training network (Final=0) on cpu for 10 epochs...

[13:36:46] w02: start objective; params=[{"channels1":46,"channels2":18,"kernel_size1":9,"kernel_size2":13,"kernel_size3":12,"dilation_factor":5,"batch_size":9,"learning_rate":0.0023691705381470251}]
[13:36:46] w02: Preparing datastores for training and validation...

[13:36:46] w02: Using single frequency datastore for frequency index 4

[13:36:53] w02: 1 am here before gpu
[13:36:53] w02: 2 am here after gpu
[13:36:53] w02: Training network (Final=0) on cpu for 10 epochs...

[13:37:22] w02: start objective; params=[{"channels1":63,"channels2":29,"kernel_size1":18,"kernel_size2":14,"kernel_size3":13,"dilation_factor":4,"batch_size":14,"learning_rate":0.0051388983474060877}]
[13:37:22] w02: Preparing datastores for training and validation...

[13:37:22] w02: Using single frequency datastore for frequency index 4

[13:37:29] w02: 1 am here before gpu
[13:37:29] w02: 2 am here after gpu
[13:37:30] w02: Training network (Final=0) on cpu for 10 epochs...

[13:37:44] w02: start objective; params=[{"channels1":58,"channels2":19,"kernel_size1":9,"kernel_size2":13,"kernel_size3":12,"dilation_factor":5,"batch_size":9,"learning_rate":0.002091872353606348}]
[13:37:44] w02: Preparing datastores for training and validation...

[13:37:44] w02: Using single frequency datastore for frequency index 4

[13:39:02] w02: start objective; params=[{"channels1":58,"channels2":22,"kernel_size1":9,"kernel_size2":13,"kernel_size3":11,"dilation_factor":2,"batch_size":9,"learning_rate":0.0016564808202884163}]
[13:39:02] w02: Preparing datastores for training and validation...

[13:39:02] w02: Using single frequency datastore for frequency index 4

[13:39:09] w02: 1 am here before gpu
[13:39:09] w02: 2 am here after gpu
[13:39:10] w02: Training network (Final=0) on cpu for 10 epochs...

[13:39:40] w02: start objective; params=[{"channels1":43,"channels2":22,"kernel_size1":7,"kernel_size2":13,"kernel_size3":12,"dilation_factor":4,"batch_size":8,"learning_rate":0.0078864776127079549}]
[13:39:40] w02: Preparing datastores for training and validation...

[13:39:40] w02: Using single frequency datastore for frequency index 4

[13:39:47] w02: 1 am here before gpu
[13:39:47] w02: 2 am here after gpu
[13:39:48] w02: Training network (Final=0) on cpu for 10 epochs...

[13:40:20] w02: start objective; params=[{"channels1":59,"channels2":20,"kernel_size1":9,"kernel_size2":13,"kernel_size3":11,"dilation_factor":2,"batch_size":13,"learning_rate":0.0016525204597490355}]
[13:40:20] w02: Preparing datastores for training and validation...

[13:40:20] w02: Using single frequency datastore for frequency index 4

[13:40:27] w02: 1 am here before gpu
[13:40:27] w02: 2 am here after gpu
[13:40:27] w02: Training network (Final=0) on cpu for 10 epochs...

[13:41:49] w02: start objective; params=[{"channels1":58,"channels2":22,"kernel_size1":9,"kernel_size2":13,"kernel_size3":11,"dilation_factor":2,"batch_size":9,"learning_rate":0.0016564808202884163}]
[13:41:49] w02: Preparing datastores for training and validation...

[13:41:49] w02: Using single frequency datastore for frequency index 4

[13:41:56] w02: 1 am here before gpu
[13:41:56] w02: 2 am here after gpu
[13:41:57] w02: Training network (Final=0) on cpu for 10 epochs...

[13:42:28] w02: start objective; params=[{"channels1":43,"channels2":22,"kernel_size1":7,"kernel_size2":13,"kernel_size3":12,"dilation_factor":4,"batch_size":8,"learning_rate":0.0078864776127079549}]
[13:42:28] w02: Preparing datastores for training and validation...

[13:42:28] w02: Using single frequency datastore for frequency index 4

[13:42:34] w02: 1 am here before gpu
[13:42:35] w02: 2 am here after gpu
[13:42:35] w02: Training network (Final=0) on cpu for 10 epochs...

[13:43:11] w02: start objective; params=[{"channels1":57,"channels2":21,"kernel_size1":12,"kernel_size2":14,"kernel_size3":11,"dilation_factor":2,"batch_size":12,"learning_rate":0.0016452956640284017}]
[13:43:11] w02: Preparing datastores for training and validation...

[13:43:11] w02: Using single frequency datastore for frequency index 4

[13:43:18] w02: 1 am here before gpu
[13:43:18] w02: 2 am here after gpu
[13:43:18] w02: Training network (Final=0) on cpu for 10 epochs...

[13:43:40] w02: start objective; params=[{"channels1":49,"channels2":16,"kernel_size1":7,"kernel_size2":10,"kernel_size3":14,"dilation_factor":8,"batch_size":9,"learning_rate":0.0015334273046848409}]
[13:43:40] w02: Preparing datastores for training and validation...

[13:43:40] w02: Using single frequency datastore for frequency index 4

[13:43:47] w02: 1 am here before gpu
[13:43:47] w02: 2 am here after gpu
[13:43:47] w02: Training network (Final=0) on cpu for 10 epochs...

[13:44:19] w02: start objective; params=[{"channels1":64,"channels2":20,"kernel_size1":8,"kernel_size2":14,"kernel_size3":11,"dilation_factor":6,"batch_size":9,"learning_rate":0.0017992699139913991}]
[13:44:19] w02: Preparing datastores for training and validation...

[13:44:19] w02: Using single frequency datastore for frequency index 4

[13:44:22] w02: 1 am here before gpu
[13:44:22] w02: 2 am here after gpu
[13:44:22] w02: Training network (Final=0) on cpu for 10 epochs...

[13:44:37] w02: start objective; params=[{"channels1":52,"channels2":17,"kernel_size1":10,"kernel_size2":13,"kernel_size3":12,"dilation_factor":4,"batch_size":12,"learning_rate":0.0010298166094864665}]
[13:44:37] w02: Preparing datastores for training and validation...

[13:44:37] w02: Using single frequency datastore for frequency index 4

[13:44:41] w02: 1 am here before gpu
[13:44:41] w02: 2 am here after gpu
[13:44:41] w02: Training network (Final=0) on cpu for 10 epochs...

[13:44:52] w02: start objective; params=[{"channels1":57,"channels2":26,"kernel_size1":19,"kernel_size2":12,"kernel_size3":10,"dilation_factor":3,"batch_size":8,"learning_rate":0.0015690499520221437}]
[13:44:52] w02: Preparing datastores for training and validation...

[13:44:52] w02: Using single frequency datastore for frequency index 4

[13:44:55] w02: 1 am here before gpu
[13:44:55] w02: 2 am here after gpu
[13:44:55] w02: Training network (Final=0) on cpu for 10 epochs...

[13:45:12] w02: start objective; params=[{"channels1":46,"channels2":25,"kernel_size1":9,"kernel_size2":11,"kernel_size3":10,"dilation_factor":6,"batch_size":8,"learning_rate":0.0016170901455382883}]
[13:45:12] w02: Preparing datastores for training and validation...

[13:45:12] w02: Using single frequency datastore for frequency index 4

[13:45:16] w02: 1 am here before gpu
[13:45:16] w02: 2 am here after gpu
[13:45:16] w02: Training network (Final=0) on cpu for 10 epochs...

[13:45:41] w02: start objective; params=[{"channels1":56,"channels2":18,"kernel_size1":8,"kernel_size2":11,"kernel_size3":14,"dilation_factor":8,"batch_size":9,"learning_rate":0.0015553949429563568}]
[13:45:41] w02: Preparing datastores for training and validation...

[13:45:41] w02: Using single frequency datastore for frequency index 4

[13:45:48] w02: 1 am here before gpu
[13:45:48] w02: 2 am here after gpu
[13:45:48] w02: Training network (Final=0) on cpu for 10 epochs...

[13:46:15] w02: start objective; params=[{"channels1":58,"channels2":26,"kernel_size1":10,"kernel_size2":14,"kernel_size3":11,"dilation_factor":3,"batch_size":9,"learning_rate":0.0019129455639624495}]
[13:46:15] w02: Preparing datastores for training and validation...

[13:46:15] w02: Using single frequency datastore for frequency index 4

[13:46:23] w02: 1 am here before gpu
[13:46:23] w02: 2 am here after gpu
[13:46:23] w02: Training network (Final=0) on cpu for 10 epochs...

[13:46:50] w02: start objective; params=[{"channels1":62,"channels2":22,"kernel_size1":14,"kernel_size2":10,"kernel_size3":11,"dilation_factor":4,"batch_size":8,"learning_rate":0.0015768196461364745}]
[13:46:50] w02: Preparing datastores for training and validation...

[13:46:50] w02: Using single frequency datastore for frequency index 4

[13:46:54] w02: 1 am here before gpu
[13:46:54] w02: 2 am here after gpu
[13:46:54] w02: Training network (Final=0) on cpu for 10 epochs...

[13:47:12] w02: start objective; params=[{"channels1":59,"channels2":26,"kernel_size1":16,"kernel_size2":13,"kernel_size3":11,"dilation_factor":7,"batch_size":6,"learning_rate":0.0016376426501545336}]
[13:47:12] w02: Preparing datastores for training and validation...

[13:47:12] w02: Using single frequency datastore for frequency index 4

[13:47:15] w02: 1 am here before gpu
[13:47:15] w02: 2 am here after gpu
[13:47:16] w02: Training network (Final=0) on cpu for 10 epochs...

[13:47:39] w02: start objective; params=[{"channels1":53,"channels2":24,"kernel_size1":10,"kernel_size2":13,"kernel_size3":12,"dilation_factor":2,"batch_size":9,"learning_rate":0.0017897699898396134}]
[13:47:39] w02: Preparing datastores for training and validation...

[13:47:39] w02: Using single frequency datastore for frequency index 4

[13:47:43] w02: 1 am here before gpu
[13:47:43] w02: 2 am here after gpu
[13:47:43] w02: Training network (Final=0) on cpu for 10 epochs...

[13:48:03] w02: start objective; params=[{"channels1":58,"channels2":23,"kernel_size1":19,"kernel_size2":13,"kernel_size3":11,"dilation_factor":6,"batch_size":11,"learning_rate":0.0016622854776254163}]
[13:48:03] w02: Preparing datastores for training and validation...

[13:48:03] w02: Using single frequency datastore for frequency index 4

[13:48:10] w02: 1 am here before gpu
[13:48:10] w02: 2 am here after gpu
[13:48:11] w02: Training network (Final=0) on cpu for 10 epochs...

[13:48:35] w02: start objective; params=[{"channels1":60,"channels2":22,"kernel_size1":9,"kernel_size2":13,"kernel_size3":11,"dilation_factor":6,"batch_size":14,"learning_rate":0.0017282631056800288}]
[13:48:35] w02: Preparing datastores for training and validation...

[13:48:35] w02: Using single frequency datastore for frequency index 4

[13:48:41] w02: 1 am here before gpu
[13:48:41] w02: 2 am here after gpu
[13:48:42] w02: Training network (Final=0) on cpu for 10 epochs...

[13:49:03] w02: start objective; params=[{"channels1":57,"channels2":21,"kernel_size1":14,"kernel_size2":14,"kernel_size3":11,"dilation_factor":2,"batch_size":12,"learning_rate":0.0017304392793405234}]
[13:49:03] w02: Preparing datastores for training and validation...

[13:49:03] w02: Using single frequency datastore for frequency index 4

[13:49:11] w02: 1 am here before gpu
[13:49:11] w02: 2 am here after gpu
[13:49:11] w02: Training network (Final=0) on cpu for 10 epochs...

[13:49:33] w02: start objective; params=[{"channels1":60,"channels2":23,"kernel_size1":9,"kernel_size2":13,"kernel_size3":11,"dilation_factor":2,"batch_size":16,"learning_rate":0.0025999993247739967}]
[13:49:33] w02: Preparing datastores for training and validation...

[13:49:33] w02: Using single frequency datastore for frequency index 4

[13:49:39] w02: 1 am here before gpu
[13:49:39] w02: 2 am here after gpu
[13:49:40] w02: Training network (Final=0) on cpu for 10 epochs...

[13:49:56] w02: start objective; params=[{"channels1":60,"channels2":23,"kernel_size1":9,"kernel_size2":15,"kernel_size3":11,"dilation_factor":8,"batch_size":9,"learning_rate":0.0048181374807322336}]
[13:49:56] w02: Preparing datastores for training and validation...

[13:49:56] w02: Using single frequency datastore for frequency index 4

[13:50:03] w02: 1 am here before gpu
[13:50:03] w02: 2 am here after gpu
[13:50:04] w02: Training network (Final=0) on cpu for 10 epochs...

[13:51:17] w02: start objective; params=[{"channels1":58,"channels2":22,"kernel_size1":9,"kernel_size2":13,"kernel_size3":11,"dilation_factor":2,"batch_size":9,"learning_rate":0.0016564808202884163}]
[13:51:17] w02: Preparing datastores for training and validation...

[13:51:17] w02: Using single frequency datastore for frequency index 4

[13:51:24] w02: 1 am here before gpu
[13:51:24] w02: 2 am here after gpu
[13:51:24] w02: Training failed: Unable to resolve the name 'param.kernel_size3'.

[13:51:24] w02: Unable to resolve the name 'param.kernel_size3'.

Error in <a href="matlab:matlab.lang.internal.introspective.errorDocCallback('architectures_container.buildOptimizedNetwork_compressed_downsampled_sin_freq_RES', 'C:\Users\Maria\Documents\Honours Programme\Networks\GAN\src\models\architectures_container.m', 1215)" style="font-weight:bold">architectures_container.buildOptimizedNetwork_compressed_downsampled_sin_freq_RES</a> (<a href="matlab: opentoline('C:\Users\Maria\Documents\Honours Programme\Networks\GAN\src\models\architectures_container.m',1215,0)">line 1215</a>)
                    transposedConv2dLayer([param.kernel_size3 1], input_z, "Name", sprintf("res_conv_dec1_%d", i),  "Cropping",crop1, "Stride", stride1.^2)
                                           ^^^^^^^^^^^^^^^^^^
Error in <a href="matlab:matlab.lang.internal.introspective.errorDocCallback('Bayesian_optimization_downsampled_one_path>trainAndEvaluateAE', 'C:\Users\Maria\Documents\Honours Programme\Networks\GAN\src\training\Bayesian_optimization_downsampled_one_path.m', 288)" style="font-weight:bold">Bayesian_optimization_downsampled_one_path>trainAndEvaluateAE</a> (<a href="matlab: opentoline('C:\Users\Maria\Documents\Honours Programme\Networks\GAN\src\training\Bayesian_optimization_downsampled_one_path.m',288,0)">line 288</a>)
            net = architectures_container.buildOptimizedNetwork_compressed_downsampled_sin_freq_RES(params);
                  ^^^^^^^^^^^^^^^^^^^^^^^^^^^^^^^^^^^^^^^^^^^^^^^^^^^^^^^^^^^^^^^^^^^^^^^^^^^^^^^^^^^^^^^^^
Error in <a href="matlab:matlab.lang.internal.introspective.errorDocCallback('Bayesian_optimization_downsampled_one_path>@(params)trainAndEvaluateAE(params,dataCfg,''network_type'',network_type)', 'C:\Users\Maria\Documents\Honours Programme\Networks\GAN\src\training\Bayesian_optimization_downsampled_one_path.m', 102)" style="font-weight:bold">Bayesian_optimization_downsampled_one_path>@(params)trainAndEvaluateAE(params,dataCfg,'network_type',network_type)</a> (<a href="matlab: opentoline('C:\Users\Maria\Documents\Honours Programme\Networks\GAN\src\training\Bayesian_optimization_downsampled_one_path.m',102,0)">line 102</a>)
objectiveFcn = @(params) trainAndEvaluateAE(params, dataCfg, 'network_type', network_type);
                         ^^^^^^^^^^^^^^^^^^^^^^^^^^^^^^^^^^^^^^^^^^^^^^^^^^^^^^^^^^^^^^^^^
Error in <a href="matlab:matlab.lang.internal.introspective.errorDocCallback('bayesoptim.callObjFcnParallel>callObjNormallyParallel', 'C:\Program Files\MATLAB\R2024b\toolbox\stats\bayesoptim\+bayesoptim\callObjFcnParallel.m', 45)" style="font-weight:bold">bayesoptim.callObjFcnParallel>callObjNormallyParallel</a> (<a href="matlab: opentoline('C:\Program Files\MATLAB\R2024b\toolbox\stats\bayesoptim\+bayesoptim\callObjFcnParallel.m',45,0)">line 45</a>)
            Objective = ObjectiveFcn(conditionalizedX);
                        ^^^^^^^^^^^^^^^^^^^^^^^^^^^^^^
Error in <a href="matlab:matlab.lang.internal.introspective.errorDocCallback('bayesoptim.callObjFcnParallel', 'C:\Program Files\MATLAB\R2024b\toolbox\stats\bayesoptim\+bayesoptim\callObjFcnParallel.m', 26)" style="font-weight:bold">bayesoptim.callObjFcnParallel</a> (<a href="matlab: opentoline('C:\Program Files\MATLAB\R2024b\toolbox\stats\bayesoptim\+bayesoptim\callObjFcnParallel.m',26,0)">line 26</a>)
            = callObjNormallyParallel(ObjectiveFcn, ObjectiveNargout, NumCoupledConstraints, conditionalizedX);
              ^^^^^^^^^^^^^^^^^^^^^^^^^^^^^^^^^^^^^^^^^^^^^^^^^^^^^^^^^^^^^^^^^^^^^^^^^^^^^^^^^^^^^^^^^^^^^^^^

[13:51:25] w02: start objective; params=[{"channels1":46,"channels2":17,"kernel_size1":11,"kernel_size2":12,"kernel_size3":11,"dilation_factor":7,"batch_size":8,"learning_rate":0.00862954847946302}]
[13:51:25] w02: Preparing datastores for training and validation...

[13:51:25] w02: Using single frequency datastore for frequency index 4

[13:51:33] w02: 1 am here before gpu
[13:51:33] w02: 2 am here after gpu
[13:51:33] w02: Training failed: Unable to resolve the name 'param.kernel_size3'.

[13:51:33] w02: Unable to resolve the name 'param.kernel_size3'.

Error in <a href="matlab:matlab.lang.internal.introspective.errorDocCallback('architectures_container.buildOptimizedNetwork_compressed_downsampled_sin_freq_RES', 'C:\Users\Maria\Documents\Honours Programme\Networks\GAN\src\models\architectures_container.m', 1215)" style="font-weight:bold">architectures_container.buildOptimizedNetwork_compressed_downsampled_sin_freq_RES</a> (<a href="matlab: opentoline('C:\Users\Maria\Documents\Honours Programme\Networks\GAN\src\models\architectures_container.m',1215,0)">line 1215</a>)
                    transposedConv2dLayer([param.kernel_size3 1], input_z, "Name", sprintf("res_conv_dec1_%d", i),  "Cropping",crop1, "Stride", stride1.^2)
                                           ^^^^^^^^^^^^^^^^^^
Error in <a href="matlab:matlab.lang.internal.introspective.errorDocCallback('Bayesian_optimization_downsampled_one_path>trainAndEvaluateAE', 'C:\Users\Maria\Documents\Honours Programme\Networks\GAN\src\training\Bayesian_optimization_downsampled_one_path.m', 288)" style="font-weight:bold">Bayesian_optimization_downsampled_one_path>trainAndEvaluateAE</a> (<a href="matlab: opentoline('C:\Users\Maria\Documents\Honours Programme\Networks\GAN\src\training\Bayesian_optimization_downsampled_one_path.m',288,0)">line 288</a>)
            net = architectures_container.buildOptimizedNetwork_compressed_downsampled_sin_freq_RES(params);
                  ^^^^^^^^^^^^^^^^^^^^^^^^^^^^^^^^^^^^^^^^^^^^^^^^^^^^^^^^^^^^^^^^^^^^^^^^^^^^^^^^^^^^^^^^^
Error in <a href="matlab:matlab.lang.internal.introspective.errorDocCallback('Bayesian_optimization_downsampled_one_path>@(params)trainAndEvaluateAE(params,dataCfg,''network_type'',network_type)', 'C:\Users\Maria\Documents\Honours Programme\Networks\GAN\src\training\Bayesian_optimization_downsampled_one_path.m', 102)" style="font-weight:bold">Bayesian_optimization_downsampled_one_path>@(params)trainAndEvaluateAE(params,dataCfg,'network_type',network_type)</a> (<a href="matlab: opentoline('C:\Users\Maria\Documents\Honours Programme\Networks\GAN\src\training\Bayesian_optimization_downsampled_one_path.m',102,0)">line 102</a>)
objectiveFcn = @(params) trainAndEvaluateAE(params, dataCfg, 'network_type', network_type);
                         ^^^^^^^^^^^^^^^^^^^^^^^^^^^^^^^^^^^^^^^^^^^^^^^^^^^^^^^^^^^^^^^^^
Error in <a href="matlab:matlab.lang.internal.introspective.errorDocCallback('bayesoptim.callObjFcnParallel>callObjNormallyParallel', 'C:\Program Files\MATLAB\R2024b\toolbox\stats\bayesoptim\+bayesoptim\callObjFcnParallel.m', 45)" style="font-weight:bold">bayesoptim.callObjFcnParallel>callObjNormallyParallel</a> (<a href="matlab: opentoline('C:\Program Files\MATLAB\R2024b\toolbox\stats\bayesoptim\+bayesoptim\callObjFcnParallel.m',45,0)">line 45</a>)
            Objective = ObjectiveFcn(conditionalizedX);
                        ^^^^^^^^^^^^^^^^^^^^^^^^^^^^^^
Error in <a href="matlab:matlab.lang.internal.introspective.errorDocCallback('bayesoptim.callObjFcnParallel', 'C:\Program Files\MATLAB\R2024b\toolbox\stats\bayesoptim\+bayesoptim\callObjFcnParallel.m', 12)" style="font-weight:bold">bayesoptim.callObjFcnParallel</a> (<a href="matlab: opentoline('C:\Program Files\MATLAB\R2024b\toolbox\stats\bayesoptim\+bayesoptim\callObjFcnParallel.m',12,0)">line 12</a>)
        = callObjNormallyParallel(ObjectiveFcn, ObjectiveNargout, NumCoupledConstraints, conditionalizedX);
          ^^^^^^^^^^^^^^^^^^^^^^^^^^^^^^^^^^^^^^^^^^^^^^^^^^^^^^^^^^^^^^^^^^^^^^^^^^^^^^^^^^^^^^^^^^^^^^^^

[13:51:34] w02: start objective; params=[{"channels1":33,"channels2":16,"kernel_size1":20,"kernel_size2":15,"kernel_size3":15,"dilation_factor":5,"batch_size":9,"learning_rate":0.0011404638280210972}]
[13:51:34] w02: Preparing datastores for training and validation...

[13:51:34] w02: Using single frequency datastore for frequency index 4

[13:51:42] w02: 1 am here before gpu
[13:51:42] w02: 2 am here after gpu
[13:51:42] w02: Training failed: Unable to resolve the name 'param.kernel_size3'.

[13:51:42] w02: Unable to resolve the name 'param.kernel_size3'.

Error in <a href="matlab:matlab.lang.internal.introspective.errorDocCallback('architectures_container.buildOptimizedNetwork_compressed_downsampled_sin_freq_RES', 'C:\Users\Maria\Documents\Honours Programme\Networks\GAN\src\models\architectures_container.m', 1215)" style="font-weight:bold">architectures_container.buildOptimizedNetwork_compressed_downsampled_sin_freq_RES</a> (<a href="matlab: opentoline('C:\Users\Maria\Documents\Honours Programme\Networks\GAN\src\models\architectures_container.m',1215,0)">line 1215</a>)
                    transposedConv2dLayer([param.kernel_size3 1], input_z, "Name", sprintf("res_conv_dec1_%d", i),  "Cropping",crop1, "Stride", stride1.^2)
                                           ^^^^^^^^^^^^^^^^^^
Error in <a href="matlab:matlab.lang.internal.introspective.errorDocCallback('Bayesian_optimization_downsampled_one_path>trainAndEvaluateAE', 'C:\Users\Maria\Documents\Honours Programme\Networks\GAN\src\training\Bayesian_optimization_downsampled_one_path.m', 288)" style="font-weight:bold">Bayesian_optimization_downsampled_one_path>trainAndEvaluateAE</a> (<a href="matlab: opentoline('C:\Users\Maria\Documents\Honours Programme\Networks\GAN\src\training\Bayesian_optimization_downsampled_one_path.m',288,0)">line 288</a>)
            net = architectures_container.buildOptimizedNetwork_compressed_downsampled_sin_freq_RES(params);
                  ^^^^^^^^^^^^^^^^^^^^^^^^^^^^^^^^^^^^^^^^^^^^^^^^^^^^^^^^^^^^^^^^^^^^^^^^^^^^^^^^^^^^^^^^^
Error in <a href="matlab:matlab.lang.internal.introspective.errorDocCallback('Bayesian_optimization_downsampled_one_path>@(params)trainAndEvaluateAE(params,dataCfg,''network_type'',network_type)', 'C:\Users\Maria\Documents\Honours Programme\Networks\GAN\src\training\Bayesian_optimization_downsampled_one_path.m', 102)" style="font-weight:bold">Bayesian_optimization_downsampled_one_path>@(params)trainAndEvaluateAE(params,dataCfg,'network_type',network_type)</a> (<a href="matlab: opentoline('C:\Users\Maria\Documents\Honours Programme\Networks\GAN\src\training\Bayesian_optimization_downsampled_one_path.m',102,0)">line 102</a>)
objectiveFcn = @(params) trainAndEvaluateAE(params, dataCfg, 'network_type', network_type);
                         ^^^^^^^^^^^^^^^^^^^^^^^^^^^^^^^^^^^^^^^^^^^^^^^^^^^^^^^^^^^^^^^^^
Error in <a href="matlab:matlab.lang.internal.introspective.errorDocCallback('bayesoptim.callObjFcnParallel>callObjNormallyParallel', 'C:\Program Files\MATLAB\R2024b\toolbox\stats\bayesoptim\+bayesoptim\callObjFcnParallel.m', 45)" style="font-weight:bold">bayesoptim.callObjFcnParallel>callObjNormallyParallel</a> (<a href="matlab: opentoline('C:\Program Files\MATLAB\R2024b\toolbox\stats\bayesoptim\+bayesoptim\callObjFcnParallel.m',45,0)">line 45</a>)
            Objective = ObjectiveFcn(conditionalizedX);
                        ^^^^^^^^^^^^^^^^^^^^^^^^^^^^^^
Error in <a href="matlab:matlab.lang.internal.introspective.errorDocCallback('bayesoptim.callObjFcnParallel', 'C:\Program Files\MATLAB\R2024b\toolbox\stats\bayesoptim\+bayesoptim\callObjFcnParallel.m', 12)" style="font-weight:bold">bayesoptim.callObjFcnParallel</a> (<a href="matlab: opentoline('C:\Program Files\MATLAB\R2024b\toolbox\stats\bayesoptim\+bayesoptim\callObjFcnParallel.m',12,0)">line 12</a>)
        = callObjNormallyParallel(ObjectiveFcn, ObjectiveNargout, NumCoupledConstraints, conditionalizedX);
          ^^^^^^^^^^^^^^^^^^^^^^^^^^^^^^^^^^^^^^^^^^^^^^^^^^^^^^^^^^^^^^^^^^^^^^^^^^^^^^^^^^^^^^^^^^^^^^^^

[13:51:43] w02: start objective; params=[{"channels1":54,"channels2":23,"kernel_size1":16,"kernel_size2":14,"kernel_size3":12,"dilation_factor":3,"batch_size":15,"learning_rate":0.0016367391510527752}]
[13:51:43] w02: Preparing datastores for training and validation...

[13:51:43] w02: Using single frequency datastore for frequency index 4

[13:54:01] w02: start objective; params=[{"channels1":58,"channels2":22,"kernel_size1":9,"kernel_size2":13,"kernel_size3":11,"dilation_factor":2,"batch_size":9,"learning_rate":0.0016564808202884163}]
[13:54:01] w02: Preparing datastores for training and validation...

[13:54:01] w02: Using single frequency datastore for frequency index 4

[13:54:07] w02: 1 am here before gpu
[13:54:07] w02: 2 am here after gpu
[13:54:08] w02: Training network (Final=0) on cpu for 10 epochs...

[13:54:37] w02: start objective; params=[{"channels1":43,"channels2":22,"kernel_size1":7,"kernel_size2":13,"kernel_size3":12,"dilation_factor":4,"batch_size":8,"learning_rate":0.0078864776127079549}]
[13:54:37] w02: Preparing datastores for training and validation...

[13:54:37] w02: Using single frequency datastore for frequency index 4

[13:54:43] w02: 1 am here before gpu
[13:54:43] w02: 2 am here after gpu
[13:54:44] w02: Training network (Final=0) on cpu for 10 epochs...

[13:55:26] w02: start objective; params=[{"channels1":54,"channels2":28,"kernel_size1":14,"kernel_size2":15,"kernel_size3":13,"dilation_factor":3,"batch_size":8,"learning_rate":0.0010038710448173019}]
[13:55:26] w02: Preparing datastores for training and validation...

[13:55:26] w02: Using single frequency datastore for frequency index 4

[13:55:35] w02: 1 am here before gpu
[13:55:35] w02: 2 am here after gpu
[13:55:35] w02: Training network (Final=0) on cpu for 10 epochs...

[13:56:08] w02: start objective; params=[{"channels1":55,"channels2":28,"kernel_size1":8,"kernel_size2":14,"kernel_size3":10,"dilation_factor":2,"batch_size":9,"learning_rate":0.0019903517981450704}]
[13:56:08] w02: Preparing datastores for training and validation...

[13:56:08] w02: Using single frequency datastore for frequency index 4

[13:56:15] w02: 1 am here before gpu
[13:56:15] w02: 2 am here after gpu
[13:56:15] w02: Training network (Final=0) on cpu for 10 epochs...

[13:56:45] w02: start objective; params=[{"channels1":51,"channels2":29,"kernel_size1":17,"kernel_size2":12,"kernel_size3":14,"dilation_factor":4,"batch_size":9,"learning_rate":0.0022743708828800572}]
[13:56:45] w02: Preparing datastores for training and validation...

[13:56:45] w02: Using single frequency datastore for frequency index 4

[13:56:52] w02: 1 am here before gpu
[13:56:52] w02: 2 am here after gpu
[13:56:54] w02: Training network (Final=0) on cpu for 10 epochs...

[13:57:24] w02: start objective; params=[{"channels1":45,"channels2":20,"kernel_size1":13,"kernel_size2":15,"kernel_size3":10,"dilation_factor":3,"batch_size":5,"learning_rate":0.0019804889566711831}]
[13:57:24] w02: Preparing datastores for training and validation...

[13:57:24] w02: Using single frequency datastore for frequency index 4

[13:57:34] w02: 1 am here before gpu
[13:57:34] w02: 2 am here after gpu
[13:57:35] w02: Training network (Final=0) on cpu for 10 epochs...

[13:58:53] w02: start objective; params=[{"channels1":58,"channels2":17,"kernel_size1":11,"kernel_size2":15,"kernel_size3":15,"dilation_factor":2,"batch_size":10,"learning_rate":0.0020712995120220315}]
[13:58:53] w02: Preparing datastores for training and validation...

[13:58:53] w02: Using single frequency datastore for frequency index 4

[13:59:01] w02: 1 am here before gpu
[13:59:01] w02: 2 am here after gpu
[13:59:02] w02: Training network (Final=0) on cpu for 10 epochs...

[13:59:31] w02: start objective; params=[{"channels1":54,"channels2":32,"kernel_size1":7,"kernel_size2":12,"kernel_size3":12,"dilation_factor":4,"batch_size":5,"learning_rate":0.002248149441950455}]
[13:59:31] w02: Preparing datastores for training and validation...

[13:59:31] w02: Using single frequency datastore for frequency index 4

[13:59:38] w02: 1 am here before gpu
[13:59:38] w02: 2 am here after gpu
[13:59:39] w02: Training network (Final=0) on cpu for 10 epochs...

[14:00:51] w02: start objective; params=[{"channels1":38,"channels2":30,"kernel_size1":7,"kernel_size2":15,"kernel_size3":12,"dilation_factor":6,"batch_size":6,"learning_rate":0.0019559567544912256}]
[14:00:51] w02: Preparing datastores for training and validation...

[14:00:51] w02: Using single frequency datastore for frequency index 4

[14:00:59] w02: 1 am here before gpu
[14:00:59] w02: 2 am here after gpu
[14:01:00] w02: Training network (Final=0) on cpu for 10 epochs...

[14:01:45] w02: start objective; params=[{"channels1":60,"channels2":30,"kernel_size1":8,"kernel_size2":11,"kernel_size3":11,"dilation_factor":7,"batch_size":8,"learning_rate":0.00214206723569988}]
[14:01:45] w02: Preparing datastores for training and validation...

[14:01:45] w02: Using single frequency datastore for frequency index 4

[14:01:51] w02: 1 am here before gpu
[14:01:51] w02: 2 am here after gpu
[14:01:52] w02: Training network (Final=0) on cpu for 10 epochs...

[14:02:24] w02: start objective; params=[{"channels1":51,"channels2":28,"kernel_size1":7,"kernel_size2":13,"kernel_size3":14,"dilation_factor":2,"batch_size":6,"learning_rate":0.0021961835244432523}]
[14:02:24] w02: Preparing datastores for training and validation...

[14:02:24] w02: Using single frequency datastore for frequency index 4

[14:02:28] w02: 1 am here before gpu
[14:02:28] w02: 2 am here after gpu
[14:02:28] w02: Training network (Final=0) on cpu for 10 epochs...

[14:02:53] w02: start objective; params=[{"channels1":62,"channels2":29,"kernel_size1":10,"kernel_size2":14,"kernel_size3":11,"dilation_factor":2,"batch_size":10,"learning_rate":0.0020533626559750863}]
[14:02:53] w02: Preparing datastores for training and validation...

[14:02:53] w02: Using single frequency datastore for frequency index 4

[14:02:57] w02: 1 am here before gpu
[14:02:57] w02: 2 am here after gpu
[14:02:57] w02: Training network (Final=0) on cpu for 10 epochs...

[14:03:12] w02: start objective; params=[{"channels1":39,"channels2":31,"kernel_size1":9,"kernel_size2":14,"kernel_size3":12,"dilation_factor":2,"batch_size":9,"learning_rate":0.001776818935378979}]
[14:03:12] w02: Preparing datastores for training and validation...

[14:03:12] w02: Using single frequency datastore for frequency index 4

[14:03:15] w02: 1 am here before gpu
[14:03:15] w02: 2 am here after gpu
[14:03:16] w02: Training network (Final=0) on cpu for 10 epochs...

[14:03:30] w02: start objective; params=[{"channels1":47,"channels2":25,"kernel_size1":15,"kernel_size2":12,"kernel_size3":11,"dilation_factor":2,"batch_size":9,"learning_rate":0.0019859952193786766}]
[14:03:30] w02: Preparing datastores for training and validation...

[14:03:30] w02: Using single frequency datastore for frequency index 4

[14:03:34] w02: 1 am here before gpu
[14:03:34] w02: 2 am here after gpu
[14:03:34] w02: Training network (Final=0) on cpu for 10 epochs...

[14:03:48] w02: start objective; params=[{"channels1":37,"channels2":17,"kernel_size1":11,"kernel_size2":14,"kernel_size3":10,"dilation_factor":2,"batch_size":9,"learning_rate":0.0023084779225261394}]
[14:03:48] w02: Preparing datastores for training and validation...

[14:03:48] w02: Using single frequency datastore for frequency index 4

[14:03:52] w02: 1 am here before gpu
[14:03:52] w02: 2 am here after gpu
[14:03:52] w02: Training network (Final=0) on cpu for 10 epochs...

[14:04:07] w02: start objective; params=[{"channels1":59,"channels2":27,"kernel_size1":18,"kernel_size2":13,"kernel_size3":10,"dilation_factor":4,"batch_size":5,"learning_rate":0.0023790117625293395}]
[14:04:07] w02: Preparing datastores for training and validation...

[14:04:07] w02: Using single frequency datastore for frequency index 4

[14:04:10] w02: 1 am here before gpu
[14:04:10] w02: 2 am here after gpu
[14:04:10] w02: Training network (Final=0) on cpu for 10 epochs...

[14:04:43] w02: start objective; params=[{"channels1":42,"channels2":28,"kernel_size1":9,"kernel_size2":11,"kernel_size3":14,"dilation_factor":4,"batch_size":5,"learning_rate":0.0023632832189125741}]
[14:04:43] w02: Preparing datastores for training and validation...

[14:04:43] w02: Using single frequency datastore for frequency index 4

[14:04:47] w02: 1 am here before gpu
[14:04:47] w02: 2 am here after gpu
[14:04:47] w02: Training network (Final=0) on cpu for 10 epochs...

[14:05:25] w02: start objective; params=[{"channels1":58,"channels2":20,"kernel_size1":8,"kernel_size2":12,"kernel_size3":11,"dilation_factor":2,"batch_size":9,"learning_rate":0.0020843088540183166}]
[14:05:25] w02: Preparing datastores for training and validation...

[14:05:25] w02: Using single frequency datastore for frequency index 4

[14:05:31] w02: 1 am here before gpu
[14:05:31] w02: 2 am here after gpu
[14:05:32] w02: Training network (Final=0) on cpu for 10 epochs...

[14:05:59] w02: start objective; params=[{"channels1":49,"channels2":21,"kernel_size1":10,"kernel_size2":15,"kernel_size3":10,"dilation_factor":2,"batch_size":10,"learning_rate":0.0019210555564676535}]
[14:05:59] w02: Preparing datastores for training and validation...

[14:05:59] w02: Using single frequency datastore for frequency index 4

[14:06:05] w02: 1 am here before gpu
[14:06:05] w02: 2 am here after gpu
[14:06:06] w02: Training network (Final=0) on cpu for 10 epochs...

[14:06:25] w02: start objective; params=[{"channels1":56,"channels2":30,"kernel_size1":7,"kernel_size2":14,"kernel_size3":13,"dilation_factor":4,"batch_size":6,"learning_rate":0.0024004674055609358}]
[14:06:25] w02: Preparing datastores for training and validation...

[14:06:25] w02: Using single frequency datastore for frequency index 4

[14:06:28] w02: 1 am here before gpu
[14:06:28] w02: 2 am here after gpu
[14:06:29] w02: Training network (Final=0) on cpu for 10 epochs...

[14:06:55] w02: start objective; params=[{"channels1":60,"channels2":26,"kernel_size1":11,"kernel_size2":12,"kernel_size3":15,"dilation_factor":4,"batch_size":4,"learning_rate":0.0026973033277976617}]
[14:06:55] w02: Preparing datastores for training and validation...

[14:06:55] w02: Using single frequency datastore for frequency index 4

[14:06:59] w02: 1 am here before gpu
[14:06:59] w02: 2 am here after gpu
[14:06:59] w02: Training network (Final=0) on cpu for 10 epochs...

[14:07:46] w02: start objective; params=[{"channels1":47,"channels2":29,"kernel_size1":9,"kernel_size2":12,"kernel_size3":10,"dilation_factor":2,"batch_size":10,"learning_rate":0.0021536157108962245}]
[14:07:46] w02: Preparing datastores for training and validation...

[14:07:46] w02: Using single frequency datastore for frequency index 4

[14:07:50] w02: 1 am here before gpu
[14:07:50] w02: 2 am here after gpu
[14:07:50] w02: Training network (Final=0) on cpu for 10 epochs...

[14:08:04] w02: start objective; params=[{"channels1":44,"channels2":28,"kernel_size1":14,"kernel_size2":13,"kernel_size3":10,"dilation_factor":2,"batch_size":9,"learning_rate":0.0020831765022574348}]
[14:08:04] w02: Preparing datastores for training and validation...

[14:08:04] w02: Using single frequency datastore for frequency index 4

[14:08:08] w02: 1 am here before gpu
[14:08:08] w02: 2 am here after gpu
[14:08:08] w02: Training network (Final=0) on cpu for 10 epochs...

[14:08:24] w02: start objective; params=[{"channels1":51,"channels2":16,"kernel_size1":16,"kernel_size2":15,"kernel_size3":10,"dilation_factor":2,"batch_size":10,"learning_rate":0.0020652509825968106}]
[14:08:24] w02: Preparing datastores for training and validation...

[14:08:24] w02: Using single frequency datastore for frequency index 4

[14:08:27] w02: 1 am here before gpu
[14:08:27] w02: 2 am here after gpu
[14:08:27] w02: Training network (Final=0) on cpu for 10 epochs...

[14:08:42] w02: start objective; params=[{"channels1":44,"channels2":23,"kernel_size1":7,"kernel_size2":11,"kernel_size3":12,"dilation_factor":4,"batch_size":5,"learning_rate":0.0026333360091156904}]
[14:08:42] w02: Preparing datastores for training and validation...

[14:08:42] w02: Using single frequency datastore for frequency index 4

[14:08:45] w02: 1 am here before gpu
[14:08:45] w02: 2 am here after gpu
[14:08:45] w02: Training network (Final=0) on cpu for 10 epochs...

[14:09:21] w02: start objective; params=[{"channels1":63,"channels2":28,"kernel_size1":18,"kernel_size2":14,"kernel_size3":10,"dilation_factor":2,"batch_size":8,"learning_rate":0.0019829366942603404}]
[14:09:21] w02: Preparing datastores for training and validation...

[14:09:21] w02: Using single frequency datastore for frequency index 4

[14:09:25] w02: 1 am here before gpu
[14:09:25] w02: 2 am here after gpu
[14:09:26] w02: Training network (Final=0) on cpu for 10 epochs...

[14:09:47] w02: start objective; params=[{"channels1":46,"channels2":23,"kernel_size1":11,"kernel_size2":11,"kernel_size3":12,"dilation_factor":2,"batch_size":11,"learning_rate":0.0010494676676575082}]
[14:09:47] w02: Preparing datastores for training and validation...

[14:09:47] w02: Using single frequency datastore for frequency index 4

[14:09:50] w02: 1 am here before gpu
[14:09:50] w02: 2 am here after gpu
[14:09:51] w02: Training network (Final=0) on cpu for 10 epochs...

[14:10:03] w02: start objective; params=[{"channels1":33,"channels2":25,"kernel_size1":7,"kernel_size2":15,"kernel_size3":12,"dilation_factor":2,"batch_size":9,"learning_rate":0.0020066381327236019}]
[14:10:03] w02: Preparing datastores for training and validation...

[14:10:03] w02: Using single frequency datastore for frequency index 4

[14:10:07] w02: 1 am here before gpu
[14:10:07] w02: 2 am here after gpu
[14:10:07] w02: Training network (Final=0) on cpu for 10 epochs...

[14:10:22] w02: start objective; params=[{"channels1":55,"channels2":18,"kernel_size1":8,"kernel_size2":11,"kernel_size3":14,"dilation_factor":4,"batch_size":6,"learning_rate":0.002434416371811183}]
[14:10:22] w02: Preparing datastores for training and validation...

[14:10:22] w02: Using single frequency datastore for frequency index 4

[14:10:26] w02: 1 am here before gpu
[14:10:26] w02: 2 am here after gpu
[14:10:26] w02: Training network (Final=0) on cpu for 10 epochs...

[14:10:52] w02: start objective; params=[{"channels1":49,"channels2":25,"kernel_size1":9,"kernel_size2":13,"kernel_size3":12,"dilation_factor":2,"batch_size":9,"learning_rate":0.001822077098028131}]
[14:10:52] w02: Preparing datastores for training and validation...

[14:10:52] w02: Using single frequency datastore for frequency index 4

[14:10:55] w02: 1 am here before gpu
[14:10:55] w02: 2 am here after gpu
[14:10:55] w02: Training network (Final=0) on cpu for 10 epochs...

[16:28:53] w02: start objective; params=[{"channels1":48,"channels2":31,"kernel_size1":15,"kernel_size2":13,"kernel_size3":10,"dilation_factor":6,"batch_size":16,"learning_rate":0.0029273224093621032}]
[16:28:53] w02: Preparing datastores for training and validation...

[16:28:53] w02: Using single frequency datastore for frequency index 4

[16:29:02] w02: 1 am here before gpu
[16:29:03] w02: 2 am here after gpu
[16:29:19] w02: Training network (Final=0) on cpu for 10 epochs...

[16:30:19] w02: start objective; params=[{"channels1":46,"channels2":17,"kernel_size1":11,"kernel_size2":12,"kernel_size3":11,"dilation_factor":7,"batch_size":8,"learning_rate":0.00862954847946302}]
[16:30:19] w02: Preparing datastores for training and validation...

[16:30:19] w02: Using single frequency datastore for frequency index 4

[16:30:26] w02: 1 am here before gpu
[16:30:26] w02: 2 am here after gpu
[16:30:28] w02: Training network (Final=0) on cpu for 10 epochs...

[16:34:44] w02: start objective; params=[{"channels1":48,"channels2":31,"kernel_size1":15,"kernel_size2":13,"kernel_size3":10,"dilation_factor":6,"batch_size":16,"learning_rate":0.0029273224093621032}]
[16:34:44] w02: Preparing datastores for training and validation...

[16:34:44] w02: Using single frequency datastore for frequency index 4

[16:34:51] w02: 1 am here before gpu
[16:34:51] w02: 2 am here after gpu
[16:34:52] w02: Training failed: Unable to connect to 'fc_latent_revert_1'. This input is already connected.

[16:34:54] w02: Error using <a href="matlab:matlab.lang.internal.introspective.errorDocCallback('dlnetwork/connectLayers', 'C:\Program Files\MATLAB\R2024b\toolbox\nnet\cnn\dlnetwork.m', 266)" style="font-weight:bold">dlnetwork/connectLayers</a> (<a href="matlab: opentoline('C:\Program Files\MATLAB\R2024b\toolbox\nnet\cnn\dlnetwork.m',266,0)">line 266</a>)
Unable to connect to 'fc_latent_revert_1'. This input is already connected.

Error in <a href="matlab:matlab.lang.internal.introspective.errorDocCallback('architectures_container.buildOptimizedNetwork_compressed_downsampled_sin_freq_less_deep', 'C:\Users\Maria\Documents\Honours Programme\Networks\GAN\src\models\architectures_container.m', 1385)" style="font-weight:bold">architectures_container.buildOptimizedNetwork_compressed_downsampled_sin_freq_less_deep</a> (<a href="matlab: opentoline('C:\Users\Maria\Documents\Honours Programme\Networks\GAN\src\models\architectures_container.m',1385,0)">line 1385</a>)
                net = connectLayers(net, sprintf("elu_latent_adjust_%d", i), sprintf("fc_latent_revert_%d", i));
                      ^^^^^^^^^^^^^^^^^^^^^^^^^^^^^^^^^^^^^^^^^^^^^^^^^^^^^^^^^^^^^^^^^^^^^^^^^^^^^^^^^^^^^^^^^
Error in <a href="matlab:matlab.lang.internal.introspective.errorDocCallback('Bayesian_optimization_downsampled_one_path>trainAndEvaluateAE', 'C:\Users\Maria\Documents\Honours Programme\Networks\GAN\src\training\Bayesian_optimization_downsampled_one_path.m', 288)" style="font-weight:bold">Bayesian_optimization_downsampled_one_path>trainAndEvaluateAE</a> (<a href="matlab: opentoline('C:\Users\Maria\Documents\Honours Programme\Networks\GAN\src\training\Bayesian_optimization_downsampled_one_path.m',288,0)">line 288</a>)
            net = architectures_container.buildOptimizedNetwork_compressed_downsampled_sin_freq_less_deep(params);
                  ^^^^^^^^^^^^^^^^^^^^^^^^^^^^^^^^^^^^^^^^^^^^^^^^^^^^^^^^^^^^^^^^^^^^^^^^^^^^^^^^^^^^^^^^^^^^^^^
Error in <a href="matlab:matlab.lang.internal.introspective.errorDocCallback('Bayesian_optimization_downsampled_one_path>@(params)trainAndEvaluateAE(params,dataCfg,''network_type'',network_type)', 'C:\Users\Maria\Documents\Honours Programme\Networks\GAN\src\training\Bayesian_optimization_downsampled_one_path.m', 102)" style="font-weight:bold">Bayesian_optimization_downsampled_one_path>@(params)trainAndEvaluateAE(params,dataCfg,'network_type',network_type)</a> (<a href="matlab: opentoline('C:\Users\Maria\Documents\Honours Programme\Networks\GAN\src\training\Bayesian_optimization_downsampled_one_path.m',102,0)">line 102</a>)
objectiveFcn = @(params) trainAndEvaluateAE(params, dataCfg, 'network_type', network_type);
                         ^^^^^^^^^^^^^^^^^^^^^^^^^^^^^^^^^^^^^^^^^^^^^^^^^^^^^^^^^^^^^^^^^
Error in <a href="matlab:matlab.lang.internal.introspective.errorDocCallback('bayesoptim.callObjFcnParallel>callObjNormallyParallel', 'C:\Program Files\MATLAB\R2024b\toolbox\stats\bayesoptim\+bayesoptim\callObjFcnParallel.m', 45)" style="font-weight:bold">bayesoptim.callObjFcnParallel>callObjNormallyParallel</a> (<a href="matlab: opentoline('C:\Program Files\MATLAB\R2024b\toolbox\stats\bayesoptim\+bayesoptim\callObjFcnParallel.m',45,0)">line 45</a>)
            Objective = ObjectiveFcn(conditionalizedX);
                        ^^^^^^^^^^^^^^^^^^^^^^^^^^^^^^
Error in <a href="matlab:matlab.lang.internal.introspective.errorDocCallback('bayesoptim.callObjFcnParallel', 'C:\Program Files\MATLAB\R2024b\toolbox\stats\bayesoptim\+bayesoptim\callObjFcnParallel.m', 26)" style="font-weight:bold">bayesoptim.callObjFcnParallel</a> (<a href="matlab: opentoline('C:\Program Files\MATLAB\R2024b\toolbox\stats\bayesoptim\+bayesoptim\callObjFcnParallel.m',26,0)">line 26</a>)
            = callObjNormallyParallel(ObjectiveFcn, ObjectiveNargout, NumCoupledConstraints, conditionalizedX);
              ^^^^^^^^^^^^^^^^^^^^^^^^^^^^^^^^^^^^^^^^^^^^^^^^^^^^^^^^^^^^^^^^^^^^^^^^^^^^^^^^^^^^^^^^^^^^^^^^

[16:35:54] w02: start objective; params=[{"channels1":48,"channels2":31,"kernel_size1":15,"kernel_size2":13,"kernel_size3":10,"dilation_factor":6,"batch_size":16,"learning_rate":0.0029273224093621032}]
[16:35:54] w02: Preparing datastores for training and validation...

[16:35:54] w02: Using single frequency datastore for frequency index 4

[16:36:01] w02: 1 am here before gpu
[16:36:01] w02: 2 am here after gpu
[16:36:02] w02: Training network (Final=0) on cpu for 10 epochs...

[16:36:06] w02: Training failed: Error evaluating loss function.

[16:36:06] w02: Error using <a href="matlab:matlab.lang.internal.introspective.errorDocCallback('trainnet', 'C:\Program Files\MATLAB\R2024b\toolbox\nnet\deeptrain\trainnet.m', 54)" style="font-weight:bold">trainnet</a> (<a href="matlab: opentoline('C:\Program Files\MATLAB\R2024b\toolbox\nnet\deeptrain\trainnet.m',54,0)">line 54</a>)
Error evaluating loss function.

Error in <a href="matlab:matlab.lang.internal.introspective.errorDocCallback('Bayesian_optimization_downsampled_one_path>trainAndEvaluateAE', 'C:\Users\Maria\Documents\Honours Programme\Networks\GAN\src\training\Bayesian_optimization_downsampled_one_path.m', 315)" style="font-weight:bold">Bayesian_optimization_downsampled_one_path>trainAndEvaluateAE</a> (<a href="matlab: opentoline('C:\Users\Maria\Documents\Honours Programme\Networks\GAN\src\training\Bayesian_optimization_downsampled_one_path.m',315,0)">line 315</a>)
        [net, info] = trainnet(trainData, net, lossFn, options);
                      ^^^^^^^^^^^^^^^^^^^^^^^^^^^^^^^^^^^^^^^^^
Error in <a href="matlab:matlab.lang.internal.introspective.errorDocCallback('Bayesian_optimization_downsampled_one_path>@(params)trainAndEvaluateAE(params,dataCfg,''network_type'',network_type)', 'C:\Users\Maria\Documents\Honours Programme\Networks\GAN\src\training\Bayesian_optimization_downsampled_one_path.m', 102)" style="font-weight:bold">Bayesian_optimization_downsampled_one_path>@(params)trainAndEvaluateAE(params,dataCfg,'network_type',network_type)</a> (<a href="matlab: opentoline('C:\Users\Maria\Documents\Honours Programme\Networks\GAN\src\training\Bayesian_optimization_downsampled_one_path.m',102,0)">line 102</a>)
objectiveFcn = @(params) trainAndEvaluateAE(params, dataCfg, 'network_type', network_type);
                         ^^^^^^^^^^^^^^^^^^^^^^^^^^^^^^^^^^^^^^^^^^^^^^^^^^^^^^^^^^^^^^^^^
Error in <a href="matlab:matlab.lang.internal.introspective.errorDocCallback('bayesoptim.callObjFcnParallel>callObjNormallyParallel', 'C:\Program Files\MATLAB\R2024b\toolbox\stats\bayesoptim\+bayesoptim\callObjFcnParallel.m', 45)" style="font-weight:bold">bayesoptim.callObjFcnParallel>callObjNormallyParallel</a> (<a href="matlab: opentoline('C:\Program Files\MATLAB\R2024b\toolbox\stats\bayesoptim\+bayesoptim\callObjFcnParallel.m',45,0)">line 45</a>)
            Objective = ObjectiveFcn(conditionalizedX);
                        ^^^^^^^^^^^^^^^^^^^^^^^^^^^^^^
Error in <a href="matlab:matlab.lang.internal.introspective.errorDocCallback('bayesoptim.callObjFcnParallel', 'C:\Program Files\MATLAB\R2024b\toolbox\stats\bayesoptim\+bayesoptim\callObjFcnParallel.m', 26)" style="font-weight:bold">bayesoptim.callObjFcnParallel</a> (<a href="matlab: opentoline('C:\Program Files\MATLAB\R2024b\toolbox\stats\bayesoptim\+bayesoptim\callObjFcnParallel.m',26,0)">line 26</a>)
            = callObjNormallyParallel(ObjectiveFcn, ObjectiveNargout, NumCoupledConstraints, conditionalizedX);
              ^^^^^^^^^^^^^^^^^^^^^^^^^^^^^^^^^^^^^^^^^^^^^^^^^^^^^^^^^^^^^^^^^^^^^^^^^^^^^^^^^^^^^^^^^^^^^^^^
Caused by:
    Arrays have incompatible sizes for this operation.
    
    Error in <a href="matlab:matlab.lang.internal.introspective.errorDocCallback('deep.internal.recording.operations.MinusBroadcastOp/forward', 'C:\Program Files\MATLAB\R2024b\toolbox\nnet\deep\deep\+deep\+internal\+recording\+operations\MinusBroadcastOp.m', 32)" style="font-weight:bold">deep.internal.recording.operations.MinusBroadcastOp/forward</a> (<a href="matlab: opentoline('C:\Program Files\MATLAB\R2024b\toolbox\nnet\deep\deep\+deep\+internal\+recording\+operations\MinusBroadcastOp.m',32,0)">line 32</a>)
                x = x - y;
                      ^
    Error in <a href="matlab:matlab.lang.internal.introspective.errorDocCallback('dlarray/minus', 'C:\Program Files\MATLAB\R2024b\toolbox\nnet\deep\deep\@dlarray\minus.m', 39)" style="font-weight:bold"> - </a> (<a href="matlab: opentoline('C:\Program Files\MATLAB\R2024b\toolbox\nnet\deep\deep\@dlarray\minus.m',39,0)">line 39</a>)
    zdata = matlab.lang.internal.move(xdata) - matlab.lang.internal.move(ydata);
                                             ^
    Error in <a href="matlab:matlab.lang.internal.introspective.errorDocCallback('Bayesian_optimization_downsampled_one_path>mse_l1_loss', 'C:\Users\Maria\Documents\Honours Programme\Networks\GAN\src\training\Bayesian_optimization_downsampled_one_path.m', 365)" style="font-weight:bold">Bayesian_optimization_downsampled_one_path>mse_l1_loss</a> (<a href="matlab: opentoline('C:\Users\Maria\Documents\Honours Programme\Networks\GAN\src\training\Bayesian_optimization_downsampled_one_path.m',365,0)">line 365</a>)
            l1 = mean(abs(Yk-Tk),'all');
                            ^
    Error in <a href="matlab:matlab.lang.internal.introspective.errorDocCallback('Bayesian_optimization_downsampled_one_path>@(varargin)mse_l1_loss(varargin{:})', 'C:\Users\Maria\Documents\Honours Programme\Networks\GAN\src\training\Bayesian_optimization_downsampled_one_path.m', 313)" style="font-weight:bold">Bayesian_optimization_downsampled_one_path>@(varargin)mse_l1_loss(varargin{:})</a> (<a href="matlab: opentoline('C:\Users\Maria\Documents\Honours Programme\Networks\GAN\src\training\Bayesian_optimization_downsampled_one_path.m',313,0)">line 313</a>)
            lossFn = @(varargin) mse_l1_loss(varargin{:});
                                 ^^^^^^^^^^^^^^^^^^^^^^^^
    Error in <a href="matlab:matlab.lang.internal.introspective.errorDocCallback('nnet.internal.cnn.util.UserCodeException.fevalUserCode', 'C:\Program Files\MATLAB\R2024b\toolbox\nnet\cnn\+nnet\+internal\+cnn\+util\+UserCodeException\fevalUserCode.m', 11)" style="font-weight:bold">nnet.internal.cnn.util.UserCodeException.fevalUserCode</a> (<a href="matlab: opentoline('C:\Program Files\MATLAB\R2024b\toolbox\nnet\cnn\+nnet\+internal\+cnn\+util\+UserCodeException\fevalUserCode.m',11,0)">line 11</a>)
        [varargout{1:nargout}] = feval(F, varargin{:});
                                 ^^^^^^^^^^^^^^^^^^^^^

[16:36:07] w02: start objective; params=[{"channels1":46,"channels2":17,"kernel_size1":11,"kernel_size2":12,"kernel_size3":11,"dilation_factor":7,"batch_size":8,"learning_rate":0.00862954847946302}]
[16:36:07] w02: Preparing datastores for training and validation...

[16:36:07] w02: Using single frequency datastore for frequency index 4

[16:43:47] w02: start objective; params=[{"channels1":48,"channels2":31,"kernel_size1":15,"kernel_size2":13,"kernel_size3":10,"dilation_factor":6,"batch_size":16,"learning_rate":0.0029273224093621032}]
[16:43:47] w02: Preparing datastores for training and validation...

[16:43:47] w02: Using single frequency datastore for frequency index 4

[16:43:54] w02: 1 am here before gpu
[16:43:54] w02: 2 am here after gpu
[16:43:56] w02: Training network (Final=0) on cpu for 10 epochs...

[16:44:26] w02: start objective; params=[{"channels1":46,"channels2":17,"kernel_size1":11,"kernel_size2":12,"kernel_size3":11,"dilation_factor":7,"batch_size":8,"learning_rate":0.00862954847946302}]
[16:44:26] w02: Preparing datastores for training and validation...

[16:44:26] w02: Using single frequency datastore for frequency index 4

[16:44:33] w02: 1 am here before gpu
[16:44:33] w02: 2 am here after gpu
[16:44:34] w02: Training network (Final=0) on cpu for 10 epochs...

[16:45:11] w02: start objective; params=[{"channels1":48,"channels2":31,"kernel_size1":15,"kernel_size2":13,"kernel_size3":10,"dilation_factor":6,"batch_size":16,"learning_rate":0.0029273224093621032}]
[16:45:11] w02: Preparing datastores for training and validation...

[16:45:11] w02: Using single frequency datastore for frequency index 4

[16:45:17] w02: 1 am here before gpu
[16:45:17] w02: 2 am here after gpu
[16:45:18] w02: Training network (Final=0) on cpu for 10 epochs...

[16:45:38] w02: start objective; params=[{"channels1":46,"channels2":17,"kernel_size1":11,"kernel_size2":12,"kernel_size3":11,"dilation_factor":7,"batch_size":8,"learning_rate":0.00862954847946302}]
[16:45:38] w02: Preparing datastores for training and validation...

[16:45:38] w02: Using single frequency datastore for frequency index 4

[16:45:43] w02: 1 am here before gpu
[16:45:43] w02: 2 am here after gpu
[16:45:43] w02: Training network (Final=0) on cpu for 10 epochs...

[16:46:09] w02: start objective; params=[{"channels1":45,"channels2":24,"kernel_size1":18,"kernel_size2":12,"kernel_size3":11,"dilation_factor":8,"batch_size":12,"learning_rate":0.0059918822442303465}]
[16:46:09] w02: Preparing datastores for training and validation...

[16:46:09] w02: Using single frequency datastore for frequency index 4

[16:46:13] w02: 1 am here before gpu
[16:46:13] w02: 2 am here after gpu
[16:46:14] w02: Training network (Final=0) on cpu for 10 epochs...

[16:46:31] w02: start objective; params=[{"channels1":64,"channels2":29,"kernel_size1":11,"kernel_size2":12,"kernel_size3":10,"dilation_factor":6,"batch_size":8,"learning_rate":0.0010046011827279271}]
[16:46:31] w02: Preparing datastores for training and validation...

[16:46:31] w02: Using single frequency datastore for frequency index 4

[16:46:37] w02: 1 am here before gpu
[16:46:37] w02: 2 am here after gpu
[16:46:37] w02: Training network (Final=0) on cpu for 10 epochs...

[16:47:06] w02: start objective; params=[{"channels1":47,"channels2":17,"kernel_size1":11,"kernel_size2":14,"kernel_size3":11,"dilation_factor":6,"batch_size":8,"learning_rate":0.0079184843461234042}]
[16:47:06] w02: Preparing datastores for training and validation...

[16:47:06] w02: Using single frequency datastore for frequency index 4

[16:47:11] w02: 1 am here before gpu
[16:47:11] w02: 2 am here after gpu
[16:47:11] w02: Training network (Final=0) on cpu for 10 epochs...

[16:47:35] w02: start objective; params=[{"channels1":53,"channels2":22,"kernel_size1":10,"kernel_size2":15,"kernel_size3":13,"dilation_factor":3,"batch_size":15,"learning_rate":0.0022269659476660433}]
[16:47:35] w02: Preparing datastores for training and validation...

[16:47:35] w02: Using single frequency datastore for frequency index 4

[16:47:40] w02: 1 am here before gpu
[16:47:40] w02: 2 am here after gpu
[16:47:40] w02: Training network (Final=0) on cpu for 10 epochs...

[16:47:55] w02: start objective; params=[{"channels1":60,"channels2":31,"kernel_size1":14,"kernel_size2":10,"kernel_size3":15,"dilation_factor":7,"batch_size":13,"learning_rate":0.0083844215692724083}]
[16:47:55] w02: Preparing datastores for training and validation...

[16:47:55] w02: Using single frequency datastore for frequency index 4

[16:47:59] w02: 1 am here before gpu
[16:47:59] w02: 2 am here after gpu
[16:48:00] w02: Training network (Final=0) on cpu for 10 epochs...

[16:48:20] w02: start objective; params=[{"channels1":59,"channels2":31,"kernel_size1":7,"kernel_size2":14,"kernel_size3":11,"dilation_factor":3,"batch_size":6,"learning_rate":0.0086955906255963954}]
[16:48:20] w02: Preparing datastores for training and validation...

[16:48:20] w02: Using single frequency datastore for frequency index 4

[16:48:25] w02: 1 am here before gpu
[16:48:25] w02: 2 am here after gpu
[16:48:25] w02: Training network (Final=0) on cpu for 10 epochs...

[16:49:11] w02: start objective; params=[{"channels1":34,"channels2":24,"kernel_size1":17,"kernel_size2":15,"kernel_size3":12,"dilation_factor":4,"batch_size":7,"learning_rate":0.0098803623182608935}]
[16:49:11] w02: Preparing datastores for training and validation...

[16:49:11] w02: Using single frequency datastore for frequency index 4

[16:49:15] w02: 1 am here before gpu
[16:49:15] w02: 2 am here after gpu
[16:49:15] w02: Training network (Final=0) on cpu for 10 epochs...

[16:49:46] w02: start objective; params=[{"channels1":61,"channels2":32,"kernel_size1":12,"kernel_size2":12,"kernel_size3":14,"dilation_factor":4,"batch_size":4,"learning_rate":0.0012558243482662938}]
[16:49:46] w02: Preparing datastores for training and validation...

[16:49:46] w02: Using single frequency datastore for frequency index 4

[16:49:50] w02: 1 am here before gpu
[16:49:50] w02: 2 am here after gpu
[16:49:51] w02: Training network (Final=0) on cpu for 10 epochs...

[16:51:37] w02: start objective; params=[{"channels1":37,"channels2":28,"kernel_size1":18,"kernel_size2":14,"kernel_size3":12,"dilation_factor":4,"batch_size":4,"learning_rate":0.0047955821646194852}]
[16:51:37] w02: Preparing datastores for training and validation...

[16:51:37] w02: Using single frequency datastore for frequency index 4

[16:51:41] w02: 1 am here before gpu
[16:51:41] w02: 2 am here after gpu
[16:51:42] w02: Training network (Final=0) on cpu for 10 epochs...

[16:53:21] w02: start objective; params=[{"channels1":56,"channels2":32,"kernel_size1":7,"kernel_size2":15,"kernel_size3":10,"dilation_factor":5,"batch_size":5,"learning_rate":0.0011427652785823941}]
[16:53:21] w02: Preparing datastores for training and validation...

[16:53:21] w02: Using single frequency datastore for frequency index 4

[16:53:25] w02: 1 am here before gpu
[16:53:25] w02: 2 am here after gpu
[16:53:26] w02: Training network (Final=0) on cpu for 10 epochs...

[16:54:21] w02: start objective; params=[{"channels1":38,"channels2":26,"kernel_size1":9,"kernel_size2":11,"kernel_size3":10,"dilation_factor":4,"batch_size":4,"learning_rate":0.009712500375114029}]
[16:54:21] w02: Preparing datastores for training and validation...

[16:54:21] w02: Using single frequency datastore for frequency index 4

[16:54:25] w02: 1 am here before gpu
[16:54:25] w02: 2 am here after gpu
[16:54:26] w02: Training network (Final=0) on cpu for 10 epochs...

[16:56:05] w02: start objective; params=[{"channels1":50,"channels2":25,"kernel_size1":11,"kernel_size2":13,"kernel_size3":13,"dilation_factor":4,"batch_size":4,"learning_rate":0.0011655333211578029}]
[16:56:05] w02: Preparing datastores for training and validation...

[16:56:05] w02: Using single frequency datastore for frequency index 4

[16:56:09] w02: 1 am here before gpu
[16:56:09] w02: 2 am here after gpu
[16:56:09] w02: Training network (Final=0) on cpu for 10 epochs...

[16:57:36] w02: start objective; params=[{"channels1":46,"channels2":29,"kernel_size1":16,"kernel_size2":15,"kernel_size3":10,"dilation_factor":5,"batch_size":5,"learning_rate":0.0098702097771280074}]
[16:57:36] w02: Preparing datastores for training and validation...

[16:57:36] w02: Using single frequency datastore for frequency index 4

[16:57:41] w02: 1 am here before gpu
[16:57:41] w02: 2 am here after gpu
[16:57:41] w02: Training network (Final=0) on cpu for 10 epochs...

[16:58:41] w02: start objective; params=[{"channels1":49,"channels2":31,"kernel_size1":11,"kernel_size2":13,"kernel_size3":10,"dilation_factor":4,"batch_size":4,"learning_rate":0.005538127397157486}]
[16:58:41] w02: Preparing datastores for training and validation...

[16:58:41] w02: Using single frequency datastore for frequency index 4

[16:58:46] w02: 1 am here before gpu
[16:58:46] w02: 2 am here after gpu
[16:58:46] w02: Training network (Final=0) on cpu for 10 epochs...

[17:00:32] w02: start objective; params=[{"channels1":34,"channels2":31,"kernel_size1":12,"kernel_size2":15,"kernel_size3":15,"dilation_factor":3,"batch_size":4,"learning_rate":0.0092943183517593363}]
[17:00:32] w02: Preparing datastores for training and validation...

[17:00:32] w02: Using single frequency datastore for frequency index 4

[17:00:36] w02: 1 am here before gpu
[17:00:36] w02: 2 am here after gpu
[17:00:37] w02: Training network (Final=0) on cpu for 10 epochs...

[17:02:32] w02: start objective; params=[{"channels1":45,"channels2":16,"kernel_size1":10,"kernel_size2":10,"kernel_size3":11,"dilation_factor":7,"batch_size":15,"learning_rate":0.0046413904890883848}]
[17:02:32] w02: Preparing datastores for training and validation...

[17:02:32] w02: Using single frequency datastore for frequency index 4

[17:02:37] w02: 1 am here before gpu
[17:02:37] w02: 2 am here after gpu
[17:02:37] w02: Training network (Final=0) on cpu for 10 epochs...

[17:02:49] w02: start objective; params=[{"channels1":51,"channels2":19,"kernel_size1":20,"kernel_size2":12,"kernel_size3":14,"dilation_factor":6,"batch_size":4,"learning_rate":0.0089151778983465949}]
[17:02:49] w02: Preparing datastores for training and validation...

[17:02:49] w02: Using single frequency datastore for frequency index 4

[17:02:54] w02: 1 am here before gpu
[17:02:54] w02: 2 am here after gpu
[17:02:54] w02: Training network (Final=0) on cpu for 10 epochs...

[17:04:19] w02: start objective; params=[{"channels1":58,"channels2":27,"kernel_size1":14,"kernel_size2":10,"kernel_size3":14,"dilation_factor":2,"batch_size":4,"learning_rate":0.007912359975940305}]
[17:04:19] w02: Preparing datastores for training and validation...

[17:04:19] w02: Using single frequency datastore for frequency index 4

[17:04:23] w02: 1 am here before gpu
[17:04:23] w02: 2 am here after gpu
[17:04:23] w02: Training network (Final=0) on cpu for 10 epochs...

[17:05:11] w02: start objective; params=[{"channels1":41,"channels2":24,"kernel_size1":14,"kernel_size2":11,"kernel_size3":14,"dilation_factor":2,"batch_size":4,"learning_rate":0.0091981104788079349}]
[17:05:11] w02: Preparing datastores for training and validation...

[17:05:11] w02: Using single frequency datastore for frequency index 4

[17:05:14] w02: 1 am here before gpu
[17:05:14] w02: 2 am here after gpu
[17:05:14] w02: Training network (Final=0) on cpu for 10 epochs...

[17:05:49] w02: start objective; params=[{"channels1":51,"channels2":28,"kernel_size1":14,"kernel_size2":15,"kernel_size3":11,"dilation_factor":4,"batch_size":4,"learning_rate":0.0076750865668641088}]
[17:05:49] w02: Preparing datastores for training and validation...

[17:05:49] w02: Using single frequency datastore for frequency index 4

[17:05:52] w02: 1 am here before gpu
[17:05:52] w02: 2 am here after gpu
[17:05:52] w02: Training network (Final=0) on cpu for 10 epochs...

[17:06:27] w02: start objective; params=[{"channels1":40,"channels2":24,"kernel_size1":11,"kernel_size2":13,"kernel_size3":13,"dilation_factor":4,"batch_size":4,"learning_rate":0.0099788333215745581}]
[17:06:27] w02: Preparing datastores for training and validation...

[17:06:27] w02: Using single frequency datastore for frequency index 4

[17:06:30] w02: 1 am here before gpu
[17:06:30] w02: 2 am here after gpu
[17:06:30] w02: Training network (Final=0) on cpu for 10 epochs...

[17:07:07] w02: start objective; params=[{"channels1":35,"channels2":20,"kernel_size1":13,"kernel_size2":15,"kernel_size3":15,"dilation_factor":3,"batch_size":15,"learning_rate":0.0098047498084867131}]
[17:07:07] w02: Preparing datastores for training and validation...

[17:07:07] w02: Using single frequency datastore for frequency index 4

[17:07:10] w02: 1 am here before gpu
[17:07:10] w02: 2 am here after gpu
[17:07:10] w02: Training network (Final=0) on cpu for 10 epochs...

[17:07:16] w02: start objective; params=[{"channels1":57,"channels2":32,"kernel_size1":18,"kernel_size2":13,"kernel_size3":13,"dilation_factor":5,"batch_size":14,"learning_rate":0.0010590934008894207}]
[17:07:16] w02: Preparing datastores for training and validation...

[17:07:16] w02: Using single frequency datastore for frequency index 4

[17:07:18] w02: 1 am here before gpu
[17:07:18] w02: 2 am here after gpu
[17:07:19] w02: Training network (Final=0) on cpu for 10 epochs...

[17:07:28] w02: start objective; params=[{"channels1":32,"channels2":27,"kernel_size1":15,"kernel_size2":11,"kernel_size3":11,"dilation_factor":3,"batch_size":8,"learning_rate":0.0099550888688173765}]
[17:07:28] w02: Preparing datastores for training and validation...

[17:07:28] w02: Using single frequency datastore for frequency index 4

[17:07:31] w02: 1 am here before gpu
[17:07:31] w02: 2 am here after gpu
[17:07:31] w02: Training network (Final=0) on cpu for 10 epochs...

[17:07:43] w02: start objective; params=[{"channels1":44,"channels2":17,"kernel_size1":16,"kernel_size2":14,"kernel_size3":12,"dilation_factor":3,"batch_size":7,"learning_rate":0.0099337208084147345}]
[17:07:43] w02: Preparing datastores for training and validation...

[17:07:43] w02: Using single frequency datastore for frequency index 4

[17:07:46] w02: 1 am here before gpu
[17:07:46] w02: 2 am here after gpu
[17:07:46] w02: Training network (Final=0) on cpu for 10 epochs...

[17:08:00] w02: start objective; params=[{"channels1":32,"channels2":22,"kernel_size1":14,"kernel_size2":12,"kernel_size3":11,"dilation_factor":3,"batch_size":6,"learning_rate":0.0083832485180821686}]
[17:08:00] w02: Preparing datastores for training and validation...

[17:08:00] w02: Using single frequency datastore for frequency index 4

[17:08:03] w02: 1 am here before gpu
[17:08:03] w02: 2 am here after gpu
[17:08:03] w02: Training network (Final=0) on cpu for 10 epochs...

[17:14:48] w02: start objective; params=[{"channels1":48,"channels2":31,"kernel_size1":15,"kernel_size2":13,"kernel_size3":10,"dilation_factor":6,"batch_size":16,"learning_rate":0.0029273224093621032}]
[17:14:48] w02: Preparing datastores for training and validation...

[17:14:48] w02: Using single frequency datastore for frequency index 4

[17:14:52] w02: 1 am here before gpu
[17:14:52] w02: 2 am here after gpu
[17:14:53] w02: Training network (Final=0) on cpu for 10 epochs...

[17:15:09] w02: start objective; params=[{"channels1":46,"channels2":17,"kernel_size1":11,"kernel_size2":12,"kernel_size3":11,"dilation_factor":7,"batch_size":8,"learning_rate":0.00862954847946302}]
[17:15:09] w02: Preparing datastores for training and validation...

[17:15:09] w02: Using single frequency datastore for frequency index 4

[17:15:13] w02: 1 am here before gpu
[17:15:13] w02: 2 am here after gpu
[17:15:14] w02: Training network (Final=0) on cpu for 10 epochs...

[17:15:44] w02: start objective; params=[{"channels1":60,"channels2":22,"kernel_size1":12,"kernel_size2":14,"kernel_size3":11,"dilation_factor":2,"batch_size":12,"learning_rate":0.0016125658012650711}]
[17:15:44] w02: Preparing datastores for training and validation...

[17:15:44] w02: Using single frequency datastore for frequency index 4

[17:15:48] w02: 1 am here before gpu
[17:15:48] w02: 2 am here after gpu
[17:15:49] w02: Training network (Final=0) on cpu for 10 epochs...

[17:16:08] w02: start objective; params=[{"channels1":59,"channels2":23,"kernel_size1":9,"kernel_size2":13,"kernel_size3":12,"dilation_factor":2,"batch_size":10,"learning_rate":0.0015809391801020144}]
[17:16:08] w02: Preparing datastores for training and validation...

[17:16:08] w02: Using single frequency datastore for frequency index 4

[17:16:12] w02: 1 am here before gpu
[17:16:12] w02: 2 am here after gpu
[17:16:13] w02: Training network (Final=0) on cpu for 10 epochs...

[17:16:37] w02: start objective; params=[{"channels1":59,"channels2":21,"kernel_size1":12,"kernel_size2":13,"kernel_size3":12,"dilation_factor":2,"batch_size":9,"learning_rate":0.002317537948116029}]
[17:16:37] w02: Preparing datastores for training and validation...

[17:16:37] w02: Using single frequency datastore for frequency index 4

[17:16:41] w02: 1 am here before gpu
[17:16:41] w02: 2 am here after gpu
[17:16:42] w02: Training network (Final=0) on cpu for 10 epochs...

[17:17:07] w02: start objective; params=[{"channels1":52,"channels2":21,"kernel_size1":17,"kernel_size2":13,"kernel_size3":10,"dilation_factor":2,"batch_size":8,"learning_rate":0.0013264590125449808}]
[17:17:07] w02: Preparing datastores for training and validation...

[17:17:07] w02: Using single frequency datastore for frequency index 4

[17:17:12] w02: 1 am here before gpu
[17:17:12] w02: 2 am here after gpu
[17:17:12] w02: Training network (Final=0) on cpu for 10 epochs...

[17:17:42] w02: start objective; params=[{"channels1":32,"channels2":31,"kernel_size1":7,"kernel_size2":13,"kernel_size3":14,"dilation_factor":8,"batch_size":9,"learning_rate":0.00787814878777257}]
[17:17:42] w02: Preparing datastores for training and validation...

[17:17:42] w02: Using single frequency datastore for frequency index 4

[17:17:47] w02: 1 am here before gpu
[17:17:47] w02: 2 am here after gpu
[17:17:47] w02: Training network (Final=0) on cpu for 10 epochs...

[17:18:13] w02: start objective; params=[{"channels1":52,"channels2":29,"kernel_size1":15,"kernel_size2":13,"kernel_size3":13,"dilation_factor":2,"batch_size":9,"learning_rate":0.0088999625626381678}]
[17:18:13] w02: Preparing datastores for training and validation...

[17:18:13] w02: Using single frequency datastore for frequency index 4

[17:18:18] w02: 1 am here before gpu
[17:18:18] w02: 2 am here after gpu
[17:18:18] w02: Training network (Final=0) on cpu for 10 epochs...

[17:18:43] w02: start objective; params=[{"channels1":43,"channels2":31,"kernel_size1":19,"kernel_size2":12,"kernel_size3":14,"dilation_factor":8,"batch_size":9,"learning_rate":0.0037405217035140995}]
[17:18:43] w02: Preparing datastores for training and validation...

[17:18:43] w02: Using single frequency datastore for frequency index 4

[17:18:47] w02: 1 am here before gpu
[17:18:47] w02: 2 am here after gpu
[17:18:48] w02: Training network (Final=0) on cpu for 10 epochs...

[17:19:14] w02: start objective; params=[{"channels1":33,"channels2":27,"kernel_size1":20,"kernel_size2":12,"kernel_size3":14,"dilation_factor":8,"batch_size":9,"learning_rate":0.0092708016402537965}]
[17:19:14] w02: Preparing datastores for training and validation...

[17:19:14] w02: Using single frequency datastore for frequency index 4

[17:19:19] w02: 1 am here before gpu
[17:19:19] w02: 2 am here after gpu
[17:19:19] w02: Training network (Final=0) on cpu for 10 epochs...

[17:19:44] w02: start objective; params=[{"channels1":32,"channels2":32,"kernel_size1":10,"kernel_size2":13,"kernel_size3":12,"dilation_factor":8,"batch_size":9,"learning_rate":0.0010169971060973472}]
[17:19:44] w02: Preparing datastores for training and validation...

[17:19:44] w02: Using single frequency datastore for frequency index 4

[17:19:49] w02: 1 am here before gpu
[17:19:49] w02: 2 am here after gpu
[17:19:50] w02: Training network (Final=0) on cpu for 10 epochs...

[17:20:15] w02: start objective; params=[{"channels1":33,"channels2":22,"kernel_size1":14,"kernel_size2":13,"kernel_size3":14,"dilation_factor":5,"batch_size":9,"learning_rate":0.0062777512401352318}]
[17:20:15] w02: Preparing datastores for training and validation...

[17:20:15] w02: Using single frequency datastore for frequency index 4

[17:20:20] w02: 1 am here before gpu
[17:20:20] w02: 2 am here after gpu
[17:20:20] w02: Training network (Final=0) on cpu for 10 epochs...

[17:20:45] w02: start objective; params=[{"channels1":58,"channels2":19,"kernel_size1":18,"kernel_size2":13,"kernel_size3":11,"dilation_factor":8,"batch_size":10,"learning_rate":0.00734478184150103}]
[17:20:45] w02: Preparing datastores for training and validation...

[17:20:45] w02: Using single frequency datastore for frequency index 4

[17:20:50] w02: 1 am here before gpu
[17:20:50] w02: 2 am here after gpu
[17:20:50] w02: Training network (Final=0) on cpu for 10 epochs...

[17:21:14] w02: start objective; params=[{"channels1":60,"channels2":22,"kernel_size1":12,"kernel_size2":13,"kernel_size3":11,"dilation_factor":2,"batch_size":8,"learning_rate":0.0012062841484356316}]
[17:21:14] w02: Preparing datastores for training and validation...

[17:21:14] w02: Using single frequency datastore for frequency index 4

[17:21:19] w02: 1 am here before gpu
[17:21:19] w02: 2 am here after gpu
[17:21:19] w02: Training network (Final=0) on cpu for 10 epochs...

[17:21:50] w02: start objective; params=[{"channels1":57,"channels2":30,"kernel_size1":8,"kernel_size2":13,"kernel_size3":12,"dilation_factor":4,"batch_size":9,"learning_rate":0.00161078099893134}]
[17:21:50] w02: Preparing datastores for training and validation...

[17:21:50] w02: Using single frequency datastore for frequency index 4

[17:21:54] w02: 1 am here before gpu
[17:21:54] w02: 2 am here after gpu
[17:21:55] w02: Training network (Final=0) on cpu for 10 epochs...

[17:22:21] w02: start objective; params=[{"channels1":35,"channels2":21,"kernel_size1":10,"kernel_size2":11,"kernel_size3":11,"dilation_factor":5,"batch_size":9,"learning_rate":0.0018680737400171841}]
[17:22:21] w02: Preparing datastores for training and validation...

[17:22:21] w02: Using single frequency datastore for frequency index 4

[17:22:25] w02: 1 am here before gpu
[17:22:25] w02: 2 am here after gpu
[17:22:26] w02: Training network (Final=0) on cpu for 10 epochs...

[17:22:51] w02: start objective; params=[{"channels1":64,"channels2":32,"kernel_size1":17,"kernel_size2":13,"kernel_size3":11,"dilation_factor":6,"batch_size":9,"learning_rate":0.0082740830462900636}]
[17:22:51] w02: Preparing datastores for training and validation...

[17:22:51] w02: Using single frequency datastore for frequency index 4

[17:22:56] w02: 1 am here before gpu
[17:22:56] w02: 2 am here after gpu
[17:22:56] w02: Training network (Final=0) on cpu for 10 epochs...

[17:23:22] w02: start objective; params=[{"channels1":63,"channels2":22,"kernel_size1":13,"kernel_size2":15,"kernel_size3":10,"dilation_factor":5,"batch_size":9,"learning_rate":0.0012424872421991557}]
[17:23:22] w02: Preparing datastores for training and validation...

[17:23:22] w02: Using single frequency datastore for frequency index 4

[17:23:27] w02: 1 am here before gpu
[17:23:27] w02: 2 am here after gpu
[17:23:27] w02: Training network (Final=0) on cpu for 10 epochs...

[17:23:53] w02: start objective; params=[{"channels1":50,"channels2":23,"kernel_size1":20,"kernel_size2":11,"kernel_size3":11,"dilation_factor":3,"batch_size":9,"learning_rate":0.0020145564717123955}]
[17:23:53] w02: Preparing datastores for training and validation...

[17:23:53] w02: Using single frequency datastore for frequency index 4

[17:23:57] w02: 1 am here before gpu
[17:23:57] w02: 2 am here after gpu
[17:23:58] w02: Training network (Final=0) on cpu for 10 epochs...

[17:24:23] w02: start objective; params=[{"channels1":33,"channels2":21,"kernel_size1":12,"kernel_size2":15,"kernel_size3":11,"dilation_factor":5,"batch_size":9,"learning_rate":0.00220002512742458}]
[17:24:23] w02: Preparing datastores for training and validation...

[17:24:23] w02: Using single frequency datastore for frequency index 4

[17:24:28] w02: 1 am here before gpu
[17:24:28] w02: 2 am here after gpu
[17:24:28] w02: Training network (Final=0) on cpu for 10 epochs...

[17:24:54] w02: start objective; params=[{"channels1":64,"channels2":21,"kernel_size1":19,"kernel_size2":14,"kernel_size3":11,"dilation_factor":8,"batch_size":9,"learning_rate":0.0017770445694149524}]
[17:24:54] w02: Preparing datastores for training and validation...

[17:24:54] w02: Using single frequency datastore for frequency index 4

[17:24:58] w02: 1 am here before gpu
[17:24:58] w02: 2 am here after gpu
[17:24:59] w02: Training network (Final=0) on cpu for 10 epochs...

[17:25:24] w02: start objective; params=[{"channels1":57,"channels2":22,"kernel_size1":18,"kernel_size2":12,"kernel_size3":12,"dilation_factor":8,"batch_size":9,"learning_rate":0.002086998375307958}]
[17:25:24] w02: Preparing datastores for training and validation...

[17:25:24] w02: Using single frequency datastore for frequency index 4

[17:25:29] w02: 1 am here before gpu
[17:25:29] w02: 2 am here after gpu
[17:25:29] w02: Training network (Final=0) on cpu for 10 epochs...

[17:25:56] w02: start objective; params=[{"channels1":43,"channels2":22,"kernel_size1":13,"kernel_size2":13,"kernel_size3":10,"dilation_factor":7,"batch_size":9,"learning_rate":0.0021730469421162176}]
[17:25:56] w02: Preparing datastores for training and validation...

[17:25:56] w02: Using single frequency datastore for frequency index 4

[17:26:01] w02: 1 am here before gpu
[17:26:01] w02: 2 am here after gpu
[17:26:02] w02: Training network (Final=0) on cpu for 10 epochs...

[17:26:28] w02: start objective; params=[{"channels1":40,"channels2":19,"kernel_size1":12,"kernel_size2":13,"kernel_size3":11,"dilation_factor":2,"batch_size":9,"learning_rate":0.0014150848428197411}]
[17:26:28] w02: Preparing datastores for training and validation...

[17:26:28] w02: Using single frequency datastore for frequency index 4

[17:26:32] w02: 1 am here before gpu
[17:26:32] w02: 2 am here after gpu
[17:26:33] w02: Training network (Final=0) on cpu for 10 epochs...

[17:26:59] w02: start objective; params=[{"channels1":60,"channels2":23,"kernel_size1":11,"kernel_size2":13,"kernel_size3":14,"dilation_factor":5,"batch_size":9,"learning_rate":0.00200541197261636}]
[17:26:59] w02: Preparing datastores for training and validation...

[17:26:59] w02: Using single frequency datastore for frequency index 4

[17:27:04] w02: 1 am here before gpu
[17:27:04] w02: 2 am here after gpu
[17:27:04] w02: Training network (Final=0) on cpu for 10 epochs...

[17:27:30] w02: start objective; params=[{"channels1":43,"channels2":21,"kernel_size1":16,"kernel_size2":14,"kernel_size3":11,"dilation_factor":7,"batch_size":9,"learning_rate":0.0022374506366593214}]
[17:27:30] w02: Preparing datastores for training and validation...

[17:27:30] w02: Using single frequency datastore for frequency index 4

[17:27:35] w02: 1 am here before gpu
[17:27:35] w02: 2 am here after gpu
[17:27:35] w02: Training network (Final=0) on cpu for 10 epochs...

[17:28:02] w02: start objective; params=[{"channels1":62,"channels2":24,"kernel_size1":17,"kernel_size2":14,"kernel_size3":10,"dilation_factor":5,"batch_size":9,"learning_rate":0.0020838826473319845}]
[17:28:02] w02: Preparing datastores for training and validation...

[17:28:02] w02: Using single frequency datastore for frequency index 4

[17:28:06] w02: 1 am here before gpu
[17:28:06] w02: 2 am here after gpu
[17:28:07] w02: Training network (Final=0) on cpu for 10 epochs...

[17:28:33] w02: start objective; params=[{"channels1":38,"channels2":22,"kernel_size1":16,"kernel_size2":14,"kernel_size3":14,"dilation_factor":3,"batch_size":9,"learning_rate":0.0016964965976849441}]
[17:28:33] w02: Preparing datastores for training and validation...

[17:28:33] w02: Using single frequency datastore for frequency index 4

[17:28:37] w02: 1 am here before gpu
[17:28:37] w02: 2 am here after gpu
[17:28:38] w02: Training network (Final=0) on cpu for 10 epochs...

[17:29:04] w02: start objective; params=[{"channels1":60,"channels2":16,"kernel_size1":15,"kernel_size2":14,"kernel_size3":13,"dilation_factor":8,"batch_size":9,"learning_rate":0.0020242130487360286}]
[17:29:04] w02: Preparing datastores for training and validation...

[17:29:04] w02: Using single frequency datastore for frequency index 4

[17:29:08] w02: 1 am here before gpu
[17:29:08] w02: 2 am here after gpu
[17:29:09] w02: Training network (Final=0) on cpu for 10 epochs...

[17:29:35] w02: start objective; params=[{"channels1":34,"channels2":27,"kernel_size1":7,"kernel_size2":13,"kernel_size3":12,"dilation_factor":8,"batch_size":10,"learning_rate":0.0053743394451464775}]
[17:29:35] w02: Preparing datastores for training and validation...

[17:29:35] w02: Using single frequency datastore for frequency index 4

[17:29:39] w02: 1 am here before gpu
[17:29:39] w02: 2 am here after gpu
[17:29:40] w02: Training network (Final=0) on cpu for 10 epochs...

[17:30:04] w02: start objective; params=[{"channels1":35,"channels2":17,"kernel_size1":15,"kernel_size2":13,"kernel_size3":14,"dilation_factor":7,"batch_size":10,"learning_rate":0.0029940655237218755}]
[17:30:04] w02: Preparing datastores for training and validation...

[17:30:04] w02: Using single frequency datastore for frequency index 4

[17:30:09] w02: 1 am here before gpu
[17:30:09] w02: 2 am here after gpu
[17:30:09] w02: Training network (Final=0) on cpu for 10 epochs...

[15:26:21] w02: start objective; params=[{"channels1":48,"channels2":31,"kernel_size1":15,"kernel_size2":13,"kernel_size3":10,"dilation_factor":6,"batch_size":16,"learning_rate":0.0029273224093621032}]
[15:26:21] w02: Preparing datastores for training and validation...

[15:26:21] w02: Using single frequency datastore for frequency index 4

[15:26:29] w02: 1 am here before gpu
[15:26:29] w02: 2 am here after gpu
[15:26:45] w02: Training network (Final=0) on cpu for 10 epochs...

[15:28:04] w02: start objective; params=[{"channels1":46,"channels2":17,"kernel_size1":11,"kernel_size2":12,"kernel_size3":11,"dilation_factor":7,"batch_size":8,"learning_rate":0.00862954847946302}]
[15:28:04] w02: Preparing datastores for training and validation...

[15:28:04] w02: Using single frequency datastore for frequency index 4

[15:28:11] w02: 1 am here before gpu
[15:28:11] w02: 2 am here after gpu
[15:28:14] w02: Training network (Final=0) on cpu for 10 epochs...

[15:29:30] w02: start objective; params=[{"channels1":60,"channels2":22,"kernel_size1":12,"kernel_size2":14,"kernel_size3":11,"dilation_factor":2,"batch_size":12,"learning_rate":0.0016125658012650711}]
[15:29:30] w02: Preparing datastores for training and validation...

[15:29:30] w02: Using single frequency datastore for frequency index 4

[15:29:40] w02: 1 am here before gpu
[15:29:40] w02: 2 am here after gpu
[15:29:42] w02: Training network (Final=0) on cpu for 10 epochs...

[15:30:31] w02: start objective; params=[{"channels1":57,"channels2":19,"kernel_size1":8,"kernel_size2":13,"kernel_size3":12,"dilation_factor":3,"batch_size":9,"learning_rate":0.0019280557207073329}]
[15:30:31] w02: Preparing datastores for training and validation...

[15:30:31] w02: Using single frequency datastore for frequency index 4

[15:30:38] w02: 1 am here before gpu
[15:30:38] w02: 2 am here after gpu
[15:30:40] w02: Training network (Final=0) on cpu for 10 epochs...

[15:31:21] w02: start objective; params=[{"channels1":60,"channels2":31,"kernel_size1":15,"kernel_size2":13,"kernel_size3":10,"dilation_factor":6,"batch_size":14,"learning_rate":0.0048383368851755712}]
[15:31:21] w02: Preparing datastores for training and validation...

[15:31:21] w02: Using single frequency datastore for frequency index 4

[15:31:27] w02: 1 am here before gpu
[15:31:27] w02: 2 am here after gpu
[15:31:29] w02: Training network (Final=0) on cpu for 10 epochs...

[15:31:55] w02: start objective; params=[{"channels1":43,"channels2":22,"kernel_size1":7,"kernel_size2":13,"kernel_size3":13,"dilation_factor":4,"batch_size":10,"learning_rate":0.00246739577029329}]
[15:31:55] w02: Preparing datastores for training and validation...

[15:31:55] w02: Using single frequency datastore for frequency index 4

[15:32:02] w02: 1 am here before gpu
[15:32:02] w02: 2 am here after gpu
[15:32:03] w02: Training network (Final=0) on cpu for 10 epochs...

[15:32:37] w02: start objective; params=[{"channels1":38,"channels2":22,"kernel_size1":16,"kernel_size2":13,"kernel_size3":10,"dilation_factor":6,"batch_size":5,"learning_rate":0.0037406047448891831}]
[15:32:37] w02: Preparing datastores for training and validation...

[15:32:37] w02: Using single frequency datastore for frequency index 4

[15:32:44] w02: 1 am here before gpu
[15:32:44] w02: 2 am here after gpu
[15:32:45] w02: Training network (Final=0) on cpu for 10 epochs...

[15:34:10] w02: start objective; params=[{"channels1":54,"channels2":31,"kernel_size1":15,"kernel_size2":13,"kernel_size3":15,"dilation_factor":6,"batch_size":15,"learning_rate":0.0033002085415271536}]
[15:34:10] w02: Preparing datastores for training and validation...

[15:34:10] w02: Using single frequency datastore for frequency index 4

[15:34:16] w02: 1 am here before gpu
[15:34:16] w02: 2 am here after gpu
[15:34:17] w02: Training network (Final=0) on cpu for 10 epochs...

[15:34:38] w02: start objective; params=[{"channels1":33,"channels2":22,"kernel_size1":8,"kernel_size2":13,"kernel_size3":10,"dilation_factor":5,"batch_size":7,"learning_rate":0.002682165651857968}]
[15:34:38] w02: Preparing datastores for training and validation...

[15:34:38] w02: Using single frequency datastore for frequency index 4

[15:34:49] w02: 1 am here before gpu
[15:34:49] w02: 2 am here after gpu
[15:34:50] w02: Training network (Final=0) on cpu for 10 epochs...

[15:36:06] w02: start objective; params=[{"channels1":37,"channels2":22,"kernel_size1":9,"kernel_size2":13,"kernel_size3":11,"dilation_factor":3,"batch_size":9,"learning_rate":0.0024879717552577585}]
[15:36:06] w02: Preparing datastores for training and validation...

[15:36:06] w02: Using single frequency datastore for frequency index 4

[15:36:14] w02: 1 am here before gpu
[15:36:14] w02: 2 am here after gpu
[15:36:16] w02: Training network (Final=0) on cpu for 10 epochs...

[15:36:59] w02: start objective; params=[{"channels1":34,"channels2":23,"kernel_size1":17,"kernel_size2":13,"kernel_size3":11,"dilation_factor":2,"batch_size":9,"learning_rate":0.0011883681726411245}]
[15:36:59] w02: Preparing datastores for training and validation...

[15:36:59] w02: Using single frequency datastore for frequency index 4

[15:37:06] w02: 1 am here before gpu
[15:37:06] w02: 2 am here after gpu
[15:37:07] w02: Training network (Final=0) on cpu for 10 epochs...

[15:37:54] w02: start objective; params=[{"channels1":54,"channels2":27,"kernel_size1":19,"kernel_size2":11,"kernel_size3":15,"dilation_factor":3,"batch_size":9,"learning_rate":0.0086264577652180614}]
[15:37:54] w02: Preparing datastores for training and validation...

[15:37:54] w02: Using single frequency datastore for frequency index 4

[15:38:01] w02: 1 am here before gpu
[15:38:01] w02: 2 am here after gpu
[15:38:03] w02: Training network (Final=0) on cpu for 10 epochs...

[15:38:54] w02: start objective; params=[{"channels1":34,"channels2":27,"kernel_size1":19,"kernel_size2":11,"kernel_size3":15,"dilation_factor":4,"batch_size":15,"learning_rate":0.0020142485559135346}]
[15:38:54] w02: Preparing datastores for training and validation...

[15:38:54] w02: Using single frequency datastore for frequency index 4

[15:39:00] w02: 1 am here before gpu
[15:39:00] w02: 2 am here after gpu
[15:39:01] w02: Training network (Final=0) on cpu for 10 epochs...

[15:39:29] w02: start objective; params=[{"channels1":51,"channels2":26,"kernel_size1":17,"kernel_size2":15,"kernel_size3":15,"dilation_factor":4,"batch_size":4,"learning_rate":0.0042834047315809271}]
[15:39:29] w02: Preparing datastores for training and validation...

[15:39:29] w02: Using single frequency datastore for frequency index 4

[15:39:37] w02: 1 am here before gpu
[15:39:37] w02: 2 am here after gpu
[15:39:38] w02: Training network (Final=0) on cpu for 10 epochs...

[15:41:30] w02: start objective; params=[{"channels1":44,"channels2":26,"kernel_size1":18,"kernel_size2":11,"kernel_size3":15,"dilation_factor":5,"batch_size":5,"learning_rate":0.0013698061775731212}]
[15:41:30] w02: Preparing datastores for training and validation...

[15:41:30] w02: Using single frequency datastore for frequency index 4

[15:41:37] w02: 1 am here before gpu
[15:41:37] w02: 2 am here after gpu
[15:41:38] w02: Training network (Final=0) on cpu for 10 epochs...

[15:42:52] w02: start objective; params=[{"channels1":38,"channels2":27,"kernel_size1":18,"kernel_size2":11,"kernel_size3":15,"dilation_factor":3,"batch_size":5,"learning_rate":0.001791597866334093}]
[15:42:52] w02: Preparing datastores for training and validation...

[15:42:52] w02: Using single frequency datastore for frequency index 4

[15:42:59] w02: 1 am here before gpu
[15:42:59] w02: 2 am here after gpu
[15:43:01] w02: Training network (Final=0) on cpu for 10 epochs...

[15:44:22] w02: start objective; params=[{"channels1":40,"channels2":22,"kernel_size1":10,"kernel_size2":13,"kernel_size3":11,"dilation_factor":6,"batch_size":9,"learning_rate":0.0014378349227331672}]
[15:44:22] w02: Preparing datastores for training and validation...

[15:44:22] w02: Using single frequency datastore for frequency index 4

[15:44:34] w02: 1 am here before gpu
[15:44:34] w02: 2 am here after gpu
[15:44:34] w02: Training network (Final=0) on cpu for 10 epochs...

[15:45:06] w02: start objective; params=[{"channels1":57,"channels2":27,"kernel_size1":20,"kernel_size2":14,"kernel_size3":15,"dilation_factor":4,"batch_size":5,"learning_rate":0.0012234320658091021}]
[15:45:06] w02: Preparing datastores for training and validation...

[15:45:06] w02: Using single frequency datastore for frequency index 4

[15:45:13] w02: 1 am here before gpu
[15:45:13] w02: 2 am here after gpu
[15:45:14] w02: Training network (Final=0) on cpu for 10 epochs...

[15:46:35] w02: start objective; params=[{"channels1":34,"channels2":22,"kernel_size1":10,"kernel_size2":13,"kernel_size3":11,"dilation_factor":5,"batch_size":10,"learning_rate":0.0054340368356824639}]
[15:46:35] w02: Preparing datastores for training and validation...

[15:46:35] w02: Using single frequency datastore for frequency index 4

[15:46:43] w02: 1 am here before gpu
[15:46:43] w02: 2 am here after gpu
[15:46:45] w02: Training network (Final=0) on cpu for 10 epochs...

[15:47:39] w02: start objective; params=[{"channels1":46,"channels2":27,"kernel_size1":17,"kernel_size2":11,"kernel_size3":15,"dilation_factor":6,"batch_size":6,"learning_rate":0.0017662841378927772}]
[15:47:39] w02: Preparing datastores for training and validation...

[15:47:39] w02: Using single frequency datastore for frequency index 4

[15:47:50] w02: 1 am here before gpu
[15:47:50] w02: 2 am here after gpu
[15:47:53] w02: Training network (Final=0) on cpu for 10 epochs...

[15:49:48] w02: start objective; params=[{"channels1":55,"channels2":27,"kernel_size1":7,"kernel_size2":12,"kernel_size3":15,"dilation_factor":3,"batch_size":5,"learning_rate":0.0020087494228999163}]
[15:49:48] w02: Preparing datastores for training and validation...

[15:49:48] w02: Using single frequency datastore for frequency index 4

[15:49:55] w02: 1 am here before gpu
[15:49:55] w02: 2 am here after gpu
[15:49:56] w02: Training network (Final=0) on cpu for 10 epochs...

[15:51:13] w02: start objective; params=[{"channels1":37,"channels2":22,"kernel_size1":9,"kernel_size2":13,"kernel_size3":11,"dilation_factor":3,"batch_size":9,"learning_rate":0.0034760237736640716}]
[15:51:13] w02: Preparing datastores for training and validation...

[15:51:13] w02: Using single frequency datastore for frequency index 4

[15:51:19] w02: 1 am here before gpu
[15:51:19] w02: 2 am here after gpu
[15:51:20] w02: Training network (Final=0) on cpu for 10 epochs...

[15:51:53] w02: start objective; params=[{"channels1":33,"channels2":27,"kernel_size1":18,"kernel_size2":12,"kernel_size3":15,"dilation_factor":6,"batch_size":6,"learning_rate":0.0013794346889616474}]
[15:51:53] w02: Preparing datastores for training and validation...

[15:51:53] w02: Using single frequency datastore for frequency index 4

[15:51:59] w02: 1 am here before gpu
[15:51:59] w02: 2 am here after gpu
[15:52:00] w02: Training network (Final=0) on cpu for 10 epochs...

[15:53:02] w02: start objective; params=[{"channels1":49,"channels2":27,"kernel_size1":18,"kernel_size2":11,"kernel_size3":14,"dilation_factor":4,"batch_size":5,"learning_rate":0.0012313296340082736}]
[15:53:02] w02: Preparing datastores for training and validation...

[15:53:02] w02: Using single frequency datastore for frequency index 4

[15:53:09] w02: 1 am here before gpu
[15:53:09] w02: 2 am here after gpu
[15:53:09] w02: Training network (Final=0) on cpu for 10 epochs...

[15:54:24] w02: start objective; params=[{"channels1":43,"channels2":27,"kernel_size1":17,"kernel_size2":11,"kernel_size3":15,"dilation_factor":8,"batch_size":5,"learning_rate":0.0010884867181809184}]
[15:54:24] w02: Preparing datastores for training and validation...

[15:54:24] w02: Using single frequency datastore for frequency index 4

[15:54:31] w02: 1 am here before gpu
[15:54:31] w02: 2 am here after gpu
[15:54:32] w02: Training network (Final=0) on cpu for 10 epochs...

[15:55:52] w02: start objective; params=[{"channels1":46,"channels2":27,"kernel_size1":18,"kernel_size2":11,"kernel_size3":15,"dilation_factor":4,"batch_size":5,"learning_rate":0.0015905497551714012}]
[15:55:52] w02: Preparing datastores for training and validation...

[15:55:52] w02: Using single frequency datastore for frequency index 4

[15:56:01] w02: 1 am here before gpu
[15:56:01] w02: 2 am here after gpu
[15:56:02] w02: Training network (Final=0) on cpu for 10 epochs...

[15:57:28] w02: start objective; params=[{"channels1":42,"channels2":27,"kernel_size1":17,"kernel_size2":11,"kernel_size3":15,"dilation_factor":3,"batch_size":6,"learning_rate":0.0011980825508688796}]
[15:57:28] w02: Preparing datastores for training and validation...

[15:57:28] w02: Using single frequency datastore for frequency index 4

[15:57:34] w02: 1 am here before gpu
[15:57:34] w02: 2 am here after gpu
[15:57:35] w02: Training network (Final=0) on cpu for 10 epochs...

[15:58:47] w02: start objective; params=[{"channels1":51,"channels2":27,"kernel_size1":16,"kernel_size2":11,"kernel_size3":15,"dilation_factor":6,"batch_size":5,"learning_rate":0.0014677641241936359}]
[15:58:47] w02: Preparing datastores for training and validation...

[15:58:47] w02: Using single frequency datastore for frequency index 4

[15:58:55] w02: 1 am here before gpu
[15:58:55] w02: 2 am here after gpu
[15:58:56] w02: Training network (Final=0) on cpu for 10 epochs...

[16:00:25] w02: start objective; params=[{"channels1":42,"channels2":22,"kernel_size1":10,"kernel_size2":13,"kernel_size3":11,"dilation_factor":4,"batch_size":9,"learning_rate":0.0063511432737150628}]
[16:00:25] w02: Preparing datastores for training and validation...

[16:00:25] w02: Using single frequency datastore for frequency index 4

[16:00:32] w02: 1 am here before gpu
[16:00:32] w02: 2 am here after gpu
[16:00:33] w02: Training network (Final=0) on cpu for 10 epochs...

[16:01:08] w02: start objective; params=[{"channels1":57,"channels2":27,"kernel_size1":18,"kernel_size2":12,"kernel_size3":15,"dilation_factor":7,"batch_size":5,"learning_rate":0.0054979168345846881}]
[16:01:08] w02: Preparing datastores for training and validation...

[16:01:08] w02: Using single frequency datastore for frequency index 4

[16:01:16] w02: 1 am here before gpu
[16:01:16] w02: 2 am here after gpu
[16:01:16] w02: Training network (Final=0) on cpu for 10 epochs...

[16:06:52] w02: start objective; params=[{"channels1":48,"channels2":31,"kernel_size1":15,"kernel_size2":13,"kernel_size3":10,"dilation_factor":6,"batch_size":16,"learning_rate":0.0029273224093621032}]
[16:06:52] w02: Preparing datastores for training and validation...

[16:06:52] w02: Using single frequency datastore for frequency index 4

[16:07:00] w02: 1 am here before gpu
[16:07:00] w02: 2 am here after gpu
[16:07:17] w02: Training network (Final=0) on cpu for 10 epochs...

[16:08:26] w02: start objective; params=[{"channels1":46,"channels2":17,"kernel_size1":11,"kernel_size2":12,"kernel_size3":11,"dilation_factor":7,"batch_size":8,"learning_rate":0.00862954847946302}]
[16:08:26] w02: Preparing datastores for training and validation...

[16:08:26] w02: Using single frequency datastore for frequency index 4

[16:08:33] w02: 1 am here before gpu
[16:08:33] w02: 2 am here after gpu
[16:08:36] w02: Training network (Final=0) on cpu for 10 epochs...

[16:09:24] w02: start objective; params=[{"channels1":60,"channels2":22,"kernel_size1":12,"kernel_size2":14,"kernel_size3":11,"dilation_factor":2,"batch_size":12,"learning_rate":0.0016125658012650711}]
[16:09:24] w02: Preparing datastores for training and validation...

[16:09:24] w02: Using single frequency datastore for frequency index 4

[16:09:31] w02: 1 am here before gpu
[16:09:31] w02: 2 am here after gpu
[16:09:32] w02: Training network (Final=0) on cpu for 10 epochs...

[16:10:00] w02: start objective; params=[{"channels1":57,"channels2":19,"kernel_size1":8,"kernel_size2":13,"kernel_size3":12,"dilation_factor":3,"batch_size":9,"learning_rate":0.0019280557207073329}]
[16:10:00] w02: Preparing datastores for training and validation...

[16:10:00] w02: Using single frequency datastore for frequency index 4

[16:10:07] w02: 1 am here before gpu
[16:10:07] w02: 2 am here after gpu
[16:10:08] w02: Training network (Final=0) on cpu for 10 epochs...

[16:10:43] w02: start objective; params=[{"channels1":60,"channels2":31,"kernel_size1":15,"kernel_size2":13,"kernel_size3":10,"dilation_factor":6,"batch_size":14,"learning_rate":0.0048383368851755712}]
[16:10:43] w02: Preparing datastores for training and validation...

[16:10:43] w02: Using single frequency datastore for frequency index 4

[16:10:50] w02: 1 am here before gpu
[16:10:50] w02: 2 am here after gpu
[16:10:51] w02: Training network (Final=0) on cpu for 10 epochs...

[16:11:15] w02: start objective; params=[{"channels1":43,"channels2":22,"kernel_size1":7,"kernel_size2":13,"kernel_size3":13,"dilation_factor":4,"batch_size":10,"learning_rate":0.00246739577029329}]
[16:11:15] w02: Preparing datastores for training and validation...

[16:11:15] w02: Using single frequency datastore for frequency index 4

[16:11:22] w02: 1 am here before gpu
[16:11:22] w02: 2 am here after gpu
[16:11:23] w02: Training network (Final=0) on cpu for 10 epochs...

[16:11:55] w02: start objective; params=[{"channels1":38,"channels2":22,"kernel_size1":16,"kernel_size2":13,"kernel_size3":10,"dilation_factor":6,"batch_size":5,"learning_rate":0.0037406047448891831}]
[16:11:55] w02: Preparing datastores for training and validation...

[16:11:55] w02: Using single frequency datastore for frequency index 4

[16:12:01] w02: 1 am here before gpu
[16:12:01] w02: 2 am here after gpu
[16:12:02] w02: Training network (Final=0) on cpu for 10 epochs...

[16:13:18] w02: start objective; params=[{"channels1":54,"channels2":31,"kernel_size1":15,"kernel_size2":13,"kernel_size3":15,"dilation_factor":6,"batch_size":15,"learning_rate":0.0033002085415271536}]
[16:13:18] w02: Preparing datastores for training and validation...

[16:13:18] w02: Using single frequency datastore for frequency index 4

[16:13:25] w02: 1 am here before gpu
[16:13:25] w02: 2 am here after gpu
[16:13:25] w02: Training network (Final=0) on cpu for 10 epochs...

[16:13:45] w02: start objective; params=[{"channels1":33,"channels2":22,"kernel_size1":8,"kernel_size2":13,"kernel_size3":10,"dilation_factor":5,"batch_size":7,"learning_rate":0.002682165651857968}]
[16:13:45] w02: Preparing datastores for training and validation...

[16:13:45] w02: Using single frequency datastore for frequency index 4

[16:13:52] w02: 1 am here before gpu
[16:13:52] w02: 2 am here after gpu
[16:13:53] w02: Training network (Final=0) on cpu for 10 epochs...

[16:14:41] w02: start objective; params=[{"channels1":38,"channels2":22,"kernel_size1":14,"kernel_size2":13,"kernel_size3":11,"dilation_factor":7,"batch_size":11,"learning_rate":0.0016573472796515575}]
[16:14:41] w02: Preparing datastores for training and validation...

[16:14:41] w02: Using single frequency datastore for frequency index 4

[16:14:48] w02: 1 am here before gpu
[16:14:48] w02: 2 am here after gpu
[16:14:49] w02: Training network (Final=0) on cpu for 10 epochs...

[16:15:17] w02: start objective; params=[{"channels1":36,"channels2":22,"kernel_size1":11,"kernel_size2":13,"kernel_size3":11,"dilation_factor":3,"batch_size":13,"learning_rate":0.003379417049263503}]
[16:15:17] w02: Preparing datastores for training and validation...

[16:15:17] w02: Using single frequency datastore for frequency index 4

[16:15:25] w02: 1 am here before gpu
[16:15:25] w02: 2 am here after gpu
[16:15:26] w02: Training network (Final=0) on cpu for 10 epochs...

[16:15:52] w02: start objective; params=[{"channels1":35,"channels2":22,"kernel_size1":10,"kernel_size2":13,"kernel_size3":11,"dilation_factor":4,"batch_size":15,"learning_rate":0.0037113220659092958}]
[16:15:52] w02: Preparing datastores for training and validation...

[16:15:52] w02: Using single frequency datastore for frequency index 4

[16:15:59] w02: 1 am here before gpu
[16:15:59] w02: 2 am here after gpu
[16:16:00] w02: Training network (Final=0) on cpu for 10 epochs...

[16:16:19] w02: start objective; params=[{"channels1":51,"channels2":27,"kernel_size1":9,"kernel_size2":11,"kernel_size3":15,"dilation_factor":3,"batch_size":8,"learning_rate":0.0070494017939574452}]
[16:16:19] w02: Preparing datastores for training and validation...

[16:16:19] w02: Using single frequency datastore for frequency index 4

[16:16:26] w02: 1 am here before gpu
[16:16:26] w02: 2 am here after gpu
[16:16:26] w02: Training network (Final=0) on cpu for 10 epochs...

[16:17:08] w02: start objective; params=[{"channels1":46,"channels2":27,"kernel_size1":19,"kernel_size2":11,"kernel_size3":14,"dilation_factor":4,"batch_size":4,"learning_rate":0.0022200789384354868}]
[16:17:08] w02: Preparing datastores for training and validation...

[16:17:08] w02: Using single frequency datastore for frequency index 4

[16:17:15] w02: 1 am here before gpu
[16:17:15] w02: 2 am here after gpu
[16:17:15] w02: Training network (Final=0) on cpu for 10 epochs...

[16:19:01] w02: start objective; params=[{"channels1":33,"channels2":19,"kernel_size1":19,"kernel_size2":11,"kernel_size3":15,"dilation_factor":7,"batch_size":15,"learning_rate":0.0011808754693494448}]
[16:19:01] w02: Preparing datastores for training and validation...

[16:19:01] w02: Using single frequency datastore for frequency index 4

[16:19:07] w02: 1 am here before gpu
[16:19:07] w02: 2 am here after gpu
[16:19:08] w02: Training network (Final=0) on cpu for 10 epochs...

[16:19:28] w02: start objective; params=[{"channels1":48,"channels2":27,"kernel_size1":13,"kernel_size2":11,"kernel_size3":13,"dilation_factor":4,"batch_size":6,"learning_rate":0.0062217135969539769}]
[16:19:28] w02: Preparing datastores for training and validation...

[16:19:28] w02: Using single frequency datastore for frequency index 4

[16:19:35] w02: 1 am here before gpu
[16:19:35] w02: 2 am here after gpu
[16:19:36] w02: Training network (Final=0) on cpu for 10 epochs...

[16:20:39] w02: start objective; params=[{"channels1":34,"channels2":32,"kernel_size1":9,"kernel_size2":10,"kernel_size3":10,"dilation_factor":4,"batch_size":9,"learning_rate":0.0029121248349191042}]
[16:20:39] w02: Preparing datastores for training and validation...

[16:20:39] w02: Using single frequency datastore for frequency index 4

[16:20:45] w02: 1 am here before gpu
[16:20:45] w02: 2 am here after gpu
[16:20:46] w02: Training network (Final=0) on cpu for 10 epochs...

[16:21:19] w02: start objective; params=[{"channels1":32,"channels2":29,"kernel_size1":11,"kernel_size2":13,"kernel_size3":10,"dilation_factor":3,"batch_size":10,"learning_rate":0.001393737579370425}]
[16:21:19] w02: Preparing datastores for training and validation...

[16:21:19] w02: Using single frequency datastore for frequency index 4

[16:21:25] w02: 1 am here before gpu
[16:21:25] w02: 2 am here after gpu
[16:21:26] w02: Training network (Final=0) on cpu for 10 epochs...

[16:21:57] w02: start objective; params=[{"channels1":45,"channels2":16,"kernel_size1":7,"kernel_size2":11,"kernel_size3":15,"dilation_factor":2,"batch_size":8,"learning_rate":0.0012629887987236018}]
[16:21:57] w02: Preparing datastores for training and validation...

[16:21:57] w02: Using single frequency datastore for frequency index 4

[16:22:04] w02: 1 am here before gpu
[16:22:04] w02: 2 am here after gpu
[16:22:05] w02: Training network (Final=0) on cpu for 10 epochs...

[16:22:44] w02: start objective; params=[{"channels1":35,"channels2":21,"kernel_size1":7,"kernel_size2":10,"kernel_size3":11,"dilation_factor":5,"batch_size":11,"learning_rate":0.0015239857363915379}]
[16:22:44] w02: Preparing datastores for training and validation...

[16:22:44] w02: Using single frequency datastore for frequency index 4

[16:22:50] w02: 1 am here before gpu
[16:22:50] w02: 2 am here after gpu
[16:22:51] w02: Training network (Final=0) on cpu for 10 epochs...

[16:23:18] w02: start objective; params=[{"channels1":32,"channels2":21,"kernel_size1":19,"kernel_size2":13,"kernel_size3":10,"dilation_factor":2,"batch_size":12,"learning_rate":0.0047385811358821184}]
[16:23:18] w02: Preparing datastores for training and validation...

[16:23:18] w02: Using single frequency datastore for frequency index 4

[16:23:25] w02: 1 am here before gpu
[16:23:25] w02: 2 am here after gpu
[16:23:26] w02: Training network (Final=0) on cpu for 10 epochs...

[16:23:50] w02: start objective; params=[{"channels1":32,"channels2":22,"kernel_size1":18,"kernel_size2":10,"kernel_size3":10,"dilation_factor":4,"batch_size":14,"learning_rate":0.0045123607338243615}]
[16:23:50] w02: Preparing datastores for training and validation...

[16:23:50] w02: Using single frequency datastore for frequency index 4

[16:23:56] w02: 1 am here before gpu
[16:23:56] w02: 2 am here after gpu
[16:23:57] w02: Training network (Final=0) on cpu for 10 epochs...

[16:24:22] w02: start objective; params=[{"channels1":53,"channels2":27,"kernel_size1":15,"kernel_size2":10,"kernel_size3":10,"dilation_factor":8,"batch_size":7,"learning_rate":0.0012986637145012119}]
[16:24:22] w02: Preparing datastores for training and validation...

[16:24:22] w02: Using single frequency datastore for frequency index 4

[16:24:29] w02: 1 am here before gpu
[16:24:29] w02: 2 am here after gpu
[16:24:30] w02: Training network (Final=0) on cpu for 10 epochs...

[16:25:19] w02: start objective; params=[{"channels1":61,"channels2":16,"kernel_size1":10,"kernel_size2":14,"kernel_size3":10,"dilation_factor":2,"batch_size":15,"learning_rate":0.00293021002851109}]
[16:25:19] w02: Preparing datastores for training and validation...

[16:25:19] w02: Using single frequency datastore for frequency index 4

[16:25:26] w02: 1 am here before gpu
[16:25:26] w02: 2 am here after gpu
[16:25:27] w02: Training network (Final=0) on cpu for 10 epochs...

[16:25:47] w02: start objective; params=[{"channels1":52,"channels2":23,"kernel_size1":18,"kernel_size2":12,"kernel_size3":10,"dilation_factor":4,"batch_size":5,"learning_rate":0.0019477054785153676}]
[16:25:47] w02: Preparing datastores for training and validation...

[16:25:47] w02: Using single frequency datastore for frequency index 4

[16:25:54] w02: 1 am here before gpu
[16:25:54] w02: 2 am here after gpu
[16:25:55] w02: Training network (Final=0) on cpu for 10 epochs...

[16:27:08] w02: start objective; params=[{"channels1":46,"channels2":23,"kernel_size1":15,"kernel_size2":15,"kernel_size3":10,"dilation_factor":4,"batch_size":15,"learning_rate":0.0018056129985565916}]
[16:27:08] w02: Preparing datastores for training and validation...

[16:27:08] w02: Using single frequency datastore for frequency index 4

[16:27:15] w02: 1 am here before gpu
[16:27:15] w02: 2 am here after gpu
[16:27:15] w02: Training network (Final=0) on cpu for 10 epochs...

[16:27:41] w02: start objective; params=[{"channels1":41,"channels2":22,"kernel_size1":7,"kernel_size2":11,"kernel_size3":10,"dilation_factor":5,"batch_size":13,"learning_rate":0.0011953772064139652}]
[16:27:41] w02: Preparing datastores for training and validation...

[16:27:41] w02: Using single frequency datastore for frequency index 4

[16:27:48] w02: 1 am here before gpu
[16:27:48] w02: 2 am here after gpu
[16:27:48] w02: Training network (Final=0) on cpu for 10 epochs...

[16:28:15] w02: start objective; params=[{"channels1":53,"channels2":27,"kernel_size1":17,"kernel_size2":14,"kernel_size3":14,"dilation_factor":3,"batch_size":4,"learning_rate":0.0010075226797712934}]
[16:28:15] w02: Preparing datastores for training and validation...

[16:28:15] w02: Using single frequency datastore for frequency index 4

[16:28:22] w02: 1 am here before gpu
[16:28:22] w02: 2 am here after gpu
[16:28:22] w02: Training network (Final=0) on cpu for 10 epochs...

[16:30:14] w02: start objective; params=[{"channels1":53,"channels2":23,"kernel_size1":8,"kernel_size2":14,"kernel_size3":10,"dilation_factor":3,"batch_size":10,"learning_rate":0.0027765768227888663}]
[16:30:14] w02: Preparing datastores for training and validation...

[16:30:14] w02: Using single frequency datastore for frequency index 4

[16:30:21] w02: 1 am here before gpu
[16:30:21] w02: 2 am here after gpu
[16:30:22] w02: Training network (Final=0) on cpu for 10 epochs...

[16:30:54] w02: start objective; params=[{"channels1":60,"channels2":30,"kernel_size1":8,"kernel_size2":11,"kernel_size3":10,"dilation_factor":6,"batch_size":8,"learning_rate":0.0020731339977919563}]
[16:30:54] w02: Preparing datastores for training and validation...

[16:30:54] w02: Using single frequency datastore for frequency index 4

[16:31:01] w02: 1 am here before gpu
[16:31:01] w02: 2 am here after gpu
[16:31:02] w02: Training network (Final=0) on cpu for 10 epochs...

[16:31:45] w02: start objective; params=[{"channels1":51,"channels2":26,"kernel_size1":15,"kernel_size2":13,"kernel_size3":15,"dilation_factor":6,"batch_size":4,"learning_rate":0.0012206862599975412}]
[16:31:45] w02: Preparing datastores for training and validation...

[16:31:45] w02: Using single frequency datastore for frequency index 4

[16:31:52] w02: 1 am here before gpu
[16:31:52] w02: 2 am here after gpu
[16:31:52] w02: Training network (Final=0) on cpu for 10 epochs...

[16:33:44] w02: start objective; params=[{"channels1":33,"channels2":17,"kernel_size1":20,"kernel_size2":13,"kernel_size3":10,"dilation_factor":4,"batch_size":9,"learning_rate":0.0015177708492965488}]
[16:33:44] w02: Preparing datastores for training and validation...

[16:33:44] w02: Using single frequency datastore for frequency index 4

[16:33:50] w02: 1 am here before gpu
[16:33:50] w02: 2 am here after gpu
[16:33:51] w02: Training network (Final=0) on cpu for 10 epochs...

[16:34:23] w02: start objective; params=[{"channels1":54,"channels2":26,"kernel_size1":11,"kernel_size2":11,"kernel_size3":14,"dilation_factor":7,"batch_size":5,"learning_rate":0.0011964211256746808}]
[16:34:23] w02: Preparing datastores for training and validation...

[16:34:23] w02: Using single frequency datastore for frequency index 4

[16:34:31] w02: 1 am here before gpu
[16:34:31] w02: 2 am here after gpu
[16:34:32] w02: Training network (Final=0) on cpu for 10 epochs...

[13:57:56] w02: start objective; params=[{"channels1":48,"channels2":27,"kernel_size1":8,"kernel_size2":11,"kernel_size3":14,"dilation_factor":5,"batch_size":9,"learning_rate":4.92684176884194E-5,"dropout_encoder":0.24566309943627707,"dropout_decoder":0.31789458303887996}]
[13:57:56] w02: Preparing datastores for training and validation...

[13:57:56] w02: Using single frequency datastore for frequency index 4

[13:58:02] w02: 1 am here before gpu
[13:58:02] w02: 2 am here after gpu
[13:58:19] w02: Training network (Final=0) on cpu for 10 epochs...

[13:59:24] w02: start objective; params=[{"channels1":42,"channels2":21,"kernel_size1":9,"kernel_size2":15,"kernel_size3":13,"dilation_factor":4,"batch_size":11,"learning_rate":0.00074666224484528049,"dropout_encoder":0.30204817577442089,"dropout_decoder":0.0443162618182284}]
[13:59:24] w02: Preparing datastores for training and validation...

[13:59:24] w02: Using single frequency datastore for frequency index 4

[13:59:29] w02: 1 am here before gpu
[13:59:29] w02: 2 am here after gpu
[13:59:31] w02: Training network (Final=0) on cpu for 10 epochs...

[14:00:04] w02: start objective; params=[{"channels1":34,"channels2":19,"kernel_size1":17,"kernel_size2":11,"kernel_size3":13,"dilation_factor":2,"batch_size":31,"learning_rate":0.00020759994398912544,"dropout_encoder":0.34521254280720975,"dropout_decoder":0.36957599096847771}]
[14:00:04] w02: Preparing datastores for training and validation...

[14:00:04] w02: Using single frequency datastore for frequency index 4

[14:00:08] w02: 1 am here before gpu
[14:00:08] w02: 2 am here after gpu
[14:00:10] w02: Training network (Final=0) on cpu for 10 epochs...

[14:00:27] w02: start objective; params=[{"channels1":46,"channels2":23,"kernel_size1":9,"kernel_size2":13,"kernel_size3":13,"dilation_factor":5,"batch_size":9,"learning_rate":0.00040759350488454789,"dropout_encoder":0.31686977200674193,"dropout_decoder":0.44704708830380951}]
[14:00:27] w02: Preparing datastores for training and validation...

[14:00:27] w02: Using single frequency datastore for frequency index 4

[14:00:32] w02: 1 am here before gpu
[14:00:32] w02: 2 am here after gpu
[14:00:33] w02: Training network (Final=0) on cpu for 10 epochs...

[14:01:09] w02: start objective; params=[{"channels1":40,"channels2":18,"kernel_size1":8,"kernel_size2":12,"kernel_size3":11,"dilation_factor":7,"batch_size":11,"learning_rate":7.67565504462204E-5,"dropout_encoder":0.44710876350402418,"dropout_decoder":0.0089245241150085787}]
[14:01:09] w02: Preparing datastores for training and validation...

[14:01:09] w02: Using single frequency datastore for frequency index 4

[14:01:14] w02: 1 am here before gpu
[14:01:14] w02: 2 am here after gpu
[14:01:16] w02: Training network (Final=0) on cpu for 10 epochs...

[14:01:37] w02: start objective; params=[{"channels1":53,"channels2":28,"kernel_size1":11,"kernel_size2":11,"kernel_size3":13,"dilation_factor":3,"batch_size":19,"learning_rate":0.00097198359590407776,"dropout_encoder":0.07145897436078491,"dropout_decoder":0.0014522338244905564}]
[14:01:37] w02: Preparing datastores for training and validation...

[14:01:37] w02: Using single frequency datastore for frequency index 4

[14:01:40] w02: 1 am here before gpu
[14:01:40] w02: 2 am here after gpu
[14:01:41] w02: Training network (Final=0) on cpu for 10 epochs...

[14:01:49] w02: start objective; params=[{"channels1":63,"channels2":24,"kernel_size1":17,"kernel_size2":14,"kernel_size3":14,"dilation_factor":3,"batch_size":6,"learning_rate":0.00097639898026403743,"dropout_encoder":0.421442728066247,"dropout_decoder":0.015727869118283458}]
[14:01:49] w02: Preparing datastores for training and validation...

[14:01:49] w02: Using single frequency datastore for frequency index 4

[14:01:52] w02: 1 am here before gpu
[14:01:52] w02: 2 am here after gpu
[14:01:53] w02: Training network (Final=0) on cpu for 10 epochs...

[14:03:48] w02: start objective; params=[{"channels1":48,"channels2":27,"kernel_size1":8,"kernel_size2":11,"kernel_size3":14,"dilation_factor":5,"batch_size":9,"learning_rate":4.92684176884194E-5,"dropout_encoder":0.24566309943627707,"dropout_decoder":0.31789458303887996}]
[14:03:48] w02: Preparing datastores for training and validation...

[14:03:48] w02: Using single frequency datastore for frequency index 4

[14:03:53] w02: 1 am here before gpu
[14:03:53] w02: 2 am here after gpu
[14:03:54] w02: Training network (Final=0) on cpu for 40 epochs...

[14:04:27] w02: start objective; params=[{"channels1":32,"channels2":20,"kernel_size1":11,"kernel_size2":15,"kernel_size3":13,"dilation_factor":5,"batch_size":17,"learning_rate":0.00034212676526337534,"dropout_encoder":0.45886514622247493,"dropout_decoder":0.2997383535036835}]
[14:04:27] w02: Preparing datastores for training and validation...

[14:04:27] w02: Using single frequency datastore for frequency index 4

[14:04:32] w02: 1 am here before gpu
[14:04:32] w02: 2 am here after gpu
[14:04:33] w02: Training network (Final=0) on cpu for 40 epochs...

[14:05:08] w02: start objective; params=[{"channels1":64,"channels2":24,"kernel_size1":18,"kernel_size2":14,"kernel_size3":10,"dilation_factor":3,"batch_size":16,"learning_rate":0.00025677026771371168,"dropout_encoder":0.19650543986551827,"dropout_decoder":0.32401573358554892}]
[14:05:08] w02: Preparing datastores for training and validation...

[14:05:08] w02: Using single frequency datastore for frequency index 4

[14:05:12] w02: 1 am here before gpu
[14:05:12] w02: 2 am here after gpu
[14:05:13] w02: Training network (Final=0) on cpu for 40 epochs...

[14:06:20] w02: start objective; params=[{"channels1":39,"channels2":22,"kernel_size1":16,"kernel_size2":14,"kernel_size3":10,"dilation_factor":2,"batch_size":30,"learning_rate":0.00099775831778629843,"dropout_encoder":0.19224384347861173,"dropout_decoder":0.041081726915494221}]
[14:06:20] w02: Preparing datastores for training and validation...

[14:06:20] w02: Using single frequency datastore for frequency index 4

[14:06:25] w02: 1 am here before gpu
[14:06:25] w02: 2 am here after gpu
[14:06:26] w02: Training network (Final=0) on cpu for 40 epochs...

[14:07:08] w02: start objective; params=[{"channels1":32,"channels2":18,"kernel_size1":11,"kernel_size2":13,"kernel_size3":12,"dilation_factor":2,"batch_size":5,"learning_rate":0.00022827433105724088,"dropout_encoder":0.12654147982240666,"dropout_decoder":0.00042082197082322947}]
[14:07:08] w02: Preparing datastores for training and validation...

[14:07:08] w02: Using single frequency datastore for frequency index 4

[14:07:13] w02: 1 am here before gpu
[14:07:13] w02: 2 am here after gpu
[14:07:13] w02: Training network (Final=0) on cpu for 40 epochs...

[14:10:11] w02: start objective; params=[{"channels1":39,"channels2":27,"kernel_size1":18,"kernel_size2":14,"kernel_size3":11,"dilation_factor":4,"batch_size":7,"learning_rate":1.3419813308167483E-5,"dropout_encoder":0.44671064854931647,"dropout_decoder":0.1500687021561356}]
[14:10:11] w02: Preparing datastores for training and validation...

[14:10:11] w02: Using single frequency datastore for frequency index 4

[14:10:14] w02: 1 am here before gpu
[14:10:14] w02: 2 am here after gpu
[14:10:15] w02: Training network (Final=0) on cpu for 40 epochs...

[14:10:30] w02: start objective; params=[{"channels1":61,"channels2":30,"kernel_size1":7,"kernel_size2":12,"kernel_size3":11,"dilation_factor":4,"batch_size":24,"learning_rate":4.0160712662495838E-5,"dropout_encoder":0.16200067468038815,"dropout_decoder":0.05874239583256137}]
[14:10:30] w02: Preparing datastores for training and validation...

[14:10:30] w02: Using single frequency datastore for frequency index 4

[14:10:33] w02: 1 am here before gpu
[14:10:33] w02: 2 am here after gpu
[14:10:33] w02: Training network (Final=0) on cpu for 40 epochs...

[14:10:50] w02: start objective; params=[{"channels1":61,"channels2":18,"kernel_size1":14,"kernel_size2":14,"kernel_size3":14,"dilation_factor":5,"batch_size":24,"learning_rate":0.00099989714388830473,"dropout_encoder":0.30877345935640982,"dropout_decoder":0.0074495257138816736}]
[14:10:50] w02: Preparing datastores for training and validation...

[14:10:50] w02: Using single frequency datastore for frequency index 4

[14:10:53] w02: 1 am here before gpu
[14:10:53] w02: 2 am here after gpu
[14:10:53] w02: Training network (Final=0) on cpu for 40 epochs...

[14:11:18] w02: start objective; params=[{"channels1":38,"channels2":19,"kernel_size1":13,"kernel_size2":13,"kernel_size3":15,"dilation_factor":4,"batch_size":5,"learning_rate":0.00096346268574474,"dropout_encoder":0.48384768727109062,"dropout_decoder":0.041114952931975812}]
[14:11:18] w02: Preparing datastores for training and validation...

[14:11:18] w02: Using single frequency datastore for frequency index 4

[14:11:21] w02: 1 am here before gpu
[14:11:21] w02: 2 am here after gpu
[14:11:22] w02: Training network (Final=0) on cpu for 40 epochs...

[14:12:15] w02: start objective; params=[{"channels1":55,"channels2":24,"kernel_size1":9,"kernel_size2":12,"kernel_size3":13,"dilation_factor":4,"batch_size":4,"learning_rate":0.00091964371500958023,"dropout_encoder":0.48004165029718371,"dropout_decoder":0.015653013984228692}]
[14:12:15] w02: Preparing datastores for training and validation...

[14:12:15] w02: Using single frequency datastore for frequency index 4

[14:12:18] w02: 1 am here before gpu
[14:12:18] w02: 2 am here after gpu
[14:12:18] w02: Training network (Final=0) on cpu for 40 epochs...

[14:14:05] w02: start objective; params=[{"channels1":38,"channels2":31,"kernel_size1":8,"kernel_size2":10,"kernel_size3":12,"dilation_factor":3,"batch_size":4,"learning_rate":0.00091924439685047213,"dropout_encoder":0.24062856431547519,"dropout_decoder":0.32390193468710049}]
[14:14:05] w02: Preparing datastores for training and validation...

[14:14:05] w02: Using single frequency datastore for frequency index 4

[14:14:08] w02: 1 am here before gpu
[14:14:08] w02: 2 am here after gpu
[14:14:08] w02: Training network (Final=0) on cpu for 40 epochs...

[14:15:51] w02: start objective; params=[{"channels1":33,"channels2":31,"kernel_size1":19,"kernel_size2":12,"kernel_size3":11,"dilation_factor":4,"batch_size":4,"learning_rate":0.00096644839577508606,"dropout_encoder":0.17365519427088022,"dropout_decoder":0.49252554328737674}]
[14:15:51] w02: Preparing datastores for training and validation...

[14:15:51] w02: Using single frequency datastore for frequency index 4

[14:15:54] w02: 1 am here before gpu
[14:15:54] w02: 2 am here after gpu
[14:15:54] w02: Training network (Final=0) on cpu for 40 epochs...

[14:17:21] w02: start objective; params=[{"channels1":63,"channels2":20,"kernel_size1":9,"kernel_size2":12,"kernel_size3":14,"dilation_factor":8,"batch_size":4,"learning_rate":0.00096472636000717008,"dropout_encoder":0.314323721532685,"dropout_decoder":0.26558226930798579}]
[14:17:21] w02: Preparing datastores for training and validation...

[14:17:21] w02: Using single frequency datastore for frequency index 4

[14:17:24] w02: 1 am here before gpu
[14:17:24] w02: 2 am here after gpu
[14:17:24] w02: Training network (Final=0) on cpu for 40 epochs...

[14:19:09] w02: start objective; params=[{"channels1":44,"channels2":30,"kernel_size1":13,"kernel_size2":12,"kernel_size3":14,"dilation_factor":2,"batch_size":4,"learning_rate":0.00087106676996895512,"dropout_encoder":0.49297586703402912,"dropout_decoder":0.38439780862153272}]
[14:19:09] w02: Preparing datastores for training and validation...

[14:19:09] w02: Using single frequency datastore for frequency index 4

[14:19:11] w02: 1 am here before gpu
[14:19:11] w02: 2 am here after gpu
[14:19:12] w02: Training network (Final=0) on cpu for 40 epochs...

[14:23:12] w02: start objective; params=[{"channels1":38,"channels2":27,"kernel_size1":13,"kernel_size2":11,"kernel_size3":10,"dilation_factor":5,"batch_size":4,"learning_rate":0.000929798472892885,"dropout_encoder":0.041061489506652171,"dropout_decoder":0.12527686597270726}]
[14:23:12] w02: Preparing datastores for training and validation...

[14:23:12] w02: Using single frequency datastore for frequency index 4

[14:23:17] w02: 1 am here before gpu
[14:23:17] w02: 2 am here after gpu
[14:23:18] w02: Training network (Final=0) on cpu for 40 epochs...

[14:26:33] w02: start objective; params=[{"channels1":51,"channels2":20,"kernel_size1":17,"kernel_size2":12,"kernel_size3":15,"dilation_factor":5,"batch_size":4,"learning_rate":0.00095358589335944161,"dropout_encoder":0.36596158024359926,"dropout_decoder":0.41322763167941812}]
[14:26:33] w02: Preparing datastores for training and validation...

[14:26:33] w02: Using single frequency datastore for frequency index 4

[14:26:38] w02: 1 am here before gpu
[14:26:38] w02: 2 am here after gpu
[14:26:39] w02: Training network (Final=0) on cpu for 40 epochs...

[14:31:20] w02: start objective; params=[{"channels1":59,"channels2":30,"kernel_size1":17,"kernel_size2":14,"kernel_size3":15,"dilation_factor":2,"batch_size":5,"learning_rate":0.000940634066088192,"dropout_encoder":0.3880781815812514,"dropout_decoder":0.0422379219960313}]
[14:31:20] w02: Preparing datastores for training and validation...

[14:31:20] w02: Using single frequency datastore for frequency index 4

[14:31:25] w02: 1 am here before gpu
[14:31:25] w02: 2 am here after gpu
[14:31:25] w02: Training network (Final=0) on cpu for 40 epochs...

[14:38:19] w02: start objective; params=[{"channels1":40,"channels2":32,"kernel_size1":7,"kernel_size2":11,"kernel_size3":15,"dilation_factor":2,"batch_size":6,"learning_rate":0.00096289659695272269,"dropout_encoder":0.16705656591714191,"dropout_decoder":0.12582322429512949}]
[14:38:19] w02: Preparing datastores for training and validation...

[14:38:19] w02: Using single frequency datastore for frequency index 4

[14:38:24] w02: 1 am here before gpu
[14:38:24] w02: 2 am here after gpu
[14:38:25] w02: Training network (Final=0) on cpu for 40 epochs...

[14:43:12] w02: start objective; params=[{"channels1":45,"channels2":30,"kernel_size1":20,"kernel_size2":10,"kernel_size3":13,"dilation_factor":5,"batch_size":7,"learning_rate":0.00096647789559383378,"dropout_encoder":0.18007953436632418,"dropout_decoder":0.48727546730291116}]
[14:43:12] w02: Preparing datastores for training and validation...

[14:43:12] w02: Using single frequency datastore for frequency index 4

[14:43:17] w02: 1 am here before gpu
[14:43:17] w02: 2 am here after gpu
[14:43:18] w02: Training network (Final=0) on cpu for 40 epochs...

[14:46:36] w02: start objective; params=[{"channels1":35,"channels2":32,"kernel_size1":20,"kernel_size2":12,"kernel_size3":15,"dilation_factor":2,"batch_size":5,"learning_rate":0.00092707660415906445,"dropout_encoder":0.385995454933287,"dropout_decoder":0.31296662173589845}]
[14:46:36] w02: Preparing datastores for training and validation...

[14:46:36] w02: Using single frequency datastore for frequency index 4

[14:46:40] w02: 1 am here before gpu
[14:46:40] w02: 2 am here after gpu
[14:46:41] w02: Training network (Final=0) on cpu for 40 epochs...

[14:50:12] w02: start objective; params=[{"channels1":62,"channels2":23,"kernel_size1":19,"kernel_size2":14,"kernel_size3":13,"dilation_factor":8,"batch_size":4,"learning_rate":0.00098129972765529164,"dropout_encoder":0.030436455199165879,"dropout_decoder":0.079460381664715821}]
[14:50:12] w02: Preparing datastores for training and validation...

[14:50:12] w02: Using single frequency datastore for frequency index 4

[14:50:17] w02: 1 am here before gpu
[14:50:17] w02: 2 am here after gpu
[14:50:18] w02: Training network (Final=0) on cpu for 40 epochs...

[14:54:29] w02: start objective; params=[{"channels1":44,"channels2":20,"kernel_size1":18,"kernel_size2":13,"kernel_size3":14,"dilation_factor":6,"batch_size":4,"learning_rate":1.1384442188031049E-5,"dropout_encoder":0.027513498344946458,"dropout_decoder":0.49279715154734527}]
[14:54:29] w02: Preparing datastores for training and validation...

[14:54:29] w02: Using single frequency datastore for frequency index 4

[14:54:34] w02: 1 am here before gpu
[14:54:34] w02: 2 am here after gpu
[14:54:35] w02: Training network (Final=0) on cpu for 40 epochs...

[14:55:18] w02: start objective; params=[{"channels1":35,"channels2":27,"kernel_size1":16,"kernel_size2":13,"kernel_size3":10,"dilation_factor":7,"batch_size":32,"learning_rate":9.4372996569293258E-5,"dropout_encoder":0.48948078747049517,"dropout_decoder":0.47584564736298196}]
[14:55:18] w02: Preparing datastores for training and validation...

[14:55:18] w02: Using single frequency datastore for frequency index 4

[14:55:23] w02: 1 am here before gpu
[14:55:23] w02: 2 am here after gpu
[14:55:23] w02: Training network (Final=0) on cpu for 40 epochs...

[14:56:01] w02: start objective; params=[{"channels1":61,"channels2":24,"kernel_size1":19,"kernel_size2":12,"kernel_size3":14,"dilation_factor":3,"batch_size":21,"learning_rate":1.0073465858100173E-5,"dropout_encoder":0.47040678699014671,"dropout_decoder":0.47587644517992883}]
[14:56:01] w02: Preparing datastores for training and validation...

[14:56:01] w02: Using single frequency datastore for frequency index 4

[14:56:06] w02: 1 am here before gpu
[14:56:06] w02: 2 am here after gpu
[14:56:07] w02: Training network (Final=0) on cpu for 40 epochs...

[14:56:48] w02: start objective; params=[{"channels1":34,"channels2":22,"kernel_size1":9,"kernel_size2":12,"kernel_size3":15,"dilation_factor":5,"batch_size":4,"learning_rate":8.2210635986313324E-5,"dropout_encoder":0.49626967200873506,"dropout_decoder":0.44392091036586623}]
[14:56:48] w02: Preparing datastores for training and validation...

[14:56:48] w02: Using single frequency datastore for frequency index 4

[14:56:53] w02: 1 am here before gpu
[14:56:53] w02: 2 am here after gpu
[14:56:54] w02: Training network (Final=0) on cpu for 40 epochs...

[15:06:56] w02: start objective; params=[{"channels1":39,"channels2":31,"kernel_size1":18,"kernel_size2":11,"kernel_size3":10,"dilation_factor":8,"batch_size":4,"learning_rate":3.1567825493136891E-5,"dropout_encoder":0.089304135137566021,"dropout_decoder":0.012431199399130413}]
[15:06:56] w02: Preparing datastores for training and validation...

[15:06:56] w02: Using single frequency datastore for frequency index 4

[15:07:01] w02: 1 am here before gpu
[15:07:01] w02: 2 am here after gpu
[15:07:04] w02: Training network (Final=0) on cpu for 40 epochs...

[15:07:50] w02: start objective; params=[{"channels1":33,"channels2":32,"kernel_size1":12,"kernel_size2":11,"kernel_size3":14,"dilation_factor":7,"batch_size":6,"learning_rate":0.00097102049158378871,"dropout_encoder":0.037764973438584759,"dropout_decoder":0.47822314378194125}]
[15:07:50] w02: Preparing datastores for training and validation...

[15:07:50] w02: Using single frequency datastore for frequency index 4

[15:07:54] w02: 1 am here before gpu
[15:07:54] w02: 2 am here after gpu
[15:07:55] w02: Training network (Final=0) on cpu for 40 epochs...

[15:13:05] w02: start objective; params=[{"channels1":43,"channels2":19,"kernel_size1":9,"kernel_size2":14,"kernel_size3":11,"dilation_factor":2,"batch_size":25,"learning_rate":0.00050078760198065037,"dropout_encoder":0.012227460228115283,"dropout_decoder":0.47212510320415957}]
[15:13:05] w02: Preparing datastores for training and validation...

[15:13:05] w02: Using single frequency datastore for frequency index 4

[15:13:10] w02: 1 am here before gpu
[15:13:10] w02: 2 am here after gpu
[15:13:10] w02: Training network (Final=0) on cpu for 40 epochs...

[15:13:57] w02: start objective; params=[{"channels1":34,"channels2":29,"kernel_size1":15,"kernel_size2":13,"kernel_size3":13,"dilation_factor":3,"batch_size":28,"learning_rate":2.7416654535333935E-5,"dropout_encoder":0.49745690436508194,"dropout_decoder":0.49569221920159268}]
[15:13:57] w02: Preparing datastores for training and validation...

[15:13:57] w02: Using single frequency datastore for frequency index 4

[15:14:02] w02: 1 am here before gpu
[15:14:02] w02: 2 am here after gpu
[15:14:03] w02: Training network (Final=0) on cpu for 40 epochs...

[15:14:49] w02: start objective; params=[{"channels1":36,"channels2":29,"kernel_size1":12,"kernel_size2":11,"kernel_size3":11,"dilation_factor":2,"batch_size":12,"learning_rate":9.53151144900105E-5,"dropout_encoder":0.0043673850261590416,"dropout_decoder":0.044788486890044471}]
[15:14:49] w02: Preparing datastores for training and validation...

[15:14:49] w02: Using single frequency datastore for frequency index 4

[15:14:54] w02: 1 am here before gpu
[15:14:54] w02: 2 am here after gpu
[15:14:55] w02: Training network (Final=0) on cpu for 40 epochs...

[15:15:34] w02: start objective; params=[{"channels1":46,"channels2":29,"kernel_size1":12,"kernel_size2":12,"kernel_size3":12,"dilation_factor":6,"batch_size":17,"learning_rate":2.3676642649597707E-5,"dropout_encoder":0.483288273825561,"dropout_decoder":0.039525333696320733}]
[15:15:34] w02: Preparing datastores for training and validation...

[15:15:34] w02: Using single frequency datastore for frequency index 4

[15:15:39] w02: 1 am here before gpu
[15:15:39] w02: 2 am here after gpu
[15:15:40] w02: Training network (Final=0) on cpu for 40 epochs...

[14:23:43] w02: start objective; params=[{"desired_latent_size":14,"hl_s1":2027,"hl_s2":981,"hl_s3":357,"hl_s4":77,"drop_rate":0.0016105822062094655,"overlap_size":11,"batch_size":31,"learning_rate":0.0029273224093621032,"lr_drop_factor":0.38611850903179123,"lr_drop_period":10}]
[14:23:43] w02: Preparing datastores for training and validation...

[14:23:43] w02: Using single frequency datastore for frequency index 4

[14:24:50] w02: start objective; params=[{"desired_latent_size":14,"hl_s1":2027,"hl_s2":981,"hl_s3":357,"hl_s4":77,"drop_rate":0.0016105822062094655,"overlap_size":11,"batch_size":31,"learning_rate":0.0029273224093621032,"lr_drop_factor":0.38611850903179123,"lr_drop_period":10}]
[14:24:50] w02: Preparing datastores for training and validation...

[14:24:50] w02: Using single frequency datastore for frequency index 4

[14:24:54] w02: 1 am here before gpu
[14:24:54] w02: 2 am here after gpu
[14:24:59] w02: Training network (Final=0) on cpu for 40 epochs...

[14:25:37] w02: Training failed: Unrecognized table variable name 'channels1'.

[14:25:37] w02: Error using <a href="matlab:matlab.lang.internal.introspective.errorDocCallback('tabular/dotReference', 'C:\Program Files\MATLAB\R2024b\toolbox\matlab\datatypes\tabular\@tabular\dotReference.m', 229)" style="font-weight:bold"> . </a> (<a href="matlab: opentoline('C:\Program Files\MATLAB\R2024b\toolbox\matlab\datatypes\tabular\@tabular\dotReference.m',229,0)">line 229</a>)
Unrecognized table variable name 'channels1'.

Error in <a href="matlab:matlab.lang.internal.introspective.errorDocCallback('Bayesian_optimization_1p1f_fc>trainAndEvaluateAE', 'C:\Users\Maria\Documents\Honours Programme\Networks\GAN\src\training\Bayesian_optimization_1p1f_fc.m', 275)" style="font-weight:bold">Bayesian_optimization_1p1f_fc>trainAndEvaluateAE</a> (<a href="matlab: opentoline('C:\Users\Maria\Documents\Honours Programme\Networks\GAN\src\training\Bayesian_optimization_1p1f_fc.m',275,0)">line 275</a>)
        complexityPenalty = 0.0001 * (params.channels1 + params.channels2);
                                      ^^^^^^^^^^^^^^^^
Error in <a href="matlab:matlab.lang.internal.introspective.errorDocCallback('Bayesian_optimization_1p1f_fc>@(params)trainAndEvaluateAE(params,dataCfg,''network_type'',network_type)', 'C:\Users\Maria\Documents\Honours Programme\Networks\GAN\src\training\Bayesian_optimization_1p1f_fc.m', 95)" style="font-weight:bold">Bayesian_optimization_1p1f_fc>@(params)trainAndEvaluateAE(params,dataCfg,'network_type',network_type)</a> (<a href="matlab: opentoline('C:\Users\Maria\Documents\Honours Programme\Networks\GAN\src\training\Bayesian_optimization_1p1f_fc.m',95,0)">line 95</a>)
objectiveFcn = @(params) trainAndEvaluateAE(params, dataCfg, 'network_type', network_type);
                         ^^^^^^^^^^^^^^^^^^^^^^^^^^^^^^^^^^^^^^^^^^^^^^^^^^^^^^^^^^^^^^^^^
Error in <a href="matlab:matlab.lang.internal.introspective.errorDocCallback('bayesoptim.callObjFcnParallel>callObjNormallyParallel', 'C:\Program Files\MATLAB\R2024b\toolbox\stats\bayesoptim\+bayesoptim\callObjFcnParallel.m', 45)" style="font-weight:bold">bayesoptim.callObjFcnParallel>callObjNormallyParallel</a> (<a href="matlab: opentoline('C:\Program Files\MATLAB\R2024b\toolbox\stats\bayesoptim\+bayesoptim\callObjFcnParallel.m',45,0)">line 45</a>)
            Objective = ObjectiveFcn(conditionalizedX);
                        ^^^^^^^^^^^^^^^^^^^^^^^^^^^^^^
Error in <a href="matlab:matlab.lang.internal.introspective.errorDocCallback('bayesoptim.callObjFcnParallel', 'C:\Program Files\MATLAB\R2024b\toolbox\stats\bayesoptim\+bayesoptim\callObjFcnParallel.m', 26)" style="font-weight:bold">bayesoptim.callObjFcnParallel</a> (<a href="matlab: opentoline('C:\Program Files\MATLAB\R2024b\toolbox\stats\bayesoptim\+bayesoptim\callObjFcnParallel.m',26,0)">line 26</a>)
            = callObjNormallyParallel(ObjectiveFcn, ObjectiveNargout, NumCoupledConstraints, conditionalizedX);
              ^^^^^^^^^^^^^^^^^^^^^^^^^^^^^^^^^^^^^^^^^^^^^^^^^^^^^^^^^^^^^^^^^^^^^^^^^^^^^^^^^^^^^^^^^^^^^^^^

[14:25:48] w02: start objective; params=[{"desired_latent_size":14,"hl_s1":1898,"hl_s2":545,"hl_s3":237,"hl_s4":61,"drop_rate":0.13665226846692669,"overlap_size":14,"batch_size":13,"learning_rate":0.00862954847946302,"lr_drop_factor":0.3718177451047372,"lr_drop_period":8}]
[14:25:48] w02: Preparing datastores for training and validation...

[14:25:48] w02: Using single frequency datastore for frequency index 4

[14:29:05] w02: start objective; params=[{"desired_latent_size":14,"hl_s1":2027,"hl_s2":981,"hl_s3":357,"hl_s4":77,"drop_rate":0.0016105822062094655,"overlap_size":11,"batch_size":31,"learning_rate":0.0029273224093621032,"lr_drop_factor":0.38611850903179123,"lr_drop_period":10}]
[14:29:05] w02: Preparing datastores for training and validation...

[14:29:05] w02: Using single frequency datastore for frequency index 4

[14:29:08] w02: 1 am here before gpu
[14:29:08] w02: 2 am here after gpu
[14:29:09] w02: Training network (Final=0) on cpu for 40 epochs...

[14:29:21] w02: Training failed: Unrecognized table variable name 'channels1'.

[14:29:21] w02: Error using <a href="matlab:matlab.lang.internal.introspective.errorDocCallback('tabular/dotReference', 'C:\Program Files\MATLAB\R2024b\toolbox\matlab\datatypes\tabular\@tabular\dotReference.m', 229)" style="font-weight:bold"> . </a> (<a href="matlab: opentoline('C:\Program Files\MATLAB\R2024b\toolbox\matlab\datatypes\tabular\@tabular\dotReference.m',229,0)">line 229</a>)
Unrecognized table variable name 'channels1'.

Error in <a href="matlab:matlab.lang.internal.introspective.errorDocCallback('Bayesian_optimization_1p1f_fc>trainAndEvaluateAE', 'C:\Users\Maria\Documents\Honours Programme\Networks\GAN\src\training\Bayesian_optimization_1p1f_fc.m', 276)" style="font-weight:bold">Bayesian_optimization_1p1f_fc>trainAndEvaluateAE</a> (<a href="matlab: opentoline('C:\Users\Maria\Documents\Honours Programme\Networks\GAN\src\training\Bayesian_optimization_1p1f_fc.m',276,0)">line 276</a>)
        complexityPenalty = 0.0001 * (params.channels1 + params.channels2);
                                      ^^^^^^^^^^^^^^^^
Error in <a href="matlab:matlab.lang.internal.introspective.errorDocCallback('Bayesian_optimization_1p1f_fc>@(params)trainAndEvaluateAE(params,dataCfg,''network_type'',network_type)', 'C:\Users\Maria\Documents\Honours Programme\Networks\GAN\src\training\Bayesian_optimization_1p1f_fc.m', 96)" style="font-weight:bold">Bayesian_optimization_1p1f_fc>@(params)trainAndEvaluateAE(params,dataCfg,'network_type',network_type)</a> (<a href="matlab: opentoline('C:\Users\Maria\Documents\Honours Programme\Networks\GAN\src\training\Bayesian_optimization_1p1f_fc.m',96,0)">line 96</a>)
objectiveFcn = @(params) trainAndEvaluateAE(params, dataCfg, 'network_type', network_type);
                         ^^^^^^^^^^^^^^^^^^^^^^^^^^^^^^^^^^^^^^^^^^^^^^^^^^^^^^^^^^^^^^^^^
Error in <a href="matlab:matlab.lang.internal.introspective.errorDocCallback('bayesoptim.callObjFcnParallel>callObjNormallyParallel', 'C:\Program Files\MATLAB\R2024b\toolbox\stats\bayesoptim\+bayesoptim\callObjFcnParallel.m', 45)" style="font-weight:bold">bayesoptim.callObjFcnParallel>callObjNormallyParallel</a> (<a href="matlab: opentoline('C:\Program Files\MATLAB\R2024b\toolbox\stats\bayesoptim\+bayesoptim\callObjFcnParallel.m',45,0)">line 45</a>)
            Objective = ObjectiveFcn(conditionalizedX);
                        ^^^^^^^^^^^^^^^^^^^^^^^^^^^^^^
Error in <a href="matlab:matlab.lang.internal.introspective.errorDocCallback('bayesoptim.callObjFcnParallel', 'C:\Program Files\MATLAB\R2024b\toolbox\stats\bayesoptim\+bayesoptim\callObjFcnParallel.m', 26)" style="font-weight:bold">bayesoptim.callObjFcnParallel</a> (<a href="matlab: opentoline('C:\Program Files\MATLAB\R2024b\toolbox\stats\bayesoptim\+bayesoptim\callObjFcnParallel.m',26,0)">line 26</a>)
            = callObjNormallyParallel(ObjectiveFcn, ObjectiveNargout, NumCoupledConstraints, conditionalizedX);
              ^^^^^^^^^^^^^^^^^^^^^^^^^^^^^^^^^^^^^^^^^^^^^^^^^^^^^^^^^^^^^^^^^^^^^^^^^^^^^^^^^^^^^^^^^^^^^^^^

[14:29:22] w02: start objective; params=[{"desired_latent_size":14,"hl_s1":1898,"hl_s2":545,"hl_s3":237,"hl_s4":61,"drop_rate":0.13665226846692669,"overlap_size":14,"batch_size":13,"learning_rate":0.00862954847946302,"lr_drop_factor":0.3718177451047372,"lr_drop_period":8}]
[14:29:22] w02: Preparing datastores for training and validation...

[14:29:22] w02: Using single frequency datastore for frequency index 4

[14:31:53] w02: start objective; params=[{"desired_latent_size":13,"hl_s1":2385,"hl_s2":525,"hl_s3":166,"hl_s4":88,"drop_rate":0.25716406474425041,"batch_size":9,"learning_rate":0.0022196490192915507,"lr_drop_factor":0.29653047954902167,"lr_drop_period":15}]
[14:31:53] w02: Preparing datastores for training and validation...

[14:31:53] w02: Using single frequency datastore for frequency index 4

[14:31:56] w02: 1 am here before gpu
[14:31:56] w02: 2 am here after gpu
[14:31:57] w02: Training network (Final=0) on cpu for 40 epochs...

[14:32:22] w02: start objective; params=[{"desired_latent_size":11,"hl_s1":1605,"hl_s2":561,"hl_s3":460,"hl_s4":75,"drop_rate":0.19743814268350052,"batch_size":11,"learning_rate":0.0086409620115197837,"lr_drop_factor":0.34163854061953669,"lr_drop_period":6}]
[14:32:22] w02: Preparing datastores for training and validation...

[14:32:22] w02: Using single frequency datastore for frequency index 4

[14:32:25] w02: 1 am here before gpu
[14:32:25] w02: 2 am here after gpu
[14:32:25] w02: Training network (Final=0) on cpu for 40 epochs...

[14:33:16] w02: start objective; params=[{"desired_latent_size":14,"hl_s1":1315,"hl_s2":929,"hl_s3":265,"hl_s4":87,"drop_rate":0.499612124701365,"batch_size":6,"learning_rate":0.0010167305430181842,"lr_drop_factor":0.3959881860930774,"lr_drop_period":11}]
[14:33:16] w02: Preparing datastores for training and validation...

[14:33:16] w02: Using single frequency datastore for frequency index 4

[14:33:19] w02: 1 am here before gpu
[14:33:19] w02: 2 am here after gpu
[14:33:19] w02: Training network (Final=0) on cpu for 40 epochs...

[14:33:53] w02: start objective; params=[{"desired_latent_size":12,"hl_s1":2213,"hl_s2":930,"hl_s3":356,"hl_s4":74,"drop_rate":0.47174176302566861,"batch_size":6,"learning_rate":0.0013399921278553768,"lr_drop_factor":0.11117104934494507,"lr_drop_period":11}]
[14:33:53] w02: Preparing datastores for training and validation...

[14:33:53] w02: Using single frequency datastore for frequency index 4

[14:33:57] w02: 1 am here before gpu
[14:33:57] w02: 2 am here after gpu
[14:33:57] w02: Training network (Final=0) on cpu for 40 epochs...

[14:34:32] w02: start objective; params=[{"desired_latent_size":15,"hl_s1":2523,"hl_s2":570,"hl_s3":341,"hl_s4":83,"drop_rate":0.07807067518807545,"batch_size":29,"learning_rate":0.0025318060389304727,"lr_drop_factor":0.1008470948781785,"lr_drop_period":6}]
[14:34:32] w02: Preparing datastores for training and validation...

[14:34:32] w02: Using single frequency datastore for frequency index 4

[14:34:35] w02: 1 am here before gpu
[14:34:35] w02: 2 am here after gpu
[14:34:36] w02: Training network (Final=0) on cpu for 40 epochs...

[14:34:52] w02: start objective; params=[{"desired_latent_size":10,"hl_s1":1651,"hl_s2":768,"hl_s3":251,"hl_s4":73,"drop_rate":0.25257312731189907,"batch_size":16,"learning_rate":0.0014945964135714706,"lr_drop_factor":0.31183987407918673,"lr_drop_period":9}]
[14:34:52] w02: Preparing datastores for training and validation...

[14:34:52] w02: Using single frequency datastore for frequency index 4

[14:34:57] w02: 1 am here before gpu
[14:34:57] w02: 2 am here after gpu
[14:34:57] w02: Training network (Final=0) on cpu for 40 epochs...

[14:35:59] w02: start objective; params=[{"desired_latent_size":11,"hl_s1":2375,"hl_s2":908,"hl_s3":129,"hl_s4":68,"drop_rate":0.076576766713406574,"batch_size":19,"learning_rate":0.0010463186020616825,"lr_drop_factor":0.17090340380703933,"lr_drop_period":14}]
[14:35:59] w02: Preparing datastores for training and validation...

[14:35:59] w02: Using single frequency datastore for frequency index 4

[14:36:04] w02: 1 am here before gpu
[14:36:04] w02: 2 am here after gpu
[14:36:04] w02: Training network (Final=0) on cpu for 40 epochs...

[14:37:02] w02: start objective; params=[{"desired_latent_size":12,"hl_s1":1011,"hl_s2":986,"hl_s3":288,"hl_s4":67,"drop_rate":0.45064792328671988,"batch_size":31,"learning_rate":0.0011627049756081868,"lr_drop_factor":0.47064080116336149,"lr_drop_period":13}]
[14:37:02] w02: Preparing datastores for training and validation...

[14:37:02] w02: Using single frequency datastore for frequency index 4

[14:37:06] w02: 1 am here before gpu
[14:37:06] w02: 2 am here after gpu
[14:37:07] w02: Training network (Final=0) on cpu for 40 epochs...

[14:37:37] w02: start objective; params=[{"desired_latent_size":13,"hl_s1":1007,"hl_s2":998,"hl_s3":443,"hl_s4":58,"drop_rate":0.46818128968280492,"batch_size":7,"learning_rate":0.0012668485283696125,"lr_drop_factor":0.24851949685684641,"lr_drop_period":9}]
[14:37:37] w02: Preparing datastores for training and validation...

[14:37:37] w02: Using single frequency datastore for frequency index 4

[14:37:42] w02: 1 am here before gpu
[14:37:42] w02: 2 am here after gpu
[14:37:43] w02: Training network (Final=0) on cpu for 40 epochs...

[14:39:03] w02: start objective; params=[{"desired_latent_size":11,"hl_s1":1118,"hl_s2":994,"hl_s3":156,"hl_s4":44,"drop_rate":0.055555059067809831,"batch_size":14,"learning_rate":0.0015038669579277243,"lr_drop_factor":0.41907284225524355,"lr_drop_period":20}]
[14:39:03] w02: Preparing datastores for training and validation...

[14:39:03] w02: Using single frequency datastore for frequency index 4

[14:39:08] w02: 1 am here before gpu
[14:39:08] w02: 2 am here after gpu
[14:39:08] w02: Training network (Final=0) on cpu for 40 epochs...

[14:40:25] w02: start objective; params=[{"desired_latent_size":11,"hl_s1":1460,"hl_s2":915,"hl_s3":226,"hl_s4":35,"drop_rate":0.13033260195627985,"batch_size":14,"learning_rate":0.0010366683097865147,"lr_drop_factor":0.31727761222576967,"lr_drop_period":20}]
[14:40:25] w02: Preparing datastores for training and validation...

[14:40:25] w02: Using single frequency datastore for frequency index 4

[14:40:30] w02: 1 am here before gpu
[14:40:30] w02: 2 am here after gpu
[14:40:31] w02: Training network (Final=0) on cpu for 40 epochs...

[14:41:17] w02: start objective; params=[{"desired_latent_size":13,"hl_s1":1959,"hl_s2":848,"hl_s3":324,"hl_s4":31,"drop_rate":0.45811725701943518,"batch_size":14,"learning_rate":0.0011051949820906615,"lr_drop_factor":0.3919580735496726,"lr_drop_period":14}]
[14:41:17] w02: Preparing datastores for training and validation...

[14:41:17] w02: Using single frequency datastore for frequency index 4

[14:41:22] w02: 1 am here before gpu
[14:41:22] w02: 2 am here after gpu
[14:41:23] w02: Training network (Final=0) on cpu for 40 epochs...

[14:42:39] w02: start objective; params=[{"desired_latent_size":10,"hl_s1":1451,"hl_s2":538,"hl_s3":272,"hl_s4":53,"drop_rate":0.48569716193477985,"batch_size":8,"learning_rate":0.00138337106995849,"lr_drop_factor":0.13889712628955608,"lr_drop_period":15}]
[14:42:39] w02: Preparing datastores for training and validation...

[14:42:39] w02: Using single frequency datastore for frequency index 4

[14:42:44] w02: 1 am here before gpu
[14:42:44] w02: 2 am here after gpu
[14:42:44] w02: Training network (Final=0) on cpu for 40 epochs...

[14:43:19] w02: start objective; params=[{"desired_latent_size":15,"hl_s1":1159,"hl_s2":503,"hl_s3":243,"hl_s4":30,"drop_rate":0.28946227521199452,"batch_size":4,"learning_rate":0.0012957352448728357,"lr_drop_factor":0.22378778944744221,"lr_drop_period":6}]
[14:43:19] w02: Preparing datastores for training and validation...

[14:43:19] w02: Using single frequency datastore for frequency index 4

[14:43:24] w02: 1 am here before gpu
[14:43:24] w02: 2 am here after gpu
[14:43:25] w02: Training network (Final=0) on cpu for 40 epochs...

[14:44:07] w02: start objective; params=[{"desired_latent_size":14,"hl_s1":1549,"hl_s2":976,"hl_s3":170,"hl_s4":50,"drop_rate":0.17252245948208134,"batch_size":32,"learning_rate":0.0071661961575746431,"lr_drop_factor":0.49719978419042354,"lr_drop_period":20}]
[14:44:07] w02: Preparing datastores for training and validation...

[14:44:07] w02: Using single frequency datastore for frequency index 4

[14:44:11] w02: 1 am here before gpu
[14:44:11] w02: 2 am here after gpu
[14:44:12] w02: Training network (Final=0) on cpu for 40 epochs...

[14:44:42] w02: start objective; params=[{"desired_latent_size":14,"hl_s1":1109,"hl_s2":560,"hl_s3":235,"hl_s4":76,"drop_rate":0.36478790416206774,"batch_size":27,"learning_rate":0.0010419928906829116,"lr_drop_factor":0.40233538435033034,"lr_drop_period":16}]
[14:44:42] w02: Preparing datastores for training and validation...

[14:44:42] w02: Using single frequency datastore for frequency index 4

[14:44:47] w02: 1 am here before gpu
[14:44:47] w02: 2 am here after gpu
[14:44:47] w02: Training network (Final=0) on cpu for 40 epochs...

[14:45:25] w02: start objective; params=[{"desired_latent_size":12,"hl_s1":2038,"hl_s2":816,"hl_s3":241,"hl_s4":31,"drop_rate":0.29654973156385295,"batch_size":31,"learning_rate":0.0011399129442437605,"lr_drop_factor":0.26815799476165814,"lr_drop_period":16}]
[14:45:25] w02: Preparing datastores for training and validation...

[14:45:25] w02: Using single frequency datastore for frequency index 4

[14:45:29] w02: 1 am here before gpu
[14:45:29] w02: 2 am here after gpu
[14:45:30] w02: Training network (Final=0) on cpu for 40 epochs...

[14:46:00] w02: start objective; params=[{"desired_latent_size":13,"hl_s1":1251,"hl_s2":996,"hl_s3":448,"hl_s4":66,"drop_rate":0.3123113180412978,"batch_size":19,"learning_rate":0.0011247410465218904,"lr_drop_factor":0.39161096703075482,"lr_drop_period":19}]
[14:46:00] w02: Preparing datastores for training and validation...

[14:46:00] w02: Using single frequency datastore for frequency index 4

[14:46:05] w02: 1 am here before gpu
[14:46:05] w02: 2 am here after gpu
[14:46:05] w02: Training network (Final=0) on cpu for 40 epochs...

[14:47:02] w02: start objective; params=[{"desired_latent_size":15,"hl_s1":1677,"hl_s2":987,"hl_s3":472,"hl_s4":43,"drop_rate":0.24694750967153911,"batch_size":18,"learning_rate":0.0017550097629176736,"lr_drop_factor":0.26547477669507324,"lr_drop_period":19}]
[14:47:02] w02: Preparing datastores for training and validation...

[14:47:02] w02: Using single frequency datastore for frequency index 4

[14:47:07] w02: 1 am here before gpu
[14:47:07] w02: 2 am here after gpu
[14:47:08] w02: Training network (Final=0) on cpu for 40 epochs...

[14:48:05] w02: start objective; params=[{"desired_latent_size":13,"hl_s1":2992,"hl_s2":996,"hl_s3":307,"hl_s4":95,"drop_rate":0.10344032272626841,"batch_size":15,"learning_rate":0.0025928668954161996,"lr_drop_factor":0.48226742666534761,"lr_drop_period":20}]
[14:48:05] w02: Preparing datastores for training and validation...

[14:48:05] w02: Using single frequency datastore for frequency index 4

[14:48:10] w02: 1 am here before gpu
[14:48:10] w02: 2 am here after gpu
[14:48:11] w02: Training network (Final=0) on cpu for 40 epochs...

[14:49:17] w02: start objective; params=[{"desired_latent_size":13,"hl_s1":1520,"hl_s2":987,"hl_s3":377,"hl_s4":48,"drop_rate":0.486858222524217,"batch_size":5,"learning_rate":0.0013925954850807962,"lr_drop_factor":0.15590676432385259,"lr_drop_period":20}]
[14:49:17] w02: Preparing datastores for training and validation...

[14:49:17] w02: Using single frequency datastore for frequency index 4

[14:49:22] w02: 1 am here before gpu
[14:49:22] w02: 2 am here after gpu
[14:49:22] w02: Training network (Final=0) on cpu for 40 epochs...

[14:50:23] w02: start objective; params=[{"desired_latent_size":14,"hl_s1":1952,"hl_s2":966,"hl_s3":295,"hl_s4":32,"drop_rate":0.038535995621528027,"batch_size":21,"learning_rate":0.0010046366773868334,"lr_drop_factor":0.47886167787329481,"lr_drop_period":5}]
[14:50:23] w02: Preparing datastores for training and validation...

[14:50:23] w02: Using single frequency datastore for frequency index 4

[14:50:27] w02: 1 am here before gpu
[14:50:27] w02: 2 am here after gpu
[14:50:28] w02: Training network (Final=0) on cpu for 40 epochs...

[14:51:18] w02: start objective; params=[{"desired_latent_size":11,"hl_s1":2913,"hl_s2":618,"hl_s3":407,"hl_s4":32,"drop_rate":0.083331755353929893,"batch_size":21,"learning_rate":0.0010037130202727065,"lr_drop_factor":0.47599875842221284,"lr_drop_period":20}]
[14:51:18] w02: Preparing datastores for training and validation...

[14:51:18] w02: Using single frequency datastore for frequency index 4

[14:51:23] w02: 1 am here before gpu
[14:51:23] w02: 2 am here after gpu
[14:51:23] w02: Training network (Final=0) on cpu for 40 epochs...

[14:52:13] w02: start objective; params=[{"desired_latent_size":11,"hl_s1":2012,"hl_s2":996,"hl_s3":295,"hl_s4":34,"drop_rate":0.3447080150928965,"batch_size":18,"learning_rate":0.0015669535713341315,"lr_drop_factor":0.26420181233453488,"lr_drop_period":20}]
[14:52:13] w02: Preparing datastores for training and validation...

[14:52:13] w02: Using single frequency datastore for frequency index 4

[14:52:18] w02: 1 am here before gpu
[14:52:18] w02: 2 am here after gpu
[14:52:18] w02: Training network (Final=0) on cpu for 40 epochs...

[14:53:16] w02: start objective; params=[{"desired_latent_size":14,"hl_s1":1918,"hl_s2":982,"hl_s3":182,"hl_s4":42,"drop_rate":0.019821052106722595,"batch_size":17,"learning_rate":0.0013752706756845392,"lr_drop_factor":0.12758367494214645,"lr_drop_period":20}]
[14:53:16] w02: Preparing datastores for training and validation...

[14:53:16] w02: Using single frequency datastore for frequency index 4

[14:53:20] w02: 1 am here before gpu
[14:53:20] w02: 2 am here after gpu
[14:53:21] w02: Training network (Final=0) on cpu for 40 epochs...

[14:54:25] w02: start objective; params=[{"desired_latent_size":15,"hl_s1":1500,"hl_s2":999,"hl_s3":390,"hl_s4":42,"drop_rate":0.40279794161372151,"batch_size":16,"learning_rate":0.0024523345220501171,"lr_drop_factor":0.28011338010823877,"lr_drop_period":19}]
[14:54:25] w02: Preparing datastores for training and validation...

[14:54:25] w02: Using single frequency datastore for frequency index 4

[14:54:30] w02: 1 am here before gpu
[14:54:30] w02: 2 am here after gpu
[14:54:31] w02: Training network (Final=0) on cpu for 40 epochs...

[14:55:11] w02: start objective; params=[{"desired_latent_size":11,"hl_s1":2940,"hl_s2":704,"hl_s3":397,"hl_s4":33,"drop_rate":0.42887997127094413,"batch_size":22,"learning_rate":0.0011997587737209638,"lr_drop_factor":0.48608983700345032,"lr_drop_period":13}]
[14:55:11] w02: Preparing datastores for training and validation...

[14:55:11] w02: Using single frequency datastore for frequency index 4

[14:55:15] w02: 1 am here before gpu
[14:55:15] w02: 2 am here after gpu
[14:55:16] w02: Training network (Final=0) on cpu for 40 epochs...

[14:55:59] w02: start objective; params=[{"desired_latent_size":11,"hl_s1":1412,"hl_s2":966,"hl_s3":303,"hl_s4":55,"drop_rate":0.08656493065889892,"batch_size":17,"learning_rate":0.0017698790027285062,"lr_drop_factor":0.45410843419199431,"lr_drop_period":18}]
[14:55:59] w02: Preparing datastores for training and validation...

[14:55:59] w02: Using single frequency datastore for frequency index 4

[14:56:04] w02: 1 am here before gpu
[14:56:04] w02: 2 am here after gpu
[14:56:05] w02: Training network (Final=0) on cpu for 40 epochs...

[14:57:09] w02: start objective; params=[{"desired_latent_size":11,"hl_s1":2880,"hl_s2":505,"hl_s3":116,"hl_s4":31,"drop_rate":0.025060632693617288,"batch_size":22,"learning_rate":0.001451838240822539,"lr_drop_factor":0.142579628838502,"lr_drop_period":18}]
[14:57:09] w02: Preparing datastores for training and validation...

[14:57:09] w02: Using single frequency datastore for frequency index 4

[14:57:14] w02: 1 am here before gpu
[14:57:14] w02: 2 am here after gpu
[14:57:15] w02: Training network (Final=0) on cpu for 40 epochs...

[14:57:58] w02: start objective; params=[{"desired_latent_size":11,"hl_s1":2011,"hl_s2":646,"hl_s3":202,"hl_s4":64,"drop_rate":0.247918667466331,"batch_size":32,"learning_rate":0.0010274737148920768,"lr_drop_factor":0.10333052586987145,"lr_drop_period":20}]
[14:57:58] w02: Preparing datastores for training and validation...

[14:57:58] w02: Using single frequency datastore for frequency index 4

[14:58:03] w02: 1 am here before gpu
[14:58:03] w02: 2 am here after gpu
[14:58:04] w02: Training network (Final=0) on cpu for 40 epochs...

[15:04:31] w02: start objective; params=[{"desired_latent_size":13,"hl_s1":2385,"hl_s2":525,"hl_s3":166,"hl_s4":88,"drop_rate":0.25716406474425041,"batch_size":9,"learning_rate":0.0022196490192915507,"lr_drop_factor":0.29653047954902167,"lr_drop_period":15}]
[15:04:31] w02: Preparing datastores for training and validation...

[15:04:31] w02: Using single frequency datastore for frequency index 4

[15:05:21] w02: start objective; params=[{"desired_latent_size":13,"hl_s1":2385,"hl_s2":525,"hl_s3":166,"hl_s4":88,"drop_rate":0.25716406474425041,"batch_size":9,"learning_rate":0.0022196490192915507,"lr_drop_factor":0.29653047954902167,"lr_drop_period":15}]
[15:05:21] w02: Preparing datastores for training and validation...

[15:05:21] w02: Using single frequency datastore for frequency index 4

[15:05:43] w02: 1 am here before gpu
[15:05:43] w02: 2 am here after gpu
[15:05:47] w02: Training network (Final=0) on cpu for 40 epochs...

[15:05:51] w02: Training failed: Layer "input_1": Invalid input data. Invalid size of channel dimension. Layer expects input with channel dimension size 800 but received input with size 4000.

[15:05:51] w02: Error using <a href="matlab:matlab.lang.internal.introspective.errorDocCallback('trainnet', 'C:\Program Files\MATLAB\R2024b\toolbox\nnet\deeptrain\trainnet.m', 54)" style="font-weight:bold">trainnet</a> (<a href="matlab: opentoline('C:\Program Files\MATLAB\R2024b\toolbox\nnet\deeptrain\trainnet.m',54,0)">line 54</a>)
Layer "input_1": Invalid input data. Invalid size of channel dimension. Layer expects input with channel dimension size 800 but received input with size 4000.

Error in <a href="matlab:matlab.lang.internal.introspective.errorDocCallback('Bayesian_optimization_1p1f_fc>trainAndEvaluateAE', 'C:\Users\Maria\Documents\Honours Programme\Networks\GAN\src\training\Bayesian_optimization_1p1f_fc.m', 254)" style="font-weight:bold">Bayesian_optimization_1p1f_fc>trainAndEvaluateAE</a> (<a href="matlab: opentoline('C:\Users\Maria\Documents\Honours Programme\Networks\GAN\src\training\Bayesian_optimization_1p1f_fc.m',254,0)">line 254</a>)
        [net, info] = trainnet(trainData, net, lossFn, options);
                      ^^^^^^^^^^^^^^^^^^^^^^^^^^^^^^^^^^^^^^^^^
Error in <a href="matlab:matlab.lang.internal.introspective.errorDocCallback('Bayesian_optimization_1p1f_fc>@(params)trainAndEvaluateAE(params,dataCfg,''network_type'',network_type)', 'C:\Users\Maria\Documents\Honours Programme\Networks\GAN\src\training\Bayesian_optimization_1p1f_fc.m', 88)" style="font-weight:bold">Bayesian_optimization_1p1f_fc>@(params)trainAndEvaluateAE(params,dataCfg,'network_type',network_type)</a> (<a href="matlab: opentoline('C:\Users\Maria\Documents\Honours Programme\Networks\GAN\src\training\Bayesian_optimization_1p1f_fc.m',88,0)">line 88</a>)
objectiveFcn = @(params) trainAndEvaluateAE(params, dataCfg, 'network_type', network_type);
                         ^^^^^^^^^^^^^^^^^^^^^^^^^^^^^^^^^^^^^^^^^^^^^^^^^^^^^^^^^^^^^^^^^
Error in <a href="matlab:matlab.lang.internal.introspective.errorDocCallback('bayesoptim.callObjFcnParallel>callObjNormallyParallel', 'C:\Program Files\MATLAB\R2024b\toolbox\stats\bayesoptim\+bayesoptim\callObjFcnParallel.m', 45)" style="font-weight:bold">bayesoptim.callObjFcnParallel>callObjNormallyParallel</a> (<a href="matlab: opentoline('C:\Program Files\MATLAB\R2024b\toolbox\stats\bayesoptim\+bayesoptim\callObjFcnParallel.m',45,0)">line 45</a>)
            Objective = ObjectiveFcn(conditionalizedX);
                        ^^^^^^^^^^^^^^^^^^^^^^^^^^^^^^
Error in <a href="matlab:matlab.lang.internal.introspective.errorDocCallback('bayesoptim.callObjFcnParallel', 'C:\Program Files\MATLAB\R2024b\toolbox\stats\bayesoptim\+bayesoptim\callObjFcnParallel.m', 26)" style="font-weight:bold">bayesoptim.callObjFcnParallel</a> (<a href="matlab: opentoline('C:\Program Files\MATLAB\R2024b\toolbox\stats\bayesoptim\+bayesoptim\callObjFcnParallel.m',26,0)">line 26</a>)
            = callObjNormallyParallel(ObjectiveFcn, ObjectiveNargout, NumCoupledConstraints, conditionalizedX);
              ^^^^^^^^^^^^^^^^^^^^^^^^^^^^^^^^^^^^^^^^^^^^^^^^^^^^^^^^^^^^^^^^^^^^^^^^^^^^^^^^^^^^^^^^^^^^^^^^

[15:06:00] w02: start objective; params=[{"desired_latent_size":11,"hl_s1":1605,"hl_s2":561,"hl_s3":460,"hl_s4":75,"drop_rate":0.19743814268350052,"batch_size":11,"learning_rate":0.0086409620115197837,"lr_drop_factor":0.34163854061953669,"lr_drop_period":6}]
[15:06:00] w02: Preparing datastores for training and validation...

[15:06:00] w02: Using single frequency datastore for frequency index 4

[15:06:23] w02: 1 am here before gpu
[15:06:23] w02: 2 am here after gpu
[15:06:24] w02: Training network (Final=0) on cpu for 40 epochs...

[15:06:25] w02: Training failed: Layer "input_1": Invalid input data. Invalid size of channel dimension. Layer expects input with channel dimension size 800 but received input with size 4000.

[15:06:25] w02: Error using <a href="matlab:matlab.lang.internal.introspective.errorDocCallback('trainnet', 'C:\Program Files\MATLAB\R2024b\toolbox\nnet\deeptrain\trainnet.m', 54)" style="font-weight:bold">trainnet</a> (<a href="matlab: opentoline('C:\Program Files\MATLAB\R2024b\toolbox\nnet\deeptrain\trainnet.m',54,0)">line 54</a>)
Layer "input_1": Invalid input data. Invalid size of channel dimension. Layer expects input with channel dimension size 800 but received input with size 4000.

Error in <a href="matlab:matlab.lang.internal.introspective.errorDocCallback('Bayesian_optimization_1p1f_fc>trainAndEvaluateAE', 'C:\Users\Maria\Documents\Honours Programme\Networks\GAN\src\training\Bayesian_optimization_1p1f_fc.m', 254)" style="font-weight:bold">Bayesian_optimization_1p1f_fc>trainAndEvaluateAE</a> (<a href="matlab: opentoline('C:\Users\Maria\Documents\Honours Programme\Networks\GAN\src\training\Bayesian_optimization_1p1f_fc.m',254,0)">line 254</a>)
        [net, info] = trainnet(trainData, net, lossFn, options);
                      ^^^^^^^^^^^^^^^^^^^^^^^^^^^^^^^^^^^^^^^^^
Error in <a href="matlab:matlab.lang.internal.introspective.errorDocCallback('Bayesian_optimization_1p1f_fc>@(params)trainAndEvaluateAE(params,dataCfg,''network_type'',network_type)', 'C:\Users\Maria\Documents\Honours Programme\Networks\GAN\src\training\Bayesian_optimization_1p1f_fc.m', 88)" style="font-weight:bold">Bayesian_optimization_1p1f_fc>@(params)trainAndEvaluateAE(params,dataCfg,'network_type',network_type)</a> (<a href="matlab: opentoline('C:\Users\Maria\Documents\Honours Programme\Networks\GAN\src\training\Bayesian_optimization_1p1f_fc.m',88,0)">line 88</a>)
objectiveFcn = @(params) trainAndEvaluateAE(params, dataCfg, 'network_type', network_type);
                         ^^^^^^^^^^^^^^^^^^^^^^^^^^^^^^^^^^^^^^^^^^^^^^^^^^^^^^^^^^^^^^^^^
Error in <a href="matlab:matlab.lang.internal.introspective.errorDocCallback('bayesoptim.callObjFcnParallel>callObjNormallyParallel', 'C:\Program Files\MATLAB\R2024b\toolbox\stats\bayesoptim\+bayesoptim\callObjFcnParallel.m', 45)" style="font-weight:bold">bayesoptim.callObjFcnParallel>callObjNormallyParallel</a> (<a href="matlab: opentoline('C:\Program Files\MATLAB\R2024b\toolbox\stats\bayesoptim\+bayesoptim\callObjFcnParallel.m',45,0)">line 45</a>)
            Objective = ObjectiveFcn(conditionalizedX);
                        ^^^^^^^^^^^^^^^^^^^^^^^^^^^^^^
Error in <a href="matlab:matlab.lang.internal.introspective.errorDocCallback('bayesoptim.callObjFcnParallel', 'C:\Program Files\MATLAB\R2024b\toolbox\stats\bayesoptim\+bayesoptim\callObjFcnParallel.m', 12)" style="font-weight:bold">bayesoptim.callObjFcnParallel</a> (<a href="matlab: opentoline('C:\Program Files\MATLAB\R2024b\toolbox\stats\bayesoptim\+bayesoptim\callObjFcnParallel.m',12,0)">line 12</a>)
        = callObjNormallyParallel(ObjectiveFcn, ObjectiveNargout, NumCoupledConstraints, conditionalizedX);
          ^^^^^^^^^^^^^^^^^^^^^^^^^^^^^^^^^^^^^^^^^^^^^^^^^^^^^^^^^^^^^^^^^^^^^^^^^^^^^^^^^^^^^^^^^^^^^^^^

[15:06:29] w02: start objective; params=[{"desired_latent_size":11,"hl_s1":1598,"hl_s2":716,"hl_s3":152,"hl_s4":68,"drop_rate":0.17104180992265916,"batch_size":17,"learning_rate":0.0044732159917026905,"lr_drop_factor":0.45898346101551779,"lr_drop_period":7}]
[15:06:29] w02: Preparing datastores for training and validation...

[15:06:29] w02: Using single frequency datastore for frequency index 4

[15:06:52] w02: 1 am here before gpu
[15:06:52] w02: 2 am here after gpu
[15:06:53] w02: Training network (Final=0) on cpu for 40 epochs...

[15:06:53] w02: Training failed: Layer "input_1": Invalid input data. Invalid size of channel dimension. Layer expects input with channel dimension size 800 but received input with size 4000.

[15:06:53] w02: Error using <a href="matlab:matlab.lang.internal.introspective.errorDocCallback('trainnet', 'C:\Program Files\MATLAB\R2024b\toolbox\nnet\deeptrain\trainnet.m', 54)" style="font-weight:bold">trainnet</a> (<a href="matlab: opentoline('C:\Program Files\MATLAB\R2024b\toolbox\nnet\deeptrain\trainnet.m',54,0)">line 54</a>)
Layer "input_1": Invalid input data. Invalid size of channel dimension. Layer expects input with channel dimension size 800 but received input with size 4000.

Error in <a href="matlab:matlab.lang.internal.introspective.errorDocCallback('Bayesian_optimization_1p1f_fc>trainAndEvaluateAE', 'C:\Users\Maria\Documents\Honours Programme\Networks\GAN\src\training\Bayesian_optimization_1p1f_fc.m', 254)" style="font-weight:bold">Bayesian_optimization_1p1f_fc>trainAndEvaluateAE</a> (<a href="matlab: opentoline('C:\Users\Maria\Documents\Honours Programme\Networks\GAN\src\training\Bayesian_optimization_1p1f_fc.m',254,0)">line 254</a>)
        [net, info] = trainnet(trainData, net, lossFn, options);
                      ^^^^^^^^^^^^^^^^^^^^^^^^^^^^^^^^^^^^^^^^^
Error in <a href="matlab:matlab.lang.internal.introspective.errorDocCallback('Bayesian_optimization_1p1f_fc>@(params)trainAndEvaluateAE(params,dataCfg,''network_type'',network_type)', 'C:\Users\Maria\Documents\Honours Programme\Networks\GAN\src\training\Bayesian_optimization_1p1f_fc.m', 88)" style="font-weight:bold">Bayesian_optimization_1p1f_fc>@(params)trainAndEvaluateAE(params,dataCfg,'network_type',network_type)</a> (<a href="matlab: opentoline('C:\Users\Maria\Documents\Honours Programme\Networks\GAN\src\training\Bayesian_optimization_1p1f_fc.m',88,0)">line 88</a>)
objectiveFcn = @(params) trainAndEvaluateAE(params, dataCfg, 'network_type', network_type);
                         ^^^^^^^^^^^^^^^^^^^^^^^^^^^^^^^^^^^^^^^^^^^^^^^^^^^^^^^^^^^^^^^^^
Error in <a href="matlab:matlab.lang.internal.introspective.errorDocCallback('bayesoptim.callObjFcnParallel>callObjNormallyParallel', 'C:\Program Files\MATLAB\R2024b\toolbox\stats\bayesoptim\+bayesoptim\callObjFcnParallel.m', 45)" style="font-weight:bold">bayesoptim.callObjFcnParallel>callObjNormallyParallel</a> (<a href="matlab: opentoline('C:\Program Files\MATLAB\R2024b\toolbox\stats\bayesoptim\+bayesoptim\callObjFcnParallel.m',45,0)">line 45</a>)
            Objective = ObjectiveFcn(conditionalizedX);
                        ^^^^^^^^^^^^^^^^^^^^^^^^^^^^^^
Error in <a href="matlab:matlab.lang.internal.introspective.errorDocCallback('bayesoptim.callObjFcnParallel', 'C:\Program Files\MATLAB\R2024b\toolbox\stats\bayesoptim\+bayesoptim\callObjFcnParallel.m', 12)" style="font-weight:bold">bayesoptim.callObjFcnParallel</a> (<a href="matlab: opentoline('C:\Program Files\MATLAB\R2024b\toolbox\stats\bayesoptim\+bayesoptim\callObjFcnParallel.m',12,0)">line 12</a>)
        = callObjNormallyParallel(ObjectiveFcn, ObjectiveNargout, NumCoupledConstraints, conditionalizedX);
          ^^^^^^^^^^^^^^^^^^^^^^^^^^^^^^^^^^^^^^^^^^^^^^^^^^^^^^^^^^^^^^^^^^^^^^^^^^^^^^^^^^^^^^^^^^^^^^^^

[15:06:57] w02: start objective; params=[{"desired_latent_size":12,"hl_s1":1001,"hl_s2":547,"hl_s3":423,"hl_s4":98,"drop_rate":0.0058858478216233245,"batch_size":21,"learning_rate":0.0011944441946200109,"lr_drop_factor":0.32422951600622518,"lr_drop_period":10}]
[15:06:57] w02: Preparing datastores for training and validation...

[15:06:57] w02: Using single frequency datastore for frequency index 4

[15:07:20] w02: 1 am here before gpu
[15:07:20] w02: 2 am here after gpu
[15:07:21] w02: Training network (Final=0) on cpu for 40 epochs...

[15:07:21] w02: Training failed: Layer "input_1": Invalid input data. Invalid size of channel dimension. Layer expects input with channel dimension size 800 but received input with size 4000.

[15:07:21] w02: Error using <a href="matlab:matlab.lang.internal.introspective.errorDocCallback('trainnet', 'C:\Program Files\MATLAB\R2024b\toolbox\nnet\deeptrain\trainnet.m', 54)" style="font-weight:bold">trainnet</a> (<a href="matlab: opentoline('C:\Program Files\MATLAB\R2024b\toolbox\nnet\deeptrain\trainnet.m',54,0)">line 54</a>)
Layer "input_1": Invalid input data. Invalid size of channel dimension. Layer expects input with channel dimension size 800 but received input with size 4000.

Error in <a href="matlab:matlab.lang.internal.introspective.errorDocCallback('Bayesian_optimization_1p1f_fc>trainAndEvaluateAE', 'C:\Users\Maria\Documents\Honours Programme\Networks\GAN\src\training\Bayesian_optimization_1p1f_fc.m', 254)" style="font-weight:bold">Bayesian_optimization_1p1f_fc>trainAndEvaluateAE</a> (<a href="matlab: opentoline('C:\Users\Maria\Documents\Honours Programme\Networks\GAN\src\training\Bayesian_optimization_1p1f_fc.m',254,0)">line 254</a>)
        [net, info] = trainnet(trainData, net, lossFn, options);
                      ^^^^^^^^^^^^^^^^^^^^^^^^^^^^^^^^^^^^^^^^^
Error in <a href="matlab:matlab.lang.internal.introspective.errorDocCallback('Bayesian_optimization_1p1f_fc>@(params)trainAndEvaluateAE(params,dataCfg,''network_type'',network_type)', 'C:\Users\Maria\Documents\Honours Programme\Networks\GAN\src\training\Bayesian_optimization_1p1f_fc.m', 88)" style="font-weight:bold">Bayesian_optimization_1p1f_fc>@(params)trainAndEvaluateAE(params,dataCfg,'network_type',network_type)</a> (<a href="matlab: opentoline('C:\Users\Maria\Documents\Honours Programme\Networks\GAN\src\training\Bayesian_optimization_1p1f_fc.m',88,0)">line 88</a>)
objectiveFcn = @(params) trainAndEvaluateAE(params, dataCfg, 'network_type', network_type);
                         ^^^^^^^^^^^^^^^^^^^^^^^^^^^^^^^^^^^^^^^^^^^^^^^^^^^^^^^^^^^^^^^^^
Error in <a href="matlab:matlab.lang.internal.introspective.errorDocCallback('bayesoptim.callObjFcnParallel>callObjNormallyParallel', 'C:\Program Files\MATLAB\R2024b\toolbox\stats\bayesoptim\+bayesoptim\callObjFcnParallel.m', 45)" style="font-weight:bold">bayesoptim.callObjFcnParallel>callObjNormallyParallel</a> (<a href="matlab: opentoline('C:\Program Files\MATLAB\R2024b\toolbox\stats\bayesoptim\+bayesoptim\callObjFcnParallel.m',45,0)">line 45</a>)
            Objective = ObjectiveFcn(conditionalizedX);
                        ^^^^^^^^^^^^^^^^^^^^^^^^^^^^^^
Error in <a href="matlab:matlab.lang.internal.introspective.errorDocCallback('bayesoptim.callObjFcnParallel', 'C:\Program Files\MATLAB\R2024b\toolbox\stats\bayesoptim\+bayesoptim\callObjFcnParallel.m', 12)" style="font-weight:bold">bayesoptim.callObjFcnParallel</a> (<a href="matlab: opentoline('C:\Program Files\MATLAB\R2024b\toolbox\stats\bayesoptim\+bayesoptim\callObjFcnParallel.m',12,0)">line 12</a>)
        = callObjNormallyParallel(ObjectiveFcn, ObjectiveNargout, NumCoupledConstraints, conditionalizedX);
          ^^^^^^^^^^^^^^^^^^^^^^^^^^^^^^^^^^^^^^^^^^^^^^^^^^^^^^^^^^^^^^^^^^^^^^^^^^^^^^^^^^^^^^^^^^^^^^^^

[15:08:21] w02: start objective; params=[{"desired_latent_size":13,"hl_s1":2385,"hl_s2":525,"hl_s3":166,"hl_s4":88,"drop_rate":0.25716406474425041,"batch_size":9,"learning_rate":0.0022196490192915507,"lr_drop_factor":0.29653047954902167,"lr_drop_period":15}]
[15:08:21] w02: Preparing datastores for training and validation...

[15:08:21] w02: Using single frequency datastore for frequency index 4

[15:08:44] w02: 1 am here before gpu
[15:08:44] w02: 2 am here after gpu
[15:08:46] w02: Training network (Final=0) on cpu for 40 epochs...

[15:10:03] w02: start objective; params=[{"desired_latent_size":10,"hl_s1":1520,"hl_s2":660,"hl_s3":488,"hl_s4":79,"drop_rate":0.26066002393653659,"batch_size":17,"learning_rate":0.0058491603266056539,"lr_drop_factor":0.46709211697797992,"lr_drop_period":14}]
[15:10:03] w02: Preparing datastores for training and validation...

[15:10:03] w02: Using single frequency datastore for frequency index 4

[15:10:25] w02: 1 am here before gpu
[15:10:25] w02: 2 am here after gpu
[15:10:26] w02: Training network (Final=0) on cpu for 40 epochs...

[15:11:33] w02: start objective; params=[{"desired_latent_size":11,"hl_s1":2102,"hl_s2":980,"hl_s3":416,"hl_s4":82,"drop_rate":0.35104414193186151,"batch_size":31,"learning_rate":0.0016154069878581776,"lr_drop_factor":0.10265466078749011,"lr_drop_period":10}]
[15:11:33] w02: Preparing datastores for training and validation...

[15:11:33] w02: Using single frequency datastore for frequency index 4

[15:11:56] w02: 1 am here before gpu
[15:11:56] w02: 2 am here after gpu
[15:11:57] w02: Training network (Final=0) on cpu for 40 epochs...

[15:12:56] w02: start objective; params=[{"desired_latent_size":11,"hl_s1":1110,"hl_s2":964,"hl_s3":343,"hl_s4":86,"drop_rate":0.39564627411957914,"batch_size":29,"learning_rate":0.003016843984446621,"lr_drop_factor":0.15301073764652887,"lr_drop_period":19}]
[15:12:56] w02: Preparing datastores for training and validation...

[15:12:56] w02: Using single frequency datastore for frequency index 4

[15:13:18] w02: 1 am here before gpu
[15:13:18] w02: 2 am here after gpu
[15:13:19] w02: Training network (Final=0) on cpu for 40 epochs...

[15:14:15] w02: start objective; params=[{"desired_latent_size":10,"hl_s1":2282,"hl_s2":981,"hl_s3":213,"hl_s4":97,"drop_rate":0.45476623241218517,"batch_size":23,"learning_rate":0.0021961980291821523,"lr_drop_factor":0.32507100357205254,"lr_drop_period":7}]
[15:14:15] w02: Preparing datastores for training and validation...

[15:14:15] w02: Using single frequency datastore for frequency index 4

[15:14:38] w02: 1 am here before gpu
[15:14:38] w02: 2 am here after gpu
[15:14:38] w02: Training network (Final=0) on cpu for 40 epochs...

[15:15:54] w02: start objective; params=[{"desired_latent_size":14,"hl_s1":2284,"hl_s2":1000,"hl_s3":243,"hl_s4":56,"drop_rate":0.19959512999340689,"batch_size":32,"learning_rate":0.0079070093236892,"lr_drop_factor":0.29742446826776919,"lr_drop_period":12}]
[15:15:54] w02: Preparing datastores for training and validation...

[15:15:54] w02: Using single frequency datastore for frequency index 4

[15:16:17] w02: 1 am here before gpu
[15:16:17] w02: 2 am here after gpu
[15:16:17] w02: Training network (Final=0) on cpu for 40 epochs...

[15:17:14] w02: start objective; params=[{"desired_latent_size":12,"hl_s1":2039,"hl_s2":934,"hl_s3":105,"hl_s4":92,"drop_rate":0.033486644979072139,"batch_size":8,"learning_rate":0.0018352058028878167,"lr_drop_factor":0.43580851791496766,"lr_drop_period":6}]
[15:17:14] w02: Preparing datastores for training and validation...

[15:17:14] w02: Using single frequency datastore for frequency index 4

[15:17:36] w02: 1 am here before gpu
[15:17:36] w02: 2 am here after gpu
[15:17:37] w02: Training network (Final=0) on cpu for 40 epochs...

[15:19:37] w02: start objective; params=[{"desired_latent_size":14,"hl_s1":1235,"hl_s2":999,"hl_s3":332,"hl_s4":99,"drop_rate":0.46406309235717025,"batch_size":11,"learning_rate":0.0023382363200112658,"lr_drop_factor":0.40250219944347837,"lr_drop_period":12}]
[15:19:37] w02: Preparing datastores for training and validation...

[15:19:37] w02: Using single frequency datastore for frequency index 4

[15:20:00] w02: 1 am here before gpu
[15:20:00] w02: 2 am here after gpu
[15:20:00] w02: Training network (Final=0) on cpu for 40 epochs...

[15:21:24] w02: start objective; params=[{"desired_latent_size":14,"hl_s1":2577,"hl_s2":971,"hl_s3":153,"hl_s4":99,"drop_rate":0.49729219617370224,"batch_size":19,"learning_rate":0.0025396357097764357,"lr_drop_factor":0.26892574617244491,"lr_drop_period":16}]
[15:21:24] w02: Preparing datastores for training and validation...

[15:21:24] w02: Using single frequency datastore for frequency index 4

[15:21:39] w02: 1 am here before gpu
[15:21:39] w02: 2 am here after gpu
[15:21:39] w02: Training network (Final=0) on cpu for 40 epochs...

[15:22:22] w02: start objective; params=[{"desired_latent_size":13,"hl_s1":1940,"hl_s2":931,"hl_s3":102,"hl_s4":89,"drop_rate":0.47389258656016953,"batch_size":13,"learning_rate":0.0034192702417883175,"lr_drop_factor":0.29035472771245585,"lr_drop_period":7}]
[15:22:22] w02: Preparing datastores for training and validation...

[15:22:22] w02: Using single frequency datastore for frequency index 4

[15:22:37] w02: 1 am here before gpu
[15:22:37] w02: 2 am here after gpu
[15:22:37] w02: Training network (Final=0) on cpu for 40 epochs...

[15:23:33] w02: start objective; params=[{"desired_latent_size":13,"hl_s1":2696,"hl_s2":968,"hl_s3":150,"hl_s4":100,"drop_rate":0.49605982193853654,"batch_size":29,"learning_rate":0.0033678129622030546,"lr_drop_factor":0.49007519237586517,"lr_drop_period":14}]
[15:23:33] w02: Preparing datastores for training and validation...

[15:23:33] w02: Using single frequency datastore for frequency index 4

[15:23:47] w02: 1 am here before gpu
[15:23:47] w02: 2 am here after gpu
[15:23:47] w02: Training network (Final=0) on cpu for 40 epochs...

[15:24:18] w02: start objective; params=[{"desired_latent_size":14,"hl_s1":1145,"hl_s2":951,"hl_s3":213,"hl_s4":99,"drop_rate":0.48804668140605972,"batch_size":29,"learning_rate":0.0049752371195609353,"lr_drop_factor":0.4538445624966756,"lr_drop_period":7}]
[15:24:18] w02: Preparing datastores for training and validation...

[15:24:18] w02: Using single frequency datastore for frequency index 4

[15:24:32] w02: 1 am here before gpu
[15:24:32] w02: 2 am here after gpu
[15:24:32] w02: Training network (Final=0) on cpu for 40 epochs...

[15:25:03] w02: start objective; params=[{"desired_latent_size":11,"hl_s1":1616,"hl_s2":908,"hl_s3":430,"hl_s4":68,"drop_rate":0.47592870006735588,"batch_size":27,"learning_rate":0.0018279182783716005,"lr_drop_factor":0.20234017823613643,"lr_drop_period":18}]
[15:25:03] w02: Preparing datastores for training and validation...

[15:25:03] w02: Using single frequency datastore for frequency index 4

[15:25:17] w02: 1 am here before gpu
[15:25:17] w02: 2 am here after gpu
[15:25:18] w02: Training network (Final=0) on cpu for 40 epochs...

[15:25:47] w02: start objective; params=[{"desired_latent_size":12,"hl_s1":2841,"hl_s2":939,"hl_s3":302,"hl_s4":99,"drop_rate":0.47984416528304275,"batch_size":32,"learning_rate":0.0026051279680474439,"lr_drop_factor":0.33725732291692739,"lr_drop_period":8}]
[15:25:47] w02: Preparing datastores for training and validation...

[15:25:47] w02: Using single frequency datastore for frequency index 4

[15:26:01] w02: 1 am here before gpu
[15:26:01] w02: 2 am here after gpu
[15:26:02] w02: Training network (Final=0) on cpu for 40 epochs...

[15:26:28] w02: start objective; params=[{"desired_latent_size":13,"hl_s1":1195,"hl_s2":977,"hl_s3":210,"hl_s4":85,"drop_rate":0.44102734817948808,"batch_size":19,"learning_rate":0.0015474815370060077,"lr_drop_factor":0.22564189868034196,"lr_drop_period":13}]
[15:26:28] w02: Preparing datastores for training and validation...

[15:26:28] w02: Using single frequency datastore for frequency index 4

[15:26:43] w02: 1 am here before gpu
[15:26:43] w02: 2 am here after gpu
[15:26:43] w02: Training network (Final=0) on cpu for 40 epochs...

[15:27:33] w02: start objective; params=[{"desired_latent_size":12,"hl_s1":2447,"hl_s2":982,"hl_s3":118,"hl_s4":86,"drop_rate":0.15997134777753014,"batch_size":19,"learning_rate":0.0012761686667757616,"lr_drop_factor":0.22203021587612545,"lr_drop_period":18}]
[15:27:33] w02: Preparing datastores for training and validation...

[15:27:33] w02: Using single frequency datastore for frequency index 4

[15:27:49] w02: 1 am here before gpu
[15:27:49] w02: 2 am here after gpu
[15:27:49] w02: Training network (Final=0) on cpu for 40 epochs...

[15:28:40] w02: start objective; params=[{"desired_latent_size":13,"hl_s1":2657,"hl_s2":987,"hl_s3":267,"hl_s4":81,"drop_rate":0.45212623115324529,"batch_size":16,"learning_rate":0.0017676655200019578,"lr_drop_factor":0.2289191640957792,"lr_drop_period":14}]
[15:28:40] w02: Preparing datastores for training and validation...

[15:28:40] w02: Using single frequency datastore for frequency index 4

[15:28:55] w02: 1 am here before gpu
[15:28:55] w02: 2 am here after gpu
[15:28:56] w02: Training network (Final=0) on cpu for 40 epochs...

[15:29:53] w02: start objective; params=[{"desired_latent_size":14,"hl_s1":1821,"hl_s2":969,"hl_s3":229,"hl_s4":86,"drop_rate":0.41514185971969131,"batch_size":20,"learning_rate":0.0010241221594163396,"lr_drop_factor":0.21514990702592279,"lr_drop_period":7}]
[15:29:53] w02: Preparing datastores for training and validation...

[15:29:53] w02: Using single frequency datastore for frequency index 4

[15:30:09] w02: 1 am here before gpu
[15:30:09] w02: 2 am here after gpu
[15:30:10] w02: Training network (Final=0) on cpu for 40 epochs...

[15:31:48] w02: start objective; params=[{"desired_latent_size":13,"hl_s1":2461,"hl_s2":965,"hl_s3":134,"hl_s4":94,"drop_rate":0.48086646610636841,"batch_size":19,"learning_rate":0.0014490108987587514,"lr_drop_factor":0.19713405579075638,"lr_drop_period":19}]
[15:31:48] w02: Preparing datastores for training and validation...

[15:31:48] w02: Using single frequency datastore for frequency index 4

[15:32:11] w02: 1 am here before gpu
[15:32:11] w02: 2 am here after gpu
[15:32:12] w02: Training network (Final=0) on cpu for 40 epochs...

[15:33:51] w02: start objective; params=[{"desired_latent_size":12,"hl_s1":2099,"hl_s2":969,"hl_s3":187,"hl_s4":94,"drop_rate":0.47904749905337107,"batch_size":30,"learning_rate":0.0010985654955082771,"lr_drop_factor":0.1274328251867492,"lr_drop_period":19}]
[15:33:51] w02: Preparing datastores for training and validation...

[15:33:51] w02: Using single frequency datastore for frequency index 4

[15:34:14] w02: 1 am here before gpu
[15:34:14] w02: 2 am here after gpu
[15:34:15] w02: Training network (Final=0) on cpu for 40 epochs...

[15:35:15] w02: start objective; params=[{"desired_latent_size":14,"hl_s1":1028,"hl_s2":975,"hl_s3":181,"hl_s4":95,"drop_rate":0.067366159403449144,"batch_size":19,"learning_rate":0.0010933964903552453,"lr_drop_factor":0.1069277343510918,"lr_drop_period":16}]
[15:35:15] w02: Preparing datastores for training and validation...

[15:35:15] w02: Using single frequency datastore for frequency index 4

[15:35:38] w02: 1 am here before gpu
[15:35:38] w02: 2 am here after gpu
[15:35:39] w02: Training network (Final=0) on cpu for 40 epochs...

[15:37:18] w02: start objective; params=[{"desired_latent_size":12,"hl_s1":1324,"hl_s2":982,"hl_s3":154,"hl_s4":77,"drop_rate":0.48012168559686319,"batch_size":19,"learning_rate":0.0011309446101219708,"lr_drop_factor":0.32808524583021093,"lr_drop_period":20}]
[15:37:18] w02: Preparing datastores for training and validation...

[15:37:18] w02: Using single frequency datastore for frequency index 4

[15:37:40] w02: 1 am here before gpu
[15:37:40] w02: 2 am here after gpu
[15:37:41] w02: Training network (Final=0) on cpu for 40 epochs...

[15:39:21] w02: start objective; params=[{"desired_latent_size":14,"hl_s1":2534,"hl_s2":962,"hl_s3":306,"hl_s4":98,"drop_rate":0.35596262033821291,"batch_size":29,"learning_rate":0.0011637487077850136,"lr_drop_factor":0.37702390343445924,"lr_drop_period":18}]
[15:39:21] w02: Preparing datastores for training and validation...

[15:39:21] w02: Using single frequency datastore for frequency index 4

[15:39:44] w02: 1 am here before gpu
[15:39:44] w02: 2 am here after gpu
[15:39:44] w02: Training network (Final=0) on cpu for 40 epochs...

[15:40:53] w02: start objective; params=[{"desired_latent_size":12,"hl_s1":2916,"hl_s2":951,"hl_s3":190,"hl_s4":76,"drop_rate":0.48442566911738505,"batch_size":19,"learning_rate":0.001302256584233466,"lr_drop_factor":0.427401717471651,"lr_drop_period":18}]
[15:40:53] w02: Preparing datastores for training and validation...

[15:40:53] w02: Using single frequency datastore for frequency index 4

[15:41:16] w02: 1 am here before gpu
[15:41:16] w02: 2 am here after gpu
[15:41:17] w02: Training network (Final=0) on cpu for 40 epochs...

[15:42:54] w02: start objective; params=[{"desired_latent_size":10,"hl_s1":1920,"hl_s2":977,"hl_s3":136,"hl_s4":81,"drop_rate":0.30472934198678403,"batch_size":19,"learning_rate":0.0016516820664552454,"lr_drop_factor":0.466825067749443,"lr_drop_period":19}]
[15:42:54] w02: Preparing datastores for training and validation...

[15:42:54] w02: Using single frequency datastore for frequency index 4

[15:43:17] w02: 1 am here before gpu
[15:43:17] w02: 2 am here after gpu
[15:43:17] w02: Training network (Final=0) on cpu for 40 epochs...

[15:44:56] w02: start objective; params=[{"desired_latent_size":11,"hl_s1":1371,"hl_s2":981,"hl_s3":268,"hl_s4":98,"drop_rate":0.2093881445936249,"batch_size":30,"learning_rate":0.0013529881853281433,"lr_drop_factor":0.12432737712673203,"lr_drop_period":15}]
[15:44:56] w02: Preparing datastores for training and validation...

[15:44:56] w02: Using single frequency datastore for frequency index 4

[15:45:18] w02: 1 am here before gpu
[15:45:18] w02: 2 am here after gpu
[15:45:19] w02: Training network (Final=0) on cpu for 40 epochs...

[15:46:22] w02: start objective; params=[{"desired_latent_size":14,"hl_s1":1297,"hl_s2":774,"hl_s3":311,"hl_s4":99,"drop_rate":0.48820823729987511,"batch_size":30,"learning_rate":0.0011042614292607234,"lr_drop_factor":0.48839184759775389,"lr_drop_period":17}]
[15:46:22] w02: Preparing datastores for training and validation...

[15:46:22] w02: Using single frequency datastore for frequency index 4

[15:46:46] w02: 1 am here before gpu
[15:46:46] w02: 2 am here after gpu
[15:46:46] w02: Training network (Final=0) on cpu for 40 epochs...

[17:38:39] w02: start objective; params=[{"desired_latent_size":13,"hl_s1":1693,"hl_s2":525,"hl_s3":166,"hl_s4":88,"drop_rate":0.25716406474425041,"batch_size":9,"learning_rate":0.0022196490192915507,"lr_drop_factor":0.29653047954902167,"lr_drop_period":15}]
[17:38:39] w02: Preparing datastores for training and validation...

[17:38:39] w02: Using single frequency datastore for frequency index 4

[17:38:56] w02: 1 am here before gpu
[17:38:56] w02: 2 am here after gpu
[17:39:08] w02: Training network (Final=0) on cpu for 50 epochs...

[17:40:17] w02: start objective; params=[{"desired_latent_size":11,"hl_s1":1303,"hl_s2":561,"hl_s3":460,"hl_s4":75,"drop_rate":0.19743814268350052,"batch_size":11,"learning_rate":0.0086409620115197837,"lr_drop_factor":0.34163854061953669,"lr_drop_period":6}]
[17:40:17] w02: Preparing datastores for training and validation...

[17:40:17] w02: Using single frequency datastore for frequency index 4

[17:40:31] w02: 1 am here before gpu
[17:40:31] w02: 2 am here after gpu
[17:40:32] w02: Training network (Final=0) on cpu for 50 epochs...

[17:41:16] w02: start objective; params=[{"desired_latent_size":14,"hl_s1":1793,"hl_s2":556,"hl_s3":185,"hl_s4":90,"drop_rate":0.2283192332075365,"batch_size":27,"learning_rate":0.0057521013640017184,"lr_drop_factor":0.46494633399044127,"lr_drop_period":10}]
[17:41:16] w02: Preparing datastores for training and validation...

[17:41:16] w02: Using single frequency datastore for frequency index 4

[17:41:31] w02: 1 am here before gpu
[17:41:31] w02: 2 am here after gpu
[17:41:31] w02: Training network (Final=0) on cpu for 50 epochs...

[17:41:51] w02: start objective; params=[{"desired_latent_size":14,"hl_s1":1793,"hl_s2":915,"hl_s3":317,"hl_s4":37,"drop_rate":0.16928050274081813,"batch_size":20,"learning_rate":0.0010022296448308156,"lr_drop_factor":0.33310918491139252,"lr_drop_period":8}]
[17:41:51] w02: Preparing datastores for training and validation...

[17:41:51] w02: Using single frequency datastore for frequency index 4

[17:42:05] w02: 1 am here before gpu
[17:42:05] w02: 2 am here after gpu
[17:42:06] w02: Training network (Final=0) on cpu for 50 epochs...

[17:42:32] w02: start objective; params=[{"desired_latent_size":15,"hl_s1":1842,"hl_s2":693,"hl_s3":254,"hl_s4":93,"drop_rate":0.25193664365421997,"batch_size":12,"learning_rate":0.0020140727278831292,"lr_drop_factor":0.38907880394631533,"lr_drop_period":16}]
[17:42:32] w02: Preparing datastores for training and validation...

[17:42:32] w02: Using single frequency datastore for frequency index 4

[17:42:46] w02: 1 am here before gpu
[17:42:46] w02: 2 am here after gpu
[17:42:46] w02: Training network (Final=0) on cpu for 50 epochs...

[17:43:30] w02: start objective; params=[{"desired_latent_size":11,"hl_s1":1750,"hl_s2":848,"hl_s3":306,"hl_s4":82,"drop_rate":0.28611882608690087,"batch_size":7,"learning_rate":0.0021424934041861577,"lr_drop_factor":0.48976541996674805,"lr_drop_period":19}]
[17:43:30] w02: Preparing datastores for training and validation...

[17:43:30] w02: Using single frequency datastore for frequency index 4

[17:43:44] w02: 1 am here before gpu
[17:43:44] w02: 2 am here after gpu
[17:43:45] w02: Training network (Final=0) on cpu for 50 epochs...

[17:44:42] w02: start objective; params=[{"desired_latent_size":15,"hl_s1":1678,"hl_s2":582,"hl_s3":243,"hl_s4":40,"drop_rate":0.11950175191159251,"batch_size":22,"learning_rate":0.0029615544952659167,"lr_drop_factor":0.228261693827017,"lr_drop_period":17}]
[17:44:42] w02: Preparing datastores for training and validation...

[17:44:42] w02: Using single frequency datastore for frequency index 4

[17:44:56] w02: 1 am here before gpu
[17:44:56] w02: 2 am here after gpu
[17:44:56] w02: Training network (Final=0) on cpu for 50 epochs...

[17:45:19] w02: start objective; params=[{"desired_latent_size":15,"hl_s1":1694,"hl_s2":951,"hl_s3":343,"hl_s4":36,"drop_rate":0.45070001776083457,"batch_size":11,"learning_rate":0.0029881179358802416,"lr_drop_factor":0.19053743598062,"lr_drop_period":12}]
[17:45:19] w02: Preparing datastores for training and validation...

[17:45:19] w02: Using single frequency datastore for frequency index 4

[17:45:33] w02: 1 am here before gpu
[17:45:33] w02: 2 am here after gpu
[17:45:33] w02: Training network (Final=0) on cpu for 50 epochs...

[17:46:18] w02: start objective; params=[{"desired_latent_size":15,"hl_s1":1649,"hl_s2":756,"hl_s3":412,"hl_s4":74,"drop_rate":0.15514050691709264,"batch_size":28,"learning_rate":0.0023078826949346574,"lr_drop_factor":0.45759833969577546,"lr_drop_period":16}]
[17:46:18] w02: Preparing datastores for training and validation...

[17:46:18] w02: Using single frequency datastore for frequency index 4

[17:46:35] w02: 1 am here before gpu
[17:46:35] w02: 2 am here after gpu
[17:46:36] w02: Training network (Final=0) on cpu for 50 epochs...

[17:47:21] w02: start objective; params=[{"desired_latent_size":15,"hl_s1":1690,"hl_s2":728,"hl_s3":158,"hl_s4":70,"drop_rate":0.13895542080121076,"batch_size":10,"learning_rate":0.0041162172187345029,"lr_drop_factor":0.39783992602317508,"lr_drop_period":11}]
[17:47:21] w02: Preparing datastores for training and validation...

[17:47:21] w02: Using single frequency datastore for frequency index 4

[17:47:48] w02: 1 am here before gpu
[17:47:48] w02: 2 am here after gpu
[17:47:49] w02: Training network (Final=0) on cpu for 50 epochs...

[17:49:26] w02: start objective; params=[{"desired_latent_size":14,"hl_s1":1700,"hl_s2":568,"hl_s3":405,"hl_s4":32,"drop_rate":0.038084564628606932,"batch_size":25,"learning_rate":0.0027737635163641774,"lr_drop_factor":0.32533018233242039,"lr_drop_period":16}]
[17:49:26] w02: Preparing datastores for training and validation...

[17:49:26] w02: Using single frequency datastore for frequency index 4

[17:49:48] w02: 1 am here before gpu
[17:49:48] w02: 2 am here after gpu
[17:49:48] w02: Training network (Final=0) on cpu for 50 epochs...

[17:50:33] w02: start objective; params=[{"desired_latent_size":15,"hl_s1":1480,"hl_s2":602,"hl_s3":281,"hl_s4":83,"drop_rate":0.0053030851174236376,"batch_size":23,"learning_rate":0.0033925955800350131,"lr_drop_factor":0.14149126473142631,"lr_drop_period":17}]
[17:50:33] w02: Preparing datastores for training and validation...

[17:50:33] w02: Using single frequency datastore for frequency index 4

[17:50:55] w02: 1 am here before gpu
[17:50:55] w02: 2 am here after gpu
[17:50:56] w02: Training network (Final=0) on cpu for 50 epochs...

[17:51:43] w02: start objective; params=[{"desired_latent_size":13,"hl_s1":1846,"hl_s2":562,"hl_s3":361,"hl_s4":75,"drop_rate":0.35124290804927116,"batch_size":29,"learning_rate":0.0055196848899257472,"lr_drop_factor":0.12698665098488537,"lr_drop_period":17}]
[17:51:43] w02: Preparing datastores for training and validation...

[17:51:43] w02: Using single frequency datastore for frequency index 4

[17:52:04] w02: 1 am here before gpu
[17:52:04] w02: 2 am here after gpu
[17:52:04] w02: Training network (Final=0) on cpu for 50 epochs...

[17:52:45] w02: start objective; params=[{"desired_latent_size":15,"hl_s1":1662,"hl_s2":542,"hl_s3":376,"hl_s4":60,"drop_rate":0.40294229691290939,"batch_size":30,"learning_rate":0.0026761001661816533,"lr_drop_factor":0.22979162298213862,"lr_drop_period":19}]
[17:52:45] w02: Preparing datastores for training and validation...

[17:52:45] w02: Using single frequency datastore for frequency index 4

[17:53:06] w02: 1 am here before gpu
[17:53:06] w02: 2 am here after gpu
[17:53:06] w02: Training network (Final=0) on cpu for 50 epochs...

[17:53:46] w02: start objective; params=[{"desired_latent_size":15,"hl_s1":1704,"hl_s2":930,"hl_s3":425,"hl_s4":49,"drop_rate":0.093168772035551892,"batch_size":29,"learning_rate":0.0021822314217864944,"lr_drop_factor":0.25776600692765805,"lr_drop_period":14}]
[17:53:46] w02: Preparing datastores for training and validation...

[17:53:46] w02: Using single frequency datastore for frequency index 4

[17:54:07] w02: 1 am here before gpu
[17:54:07] w02: 2 am here after gpu
[17:54:08] w02: Training network (Final=0) on cpu for 50 epochs...

[17:54:49] w02: start objective; params=[{"desired_latent_size":15,"hl_s1":1700,"hl_s2":589,"hl_s3":131,"hl_s4":40,"drop_rate":0.30931784294674874,"batch_size":20,"learning_rate":0.0028056344989230253,"lr_drop_factor":0.21461554637982086,"lr_drop_period":16}]
[17:54:49] w02: Preparing datastores for training and validation...

[17:54:49] w02: Using single frequency datastore for frequency index 4

[17:55:10] w02: 1 am here before gpu
[17:55:10] w02: 2 am here after gpu
[17:55:10] w02: Training network (Final=0) on cpu for 50 epochs...

[17:56:00] w02: start objective; params=[{"desired_latent_size":15,"hl_s1":1739,"hl_s2":699,"hl_s3":155,"hl_s4":41,"drop_rate":0.01232379603971711,"batch_size":31,"learning_rate":0.0021978091031073241,"lr_drop_factor":0.29928453935321125,"lr_drop_period":15}]
[17:56:00] w02: Preparing datastores for training and validation...

[17:56:00] w02: Using single frequency datastore for frequency index 4

[17:56:21] w02: 1 am here before gpu
[17:56:21] w02: 2 am here after gpu
[17:56:22] w02: Training network (Final=0) on cpu for 50 epochs...

[17:57:04] w02: start objective; params=[{"desired_latent_size":14,"hl_s1":1980,"hl_s2":510,"hl_s3":111,"hl_s4":33,"drop_rate":0.37655585501774347,"batch_size":5,"learning_rate":0.0022280591169195948,"lr_drop_factor":0.3661928178503433,"lr_drop_period":20}]
[17:57:04] w02: Preparing datastores for training and validation...

[17:57:04] w02: Using single frequency datastore for frequency index 4

[17:57:25] w02: 1 am here before gpu
[17:57:25] w02: 2 am here after gpu
[17:57:25] w02: Training network (Final=0) on cpu for 50 epochs...

[17:58:06] w02: start objective; params=[{"desired_latent_size":11,"hl_s1":1753,"hl_s2":583,"hl_s3":477,"hl_s4":86,"drop_rate":0.40813952458629082,"batch_size":26,"learning_rate":0.0020404851159873849,"lr_drop_factor":0.42512762352315525,"lr_drop_period":14}]
[17:58:06] w02: Preparing datastores for training and validation...

[17:58:06] w02: Using single frequency datastore for frequency index 4

[17:58:27] w02: 1 am here before gpu
[17:58:27] w02: 2 am here after gpu
[17:58:27] w02: Training network (Final=0) on cpu for 50 epochs...

[17:59:08] w02: start objective; params=[{"desired_latent_size":14,"hl_s1":1703,"hl_s2":716,"hl_s3":125,"hl_s4":78,"drop_rate":0.16502130005326976,"batch_size":26,"learning_rate":0.0026544770884194472,"lr_drop_factor":0.12948810611709993,"lr_drop_period":14}]
[17:59:08] w02: Preparing datastores for training and validation...

[17:59:08] w02: Using single frequency datastore for frequency index 4

[17:59:30] w02: 1 am here before gpu
[17:59:30] w02: 2 am here after gpu
[17:59:30] w02: Training network (Final=0) on cpu for 50 epochs...

[18:00:12] w02: start objective; params=[{"desired_latent_size":13,"hl_s1":1713,"hl_s2":957,"hl_s3":355,"hl_s4":38,"drop_rate":0.37913918487795628,"batch_size":19,"learning_rate":0.0018120231673679188,"lr_drop_factor":0.27838509414863566,"lr_drop_period":15}]
[18:00:12] w02: Preparing datastores for training and validation...

[18:00:12] w02: Using single frequency datastore for frequency index 4

[18:00:33] w02: 1 am here before gpu
[18:00:33] w02: 2 am here after gpu
[18:00:33] w02: Training network (Final=0) on cpu for 50 epochs...

[18:01:34] w02: start objective; params=[{"desired_latent_size":12,"hl_s1":1712,"hl_s2":873,"hl_s3":486,"hl_s4":39,"drop_rate":0.28078533377638804,"batch_size":19,"learning_rate":0.0021134622131100465,"lr_drop_factor":0.33872904195095388,"lr_drop_period":15}]
[18:01:34] w02: Preparing datastores for training and validation...

[18:01:34] w02: Using single frequency datastore for frequency index 4

[18:01:55] w02: 1 am here before gpu
[18:01:55] w02: 2 am here after gpu
[18:01:55] w02: Training network (Final=0) on cpu for 50 epochs...

[18:02:56] w02: start objective; params=[{"desired_latent_size":13,"hl_s1":1707,"hl_s2":905,"hl_s3":292,"hl_s4":91,"drop_rate":0.13369693197262084,"batch_size":26,"learning_rate":0.0018818369644766407,"lr_drop_factor":0.24195833150454588,"lr_drop_period":16}]
[18:02:56] w02: Preparing datastores for training and validation...

[18:02:56] w02: Using single frequency datastore for frequency index 4

[18:03:17] w02: 1 am here before gpu
[18:03:17] w02: 2 am here after gpu
[18:03:18] w02: Training network (Final=0) on cpu for 50 epochs...

[18:03:59] w02: start objective; params=[{"desired_latent_size":14,"hl_s1":1677,"hl_s2":946,"hl_s3":134,"hl_s4":97,"drop_rate":0.48010894805297261,"batch_size":18,"learning_rate":0.0017935707207101309,"lr_drop_factor":0.48162408586522787,"lr_drop_period":16}]
[18:03:59] w02: Preparing datastores for training and validation...

[18:03:59] w02: Using single frequency datastore for frequency index 4

[18:04:20] w02: 1 am here before gpu
[18:04:20] w02: 2 am here after gpu
[18:04:21] w02: Training network (Final=0) on cpu for 50 epochs...

[18:05:21] w02: start objective; params=[{"desired_latent_size":15,"hl_s1":1776,"hl_s2":856,"hl_s3":191,"hl_s4":93,"drop_rate":0.46474489865978286,"batch_size":25,"learning_rate":0.0020425818865981351,"lr_drop_factor":0.4329769143845944,"lr_drop_period":18}]
[18:05:21] w02: Preparing datastores for training and validation...

[18:05:21] w02: Using single frequency datastore for frequency index 4

[18:05:42] w02: 1 am here before gpu
[18:05:42] w02: 2 am here after gpu
[18:05:43] w02: Training network (Final=0) on cpu for 50 epochs...

[18:06:24] w02: start objective; params=[{"desired_latent_size":10,"hl_s1":1784,"hl_s2":777,"hl_s3":298,"hl_s4":85,"drop_rate":0.31044570160887575,"batch_size":32,"learning_rate":0.0040432467289834156,"lr_drop_factor":0.19441273891180461,"lr_drop_period":11}]
[18:06:24] w02: Preparing datastores for training and validation...

[18:06:24] w02: Using single frequency datastore for frequency index 4

[18:06:45] w02: 1 am here before gpu
[18:06:45] w02: 2 am here after gpu
[18:06:45] w02: Training network (Final=0) on cpu for 50 epochs...

[18:07:17] w02: start objective; params=[{"desired_latent_size":14,"hl_s1":1727,"hl_s2":706,"hl_s3":297,"hl_s4":96,"drop_rate":0.1302626905664423,"batch_size":22,"learning_rate":0.0018390173512642133,"lr_drop_factor":0.29256777806560286,"lr_drop_period":14}]
[18:07:17] w02: Preparing datastores for training and validation...

[18:07:17] w02: Using single frequency datastore for frequency index 4

[18:07:38] w02: 1 am here before gpu
[18:07:38] w02: 2 am here after gpu
[18:07:38] w02: Training network (Final=0) on cpu for 50 epochs...

[18:08:29] w02: start objective; params=[{"desired_latent_size":14,"hl_s1":1684,"hl_s2":647,"hl_s3":400,"hl_s4":71,"drop_rate":0.32138699346537225,"batch_size":26,"learning_rate":0.0025110326016607046,"lr_drop_factor":0.21925398038114668,"lr_drop_period":16}]
[18:08:29] w02: Preparing datastores for training and validation...

[18:08:29] w02: Using single frequency datastore for frequency index 4

[18:08:50] w02: 1 am here before gpu
[18:08:50] w02: 2 am here after gpu
[18:08:51] w02: Training network (Final=0) on cpu for 50 epochs...

[18:09:33] w02: start objective; params=[{"desired_latent_size":12,"hl_s1":1762,"hl_s2":940,"hl_s3":168,"hl_s4":75,"drop_rate":0.39125173719216133,"batch_size":22,"learning_rate":0.0022273729177424333,"lr_drop_factor":0.40751144529754746,"lr_drop_period":10}]
[18:09:33] w02: Preparing datastores for training and validation...

[18:09:33] w02: Using single frequency datastore for frequency index 4

[18:09:54] w02: 1 am here before gpu
[18:09:54] w02: 2 am here after gpu
[18:09:54] w02: Training network (Final=0) on cpu for 50 epochs...

[18:10:47] w02: start objective; params=[{"desired_latent_size":14,"hl_s1":1013,"hl_s2":542,"hl_s3":239,"hl_s4":96,"drop_rate":0.46255259196056042,"batch_size":7,"learning_rate":0.0010898430054706986,"lr_drop_factor":0.26935442207777216,"lr_drop_period":5}]
[18:10:47] w02: Preparing datastores for training and validation...

[18:10:47] w02: Using single frequency datastore for frequency index 4

[18:11:08] w02: 1 am here before gpu
[18:11:08] w02: 2 am here after gpu
[18:11:08] w02: Training network (Final=0) on cpu for 50 epochs...

[18:12:29] w02: start objective; params=[{"desired_latent_size":13,"hl_s1":1030,"hl_s2":848,"hl_s3":398,"hl_s4":42,"drop_rate":0.16934517051770259,"batch_size":32,"learning_rate":0.0086902424774101782,"lr_drop_factor":0.26626929761525608,"lr_drop_period":20}]
[18:12:29] w02: Preparing datastores for training and validation...

[18:12:29] w02: Using single frequency datastore for frequency index 4

[18:12:50] w02: 1 am here before gpu
[18:12:50] w02: 2 am here after gpu
[18:12:50] w02: Training network (Final=0) on cpu for 50 epochs...

[18:13:23] w02: start objective; params=[{"desired_latent_size":12,"hl_s1":1006,"hl_s2":985,"hl_s3":391,"hl_s4":85,"drop_rate":0.28618887996105741,"batch_size":32,"learning_rate":0.0035545448069359093,"lr_drop_factor":0.17359592200499752,"lr_drop_period":5}]
[18:13:23] w02: Preparing datastores for training and validation...

[18:13:23] w02: Using single frequency datastore for frequency index 4

[18:13:44] w02: 1 am here before gpu
[18:13:44] w02: 2 am here after gpu
[18:13:44] w02: Training network (Final=0) on cpu for 50 epochs...

[18:14:16] w02: start objective; params=[{"desired_latent_size":11,"hl_s1":1621,"hl_s2":753,"hl_s3":122,"hl_s4":73,"drop_rate":0.4502439005145662,"batch_size":27,"learning_rate":0.0014336213657446741,"lr_drop_factor":0.32563482769591368,"lr_drop_period":17}]
[18:14:16] w02: Preparing datastores for training and validation...

[18:14:16] w02: Using single frequency datastore for frequency index 4

[18:14:37] w02: 1 am here before gpu
[18:14:37] w02: 2 am here after gpu
[18:14:38] w02: Training network (Final=0) on cpu for 50 epochs...

[18:15:21] w02: start objective; params=[{"desired_latent_size":13,"hl_s1":1999,"hl_s2":641,"hl_s3":348,"hl_s4":78,"drop_rate":0.15840261345089462,"batch_size":8,"learning_rate":0.0090051892065730818,"lr_drop_factor":0.3643669267190503,"lr_drop_period":5}]
[18:15:21] w02: Preparing datastores for training and validation...

[18:15:21] w02: Using single frequency datastore for frequency index 4

[18:15:42] w02: 1 am here before gpu
[18:15:42] w02: 2 am here after gpu
[18:15:42] w02: Training network (Final=0) on cpu for 50 epochs...

[18:17:11] w02: start objective; params=[{"desired_latent_size":15,"hl_s1":1001,"hl_s2":787,"hl_s3":134,"hl_s4":61,"drop_rate":0.275160981503331,"batch_size":6,"learning_rate":0.001065593017624726,"lr_drop_factor":0.24193337811931748,"lr_drop_period":13}]
[18:17:11] w02: Preparing datastores for training and validation...

[18:17:11] w02: Using single frequency datastore for frequency index 4

[18:17:32] w02: 1 am here before gpu
[18:17:32] w02: 2 am here after gpu
[18:17:33] w02: Training network (Final=0) on cpu for 50 epochs...

[18:18:40] w02: start objective; params=[{"desired_latent_size":15,"hl_s1":1583,"hl_s2":793,"hl_s3":211,"hl_s4":49,"drop_rate":0.42936068284699325,"batch_size":28,"learning_rate":0.0015934340988242555,"lr_drop_factor":0.17477928434521994,"lr_drop_period":17}]
[18:18:40] w02: Preparing datastores for training and validation...

[18:18:40] w02: Using single frequency datastore for frequency index 4

[18:19:01] w02: 1 am here before gpu
[18:19:01] w02: 2 am here after gpu
[18:19:02] w02: Training network (Final=0) on cpu for 50 epochs...

[18:19:46] w02: start objective; params=[{"desired_latent_size":15,"hl_s1":1692,"hl_s2":954,"hl_s3":215,"hl_s4":97,"drop_rate":0.17154067726672917,"batch_size":27,"learning_rate":0.0019534128044839888,"lr_drop_factor":0.16573330654525537,"lr_drop_period":17}]
[18:19:46] w02: Preparing datastores for training and validation...

[18:19:46] w02: Using single frequency datastore for frequency index 4

[18:20:08] w02: 1 am here before gpu
[18:20:08] w02: 2 am here after gpu
[18:20:08] w02: Training network (Final=0) on cpu for 50 epochs...

[18:20:54] w02: start objective; params=[{"desired_latent_size":13,"hl_s1":1003,"hl_s2":681,"hl_s3":333,"hl_s4":70,"drop_rate":0.11127509110215505,"batch_size":32,"learning_rate":0.0091843055586141725,"lr_drop_factor":0.10886483691620258,"lr_drop_period":13}]
[18:20:54] w02: Preparing datastores for training and validation...

[18:20:54] w02: Using single frequency datastore for frequency index 4

[18:21:15] w02: 1 am here before gpu
[18:21:15] w02: 2 am here after gpu
[18:21:15] w02: Training network (Final=0) on cpu for 50 epochs...

[18:21:49] w02: start objective; params=[{"desired_latent_size":15,"hl_s1":1936,"hl_s2":583,"hl_s3":158,"hl_s4":93,"drop_rate":0.28683472786652536,"batch_size":32,"learning_rate":0.0037949011489325393,"lr_drop_factor":0.47351691580315391,"lr_drop_period":14}]
[18:21:49] w02: Preparing datastores for training and validation...

[18:21:49] w02: Using single frequency datastore for frequency index 4

[18:22:10] w02: 1 am here before gpu
[18:22:10] w02: 2 am here after gpu
[18:22:11] w02: Training network (Final=0) on cpu for 50 epochs...

[18:22:43] w02: start objective; params=[{"desired_latent_size":15,"hl_s1":1988,"hl_s2":615,"hl_s3":153,"hl_s4":87,"drop_rate":0.28728786085008917,"batch_size":32,"learning_rate":0.0046616244018232618,"lr_drop_factor":0.49944712608352182,"lr_drop_period":20}]
[18:22:43] w02: Preparing datastores for training and validation...

[18:22:43] w02: Using single frequency datastore for frequency index 4

[18:23:05] w02: 1 am here before gpu
[18:23:05] w02: 2 am here after gpu
[18:23:05] w02: Training network (Final=0) on cpu for 50 epochs...

[18:23:39] w02: start objective; params=[{"desired_latent_size":15,"hl_s1":1997,"hl_s2":590,"hl_s3":320,"hl_s4":42,"drop_rate":0.250246904050054,"batch_size":15,"learning_rate":0.0015087487353993207,"lr_drop_factor":0.19470391658246294,"lr_drop_period":13}]
[18:23:39] w02: Preparing datastores for training and validation...

[18:23:39] w02: Using single frequency datastore for frequency index 4

[18:24:00] w02: 1 am here before gpu
[18:24:00] w02: 2 am here after gpu
[18:24:00] w02: Training network (Final=0) on cpu for 50 epochs...

[18:25:14] w02: start objective; params=[{"desired_latent_size":14,"hl_s1":1554,"hl_s2":792,"hl_s3":315,"hl_s4":93,"drop_rate":0.22087564474736765,"batch_size":32,"learning_rate":0.0034232858359415381,"lr_drop_factor":0.49960504847650311,"lr_drop_period":17}]
[18:25:14] w02: Preparing datastores for training and validation...

[18:25:14] w02: Using single frequency datastore for frequency index 4

[18:25:36] w02: 1 am here before gpu
[18:25:36] w02: 2 am here after gpu
[18:25:36] w02: Training network (Final=0) on cpu for 50 epochs...

[18:26:10] w02: start objective; params=[{"desired_latent_size":14,"hl_s1":1424,"hl_s2":801,"hl_s3":478,"hl_s4":81,"drop_rate":0.39395712552906853,"batch_size":32,"learning_rate":0.0035931249230538556,"lr_drop_factor":0.49566823277597805,"lr_drop_period":19}]
[18:26:10] w02: Preparing datastores for training and validation...

[18:26:10] w02: Using single frequency datastore for frequency index 4

[18:26:32] w02: 1 am here before gpu
[18:26:32] w02: 2 am here after gpu
[18:26:32] w02: Training network (Final=0) on cpu for 50 epochs...

[18:27:06] w02: start objective; params=[{"desired_latent_size":15,"hl_s1":1528,"hl_s2":669,"hl_s3":135,"hl_s4":58,"drop_rate":0.154158337462723,"batch_size":29,"learning_rate":0.0026448989599260168,"lr_drop_factor":0.48214883724743607,"lr_drop_period":15}]
[18:27:06] w02: Preparing datastores for training and validation...

[18:27:06] w02: Using single frequency datastore for frequency index 4

[18:27:27] w02: 1 am here before gpu
[18:27:27] w02: 2 am here after gpu
[18:27:28] w02: Training network (Final=0) on cpu for 50 epochs...

[18:28:12] w02: start objective; params=[{"desired_latent_size":15,"hl_s1":1804,"hl_s2":892,"hl_s3":470,"hl_s4":58,"drop_rate":0.059928563799096835,"batch_size":30,"learning_rate":0.0023374004995390949,"lr_drop_factor":0.49369843510597922,"lr_drop_period":17}]
[18:28:12] w02: Preparing datastores for training and validation...

[18:28:12] w02: Using single frequency datastore for frequency index 4

[18:28:33] w02: 1 am here before gpu
[18:28:33] w02: 2 am here after gpu
[18:28:34] w02: Training network (Final=0) on cpu for 50 epochs...

[18:29:18] w02: start objective; params=[{"desired_latent_size":15,"hl_s1":1626,"hl_s2":584,"hl_s3":323,"hl_s4":95,"drop_rate":0.49653520987955208,"batch_size":12,"learning_rate":0.0011297918061163503,"lr_drop_factor":0.49938867721012037,"lr_drop_period":14}]
[18:29:18] w02: Preparing datastores for training and validation...

[18:29:18] w02: Using single frequency datastore for frequency index 4

[18:29:40] w02: 1 am here before gpu
[18:29:40] w02: 2 am here after gpu
[18:29:40] w02: Training network (Final=0) on cpu for 50 epochs...

[18:31:14] w02: start objective; params=[{"desired_latent_size":15,"hl_s1":1642,"hl_s2":555,"hl_s3":164,"hl_s4":78,"drop_rate":0.31862173634198027,"batch_size":14,"learning_rate":0.0011262967247117758,"lr_drop_factor":0.43986954144072254,"lr_drop_period":15}]
[18:31:14] w02: Preparing datastores for training and validation...

[18:31:14] w02: Using single frequency datastore for frequency index 4

[18:31:36] w02: 1 am here before gpu
[18:31:36] w02: 2 am here after gpu
[18:31:37] w02: Training network (Final=0) on cpu for 50 epochs...

[18:33:08] w02: start objective; params=[{"desired_latent_size":15,"hl_s1":1629,"hl_s2":517,"hl_s3":459,"hl_s4":40,"drop_rate":0.43615991395997789,"batch_size":12,"learning_rate":0.0011243264713552657,"lr_drop_factor":0.34731633507555038,"lr_drop_period":15}]
[18:33:08] w02: Preparing datastores for training and validation...

[18:33:08] w02: Using single frequency datastore for frequency index 4

[18:33:31] w02: 1 am here before gpu
[18:33:31] w02: 2 am here after gpu
[18:33:31] w02: Training network (Final=0) on cpu for 50 epochs...

[18:35:16] w02: start objective; params=[{"desired_latent_size":14,"hl_s1":1532,"hl_s2":586,"hl_s3":147,"hl_s4":95,"drop_rate":0.11346040358407772,"batch_size":31,"learning_rate":0.0025848967896013693,"lr_drop_factor":0.49941712666265325,"lr_drop_period":18}]
[18:35:16] w02: Preparing datastores for training and validation...

[18:35:16] w02: Using single frequency datastore for frequency index 4

[18:35:38] w02: 1 am here before gpu
[18:35:38] w02: 2 am here after gpu
[18:35:38] w02: Training network (Final=0) on cpu for 50 epochs...

[18:36:29] w02: start objective; params=[{"desired_latent_size":15,"hl_s1":1481,"hl_s2":671,"hl_s3":454,"hl_s4":49,"drop_rate":0.48639943169205629,"batch_size":30,"learning_rate":0.0046724541384321533,"lr_drop_factor":0.49990015072289207,"lr_drop_period":14}]
[18:36:29] w02: Preparing datastores for training and validation...

[18:36:29] w02: Using single frequency datastore for frequency index 4

[18:36:53] w02: 1 am here before gpu
[18:36:53] w02: 2 am here after gpu
[18:36:54] w02: Training network (Final=0) on cpu for 50 epochs...

[18:37:43] w02: start objective; params=[{"desired_latent_size":15,"hl_s1":1600,"hl_s2":632,"hl_s3":163,"hl_s4":87,"drop_rate":0.47974649607812581,"batch_size":12,"learning_rate":0.001332662579237559,"lr_drop_factor":0.3576341997296445,"lr_drop_period":14}]
[18:37:43] w02: Preparing datastores for training and validation...

[18:37:43] w02: Using single frequency datastore for frequency index 4

[18:38:07] w02: 1 am here before gpu
[18:38:07] w02: 2 am here after gpu
[18:38:08] w02: Training network (Final=0) on cpu for 50 epochs...

[18:39:18] w02: start objective; params=[{"desired_latent_size":12,"hl_s1":1011,"hl_s2":629,"hl_s3":310,"hl_s4":91,"drop_rate":0.47346411546818667,"batch_size":6,"learning_rate":0.00948170202815688,"lr_drop_factor":0.11844163874124009,"lr_drop_period":12}]
[18:39:18] w02: Preparing datastores for training and validation...

[18:39:18] w02: Using single frequency datastore for frequency index 4

[18:39:40] w02: 1 am here before gpu
[18:39:40] w02: 2 am here after gpu
[18:39:41] w02: Training network (Final=0) on cpu for 50 epochs...

[18:40:15] w02: start objective; params=[{"desired_latent_size":12,"hl_s1":1089,"hl_s2":951,"hl_s3":137,"hl_s4":85,"drop_rate":0.44567339862051103,"batch_size":16,"learning_rate":0.0010063701089079154,"lr_drop_factor":0.41377586858905413,"lr_drop_period":19}]
[18:40:15] w02: Preparing datastores for training and validation...

[18:40:15] w02: Using single frequency datastore for frequency index 4

[18:40:42] w02: 1 am here before gpu
[18:40:42] w02: 2 am here after gpu
[18:40:42] w02: Training network (Final=0) on cpu for 50 epochs...

[18:42:06] w02: start objective; params=[{"desired_latent_size":13,"hl_s1":1578,"hl_s2":543,"hl_s3":154,"hl_s4":45,"drop_rate":0.349430742276693,"batch_size":14,"learning_rate":0.0010694254691208914,"lr_drop_factor":0.21220157548738816,"lr_drop_period":20}]
[18:42:06] w02: Preparing datastores for training and validation...

[18:42:06] w02: Using single frequency datastore for frequency index 4

[18:42:30] w02: 1 am here before gpu
[18:42:30] w02: 2 am here after gpu
[18:42:30] w02: Training network (Final=0) on cpu for 50 epochs...

[18:44:04] w02: start objective; params=[{"desired_latent_size":11,"hl_s1":1646,"hl_s2":913,"hl_s3":306,"hl_s4":73,"drop_rate":0.02131455500536239,"batch_size":14,"learning_rate":0.0012654068265894607,"lr_drop_factor":0.49428522782574924,"lr_drop_period":20}]
[18:44:04] w02: Preparing datastores for training and validation...

[18:44:04] w02: Using single frequency datastore for frequency index 4

[18:44:29] w02: 1 am here before gpu
[18:44:29] w02: 2 am here after gpu
[18:44:30] w02: Training network (Final=0) on cpu for 50 epochs...

[18:46:04] w02: start objective; params=[{"desired_latent_size":14,"hl_s1":1423,"hl_s2":655,"hl_s3":264,"hl_s4":76,"drop_rate":0.22941207164622196,"batch_size":32,"learning_rate":0.0039044795249768127,"lr_drop_factor":0.37214572982843741,"lr_drop_period":20}]
[18:46:04] w02: Preparing datastores for training and validation...

[18:46:04] w02: Using single frequency datastore for frequency index 4

[18:46:27] w02: 1 am here before gpu
[18:46:27] w02: 2 am here after gpu
[18:46:28] w02: Training network (Final=0) on cpu for 50 epochs...

[18:47:06] w02: start objective; params=[{"desired_latent_size":14,"hl_s1":1203,"hl_s2":506,"hl_s3":399,"hl_s4":60,"drop_rate":0.37903790288337341,"batch_size":12,"learning_rate":0.0010605709800316672,"lr_drop_factor":0.49171274090699246,"lr_drop_period":20}]
[18:47:06] w02: Preparing datastores for training and validation...

[18:47:06] w02: Using single frequency datastore for frequency index 4

[18:47:29] w02: 1 am here before gpu
[18:47:29] w02: 2 am here after gpu
[18:47:29] w02: Training network (Final=0) on cpu for 50 epochs...

[18:48:47] w02: start objective; params=[{"desired_latent_size":13,"hl_s1":1951,"hl_s2":587,"hl_s3":303,"hl_s4":39,"drop_rate":0.39149418632081812,"batch_size":14,"learning_rate":0.0026313790350202177,"lr_drop_factor":0.14473063344049841,"lr_drop_period":20}]
[18:48:47] w02: Preparing datastores for training and validation...

[18:48:47] w02: Using single frequency datastore for frequency index 4

[18:49:13] w02: 1 am here before gpu
[18:49:13] w02: 2 am here after gpu
[18:49:14] w02: Training network (Final=0) on cpu for 50 epochs...

[18:50:42] w02: start objective; params=[{"desired_latent_size":13,"hl_s1":1138,"hl_s2":556,"hl_s3":471,"hl_s4":88,"drop_rate":0.20709998842335342,"batch_size":12,"learning_rate":0.0010310818077153107,"lr_drop_factor":0.21536381159914811,"lr_drop_period":19}]
[18:50:42] w02: Preparing datastores for training and validation...

[18:50:42] w02: Using single frequency datastore for frequency index 4

[18:51:05] w02: 1 am here before gpu
[18:51:05] w02: 2 am here after gpu
[18:51:05] w02: Training network (Final=0) on cpu for 50 epochs...

[18:52:55] w02: start objective; params=[{"desired_latent_size":11,"hl_s1":1312,"hl_s2":715,"hl_s3":391,"hl_s4":76,"drop_rate":0.21026938283678254,"batch_size":11,"learning_rate":0.0013051838509916436,"lr_drop_factor":0.49257704520028911,"lr_drop_period":19}]
[18:52:55] w02: Preparing datastores for training and validation...

[18:52:55] w02: Using single frequency datastore for frequency index 4

[18:53:19] w02: 1 am here before gpu
[18:53:19] w02: 2 am here after gpu
[18:53:20] w02: Training network (Final=0) on cpu for 50 epochs...

[18:54:56] w02: start objective; params=[{"desired_latent_size":13,"hl_s1":1897,"hl_s2":986,"hl_s3":183,"hl_s4":65,"drop_rate":0.09561161967649183,"batch_size":11,"learning_rate":0.0093891784792738651,"lr_drop_factor":0.49563550030702069,"lr_drop_period":17}]
[18:54:56] w02: Preparing datastores for training and validation...

[18:54:56] w02: Using single frequency datastore for frequency index 4

[18:55:22] w02: 1 am here before gpu
[18:55:22] w02: 2 am here after gpu
[18:55:22] w02: Training network (Final=0) on cpu for 50 epochs...

[18:56:39] w02: start objective; params=[{"desired_latent_size":11,"hl_s1":1170,"hl_s2":503,"hl_s3":269,"hl_s4":89,"drop_rate":0.088917887250665989,"batch_size":15,"learning_rate":0.0011551166675178586,"lr_drop_factor":0.49954487883442333,"lr_drop_period":19}]
[18:56:39] w02: Preparing datastores for training and validation...

[18:56:39] w02: Using single frequency datastore for frequency index 4

[18:57:04] w02: 1 am here before gpu
[18:57:04] w02: 2 am here after gpu
[18:57:04] w02: Training network (Final=0) on cpu for 50 epochs...

[18:58:29] w02: start objective; params=[{"desired_latent_size":14,"hl_s1":1056,"hl_s2":968,"hl_s3":226,"hl_s4":37,"drop_rate":0.45497083667892024,"batch_size":19,"learning_rate":0.0012890937502411091,"lr_drop_factor":0.18218754314823271,"lr_drop_period":20}]
[18:58:29] w02: Preparing datastores for training and validation...

[18:58:29] w02: Using single frequency datastore for frequency index 4

[18:58:53] w02: 1 am here before gpu
[18:58:53] w02: 2 am here after gpu
[18:58:53] w02: Training network (Final=0) on cpu for 50 epochs...

[19:00:03] w02: start objective; params=[{"desired_latent_size":11,"hl_s1":1929,"hl_s2":816,"hl_s3":215,"hl_s4":48,"drop_rate":0.44095833265637563,"batch_size":24,"learning_rate":0.0011338323469845951,"lr_drop_factor":0.49637828067906314,"lr_drop_period":20}]
[19:00:03] w02: Preparing datastores for training and validation...

[19:00:03] w02: Using single frequency datastore for frequency index 4

[19:00:26] w02: 1 am here before gpu
[19:00:26] w02: 2 am here after gpu
[19:00:26] w02: Training network (Final=0) on cpu for 50 epochs...

[19:01:33] w02: start objective; params=[{"desired_latent_size":14,"hl_s1":1584,"hl_s2":736,"hl_s3":361,"hl_s4":41,"drop_rate":0.3279646180091218,"batch_size":6,"learning_rate":0.0010680162476235395,"lr_drop_factor":0.10038978290781921,"lr_drop_period":6}]
[19:01:33] w02: Preparing datastores for training and validation...

[19:01:33] w02: Using single frequency datastore for frequency index 4

[19:01:57] w02: 1 am here before gpu
[19:01:57] w02: 2 am here after gpu
[19:01:58] w02: Training network (Final=0) on cpu for 50 epochs...

[19:03:33] w02: start objective; params=[{"desired_latent_size":14,"hl_s1":1511,"hl_s2":846,"hl_s3":446,"hl_s4":60,"drop_rate":0.31099184398102581,"batch_size":4,"learning_rate":0.009868799621664523,"lr_drop_factor":0.49510791692332978,"lr_drop_period":8}]
[19:03:33] w02: Preparing datastores for training and validation...

[19:03:33] w02: Using single frequency datastore for frequency index 4

[19:03:55] w02: 1 am here before gpu
[19:03:55] w02: 2 am here after gpu
[19:03:56] w02: Training network (Final=0) on cpu for 50 epochs...

[19:04:32] w02: start objective; params=[{"desired_latent_size":13,"hl_s1":1699,"hl_s2":938,"hl_s3":227,"hl_s4":95,"drop_rate":0.15218519518561768,"batch_size":9,"learning_rate":0.0011811931882021154,"lr_drop_factor":0.49137098844267457,"lr_drop_period":20}]
[19:04:32] w02: Preparing datastores for training and validation...

[19:04:32] w02: Using single frequency datastore for frequency index 4

[19:04:56] w02: 1 am here before gpu
[19:04:56] w02: 2 am here after gpu
[19:04:57] w02: Training network (Final=0) on cpu for 50 epochs...

[19:05:54] w02: start objective; params=[{"desired_latent_size":10,"hl_s1":1543,"hl_s2":937,"hl_s3":319,"hl_s4":36,"drop_rate":0.42376034669319407,"batch_size":10,"learning_rate":0.0011097795186200098,"lr_drop_factor":0.11054024153357911,"lr_drop_period":5}]
[19:05:54] w02: Preparing datastores for training and validation...

[19:05:54] w02: Using single frequency datastore for frequency index 4

[19:06:18] w02: 1 am here before gpu
[19:06:18] w02: 2 am here after gpu
[19:06:19] w02: Training network (Final=0) on cpu for 50 epochs...

[19:07:36] w02: start objective; params=[{"desired_latent_size":13,"hl_s1":1985,"hl_s2":618,"hl_s3":138,"hl_s4":37,"drop_rate":0.46407618536737649,"batch_size":21,"learning_rate":0.0025700487015708528,"lr_drop_factor":0.45776819119784096,"lr_drop_period":20}]
[19:07:36] w02: Preparing datastores for training and validation...

[19:07:36] w02: Using single frequency datastore for frequency index 4

[19:08:00] w02: 1 am here before gpu
[19:08:00] w02: 2 am here after gpu
[19:08:01] w02: Training network (Final=0) on cpu for 50 epochs...

[19:09:05] w02: start objective; params=[{"desired_latent_size":12,"hl_s1":1028,"hl_s2":986,"hl_s3":119,"hl_s4":31,"drop_rate":0.41098956832099104,"batch_size":10,"learning_rate":0.0013193121291693692,"lr_drop_factor":0.46818943325552592,"lr_drop_period":19}]
[19:09:05] w02: Preparing datastores for training and validation...

[19:09:05] w02: Using single frequency datastore for frequency index 4

[19:09:29] w02: 1 am here before gpu
[19:09:29] w02: 2 am here after gpu
[19:09:29] w02: Training network (Final=0) on cpu for 50 epochs...

[19:11:17] w02: start objective; params=[{"desired_latent_size":15,"hl_s1":1255,"hl_s2":635,"hl_s3":395,"hl_s4":92,"drop_rate":0.22485256939552922,"batch_size":9,"learning_rate":0.0011174981561187837,"lr_drop_factor":0.4569478690799722,"lr_drop_period":17}]
[19:11:17] w02: Preparing datastores for training and validation...

[19:11:17] w02: Using single frequency datastore for frequency index 4

[19:11:41] w02: 1 am here before gpu
[19:11:41] w02: 2 am here after gpu
[19:11:41] w02: Training network (Final=0) on cpu for 50 epochs...

[19:12:33] w02: start objective; params=[{"desired_latent_size":14,"hl_s1":1837,"hl_s2":654,"hl_s3":389,"hl_s4":64,"drop_rate":0.10321759970476585,"batch_size":10,"learning_rate":0.0025005879249229012,"lr_drop_factor":0.44736220847848129,"lr_drop_period":20}]
[19:12:33] w02: Preparing datastores for training and validation...

[19:12:33] w02: Using single frequency datastore for frequency index 4

[19:12:56] w02: 1 am here before gpu
[19:12:56] w02: 2 am here after gpu
[19:12:56] w02: Training network (Final=0) on cpu for 50 epochs...

[19:14:49] w02: start objective; params=[{"desired_latent_size":15,"hl_s1":1722,"hl_s2":833,"hl_s3":261,"hl_s4":94,"drop_rate":0.394320051039175,"batch_size":10,"learning_rate":0.0036022388280650022,"lr_drop_factor":0.405862537661835,"lr_drop_period":5}]
[19:14:49] w02: Preparing datastores for training and validation...

[19:14:49] w02: Using single frequency datastore for frequency index 4

[19:15:12] w02: 1 am here before gpu
[19:15:12] w02: 2 am here after gpu
[19:15:13] w02: Training network (Final=0) on cpu for 50 epochs...

[19:16:38] w02: start objective; params=[{"desired_latent_size":13,"hl_s1":1918,"hl_s2":762,"hl_s3":475,"hl_s4":79,"drop_rate":0.24187641011231542,"batch_size":22,"learning_rate":0.0010078702206535483,"lr_drop_factor":0.48907092940547492,"lr_drop_period":19}]
[19:16:38] w02: Preparing datastores for training and validation...

[19:16:38] w02: Using single frequency datastore for frequency index 4

[19:17:02] w02: 1 am here before gpu
[19:17:02] w02: 2 am here after gpu
[19:17:03] w02: Training network (Final=0) on cpu for 50 epochs...

[19:18:07] w02: start objective; params=[{"desired_latent_size":14,"hl_s1":1746,"hl_s2":598,"hl_s3":251,"hl_s4":39,"drop_rate":0.30154553429998587,"batch_size":16,"learning_rate":0.0010053051939041269,"lr_drop_factor":0.49090355497577154,"lr_drop_period":16}]
[19:18:07] w02: Preparing datastores for training and validation...

[19:18:07] w02: Using single frequency datastore for frequency index 4

[19:18:32] w02: 1 am here before gpu
[19:18:32] w02: 2 am here after gpu
[19:18:32] w02: Training network (Final=0) on cpu for 50 epochs...

[19:19:57] w02: start objective; params=[{"desired_latent_size":12,"hl_s1":1492,"hl_s2":590,"hl_s3":415,"hl_s4":65,"drop_rate":0.17485547269514579,"batch_size":32,"learning_rate":0.0010106685408549324,"lr_drop_factor":0.39400834783303895,"lr_drop_period":6}]
[19:19:57] w02: Preparing datastores for training and validation...

[19:19:57] w02: Using single frequency datastore for frequency index 4

[19:20:22] w02: 1 am here before gpu
[19:20:22] w02: 2 am here after gpu
[19:20:23] w02: Training network (Final=0) on cpu for 50 epochs...

[19:21:02] w02: start objective; params=[{"desired_latent_size":11,"hl_s1":1333,"hl_s2":958,"hl_s3":115,"hl_s4":85,"drop_rate":0.40889595414964441,"batch_size":16,"learning_rate":0.0010015650831698638,"lr_drop_factor":0.23623775210292863,"lr_drop_period":15}]
[19:21:02] w02: Preparing datastores for training and validation...

[19:21:02] w02: Using single frequency datastore for frequency index 4

[19:21:26] w02: 1 am here before gpu
[19:21:26] w02: 2 am here after gpu
[19:21:27] w02: Training network (Final=0) on cpu for 50 epochs...

[19:22:56] w02: start objective; params=[{"desired_latent_size":14,"hl_s1":1677,"hl_s2":766,"hl_s3":377,"hl_s4":49,"drop_rate":0.13209680086258907,"batch_size":14,"learning_rate":0.0010112271652514856,"lr_drop_factor":0.48848990980881657,"lr_drop_period":5}]
[19:22:56] w02: Preparing datastores for training and validation...

[19:22:56] w02: Using single frequency datastore for frequency index 4

[19:23:20] w02: 1 am here before gpu
[19:23:20] w02: 2 am here after gpu
[19:23:21] w02: Training network (Final=0) on cpu for 50 epochs...

[19:25:01] w02: start objective; params=[{"desired_latent_size":13,"hl_s1":1364,"hl_s2":978,"hl_s3":409,"hl_s4":31,"drop_rate":0.0782652596945977,"batch_size":24,"learning_rate":0.0099426772244053819,"lr_drop_factor":0.42778506534683919,"lr_drop_period":5}]
[19:25:01] w02: Preparing datastores for training and validation...

[19:25:01] w02: Using single frequency datastore for frequency index 4

[19:25:27] w02: 1 am here before gpu
[19:25:27] w02: 2 am here after gpu
[19:25:27] w02: Training network (Final=0) on cpu for 50 epochs...

[19:26:27] w02: start objective; params=[{"desired_latent_size":12,"hl_s1":1175,"hl_s2":508,"hl_s3":440,"hl_s4":71,"drop_rate":0.32976271770207832,"batch_size":22,"learning_rate":0.0090734210935608673,"lr_drop_factor":0.48062701137068886,"lr_drop_period":12}]
[19:26:27] w02: Preparing datastores for training and validation...

[19:26:27] w02: Using single frequency datastore for frequency index 4

[19:26:52] w02: 1 am here before gpu
[19:26:52] w02: 2 am here after gpu
[19:26:52] w02: Training network (Final=0) on cpu for 50 epochs...

[19:28:00] w02: start objective; params=[{"desired_latent_size":11,"hl_s1":1256,"hl_s2":863,"hl_s3":344,"hl_s4":80,"drop_rate":0.34208119328257369,"batch_size":31,"learning_rate":0.0092732889925196751,"lr_drop_factor":0.48064255626176933,"lr_drop_period":6}]
[19:28:00] w02: Preparing datastores for training and validation...

[19:28:00] w02: Using single frequency datastore for frequency index 4

[19:28:24] w02: 1 am here before gpu
[19:28:24] w02: 2 am here after gpu
[19:28:24] w02: Training network (Final=0) on cpu for 50 epochs...

[19:29:19] w02: start objective; params=[{"desired_latent_size":15,"hl_s1":1933,"hl_s2":617,"hl_s3":232,"hl_s4":52,"drop_rate":0.30611997670295976,"batch_size":4,"learning_rate":0.0046047266978271363,"lr_drop_factor":0.1167590774148291,"lr_drop_period":5}]
[19:29:19] w02: Preparing datastores for training and validation...

[19:29:19] w02: Using single frequency datastore for frequency index 4

[19:29:43] w02: 1 am here before gpu
[19:29:43] w02: 2 am here after gpu
[19:29:44] w02: Training network (Final=0) on cpu for 50 epochs...

[19:31:02] w02: start objective; params=[{"desired_latent_size":13,"hl_s1":1339,"hl_s2":518,"hl_s3":481,"hl_s4":53,"drop_rate":0.32896682666242766,"batch_size":23,"learning_rate":0.0011523464547664156,"lr_drop_factor":0.49386458463488714,"lr_drop_period":17}]
[19:31:02] w02: Preparing datastores for training and validation...

[19:31:02] w02: Using single frequency datastore for frequency index 4

[19:31:26] w02: 1 am here before gpu
[19:31:26] w02: 2 am here after gpu
[19:31:27] w02: Training network (Final=0) on cpu for 50 epochs...

[19:32:31] w02: start objective; params=[{"desired_latent_size":14,"hl_s1":1929,"hl_s2":733,"hl_s3":220,"hl_s4":50,"drop_rate":0.11609607195266053,"batch_size":16,"learning_rate":0.001068006569778763,"lr_drop_factor":0.49744004543804543,"lr_drop_period":20}]
[19:32:31] w02: Preparing datastores for training and validation...

[19:32:31] w02: Using single frequency datastore for frequency index 4

[19:32:56] w02: 1 am here before gpu
[19:32:56] w02: 2 am here after gpu
[19:32:57] w02: Training network (Final=0) on cpu for 50 epochs...

[19:34:26] w02: start objective; params=[{"desired_latent_size":12,"hl_s1":1995,"hl_s2":654,"hl_s3":188,"hl_s4":78,"drop_rate":0.41257541428917266,"batch_size":15,"learning_rate":0.0010386950030593805,"lr_drop_factor":0.48941582057552224,"lr_drop_period":18}]
[19:34:26] w02: Preparing datastores for training and validation...

[19:34:26] w02: Using single frequency datastore for frequency index 4

[19:34:50] w02: 1 am here before gpu
[19:34:50] w02: 2 am here after gpu
[19:34:51] w02: Training network (Final=0) on cpu for 50 epochs...

[19:36:20] w02: start objective; params=[{"desired_latent_size":14,"hl_s1":1303,"hl_s2":751,"hl_s3":273,"hl_s4":93,"drop_rate":0.19003428102713615,"batch_size":4,"learning_rate":0.0010044716522405108,"lr_drop_factor":0.4732967560514495,"lr_drop_period":15}]
[19:36:20] w02: Preparing datastores for training and validation...

[19:36:20] w02: Using single frequency datastore for frequency index 4

[19:36:44] w02: 1 am here before gpu
[19:36:44] w02: 2 am here after gpu
[19:36:44] w02: Training network (Final=0) on cpu for 50 epochs...

[19:37:28] w02: start objective; params=[{"desired_latent_size":14,"hl_s1":1462,"hl_s2":820,"hl_s3":299,"hl_s4":38,"drop_rate":0.32545612540807373,"batch_size":23,"learning_rate":0.0099415671178431225,"lr_drop_factor":0.44153648552870234,"lr_drop_period":20}]
[19:37:28] w02: Preparing datastores for training and validation...

[19:37:28] w02: Using single frequency datastore for frequency index 4

[19:37:51] w02: 1 am here before gpu
[19:37:51] w02: 2 am here after gpu
[19:37:52] w02: Training network (Final=0) on cpu for 50 epochs...

[19:38:50] w02: start objective; params=[{"desired_latent_size":13,"hl_s1":1288,"hl_s2":645,"hl_s3":452,"hl_s4":59,"drop_rate":0.16378200784299946,"batch_size":17,"learning_rate":0.009424893585958145,"lr_drop_factor":0.47920317374887778,"lr_drop_period":5}]
[19:38:50] w02: Preparing datastores for training and validation...

[19:38:50] w02: Using single frequency datastore for frequency index 4

[19:39:13] w02: 1 am here before gpu
[19:39:13] w02: 2 am here after gpu
[19:39:14] w02: Training network (Final=0) on cpu for 50 epochs...

[19:40:29] w02: start objective; params=[{"desired_latent_size":11,"hl_s1":1887,"hl_s2":634,"hl_s3":364,"hl_s4":94,"drop_rate":0.23726771413632075,"batch_size":14,"learning_rate":0.0098144223648393425,"lr_drop_factor":0.18245172232473028,"lr_drop_period":13}]
[19:40:29] w02: Preparing datastores for training and validation...

[19:40:29] w02: Using single frequency datastore for frequency index 4

[19:40:55] w02: 1 am here before gpu
[19:40:55] w02: 2 am here after gpu
[19:40:56] w02: Training network (Final=0) on cpu for 50 epochs...

[19:42:41] w02: start objective; params=[{"desired_latent_size":12,"hl_s1":1313,"hl_s2":972,"hl_s3":480,"hl_s4":60,"drop_rate":0.2930117993122181,"batch_size":20,"learning_rate":0.0029034263525622214,"lr_drop_factor":0.12575580301355266,"lr_drop_period":5}]
[19:42:41] w02: Preparing datastores for training and validation...

[19:42:41] w02: Using single frequency datastore for frequency index 4

[19:43:04] w02: 1 am here before gpu
[19:43:04] w02: 2 am here after gpu
[19:43:04] w02: Training network (Final=0) on cpu for 50 epochs...

[19:44:11] w02: start objective; params=[{"desired_latent_size":12,"hl_s1":1984,"hl_s2":537,"hl_s3":129,"hl_s4":50,"drop_rate":0.233691621662101,"batch_size":21,"learning_rate":0.0011415558283571683,"lr_drop_factor":0.49339520466662856,"lr_drop_period":18}]
[19:44:11] w02: Preparing datastores for training and validation...

[19:44:11] w02: Using single frequency datastore for frequency index 4

[19:44:34] w02: 1 am here before gpu
[19:44:34] w02: 2 am here after gpu
[19:44:35] w02: Training network (Final=0) on cpu for 50 epochs...

[19:45:43] w02: start objective; params=[{"desired_latent_size":15,"hl_s1":1995,"hl_s2":818,"hl_s3":224,"hl_s4":54,"drop_rate":0.33155119762276553,"batch_size":20,"learning_rate":0.0010144723763143555,"lr_drop_factor":0.49922037232324762,"lr_drop_period":19}]
[19:45:43] w02: Preparing datastores for training and validation...

[19:45:43] w02: Using single frequency datastore for frequency index 4

[19:46:08] w02: 1 am here before gpu
[19:46:08] w02: 2 am here after gpu
[19:46:09] w02: Training network (Final=0) on cpu for 50 epochs...

[19:47:17] w02: start objective; params=[{"desired_latent_size":14,"hl_s1":1963,"hl_s2":985,"hl_s3":129,"hl_s4":34,"drop_rate":0.32439370571607884,"batch_size":4,"learning_rate":0.0025347893352558465,"lr_drop_factor":0.10699222511597051,"lr_drop_period":11}]
[19:47:17] w02: Preparing datastores for training and validation...

[19:47:17] w02: Using single frequency datastore for frequency index 4

[19:47:44] w02: 1 am here before gpu
[19:47:44] w02: 2 am here after gpu
[19:47:44] w02: Training network (Final=0) on cpu for 50 epochs...

[19:48:40] w02: start objective; params=[{"desired_latent_size":13,"hl_s1":1995,"hl_s2":891,"hl_s3":145,"hl_s4":68,"drop_rate":0.053625313546162068,"batch_size":10,"learning_rate":0.001058167359304067,"lr_drop_factor":0.28339053521572088,"lr_drop_period":8}]
[19:48:40] w02: Preparing datastores for training and validation...

[19:48:40] w02: Using single frequency datastore for frequency index 4

[19:49:05] w02: 1 am here before gpu
[19:49:05] w02: 2 am here after gpu
[19:49:06] w02: Training network (Final=0) on cpu for 50 epochs...

[19:50:40] w02: start objective; params=[{"desired_latent_size":12,"hl_s1":1652,"hl_s2":535,"hl_s3":461,"hl_s4":87,"drop_rate":0.48364959785067596,"batch_size":18,"learning_rate":0.0010545773507373002,"lr_drop_factor":0.48719399160798993,"lr_drop_period":20}]
[19:50:40] w02: Preparing datastores for training and validation...

[19:50:40] w02: Using single frequency datastore for frequency index 4

[19:51:05] w02: 1 am here before gpu
[19:51:05] w02: 2 am here after gpu
[19:51:06] w02: Training network (Final=0) on cpu for 50 epochs...

[19:52:28] w02: start objective; params=[{"desired_latent_size":12,"hl_s1":1831,"hl_s2":863,"hl_s3":135,"hl_s4":45,"drop_rate":0.16314427010999791,"batch_size":6,"learning_rate":0.0095209636490121586,"lr_drop_factor":0.10987392630704435,"lr_drop_period":20}]
[19:52:28] w02: Preparing datastores for training and validation...

[19:52:28] w02: Using single frequency datastore for frequency index 4

[19:52:54] w02: 1 am here before gpu
[19:52:54] w02: 2 am here after gpu
[19:52:55] w02: Training network (Final=0) on cpu for 50 epochs...

[19:54:13] w02: start objective; params=[{"desired_latent_size":11,"hl_s1":1491,"hl_s2":641,"hl_s3":441,"hl_s4":44,"drop_rate":0.13399966776642108,"batch_size":18,"learning_rate":0.0010389109104006211,"lr_drop_factor":0.49742693660031034,"lr_drop_period":20}]
[19:54:14] w02: Preparing datastores for training and validation...

[19:54:14] w02: Using single frequency datastore for frequency index 4

[19:54:40] w02: 1 am here before gpu
[19:54:40] w02: 2 am here after gpu
[19:54:40] w02: Training network (Final=0) on cpu for 50 epochs...

[19:56:01] w02: start objective; params=[{"desired_latent_size":14,"hl_s1":1391,"hl_s2":900,"hl_s3":407,"hl_s4":96,"drop_rate":0.2721307810230123,"batch_size":11,"learning_rate":0.0023753914299581924,"lr_drop_factor":0.49575022100623245,"lr_drop_period":20}]
[19:56:01] w02: Preparing datastores for training and validation...

[19:56:01] w02: Using single frequency datastore for frequency index 4

[19:56:27] w02: 1 am here before gpu
[19:56:27] w02: 2 am here after gpu
[19:56:28] w02: Training network (Final=0) on cpu for 50 epochs...

[19:58:13] w02: start objective; params=[{"desired_latent_size":14,"hl_s1":1099,"hl_s2":513,"hl_s3":337,"hl_s4":50,"drop_rate":0.031663920677407864,"batch_size":11,"learning_rate":0.0010528142193280024,"lr_drop_factor":0.10329991783093845,"lr_drop_period":14}]
[19:58:13] w02: Preparing datastores for training and validation...

[19:58:13] w02: Using single frequency datastore for frequency index 4

[19:58:36] w02: 1 am here before gpu
[19:58:36] w02: 2 am here after gpu
[19:58:37] w02: Training network (Final=0) on cpu for 50 epochs...

[20:00:18] w02: start objective; params=[{"desired_latent_size":12,"hl_s1":1022,"hl_s2":554,"hl_s3":193,"hl_s4":47,"drop_rate":0.27257802613497473,"batch_size":12,"learning_rate":0.0010499227049037617,"lr_drop_factor":0.10275471923276441,"lr_drop_period":16}]
[20:00:18] w02: Preparing datastores for training and validation...

[20:00:18] w02: Using single frequency datastore for frequency index 4

[20:00:44] w02: 1 am here before gpu
[20:00:44] w02: 2 am here after gpu
[20:00:44] w02: Training network (Final=0) on cpu for 50 epochs...

[20:01:37] w02: start objective; params=[{"desired_latent_size":15,"hl_s1":1976,"hl_s2":527,"hl_s3":108,"hl_s4":98,"drop_rate":0.49366232673940935,"batch_size":16,"learning_rate":0.0096468224068625534,"lr_drop_factor":0.10467430023908034,"lr_drop_period":20}]
[20:01:37] w02: Preparing datastores for training and validation...

[20:01:37] w02: Using single frequency datastore for frequency index 4

[20:02:00] w02: 1 am here before gpu
[20:02:00] w02: 2 am here after gpu
[20:02:01] w02: Training network (Final=0) on cpu for 50 epochs...

[20:03:02] w02: start objective; params=[{"desired_latent_size":15,"hl_s1":1960,"hl_s2":607,"hl_s3":304,"hl_s4":51,"drop_rate":0.23593855136234465,"batch_size":11,"learning_rate":0.0014751174662824954,"lr_drop_factor":0.41055510324233735,"lr_drop_period":20}]
[20:03:02] w02: Preparing datastores for training and validation...

[20:03:02] w02: Using single frequency datastore for frequency index 4

[20:03:27] w02: 1 am here before gpu
[20:03:27] w02: 2 am here after gpu
[20:03:28] w02: Training network (Final=0) on cpu for 50 epochs...

[20:05:36] w02: start objective; params=[{"desired_latent_size":11,"hl_s1":1235,"hl_s2":721,"hl_s3":200,"hl_s4":67,"drop_rate":0.095096574930289016,"batch_size":7,"learning_rate":0.0099762313789863426,"lr_drop_factor":0.10181481473451338,"lr_drop_period":5}]
[20:05:36] w02: Preparing datastores for training and validation...

[20:05:36] w02: Using single frequency datastore for frequency index 4

[20:06:00] w02: 1 am here before gpu
[20:06:00] w02: 2 am here after gpu
[20:06:01] w02: Training network (Final=0) on cpu for 50 epochs...

[20:07:57] w02: start objective; params=[{"desired_latent_size":14,"hl_s1":1628,"hl_s2":589,"hl_s3":128,"hl_s4":72,"drop_rate":0.46106698566788845,"batch_size":11,"learning_rate":0.0089110026138351367,"lr_drop_factor":0.12646213496161457,"lr_drop_period":20}]
[20:07:57] w02: Preparing datastores for training and validation...

[20:07:57] w02: Using single frequency datastore for frequency index 4

[20:08:22] w02: 1 am here before gpu
[20:08:22] w02: 2 am here after gpu
[20:08:23] w02: Training network (Final=0) on cpu for 50 epochs...

[20:10:13] w02: start objective; params=[{"desired_latent_size":15,"hl_s1":1383,"hl_s2":927,"hl_s3":458,"hl_s4":88,"drop_rate":0.28368774502207855,"batch_size":26,"learning_rate":0.0010593121284050719,"lr_drop_factor":0.10480288700301098,"lr_drop_period":5}]
[20:10:13] w02: Preparing datastores for training and validation...

[20:10:13] w02: Using single frequency datastore for frequency index 4

[20:10:36] w02: 1 am here before gpu
[20:10:36] w02: 2 am here after gpu
[20:10:37] w02: Training network (Final=0) on cpu for 50 epochs...

[20:11:34] w02: start objective; params=[{"desired_latent_size":15,"hl_s1":1548,"hl_s2":841,"hl_s3":262,"hl_s4":55,"drop_rate":0.25686280093219777,"batch_size":4,"learning_rate":0.0033784836153706345,"lr_drop_factor":0.49837416884281482,"lr_drop_period":5}]
[20:11:34] w02: Preparing datastores for training and validation...

[20:11:34] w02: Using single frequency datastore for frequency index 4

[20:11:57] w02: 1 am here before gpu
[20:11:57] w02: 2 am here after gpu
[20:11:58] w02: Training network (Final=0) on cpu for 50 epochs...

[20:12:56] w02: start objective; params=[{"desired_latent_size":12,"hl_s1":1646,"hl_s2":564,"hl_s3":128,"hl_s4":56,"drop_rate":0.18370059437335792,"batch_size":20,"learning_rate":0.0010536303644108282,"lr_drop_factor":0.49213566816473819,"lr_drop_period":20}]
[20:12:56] w02: Preparing datastores for training and validation...

[20:12:56] w02: Using single frequency datastore for frequency index 4

[20:13:21] w02: 1 am here before gpu
[20:13:21] w02: 2 am here after gpu
[20:13:22] w02: Training network (Final=0) on cpu for 50 epochs...

[20:14:33] w02: start objective; params=[{"desired_latent_size":14,"hl_s1":1199,"hl_s2":618,"hl_s3":180,"hl_s4":53,"drop_rate":0.38299440763753834,"batch_size":18,"learning_rate":0.0010087387803050184,"lr_drop_factor":0.4960900839893847,"lr_drop_period":17}]
[20:14:33] w02: Preparing datastores for training and validation...

[20:14:33] w02: Using single frequency datastore for frequency index 4

[20:14:57] w02: 1 am here before gpu
[20:14:57] w02: 2 am here after gpu
[20:14:58] w02: Training network (Final=0) on cpu for 50 epochs...

[20:16:18] w02: start objective; params=[{"desired_latent_size":15,"hl_s1":1868,"hl_s2":580,"hl_s3":465,"hl_s4":93,"drop_rate":0.47700419400382937,"batch_size":19,"learning_rate":0.0010002681794660422,"lr_drop_factor":0.49453185469976269,"lr_drop_period":17}]
[20:16:18] w02: Preparing datastores for training and validation...

[20:16:18] w02: Using single frequency datastore for frequency index 4

[20:16:43] w02: 1 am here before gpu
[20:16:43] w02: 2 am here after gpu
[20:16:43] w02: Training network (Final=0) on cpu for 50 epochs...

[20:18:05] w02: start objective; params=[{"desired_latent_size":15,"hl_s1":1318,"hl_s2":885,"hl_s3":241,"hl_s4":37,"drop_rate":0.11507938766709075,"batch_size":17,"learning_rate":0.0011278558134281461,"lr_drop_factor":0.49912041397723672,"lr_drop_period":14}]
[20:18:05] w02: Preparing datastores for training and validation...

[20:18:05] w02: Using single frequency datastore for frequency index 4

[20:18:31] w02: 1 am here before gpu
[20:18:31] w02: 2 am here after gpu
[20:18:32] w02: Training network (Final=0) on cpu for 50 epochs...

[20:19:53] w02: start objective; params=[{"desired_latent_size":12,"hl_s1":1335,"hl_s2":809,"hl_s3":123,"hl_s4":81,"drop_rate":0.18100476194880022,"batch_size":32,"learning_rate":0.0010040198347825492,"lr_drop_factor":0.11968654242944458,"lr_drop_period":13}]
[20:19:53] w02: Preparing datastores for training and validation...

[20:19:53] w02: Using single frequency datastore for frequency index 4

[20:20:19] w02: 1 am here before gpu
[20:20:19] w02: 2 am here after gpu
[20:20:20] w02: Training network (Final=0) on cpu for 50 epochs...

[20:21:08] w02: start objective; params=[{"desired_latent_size":15,"hl_s1":1586,"hl_s2":928,"hl_s3":433,"hl_s4":68,"drop_rate":0.43261516506403119,"batch_size":6,"learning_rate":0.0090412252208953315,"lr_drop_factor":0.49906744402969438,"lr_drop_period":14}]
[20:21:08] w02: Preparing datastores for training and validation...

[20:21:08] w02: Using single frequency datastore for frequency index 4

[20:21:32] w02: 1 am here before gpu
[20:21:32] w02: 2 am here after gpu
[20:21:33] w02: Training network (Final=0) on cpu for 50 epochs...

[20:22:22] w02: start objective; params=[{"desired_latent_size":14,"hl_s1":1333,"hl_s2":511,"hl_s3":169,"hl_s4":41,"drop_rate":0.35459080193390047,"batch_size":23,"learning_rate":0.0011062442451640116,"lr_drop_factor":0.10042568230523335,"lr_drop_period":20}]
[20:22:22] w02: Preparing datastores for training and validation...

[20:22:22] w02: Using single frequency datastore for frequency index 4

[20:22:49] w02: 1 am here before gpu
[20:22:49] w02: 2 am here after gpu
[20:22:50] w02: Training network (Final=0) on cpu for 50 epochs...

[20:24:00] w02: start objective; params=[{"desired_latent_size":12,"hl_s1":1209,"hl_s2":585,"hl_s3":281,"hl_s4":97,"drop_rate":0.00073630815157549518,"batch_size":27,"learning_rate":0.0011899259986173365,"lr_drop_factor":0.4993097933612517,"lr_drop_period":17}]
[20:24:00] w02: Preparing datastores for training and validation...

[20:24:00] w02: Using single frequency datastore for frequency index 4

[20:24:26] w02: 1 am here before gpu
[20:24:26] w02: 2 am here after gpu
[20:24:26] w02: Training network (Final=0) on cpu for 50 epochs...

[20:25:27] w02: start objective; params=[{"desired_latent_size":13,"hl_s1":1454,"hl_s2":845,"hl_s3":256,"hl_s4":63,"drop_rate":0.20760006466862074,"batch_size":4,"learning_rate":0.00940679319394784,"lr_drop_factor":0.1114899135097978,"lr_drop_period":16}]
[20:25:27] w02: Preparing datastores for training and validation...

[20:25:27] w02: Using single frequency datastore for frequency index 4

[20:25:53] w02: 1 am here before gpu
[20:25:53] w02: 2 am here after gpu
[20:25:53] w02: Training network (Final=0) on cpu for 50 epochs...

[01:08:49] w02: start objective; params=[{"desired_latent_size":11,"hl_s1":1407,"hl_s2":977,"hl_s3":373,"hl_s4":74,"drop_rate":0.36329566674003272,"batch_size":30,"learning_rate":0.001973923354261076,"lr_drop_factor":0.16822316527124886,"lr_drop_period":11}]
[01:08:49] w02: Preparing datastores for training and validation...

[01:08:49] w02: Using single frequency datastore for frequency index 5

[01:09:07] w02: 1 am here before gpu
[01:09:07] w02: 2 am here after gpu
[01:09:17] w02: Training network (Final=0) on cpu for 50 epochs...

[01:10:09] w02: start objective; params=[{"desired_latent_size":10,"hl_s1":1260,"hl_s2":660,"hl_s3":488,"hl_s4":79,"drop_rate":0.26066002393653659,"batch_size":17,"learning_rate":0.0058491603266056539,"lr_drop_factor":0.46709211697797992,"lr_drop_period":14}]
[01:10:09] w02: Preparing datastores for training and validation...

[01:10:09] w02: Using single frequency datastore for frequency index 5

[01:10:23] w02: 1 am here before gpu
[01:10:23] w02: 2 am here after gpu
[01:10:24] w02: Training network (Final=0) on cpu for 50 epochs...

[01:10:47] w02: start objective; params=[{"desired_latent_size":13,"hl_s1":1605,"hl_s2":634,"hl_s3":499,"hl_s4":65,"drop_rate":0.28119560696130086,"batch_size":18,"learning_rate":0.0010469099414371148,"lr_drop_factor":0.4465206987764716,"lr_drop_period":5}]
[01:10:47] w02: Preparing datastores for training and validation...

[01:10:47] w02: Using single frequency datastore for frequency index 5

[01:11:01] w02: 1 am here before gpu
[01:11:01] w02: 2 am here after gpu
[01:11:01] w02: Training network (Final=0) on cpu for 50 epochs...

[01:11:31] w02: start objective; params=[{"desired_latent_size":13,"hl_s1":1501,"hl_s2":975,"hl_s3":184,"hl_s4":71,"drop_rate":0.4022399019014547,"batch_size":10,"learning_rate":0.0010001717499371842,"lr_drop_factor":0.1845050190978596,"lr_drop_period":8}]
[01:11:31] w02: Preparing datastores for training and validation...

[01:11:31] w02: Using single frequency datastore for frequency index 5

[01:11:45] w02: 1 am here before gpu
[01:11:45] w02: 2 am here after gpu
[01:11:46] w02: Training network (Final=0) on cpu for 50 epochs...

[01:12:06] w02: start objective; params=[{"desired_latent_size":11,"hl_s1":1631,"hl_s2":637,"hl_s3":470,"hl_s4":85,"drop_rate":0.34411746174444974,"batch_size":16,"learning_rate":0.009997380722756832,"lr_drop_factor":0.32961572551439733,"lr_drop_period":20}]
[01:12:06] w02: Preparing datastores for training and validation...

[01:12:06] w02: Using single frequency datastore for frequency index 5

[01:12:20] w02: 1 am here before gpu
[01:12:20] w02: 2 am here after gpu
[01:12:20] w02: Training network (Final=0) on cpu for 50 epochs...

[01:12:56] w02: start objective; params=[{"desired_latent_size":10,"hl_s1":1646,"hl_s2":804,"hl_s3":395,"hl_s4":74,"drop_rate":0.15764561519846565,"batch_size":14,"learning_rate":0.0010002087792478508,"lr_drop_factor":0.14639403588038519,"lr_drop_period":13}]
[01:12:56] w02: Preparing datastores for training and validation...

[01:12:56] w02: Using single frequency datastore for frequency index 5

[01:13:10] w02: 1 am here before gpu
[01:13:10] w02: 2 am here after gpu
[01:13:10] w02: Training network (Final=0) on cpu for 50 epochs...

[01:13:47] w02: start objective; params=[{"desired_latent_size":10,"hl_s1":1704,"hl_s2":926,"hl_s3":323,"hl_s4":45,"drop_rate":0.12359909915968159,"batch_size":11,"learning_rate":0.0010712414025986637,"lr_drop_factor":0.47825157321684586,"lr_drop_period":7}]
[01:13:47] w02: Preparing datastores for training and validation...

[01:13:47] w02: Using single frequency datastore for frequency index 5

[01:14:01] w02: 1 am here before gpu
[01:14:01] w02: 2 am here after gpu
[01:14:01] w02: Training network (Final=0) on cpu for 50 epochs...

[01:14:30] w02: start objective; params=[{"desired_latent_size":11,"hl_s1":1976,"hl_s2":773,"hl_s3":487,"hl_s4":35,"drop_rate":0.45160010180699361,"batch_size":16,"learning_rate":0.001021492728629959,"lr_drop_factor":0.49631361024907072,"lr_drop_period":10}]
[01:14:30] w02: Preparing datastores for training and validation...

[01:14:30] w02: Using single frequency datastore for frequency index 5

[01:14:44] w02: 1 am here before gpu
[01:14:44] w02: 2 am here after gpu
[01:14:44] w02: Training network (Final=0) on cpu for 50 epochs...

[01:15:17] w02: start objective; params=[{"desired_latent_size":13,"hl_s1":1970,"hl_s2":929,"hl_s3":443,"hl_s4":97,"drop_rate":0.43273018576305,"batch_size":14,"learning_rate":0.0010062442659215375,"lr_drop_factor":0.4963979371205034,"lr_drop_period":5}]
[01:15:17] w02: Preparing datastores for training and validation...

[01:15:17] w02: Using single frequency datastore for frequency index 5

[01:15:31] w02: 1 am here before gpu
[01:15:31] w02: 2 am here after gpu
[01:15:31] w02: Training network (Final=0) on cpu for 50 epochs...

[01:16:03] w02: start objective; params=[{"desired_latent_size":11,"hl_s1":1964,"hl_s2":800,"hl_s3":343,"hl_s4":81,"drop_rate":0.19990930398627976,"batch_size":8,"learning_rate":0.0010072052478778222,"lr_drop_factor":0.49389431917560178,"lr_drop_period":11}]
[01:16:03] w02: Preparing datastores for training and validation...

[01:16:03] w02: Using single frequency datastore for frequency index 5

[01:16:17] w02: 1 am here before gpu
[01:16:17] w02: 2 am here after gpu
[01:16:17] w02: Training network (Final=0) on cpu for 50 epochs...

[01:17:19] w02: start objective; params=[{"desired_latent_size":10,"hl_s1":1945,"hl_s2":705,"hl_s3":154,"hl_s4":41,"drop_rate":0.18367884509275428,"batch_size":16,"learning_rate":0.0010102098485459108,"lr_drop_factor":0.49070536646648288,"lr_drop_period":8}]
[01:17:19] w02: Preparing datastores for training and validation...

[01:17:19] w02: Using single frequency datastore for frequency index 5

[01:17:33] w02: 1 am here before gpu
[01:17:33] w02: 2 am here after gpu
[01:17:34] w02: Training network (Final=0) on cpu for 50 epochs...

[01:18:11] w02: start objective; params=[{"desired_latent_size":11,"hl_s1":1524,"hl_s2":765,"hl_s3":380,"hl_s4":96,"drop_rate":0.096004197443034928,"batch_size":24,"learning_rate":0.001060805271576539,"lr_drop_factor":0.48060417294844582,"lr_drop_period":15}]
[01:18:11] w02: Preparing datastores for training and validation...

[01:18:11] w02: Using single frequency datastore for frequency index 5

[01:18:25] w02: 1 am here before gpu
[01:18:25] w02: 2 am here after gpu
[01:18:26] w02: Training network (Final=0) on cpu for 50 epochs...

[01:18:52] w02: start objective; params=[{"desired_latent_size":11,"hl_s1":1932,"hl_s2":725,"hl_s3":422,"hl_s4":58,"drop_rate":0.46866610198803865,"batch_size":8,"learning_rate":0.0011303355708175979,"lr_drop_factor":0.48123094459120475,"lr_drop_period":7}]
[01:18:52] w02: Preparing datastores for training and validation...

[01:18:52] w02: Using single frequency datastore for frequency index 5

[01:19:06] w02: 1 am here before gpu
[01:19:06] w02: 2 am here after gpu
[01:19:06] w02: Training network (Final=0) on cpu for 50 epochs...

[01:20:23] w02: start objective; params=[{"desired_latent_size":10,"hl_s1":1869,"hl_s2":846,"hl_s3":212,"hl_s4":83,"drop_rate":0.42378307512907448,"batch_size":11,"learning_rate":0.0011627741366977409,"lr_drop_factor":0.48831716080248327,"lr_drop_period":6}]
[01:20:23] w02: Preparing datastores for training and validation...

[01:20:23] w02: Using single frequency datastore for frequency index 5

[01:20:37] w02: 1 am here before gpu
[01:20:37] w02: 2 am here after gpu
[01:20:37] w02: Training network (Final=0) on cpu for 50 epochs...

[01:21:29] w02: start objective; params=[{"desired_latent_size":11,"hl_s1":1746,"hl_s2":951,"hl_s3":181,"hl_s4":41,"drop_rate":0.3656524001260591,"batch_size":6,"learning_rate":0.0010108221188335046,"lr_drop_factor":0.4887520829122517,"lr_drop_period":10}]
[01:21:29] w02: Preparing datastores for training and validation...

[01:21:29] w02: Using single frequency datastore for frequency index 5

[01:21:43] w02: 1 am here before gpu
[01:21:43] w02: 2 am here after gpu
[01:21:44] w02: Training network (Final=0) on cpu for 50 epochs...

[01:22:37] w02: start objective; params=[{"desired_latent_size":11,"hl_s1":1948,"hl_s2":770,"hl_s3":380,"hl_s4":85,"drop_rate":0.38981084738169836,"batch_size":5,"learning_rate":0.0010416981454019366,"lr_drop_factor":0.47284029430290664,"lr_drop_period":8}]
[01:22:37] w02: Preparing datastores for training and validation...

[01:22:37] w02: Using single frequency datastore for frequency index 5

[01:22:52] w02: 1 am here before gpu
[01:22:52] w02: 2 am here after gpu
[01:22:52] w02: Training network (Final=0) on cpu for 50 epochs...

[01:23:43] w02: start objective; params=[{"desired_latent_size":14,"hl_s1":1330,"hl_s2":509,"hl_s3":333,"hl_s4":88,"drop_rate":0.01017117535383805,"batch_size":16,"learning_rate":0.0038609333426881339,"lr_drop_factor":0.10285095341468183,"lr_drop_period":5}]
[01:23:43] w02: Preparing datastores for training and validation...

[01:23:43] w02: Using single frequency datastore for frequency index 5

[01:23:57] w02: 1 am here before gpu
[01:23:57] w02: 2 am here after gpu
[01:23:57] w02: Training network (Final=0) on cpu for 50 epochs...

[01:24:34] w02: start objective; params=[{"desired_latent_size":12,"hl_s1":1700,"hl_s2":738,"hl_s3":469,"hl_s4":97,"drop_rate":0.0794396388753206,"batch_size":12,"learning_rate":0.0010376936802942228,"lr_drop_factor":0.48876573276709379,"lr_drop_period":12}]
[01:24:34] w02: Preparing datastores for training and validation...

[01:24:34] w02: Using single frequency datastore for frequency index 5

[01:24:48] w02: 1 am here before gpu
[01:24:48] w02: 2 am here after gpu
[01:24:48] w02: Training network (Final=0) on cpu for 50 epochs...

[01:25:27] w02: start objective; params=[{"desired_latent_size":14,"hl_s1":1242,"hl_s2":817,"hl_s3":185,"hl_s4":76,"drop_rate":0.062249749321460879,"batch_size":30,"learning_rate":0.0010280303528770322,"lr_drop_factor":0.49958942130411366,"lr_drop_period":19}]
[01:25:27] w02: Preparing datastores for training and validation...

[01:25:27] w02: Using single frequency datastore for frequency index 5

[01:25:41] w02: 1 am here before gpu
[01:25:41] w02: 2 am here after gpu
[01:25:42] w02: Training network (Final=0) on cpu for 50 epochs...

[01:26:05] w02: start objective; params=[{"desired_latent_size":12,"hl_s1":1406,"hl_s2":635,"hl_s3":372,"hl_s4":56,"drop_rate":0.29010806423351,"batch_size":24,"learning_rate":0.0033400792700329926,"lr_drop_factor":0.49893354122671818,"lr_drop_period":5}]
[01:26:05] w02: Preparing datastores for training and validation...

[01:26:05] w02: Using single frequency datastore for frequency index 5

[01:26:19] w02: 1 am here before gpu
[01:26:19] w02: 2 am here after gpu
[01:26:20] w02: Training network (Final=0) on cpu for 50 epochs...

[01:26:47] w02: start objective; params=[{"desired_latent_size":12,"hl_s1":1941,"hl_s2":611,"hl_s3":347,"hl_s4":60,"drop_rate":0.34719787899600019,"batch_size":16,"learning_rate":0.0029966612008251008,"lr_drop_factor":0.10013421559669552,"lr_drop_period":13}]
[01:26:47] w02: Preparing datastores for training and validation...

[01:26:47] w02: Using single frequency datastore for frequency index 5

[01:27:01] w02: 1 am here before gpu
[01:27:01] w02: 2 am here after gpu
[01:27:01] w02: Training network (Final=0) on cpu for 50 epochs...

[01:27:25] w02: start objective; params=[{"desired_latent_size":11,"hl_s1":1053,"hl_s2":997,"hl_s3":412,"hl_s4":35,"drop_rate":0.038893880185678242,"batch_size":24,"learning_rate":0.0029169250119421329,"lr_drop_factor":0.490635836149352,"lr_drop_period":20}]
[01:27:25] w02: Preparing datastores for training and validation...

[01:27:25] w02: Using single frequency datastore for frequency index 5

[01:27:40] w02: 1 am here before gpu
[01:27:40] w02: 2 am here after gpu
[01:27:40] w02: Training network (Final=0) on cpu for 50 epochs...

[01:28:10] w02: start objective; params=[{"desired_latent_size":14,"hl_s1":1578,"hl_s2":522,"hl_s3":369,"hl_s4":37,"drop_rate":0.25450132016914995,"batch_size":8,"learning_rate":0.00512850566807271,"lr_drop_factor":0.10006082596358723,"lr_drop_period":18}]
[01:28:10] w02: Preparing datastores for training and validation...

[01:28:10] w02: Using single frequency datastore for frequency index 5

[01:28:24] w02: 1 am here before gpu
[01:28:24] w02: 2 am here after gpu
[01:28:24] w02: Training network (Final=0) on cpu for 50 epochs...

[01:29:17] w02: start objective; params=[{"desired_latent_size":15,"hl_s1":1829,"hl_s2":802,"hl_s3":267,"hl_s4":72,"drop_rate":0.31414324757239476,"batch_size":24,"learning_rate":0.0099986300768427211,"lr_drop_factor":0.10657919304131269,"lr_drop_period":15}]
[01:29:17] w02: Preparing datastores for training and validation...

[01:29:17] w02: Using single frequency datastore for frequency index 5

[01:29:32] w02: 1 am here before gpu
[01:29:32] w02: 2 am here after gpu
[01:29:32] w02: Training network (Final=0) on cpu for 50 epochs...

[01:29:56] w02: start objective; params=[{"desired_latent_size":12,"hl_s1":1381,"hl_s2":956,"hl_s3":273,"hl_s4":93,"drop_rate":0.44722910210956646,"batch_size":11,"learning_rate":0.004525504791604104,"lr_drop_factor":0.49774304658689872,"lr_drop_period":5}]
[01:29:56] w02: Preparing datastores for training and validation...

[01:29:56] w02: Using single frequency datastore for frequency index 5

[01:30:10] w02: 1 am here before gpu
[01:30:10] w02: 2 am here after gpu
[01:30:10] w02: Training network (Final=0) on cpu for 50 epochs...

[01:30:41] w02: start objective; params=[{"desired_latent_size":11,"hl_s1":1529,"hl_s2":565,"hl_s3":143,"hl_s4":88,"drop_rate":0.172649014353486,"batch_size":16,"learning_rate":0.0099495636159082218,"lr_drop_factor":0.49675522078039019,"lr_drop_period":19}]
[01:30:41] w02: Preparing datastores for training and validation...

[01:30:41] w02: Using single frequency datastore for frequency index 5

[01:30:55] w02: 1 am here before gpu
[01:30:55] w02: 2 am here after gpu
[01:30:55] w02: Training network (Final=0) on cpu for 50 epochs...

[01:31:19] w02: start objective; params=[{"desired_latent_size":14,"hl_s1":1783,"hl_s2":786,"hl_s3":114,"hl_s4":86,"drop_rate":0.15793778561591079,"batch_size":6,"learning_rate":0.0032471594318509442,"lr_drop_factor":0.31830811754424149,"lr_drop_period":6}]
[01:31:19] w02: Preparing datastores for training and validation...

[01:31:19] w02: Using single frequency datastore for frequency index 5

[01:31:34] w02: 1 am here before gpu
[01:31:34] w02: 2 am here after gpu
[01:31:34] w02: Training network (Final=0) on cpu for 50 epochs...

[01:32:07] w02: start objective; params=[{"desired_latent_size":10,"hl_s1":1337,"hl_s2":609,"hl_s3":205,"hl_s4":74,"drop_rate":0.11475507099765897,"batch_size":19,"learning_rate":0.0051764645144866013,"lr_drop_factor":0.49996029947791831,"lr_drop_period":6}]
[01:32:07] w02: Preparing datastores for training and validation...

[01:32:07] w02: Using single frequency datastore for frequency index 5

[01:32:21] w02: 1 am here before gpu
[01:32:21] w02: 2 am here after gpu
[01:32:22] w02: Training network (Final=0) on cpu for 50 epochs...

[01:32:46] w02: start objective; params=[{"desired_latent_size":14,"hl_s1":1320,"hl_s2":897,"hl_s3":383,"hl_s4":76,"drop_rate":0.176891787157736,"batch_size":21,"learning_rate":0.0038579430217937096,"lr_drop_factor":0.49898613509394873,"lr_drop_period":10}]
[01:32:46] w02: Preparing datastores for training and validation...

[01:32:46] w02: Using single frequency datastore for frequency index 5

[01:33:01] w02: 1 am here before gpu
[01:33:01] w02: 2 am here after gpu
[01:33:01] w02: Training network (Final=0) on cpu for 50 epochs...

[01:33:31] w02: start objective; params=[{"desired_latent_size":12,"hl_s1":1325,"hl_s2":505,"hl_s3":426,"hl_s4":91,"drop_rate":0.47389986909577797,"batch_size":29,"learning_rate":0.0057518452292054552,"lr_drop_factor":0.30000040392560984,"lr_drop_period":6}]
[01:33:31] w02: Preparing datastores for training and validation...

[01:33:31] w02: Using single frequency datastore for frequency index 5

[01:33:46] w02: 1 am here before gpu
[01:33:46] w02: 2 am here after gpu
[01:33:46] w02: Training network (Final=0) on cpu for 50 epochs...

[01:34:10] w02: start objective; params=[{"desired_latent_size":11,"hl_s1":1280,"hl_s2":929,"hl_s3":227,"hl_s4":97,"drop_rate":0.49952901376718406,"batch_size":8,"learning_rate":0.0028207801869008032,"lr_drop_factor":0.49537634614914655,"lr_drop_period":18}]
[01:34:10] w02: Preparing datastores for training and validation...

[01:34:10] w02: Using single frequency datastore for frequency index 5

[01:34:24] w02: 1 am here before gpu
[01:34:24] w02: 2 am here after gpu
[01:34:24] w02: Training network (Final=0) on cpu for 50 epochs...

[01:35:33] w02: start objective; params=[{"desired_latent_size":14,"hl_s1":1488,"hl_s2":954,"hl_s3":264,"hl_s4":99,"drop_rate":0.4641900561570137,"batch_size":29,"learning_rate":0.0091551370769825009,"lr_drop_factor":0.11563373147241329,"lr_drop_period":11}]
[01:35:33] w02: Preparing datastores for training and validation...

[01:35:33] w02: Using single frequency datastore for frequency index 5

[01:35:47] w02: 1 am here before gpu
[01:35:47] w02: 2 am here after gpu
[01:35:47] w02: Training network (Final=0) on cpu for 50 epochs...

[01:36:11] w02: start objective; params=[{"desired_latent_size":13,"hl_s1":1011,"hl_s2":856,"hl_s3":253,"hl_s4":62,"drop_rate":0.49244235786336521,"batch_size":4,"learning_rate":0.0097875261607262027,"lr_drop_factor":0.43298037173721371,"lr_drop_period":9}]
[01:36:11] w02: Preparing datastores for training and validation...

[01:36:11] w02: Using single frequency datastore for frequency index 5

[01:36:26] w02: 1 am here before gpu
[01:36:26] w02: 2 am here after gpu
[01:36:26] w02: Training network (Final=0) on cpu for 50 epochs...

[01:36:42] w02: start objective; params=[{"desired_latent_size":14,"hl_s1":1427,"hl_s2":923,"hl_s3":465,"hl_s4":30,"drop_rate":0.12238828500058635,"batch_size":23,"learning_rate":0.0018269009233263113,"lr_drop_factor":0.10173322070980483,"lr_drop_period":20}]
[01:36:42] w02: Preparing datastores for training and validation...

[01:36:42] w02: Using single frequency datastore for frequency index 5

[01:36:57] w02: 1 am here before gpu
[01:36:57] w02: 2 am here after gpu
[01:36:57] w02: Training network (Final=0) on cpu for 50 epochs...

[01:37:26] w02: start objective; params=[{"desired_latent_size":11,"hl_s1":1606,"hl_s2":500,"hl_s3":126,"hl_s4":49,"drop_rate":0.10171416105564857,"batch_size":22,"learning_rate":0.0012697216524418559,"lr_drop_factor":0.49547144810328375,"lr_drop_period":13}]
[01:37:26] w02: Preparing datastores for training and validation...

[01:37:26] w02: Using single frequency datastore for frequency index 5

[01:37:42] w02: 1 am here before gpu
[01:37:42] w02: 2 am here after gpu
[01:37:42] w02: Training network (Final=0) on cpu for 50 epochs...

[01:38:12] w02: start objective; params=[{"desired_latent_size":14,"hl_s1":1501,"hl_s2":603,"hl_s3":104,"hl_s4":30,"drop_rate":0.060970786001154853,"batch_size":9,"learning_rate":0.0073919636018059268,"lr_drop_factor":0.10799118438866695,"lr_drop_period":10}]
[01:38:12] w02: Preparing datastores for training and validation...

[01:38:12] w02: Using single frequency datastore for frequency index 5

[01:38:27] w02: 1 am here before gpu
[01:38:27] w02: 2 am here after gpu
[01:38:27] w02: Training network (Final=0) on cpu for 50 epochs...

[01:39:09] w02: start objective; params=[{"desired_latent_size":15,"hl_s1":1852,"hl_s2":801,"hl_s3":387,"hl_s4":43,"drop_rate":0.49280275900895171,"batch_size":4,"learning_rate":0.0012640976554774445,"lr_drop_factor":0.42313909173438613,"lr_drop_period":14}]
[01:39:09] w02: Preparing datastores for training and validation...

[01:39:09] w02: Using single frequency datastore for frequency index 5

[01:39:23] w02: 1 am here before gpu
[01:39:23] w02: 2 am here after gpu
[01:39:24] w02: Training network (Final=0) on cpu for 50 epochs...

[01:39:46] w02: start objective; params=[{"desired_latent_size":10,"hl_s1":1102,"hl_s2":681,"hl_s3":246,"hl_s4":34,"drop_rate":0.38912980574736361,"batch_size":32,"learning_rate":0.0011477932588621717,"lr_drop_factor":0.49502965814664623,"lr_drop_period":12}]
[01:39:46] w02: Preparing datastores for training and validation...

[01:39:46] w02: Using single frequency datastore for frequency index 5

[01:40:01] w02: 1 am here before gpu
[01:40:01] w02: 2 am here after gpu
[01:40:01] w02: Training network (Final=0) on cpu for 50 epochs...

[01:40:20] w02: start objective; params=[{"desired_latent_size":10,"hl_s1":1904,"hl_s2":588,"hl_s3":198,"hl_s4":32,"drop_rate":0.092575541236401,"batch_size":32,"learning_rate":0.0012805752261426668,"lr_drop_factor":0.4111067665942707,"lr_drop_period":8}]
[01:40:20] w02: Preparing datastores for training and validation...

[01:40:20] w02: Using single frequency datastore for frequency index 5

[01:40:35] w02: 1 am here before gpu
[01:40:35] w02: 2 am here after gpu
[01:40:36] w02: Training network (Final=0) on cpu for 50 epochs...

[01:40:53] w02: start objective; params=[{"desired_latent_size":10,"hl_s1":1884,"hl_s2":609,"hl_s3":398,"hl_s4":51,"drop_rate":0.27334258868862493,"batch_size":30,"learning_rate":0.0010830511391943555,"lr_drop_factor":0.48730123551362958,"lr_drop_period":18}]
[01:40:53] w02: Preparing datastores for training and validation...

[01:40:53] w02: Using single frequency datastore for frequency index 5

[01:41:08] w02: 1 am here before gpu
[01:41:08] w02: 2 am here after gpu
[01:41:08] w02: Training network (Final=0) on cpu for 50 epochs...

[01:41:32] w02: start objective; params=[{"desired_latent_size":10,"hl_s1":1222,"hl_s2":969,"hl_s3":288,"hl_s4":41,"drop_rate":0.43096089690225947,"batch_size":32,"learning_rate":0.0010642199050224226,"lr_drop_factor":0.48156070825385455,"lr_drop_period":16}]
[01:41:32] w02: Preparing datastores for training and validation...

[01:41:32] w02: Using single frequency datastore for frequency index 5

[01:41:47] w02: 1 am here before gpu
[01:41:47] w02: 2 am here after gpu
[01:41:47] w02: Training network (Final=0) on cpu for 50 epochs...

[01:42:05] w02: start objective; params=[{"desired_latent_size":10,"hl_s1":1248,"hl_s2":840,"hl_s3":380,"hl_s4":45,"drop_rate":0.23640248262996139,"batch_size":30,"learning_rate":0.0011649516517431649,"lr_drop_factor":0.43183978968160214,"lr_drop_period":11}]
[01:42:05] w02: Preparing datastores for training and validation...

[01:42:05] w02: Using single frequency datastore for frequency index 5

[01:42:19] w02: 1 am here before gpu
[01:42:19] w02: 2 am here after gpu
[01:42:19] w02: Training network (Final=0) on cpu for 50 epochs...

[01:42:47] w02: start objective; params=[{"desired_latent_size":10,"hl_s1":1855,"hl_s2":955,"hl_s3":116,"hl_s4":31,"drop_rate":0.33769503359271458,"batch_size":7,"learning_rate":0.0097259114216820576,"lr_drop_factor":0.19674194727383409,"lr_drop_period":7}]
[01:42:47] w02: Preparing datastores for training and validation...

[01:42:47] w02: Using single frequency datastore for frequency index 5

[01:43:01] w02: 1 am here before gpu
[01:43:01] w02: 2 am here after gpu
[01:43:01] w02: Training network (Final=0) on cpu for 50 epochs...

[01:43:17] w02: start objective; params=[{"desired_latent_size":15,"hl_s1":1285,"hl_s2":511,"hl_s3":258,"hl_s4":76,"drop_rate":0.44440095657259854,"batch_size":31,"learning_rate":0.0013836726351475733,"lr_drop_factor":0.4095775647959139,"lr_drop_period":10}]
[01:43:17] w02: Preparing datastores for training and validation...

[01:43:17] w02: Using single frequency datastore for frequency index 5

[01:43:32] w02: 1 am here before gpu
[01:43:32] w02: 2 am here after gpu
[01:43:32] w02: Training network (Final=0) on cpu for 50 epochs...

[01:43:57] w02: start objective; params=[{"desired_latent_size":10,"hl_s1":1093,"hl_s2":911,"hl_s3":216,"hl_s4":36,"drop_rate":0.099697576426752449,"batch_size":13,"learning_rate":0.0010089192810999598,"lr_drop_factor":0.49171048154393315,"lr_drop_period":10}]
[01:43:57] w02: Preparing datastores for training and validation...

[01:43:57] w02: Using single frequency datastore for frequency index 5

[01:44:12] w02: 1 am here before gpu
[01:44:12] w02: 2 am here after gpu
[01:44:12] w02: Training network (Final=0) on cpu for 50 epochs...

[01:45:02] w02: start objective; params=[{"desired_latent_size":10,"hl_s1":1757,"hl_s2":834,"hl_s3":155,"hl_s4":98,"drop_rate":0.29821236715119637,"batch_size":29,"learning_rate":0.0034829506482137694,"lr_drop_factor":0.13945314438704656,"lr_drop_period":16}]
[01:45:02] w02: Preparing datastores for training and validation...

[01:45:02] w02: Using single frequency datastore for frequency index 5

[01:45:17] w02: 1 am here before gpu
[01:45:17] w02: 2 am here after gpu
[01:45:17] w02: Training network (Final=0) on cpu for 50 epochs...

[01:45:44] w02: start objective; params=[{"desired_latent_size":10,"hl_s1":1667,"hl_s2":935,"hl_s3":386,"hl_s4":32,"drop_rate":0.4203906831741191,"batch_size":18,"learning_rate":0.0012687751588933388,"lr_drop_factor":0.43458152773371594,"lr_drop_period":14}]
[01:45:44] w02: Preparing datastores for training and validation...

[01:45:44] w02: Using single frequency datastore for frequency index 5

[01:45:58] w02: 1 am here before gpu
[01:45:58] w02: 2 am here after gpu
[01:45:58] w02: Training network (Final=0) on cpu for 50 epochs...

[01:46:36] w02: start objective; params=[{"desired_latent_size":10,"hl_s1":1718,"hl_s2":512,"hl_s3":475,"hl_s4":37,"drop_rate":0.43912217973317513,"batch_size":25,"learning_rate":0.0015043707974870106,"lr_drop_factor":0.491811231653149,"lr_drop_period":6}]
[01:46:36] w02: Preparing datastores for training and validation...

[01:46:36] w02: Using single frequency datastore for frequency index 5

[01:46:50] w02: 1 am here before gpu
[01:46:50] w02: 2 am here after gpu
[01:46:50] w02: Training network (Final=0) on cpu for 50 epochs...

[01:47:15] w02: start objective; params=[{"desired_latent_size":10,"hl_s1":1724,"hl_s2":936,"hl_s3":323,"hl_s4":33,"drop_rate":0.44468048278400385,"batch_size":4,"learning_rate":0.0026295202630794573,"lr_drop_factor":0.16650198807072175,"lr_drop_period":10}]
[01:47:15] w02: Preparing datastores for training and validation...

[01:47:15] w02: Using single frequency datastore for frequency index 5

[01:47:30] w02: 1 am here before gpu
[01:47:30] w02: 2 am here after gpu
[01:47:30] w02: Training network (Final=0) on cpu for 50 epochs...

[01:48:50] w02: start objective; params=[{"desired_latent_size":15,"hl_s1":1416,"hl_s2":595,"hl_s3":484,"hl_s4":59,"drop_rate":0.48113668659995878,"batch_size":32,"learning_rate":0.002776242761354711,"lr_drop_factor":0.11276224042334596,"lr_drop_period":11}]
[01:48:50] w02: Preparing datastores for training and validation...

[01:48:50] w02: Using single frequency datastore for frequency index 5

[01:49:04] w02: 1 am here before gpu
[01:49:04] w02: 2 am here after gpu
[01:49:05] w02: Training network (Final=0) on cpu for 50 epochs...

[01:49:26] w02: start objective; params=[{"desired_latent_size":14,"hl_s1":1847,"hl_s2":805,"hl_s3":262,"hl_s4":100,"drop_rate":0.31749974456284674,"batch_size":4,"learning_rate":0.0098275212175796128,"lr_drop_factor":0.12510269315037131,"lr_drop_period":18}]
[01:49:26] w02: Preparing datastores for training and validation...

[01:49:26] w02: Using single frequency datastore for frequency index 5

[01:49:41] w02: 1 am here before gpu
[01:49:41] w02: 2 am here after gpu
[01:49:41] w02: Training network (Final=0) on cpu for 50 epochs...

[01:49:58] w02: start objective; params=[{"desired_latent_size":10,"hl_s1":1427,"hl_s2":583,"hl_s3":159,"hl_s4":60,"drop_rate":0.4502200677688975,"batch_size":31,"learning_rate":0.00999635545207188,"lr_drop_factor":0.16117291233143158,"lr_drop_period":16}]
[01:49:58] w02: Preparing datastores for training and validation...

[01:49:58] w02: Using single frequency datastore for frequency index 5

[01:50:12] w02: 1 am here before gpu
[01:50:12] w02: 2 am here after gpu
[01:50:12] w02: Training network (Final=0) on cpu for 50 epochs...

[01:50:34] w02: start objective; params=[{"desired_latent_size":10,"hl_s1":1641,"hl_s2":544,"hl_s3":363,"hl_s4":48,"drop_rate":0.10617316051141842,"batch_size":4,"learning_rate":0.00501602014870473,"lr_drop_factor":0.3340087600609104,"lr_drop_period":11}]
[01:50:34] w02: Preparing datastores for training and validation...

[01:50:34] w02: Using single frequency datastore for frequency index 5

[01:50:48] w02: 1 am here before gpu
[01:50:48] w02: 2 am here after gpu
[01:50:49] w02: Training network (Final=0) on cpu for 50 epochs...

[01:51:18] w02: start objective; params=[{"desired_latent_size":10,"hl_s1":1849,"hl_s2":751,"hl_s3":418,"hl_s4":100,"drop_rate":0.17279840761409049,"batch_size":31,"learning_rate":0.0096941074426300129,"lr_drop_factor":0.4112545031148368,"lr_drop_period":15}]
[01:51:18] w02: Preparing datastores for training and validation...

[01:51:18] w02: Using single frequency datastore for frequency index 5

[01:51:32] w02: 1 am here before gpu
[01:51:32] w02: 2 am here after gpu
[01:51:32] w02: Training network (Final=0) on cpu for 50 epochs...

[01:51:57] w02: start objective; params=[{"desired_latent_size":15,"hl_s1":1107,"hl_s2":536,"hl_s3":188,"hl_s4":30,"drop_rate":9.27108540204676E-5,"batch_size":5,"learning_rate":0.0028473522335313089,"lr_drop_factor":0.14817170432802079,"lr_drop_period":17}]
[01:51:57] w02: Preparing datastores for training and validation...

[01:51:57] w02: Using single frequency datastore for frequency index 5

[01:52:11] w02: 1 am here before gpu
[01:52:11] w02: 2 am here after gpu
[01:52:11] w02: Training network (Final=0) on cpu for 50 epochs...

[01:52:46] w02: start objective; params=[{"desired_latent_size":10,"hl_s1":1054,"hl_s2":890,"hl_s3":128,"hl_s4":100,"drop_rate":0.16745931547626097,"batch_size":4,"learning_rate":0.0043022620181630044,"lr_drop_factor":0.22791949940717848,"lr_drop_period":7}]
[01:52:46] w02: Preparing datastores for training and validation...

[01:52:46] w02: Using single frequency datastore for frequency index 5

[01:53:01] w02: 1 am here before gpu
[01:53:01] w02: 2 am here after gpu
[01:53:01] w02: Training network (Final=0) on cpu for 50 epochs...

[01:53:30] w02: start objective; params=[{"desired_latent_size":10,"hl_s1":1610,"hl_s2":785,"hl_s3":353,"hl_s4":100,"drop_rate":0.44375185149868679,"batch_size":32,"learning_rate":0.0010312085659181102,"lr_drop_factor":0.35659968273688758,"lr_drop_period":14}]
[01:53:30] w02: Preparing datastores for training and validation...

[01:53:30] w02: Using single frequency datastore for frequency index 5

[01:53:45] w02: 1 am here before gpu
[01:53:45] w02: 2 am here after gpu
[01:53:45] w02: Training network (Final=0) on cpu for 50 epochs...

[01:54:08] w02: start objective; params=[{"desired_latent_size":10,"hl_s1":1787,"hl_s2":919,"hl_s3":172,"hl_s4":31,"drop_rate":0.23167558139352717,"batch_size":28,"learning_rate":0.0098213067780543381,"lr_drop_factor":0.11752340709820311,"lr_drop_period":14}]
[01:54:08] w02: Preparing datastores for training and validation...

[01:54:08] w02: Using single frequency datastore for frequency index 5

[01:54:22] w02: 1 am here before gpu
[01:54:22] w02: 2 am here after gpu
[01:54:22] w02: Training network (Final=0) on cpu for 50 epochs...

[01:54:49] w02: start objective; params=[{"desired_latent_size":15,"hl_s1":1020,"hl_s2":838,"hl_s3":183,"hl_s4":74,"drop_rate":0.17018194157437627,"batch_size":4,"learning_rate":0.0069223753268979659,"lr_drop_factor":0.13366196541403008,"lr_drop_period":18}]
[01:54:49] w02: Preparing datastores for training and validation...

[01:54:49] w02: Using single frequency datastore for frequency index 5

[01:55:04] w02: 1 am here before gpu
[01:55:04] w02: 2 am here after gpu
[01:55:04] w02: Training network (Final=0) on cpu for 50 epochs...

[01:55:21] w02: start objective; params=[{"desired_latent_size":15,"hl_s1":1118,"hl_s2":908,"hl_s3":439,"hl_s4":30,"drop_rate":0.45890299395406065,"batch_size":22,"learning_rate":0.0061676260856767095,"lr_drop_factor":0.10899140695939846,"lr_drop_period":20}]
[01:55:21] w02: Preparing datastores for training and validation...

[01:55:21] w02: Using single frequency datastore for frequency index 5

[01:55:36] w02: 1 am here before gpu
[01:55:36] w02: 2 am here after gpu
[01:55:36] w02: Training network (Final=0) on cpu for 50 epochs...

[01:56:06] w02: start objective; params=[{"desired_latent_size":11,"hl_s1":1720,"hl_s2":513,"hl_s3":255,"hl_s4":30,"drop_rate":0.45676905584957544,"batch_size":24,"learning_rate":0.0011349236392564559,"lr_drop_factor":0.47289474902735118,"lr_drop_period":19}]
[01:56:06] w02: Preparing datastores for training and validation...

[01:56:06] w02: Using single frequency datastore for frequency index 5

[01:56:21] w02: 1 am here before gpu
[01:56:21] w02: 2 am here after gpu
[01:56:21] w02: Training network (Final=0) on cpu for 50 epochs...

[01:56:53] w02: start objective; params=[{"desired_latent_size":11,"hl_s1":1375,"hl_s2":939,"hl_s3":191,"hl_s4":34,"drop_rate":0.49579063884319091,"batch_size":22,"learning_rate":0.0010505541336947033,"lr_drop_factor":0.490251154599324,"lr_drop_period":19}]
[01:56:53] w02: Preparing datastores for training and validation...

[01:56:53] w02: Using single frequency datastore for frequency index 5

[01:57:07] w02: 1 am here before gpu
[01:57:07] w02: 2 am here after gpu
[01:57:07] w02: Training network (Final=0) on cpu for 50 epochs...

[01:57:40] w02: start objective; params=[{"desired_latent_size":10,"hl_s1":1443,"hl_s2":788,"hl_s3":277,"hl_s4":37,"drop_rate":0.49207401979907905,"batch_size":21,"learning_rate":0.0010050629360286564,"lr_drop_factor":0.45690862600944471,"lr_drop_period":19}]
[01:57:40] w02: Preparing datastores for training and validation...

[01:57:40] w02: Using single frequency datastore for frequency index 5

[01:57:54] w02: 1 am here before gpu
[01:57:54] w02: 2 am here after gpu
[01:57:54] w02: Training network (Final=0) on cpu for 50 epochs...

[01:58:26] w02: start objective; params=[{"desired_latent_size":14,"hl_s1":1331,"hl_s2":810,"hl_s3":102,"hl_s4":37,"drop_rate":0.15722048355940321,"batch_size":30,"learning_rate":0.0073466825210928167,"lr_drop_factor":0.16975902478763294,"lr_drop_period":6}]
[01:58:26] w02: Preparing datastores for training and validation...

[01:58:26] w02: Using single frequency datastore for frequency index 5

[01:58:41] w02: 1 am here before gpu
[01:58:41] w02: 2 am here after gpu
[01:58:41] w02: Training network (Final=0) on cpu for 50 epochs...

[01:59:06] w02: start objective; params=[{"desired_latent_size":14,"hl_s1":1061,"hl_s2":698,"hl_s3":496,"hl_s4":31,"drop_rate":0.28576328682865548,"batch_size":5,"learning_rate":0.0030208709347857412,"lr_drop_factor":0.41050430813725758,"lr_drop_period":5}]
[01:59:06] w02: Preparing datastores for training and validation...

[01:59:06] w02: Using single frequency datastore for frequency index 5

[01:59:21] w02: 1 am here before gpu
[01:59:21] w02: 2 am here after gpu
[01:59:21] w02: Training network (Final=0) on cpu for 50 epochs...

[01:59:49] w02: start objective; params=[{"desired_latent_size":11,"hl_s1":1352,"hl_s2":746,"hl_s3":152,"hl_s4":30,"drop_rate":0.37439327206074369,"batch_size":23,"learning_rate":0.0013346573303428505,"lr_drop_factor":0.48725244887152519,"lr_drop_period":18}]
[01:59:49] w02: Preparing datastores for training and validation...

[01:59:49] w02: Using single frequency datastore for frequency index 5

[02:00:03] w02: 1 am here before gpu
[02:00:03] w02: 2 am here after gpu
[02:00:03] w02: Training network (Final=0) on cpu for 50 epochs...

[02:00:35] w02: start objective; params=[{"desired_latent_size":11,"hl_s1":1527,"hl_s2":756,"hl_s3":296,"hl_s4":41,"drop_rate":0.28026039628748373,"batch_size":24,"learning_rate":0.0010001854955027372,"lr_drop_factor":0.49556421120176919,"lr_drop_period":20}]
[02:00:35] w02: Preparing datastores for training and validation...

[02:00:35] w02: Using single frequency datastore for frequency index 5

[02:00:50] w02: 1 am here before gpu
[02:00:50] w02: 2 am here after gpu
[02:00:50] w02: Training network (Final=0) on cpu for 50 epochs...

[02:01:21] w02: start objective; params=[{"desired_latent_size":11,"hl_s1":1442,"hl_s2":664,"hl_s3":216,"hl_s4":46,"drop_rate":0.41852821684037594,"batch_size":26,"learning_rate":0.0011168876332008912,"lr_drop_factor":0.46338976739915172,"lr_drop_period":20}]
[02:01:21] w02: Preparing datastores for training and validation...

[02:01:21] w02: Using single frequency datastore for frequency index 5

[02:01:37] w02: 1 am here before gpu
[02:01:37] w02: 2 am here after gpu
[02:01:37] w02: Training network (Final=0) on cpu for 50 epochs...

[02:02:03] w02: start objective; params=[{"desired_latent_size":15,"hl_s1":1222,"hl_s2":733,"hl_s3":116,"hl_s4":34,"drop_rate":0.38603810434397545,"batch_size":19,"learning_rate":0.0032274482268480503,"lr_drop_factor":0.19682365696467929,"lr_drop_period":5}]
[02:02:03] w02: Preparing datastores for training and validation...

[02:02:03] w02: Using single frequency datastore for frequency index 5

[02:02:17] w02: 1 am here before gpu
[02:02:17] w02: 2 am here after gpu
[02:02:18] w02: Training network (Final=0) on cpu for 50 epochs...

[02:02:49] w02: start objective; params=[{"desired_latent_size":15,"hl_s1":1031,"hl_s2":692,"hl_s3":491,"hl_s4":30,"drop_rate":0.34881304688688364,"batch_size":20,"learning_rate":0.0092245257324630719,"lr_drop_factor":0.43950451018286263,"lr_drop_period":5}]
[02:02:49] w02: Preparing datastores for training and validation...

[02:02:49] w02: Using single frequency datastore for frequency index 5

[02:03:03] w02: 1 am here before gpu
[02:03:03] w02: 2 am here after gpu
[02:03:04] w02: Training network (Final=0) on cpu for 50 epochs...

[02:03:22] w02: start objective; params=[{"desired_latent_size":11,"hl_s1":1774,"hl_s2":536,"hl_s3":481,"hl_s4":47,"drop_rate":0.24945968431156629,"batch_size":15,"learning_rate":0.0020866251890632854,"lr_drop_factor":0.47466890730840872,"lr_drop_period":6}]
[02:03:22] w02: Preparing datastores for training and validation...

[02:03:22] w02: Using single frequency datastore for frequency index 5

[02:03:36] w02: 1 am here before gpu
[02:03:36] w02: 2 am here after gpu
[02:03:36] w02: Training network (Final=0) on cpu for 50 epochs...

[02:04:16] w02: start objective; params=[{"desired_latent_size":11,"hl_s1":1517,"hl_s2":623,"hl_s3":104,"hl_s4":33,"drop_rate":0.39263804293495186,"batch_size":4,"learning_rate":0.0060567475727570132,"lr_drop_factor":0.2996154410630123,"lr_drop_period":20}]
[02:04:17] w02: Preparing datastores for training and validation...

[02:04:17] w02: Using single frequency datastore for frequency index 5

[02:04:31] w02: 1 am here before gpu
[02:04:31] w02: 2 am here after gpu
[02:04:31] w02: Training network (Final=0) on cpu for 50 epochs...

[02:04:48] w02: start objective; params=[{"desired_latent_size":10,"hl_s1":1564,"hl_s2":538,"hl_s3":120,"hl_s4":47,"drop_rate":0.21096665440561008,"batch_size":16,"learning_rate":0.0010551046114827276,"lr_drop_factor":0.49591070670831117,"lr_drop_period":19}]
[02:04:48] w02: Preparing datastores for training and validation...

[02:04:48] w02: Using single frequency datastore for frequency index 5

[02:05:03] w02: 1 am here before gpu
[02:05:03] w02: 2 am here after gpu
[02:05:03] w02: Training network (Final=0) on cpu for 50 epochs...

[02:05:50] w02: start objective; params=[{"desired_latent_size":11,"hl_s1":1681,"hl_s2":592,"hl_s3":339,"hl_s4":31,"drop_rate":0.28709565778152413,"batch_size":23,"learning_rate":0.0011251795979012522,"lr_drop_factor":0.46179518203478831,"lr_drop_period":18}]
[02:05:50] w02: Preparing datastores for training and validation...

[02:05:50] w02: Using single frequency datastore for frequency index 5

[02:06:05] w02: 1 am here before gpu
[02:06:05] w02: 2 am here after gpu
[02:06:05] w02: Training network (Final=0) on cpu for 50 epochs...

[02:06:35] w02: start objective; params=[{"desired_latent_size":10,"hl_s1":1665,"hl_s2":707,"hl_s3":240,"hl_s4":33,"drop_rate":0.072885713725355267,"batch_size":21,"learning_rate":0.0010630384138688752,"lr_drop_factor":0.48197195520165437,"lr_drop_period":15}]
[02:06:35] w02: Preparing datastores for training and validation...

[02:06:35] w02: Using single frequency datastore for frequency index 5

[02:06:50] w02: 1 am here before gpu
[02:06:50] w02: 2 am here after gpu
[02:06:50] w02: Training network (Final=0) on cpu for 50 epochs...

[02:07:21] w02: start objective; params=[{"desired_latent_size":15,"hl_s1":1385,"hl_s2":930,"hl_s3":395,"hl_s4":40,"drop_rate":0.10409027726645409,"batch_size":4,"learning_rate":0.0098825182920150821,"lr_drop_factor":0.36479854584023297,"lr_drop_period":20}]
[02:07:21] w02: Preparing datastores for training and validation...

[02:07:21] w02: Using single frequency datastore for frequency index 5

[02:07:36] w02: 1 am here before gpu
[02:07:36] w02: 2 am here after gpu
[02:07:36] w02: Training network (Final=0) on cpu for 50 epochs...

[02:08:29] w02: start objective; params=[{"desired_latent_size":10,"hl_s1":1573,"hl_s2":921,"hl_s3":271,"hl_s4":36,"drop_rate":0.0049046261651553343,"batch_size":24,"learning_rate":0.0012071849770830113,"lr_drop_factor":0.49117543467313252,"lr_drop_period":18}]
[02:08:29] w02: Preparing datastores for training and validation...

[02:08:29] w02: Using single frequency datastore for frequency index 5

[02:08:44] w02: 1 am here before gpu
[02:08:44] w02: 2 am here after gpu
[02:08:45] w02: Training network (Final=0) on cpu for 50 epochs...

[02:09:19] w02: start objective; params=[{"desired_latent_size":11,"hl_s1":1277,"hl_s2":615,"hl_s3":202,"hl_s4":62,"drop_rate":0.47537154393647524,"batch_size":17,"learning_rate":0.0010358046815566535,"lr_drop_factor":0.48579268641509032,"lr_drop_period":19}]
[02:09:19] w02: Preparing datastores for training and validation...

[02:09:19] w02: Using single frequency datastore for frequency index 5

[02:09:33] w02: 1 am here before gpu
[02:09:33] w02: 2 am here after gpu
[02:09:33] w02: Training network (Final=0) on cpu for 50 epochs...

[02:10:11] w02: start objective; params=[{"desired_latent_size":11,"hl_s1":1997,"hl_s2":831,"hl_s3":200,"hl_s4":85,"drop_rate":0.38139017107985784,"batch_size":8,"learning_rate":0.0010619411303704317,"lr_drop_factor":0.46743973253768517,"lr_drop_period":15}]
[02:10:11] w02: Preparing datastores for training and validation...

[02:10:11] w02: Using single frequency datastore for frequency index 5

[02:10:26] w02: 1 am here before gpu
[02:10:26] w02: 2 am here after gpu
[02:10:26] w02: Training network (Final=0) on cpu for 50 epochs...

[02:11:39] w02: start objective; params=[{"desired_latent_size":10,"hl_s1":1539,"hl_s2":624,"hl_s3":123,"hl_s4":76,"drop_rate":0.29010480216266865,"batch_size":11,"learning_rate":0.0010123699345033928,"lr_drop_factor":0.47852157933374462,"lr_drop_period":15}]
[02:11:39] w02: Preparing datastores for training and validation...

[02:11:39] w02: Using single frequency datastore for frequency index 5

[02:11:54] w02: 1 am here before gpu
[02:11:54] w02: 2 am here after gpu
[02:11:54] w02: Training network (Final=0) on cpu for 50 epochs...

[02:12:52] w02: start objective; params=[{"desired_latent_size":11,"hl_s1":1122,"hl_s2":887,"hl_s3":268,"hl_s4":40,"drop_rate":0.18995256691533902,"batch_size":19,"learning_rate":0.001003359063963186,"lr_drop_factor":0.47467781255525987,"lr_drop_period":20}]
[02:12:52] w02: Preparing datastores for training and validation...

[02:12:52] w02: Using single frequency datastore for frequency index 5

[02:13:07] w02: 1 am here before gpu
[02:13:07] w02: 2 am here after gpu
[02:13:07] w02: Training network (Final=0) on cpu for 50 epochs...

[02:13:48] w02: start objective; params=[{"desired_latent_size":11,"hl_s1":1573,"hl_s2":594,"hl_s3":338,"hl_s4":69,"drop_rate":0.33871051408619346,"batch_size":23,"learning_rate":0.0010910843252533782,"lr_drop_factor":0.48561182732618435,"lr_drop_period":20}]
[02:13:48] w02: Preparing datastores for training and validation...

[02:13:48] w02: Using single frequency datastore for frequency index 5

[02:14:02] w02: 1 am here before gpu
[02:14:02] w02: 2 am here after gpu
[02:14:03] w02: Training network (Final=0) on cpu for 50 epochs...

[02:14:35] w02: start objective; params=[{"desired_latent_size":12,"hl_s1":1797,"hl_s2":861,"hl_s3":298,"hl_s4":37,"drop_rate":0.46430882579808497,"batch_size":23,"learning_rate":0.0010548740217584092,"lr_drop_factor":0.47352246567255163,"lr_drop_period":19}]
[02:14:35] w02: Preparing datastores for training and validation...

[02:14:35] w02: Using single frequency datastore for frequency index 5

[02:14:50] w02: 1 am here before gpu
[02:14:50] w02: 2 am here after gpu
[02:14:50] w02: Training network (Final=0) on cpu for 50 epochs...

[02:15:25] w02: start objective; params=[{"desired_latent_size":11,"hl_s1":1927,"hl_s2":831,"hl_s3":178,"hl_s4":37,"drop_rate":0.44337110475233776,"batch_size":20,"learning_rate":0.0011350446535753711,"lr_drop_factor":0.47105380343716763,"lr_drop_period":18}]
[02:15:25] w02: Preparing datastores for training and validation...

[02:15:25] w02: Using single frequency datastore for frequency index 5

[02:15:39] w02: 1 am here before gpu
[02:15:39] w02: 2 am here after gpu
[02:15:39] w02: Training network (Final=0) on cpu for 50 epochs...

[02:16:12] w02: start objective; params=[{"desired_latent_size":12,"hl_s1":1566,"hl_s2":540,"hl_s3":331,"hl_s4":51,"drop_rate":0.3273089076903577,"batch_size":26,"learning_rate":0.0010533302380836625,"lr_drop_factor":0.48646680663365283,"lr_drop_period":19}]
[02:16:12] w02: Preparing datastores for training and validation...

[02:16:12] w02: Using single frequency datastore for frequency index 5

[02:16:27] w02: 1 am here before gpu
[02:16:27] w02: 2 am here after gpu
[02:16:27] w02: Training network (Final=0) on cpu for 50 epochs...

[02:16:55] w02: start objective; params=[{"desired_latent_size":10,"hl_s1":1815,"hl_s2":751,"hl_s3":231,"hl_s4":47,"drop_rate":0.31817937085292858,"batch_size":13,"learning_rate":0.0010773833973190855,"lr_drop_factor":0.47556867613825876,"lr_drop_period":16}]
[02:16:55] w02: Preparing datastores for training and validation...

[02:16:55] w02: Using single frequency datastore for frequency index 5

[02:17:09] w02: 1 am here before gpu
[02:17:09] w02: 2 am here after gpu
[02:17:10] w02: Training network (Final=0) on cpu for 50 epochs...

[02:17:42] w02: start objective; params=[{"desired_latent_size":15,"hl_s1":1940,"hl_s2":576,"hl_s3":135,"hl_s4":59,"drop_rate":0.44548925217793689,"batch_size":25,"learning_rate":0.0017272596539624427,"lr_drop_factor":0.12197777631946749,"lr_drop_period":18}]
[02:17:42] w02: Preparing datastores for training and validation...

[02:17:42] w02: Using single frequency datastore for frequency index 5

[02:17:56] w02: 1 am here before gpu
[02:17:56] w02: 2 am here after gpu
[02:17:56] w02: Training network (Final=0) on cpu for 50 epochs...

[02:18:23] w02: start objective; params=[{"desired_latent_size":11,"hl_s1":1104,"hl_s2":965,"hl_s3":307,"hl_s4":40,"drop_rate":0.21989672438296137,"batch_size":27,"learning_rate":0.0010922828677634782,"lr_drop_factor":0.4938574230561017,"lr_drop_period":20}]
[02:18:23] w02: Preparing datastores for training and validation...

[02:18:23] w02: Using single frequency datastore for frequency index 5

[02:18:37] w02: 1 am here before gpu
[02:18:37] w02: 2 am here after gpu
[02:18:38] w02: Training network (Final=0) on cpu for 50 epochs...

[02:19:06] w02: start objective; params=[{"desired_latent_size":10,"hl_s1":1533,"hl_s2":779,"hl_s3":218,"hl_s4":56,"drop_rate":0.04912661821475639,"batch_size":20,"learning_rate":0.0010635169828579708,"lr_drop_factor":0.44650256395057791,"lr_drop_period":19}]
[02:19:06] w02: Preparing datastores for training and validation...

[02:19:06] w02: Using single frequency datastore for frequency index 5

[02:19:20] w02: 1 am here before gpu
[02:19:20] w02: 2 am here after gpu
[02:19:21] w02: Training network (Final=0) on cpu for 50 epochs...

[02:19:53] w02: start objective; params=[{"desired_latent_size":11,"hl_s1":1924,"hl_s2":591,"hl_s3":406,"hl_s4":32,"drop_rate":0.043475846953760944,"batch_size":20,"learning_rate":0.0010088542785601769,"lr_drop_factor":0.49966598777386084,"lr_drop_period":14}]
[02:19:53] w02: Preparing datastores for training and validation...

[02:19:53] w02: Using single frequency datastore for frequency index 5

[02:20:08] w02: 1 am here before gpu
[02:20:08] w02: 2 am here after gpu
[02:20:08] w02: Training network (Final=0) on cpu for 50 epochs...

[02:20:40] w02: start objective; params=[{"desired_latent_size":10,"hl_s1":1854,"hl_s2":653,"hl_s3":269,"hl_s4":31,"drop_rate":0.42883917645814412,"batch_size":17,"learning_rate":0.0010491722274282439,"lr_drop_factor":0.49209465290078769,"lr_drop_period":14}]
[02:20:40] w02: Preparing datastores for training and validation...

[02:20:40] w02: Using single frequency datastore for frequency index 5

[02:20:55] w02: 1 am here before gpu
[02:20:55] w02: 2 am here after gpu
[02:20:56] w02: Training network (Final=0) on cpu for 50 epochs...

[02:21:34] w02: start objective; params=[{"desired_latent_size":12,"hl_s1":1270,"hl_s2":866,"hl_s3":329,"hl_s4":35,"drop_rate":0.42946666002302103,"batch_size":25,"learning_rate":0.0011214422935974773,"lr_drop_factor":0.48509007232972667,"lr_drop_period":14}]
[02:21:34] w02: Preparing datastores for training and validation...

[02:21:34] w02: Using single frequency datastore for frequency index 5

[02:21:49] w02: 1 am here before gpu
[02:21:49] w02: 2 am here after gpu
[02:21:50] w02: Training network (Final=0) on cpu for 50 epochs...

[02:22:20] w02: start objective; params=[{"desired_latent_size":10,"hl_s1":1224,"hl_s2":511,"hl_s3":269,"hl_s4":37,"drop_rate":0.36225911378004916,"batch_size":26,"learning_rate":0.0010266594317398904,"lr_drop_factor":0.47062926294953061,"lr_drop_period":17}]
[02:22:20] w02: Preparing datastores for training and validation...

[02:22:20] w02: Using single frequency datastore for frequency index 5

[02:22:35] w02: 1 am here before gpu
[02:22:35] w02: 2 am here after gpu
[02:22:35] w02: Training network (Final=0) on cpu for 50 epochs...

[02:23:02] w02: start objective; params=[{"desired_latent_size":12,"hl_s1":1131,"hl_s2":999,"hl_s3":197,"hl_s4":62,"drop_rate":0.073803934137472382,"batch_size":18,"learning_rate":0.0011198912527038115,"lr_drop_factor":0.48428052168178021,"lr_drop_period":17}]
[02:23:02] w02: Preparing datastores for training and validation...

[02:23:02] w02: Using single frequency datastore for frequency index 5

[02:23:17] w02: 1 am here before gpu
[02:23:17] w02: 2 am here after gpu
[02:23:17] w02: Training network (Final=0) on cpu for 50 epochs...

[02:23:56] w02: start objective; params=[{"desired_latent_size":11,"hl_s1":1323,"hl_s2":965,"hl_s3":228,"hl_s4":72,"drop_rate":0.15129771249412916,"batch_size":11,"learning_rate":0.0010397576835940267,"lr_drop_factor":0.49372301686603204,"lr_drop_period":17}]
[02:23:56] w02: Preparing datastores for training and validation...

[02:23:56] w02: Using single frequency datastore for frequency index 5

[02:24:11] w02: 1 am here before gpu
[02:24:11] w02: 2 am here after gpu
[02:24:11] w02: Training network (Final=0) on cpu for 50 epochs...

[02:24:34] w02: start objective; params=[{"desired_latent_size":11,"hl_s1":1179,"hl_s2":760,"hl_s3":331,"hl_s4":37,"drop_rate":0.46621774003504407,"batch_size":19,"learning_rate":0.0013255628539405181,"lr_drop_factor":0.48039520431395111,"lr_drop_period":19}]
[02:24:34] w02: Preparing datastores for training and validation...

[02:24:34] w02: Using single frequency datastore for frequency index 5

[02:24:49] w02: 1 am here before gpu
[02:24:49] w02: 2 am here after gpu
[02:24:49] w02: Training network (Final=0) on cpu for 50 epochs...

[02:25:27] w02: start objective; params=[{"desired_latent_size":15,"hl_s1":1429,"hl_s2":822,"hl_s3":124,"hl_s4":48,"drop_rate":0.37493807570782134,"batch_size":17,"learning_rate":0.0010161555939670606,"lr_drop_factor":0.47896778307295651,"lr_drop_period":14}]
[02:25:27] w02: Preparing datastores for training and validation...

[02:25:27] w02: Using single frequency datastore for frequency index 5

[02:25:42] w02: 1 am here before gpu
[02:25:42] w02: 2 am here after gpu
[02:25:42] w02: Training network (Final=0) on cpu for 50 epochs...

[02:26:21] w02: start objective; params=[{"desired_latent_size":10,"hl_s1":1869,"hl_s2":568,"hl_s3":112,"hl_s4":72,"drop_rate":0.12509935064741712,"batch_size":16,"learning_rate":0.0010159258225823024,"lr_drop_factor":0.43062532744007648,"lr_drop_period":15}]
[02:26:21] w02: Preparing datastores for training and validation...

[02:26:21] w02: Using single frequency datastore for frequency index 5

[02:26:35] w02: 1 am here before gpu
[02:26:35] w02: 2 am here after gpu
[02:26:36] w02: Training network (Final=0) on cpu for 50 epochs...

[02:27:18] w02: start objective; params=[{"desired_latent_size":15,"hl_s1":1183,"hl_s2":731,"hl_s3":498,"hl_s4":46,"drop_rate":0.2983753856024951,"batch_size":20,"learning_rate":0.0010079846721862686,"lr_drop_factor":0.44517919483865154,"lr_drop_period":19}]
[02:27:18] w02: Preparing datastores for training and validation...

[02:27:18] w02: Using single frequency datastore for frequency index 5

[02:27:32] w02: 1 am here before gpu
[02:27:32] w02: 2 am here after gpu
[02:27:33] w02: Training network (Final=0) on cpu for 50 epochs...

[02:28:06] w02: start objective; params=[{"desired_latent_size":15,"hl_s1":1103,"hl_s2":666,"hl_s3":388,"hl_s4":43,"drop_rate":0.35813643746788482,"batch_size":17,"learning_rate":0.001134159406667703,"lr_drop_factor":0.47532054365950871,"lr_drop_period":11}]
[02:28:06] w02: Preparing datastores for training and validation...

[02:28:06] w02: Using single frequency datastore for frequency index 5

[02:28:21] w02: 1 am here before gpu
[02:28:21] w02: 2 am here after gpu
[02:28:21] w02: Training network (Final=0) on cpu for 50 epochs...

[02:29:00] w02: start objective; params=[{"desired_latent_size":11,"hl_s1":1916,"hl_s2":663,"hl_s3":437,"hl_s4":97,"drop_rate":0.080009209316024621,"batch_size":23,"learning_rate":0.00979632205951432,"lr_drop_factor":0.48759582277564995,"lr_drop_period":19}]
[02:29:00] w02: Preparing datastores for training and validation...

[02:29:00] w02: Using single frequency datastore for frequency index 5

[02:29:15] w02: 1 am here before gpu
[02:29:15] w02: 2 am here after gpu
[02:29:15] w02: Training network (Final=0) on cpu for 50 epochs...

[02:29:54] w02: start objective; params=[{"desired_latent_size":14,"hl_s1":1648,"hl_s2":838,"hl_s3":275,"hl_s4":97,"drop_rate":0.25136614664045381,"batch_size":23,"learning_rate":0.0050358150644534607,"lr_drop_factor":0.10064201500931441,"lr_drop_period":6}]
[02:29:54] w02: Preparing datastores for training and validation...

[02:29:54] w02: Using single frequency datastore for frequency index 5

[02:30:09] w02: 1 am here before gpu
[02:30:09] w02: 2 am here after gpu
[02:30:09] w02: Training network (Final=0) on cpu for 50 epochs...

[02:30:46] w02: start objective; params=[{"desired_latent_size":10,"hl_s1":1155,"hl_s2":697,"hl_s3":174,"hl_s4":36,"drop_rate":0.15281309387189024,"batch_size":31,"learning_rate":0.0010004095066305538,"lr_drop_factor":0.1121509974909384,"lr_drop_period":6}]
[02:30:46] w02: Preparing datastores for training and validation...

[02:30:46] w02: Using single frequency datastore for frequency index 5

[02:31:00] w02: 1 am here before gpu
[02:31:00] w02: 2 am here after gpu
[02:31:00] w02: Training network (Final=0) on cpu for 50 epochs...

[02:31:28] w02: start objective; params=[{"desired_latent_size":15,"hl_s1":1367,"hl_s2":701,"hl_s3":154,"hl_s4":97,"drop_rate":0.49188855262689934,"batch_size":27,"learning_rate":0.0033163865908809476,"lr_drop_factor":0.3130636808817987,"lr_drop_period":6}]
[02:31:28] w02: Preparing datastores for training and validation...

[02:31:28] w02: Using single frequency datastore for frequency index 5

[02:31:43] w02: 1 am here before gpu
[02:31:43] w02: 2 am here after gpu
[02:31:43] w02: Training network (Final=0) on cpu for 50 epochs...

[02:32:16] w02: start objective; params=[{"desired_latent_size":12,"hl_s1":1233,"hl_s2":881,"hl_s3":249,"hl_s4":55,"drop_rate":0.45707987729893562,"batch_size":29,"learning_rate":0.0010323462846815808,"lr_drop_factor":0.11657656108039188,"lr_drop_period":20}]
[02:32:16] w02: Preparing datastores for training and validation...

[02:32:16] w02: Using single frequency datastore for frequency index 5

[02:32:30] w02: 1 am here before gpu
[02:32:30] w02: 2 am here after gpu
[02:32:30] w02: Training network (Final=0) on cpu for 50 epochs...

[02:33:00] w02: start objective; params=[{"desired_latent_size":11,"hl_s1":1970,"hl_s2":592,"hl_s3":290,"hl_s4":32,"drop_rate":0.116633762343163,"batch_size":32,"learning_rate":0.0030923937946186197,"lr_drop_factor":0.46985678219404647,"lr_drop_period":5}]
[02:33:00] w02: Preparing datastores for training and validation...

[02:33:00] w02: Using single frequency datastore for frequency index 5

[02:33:14] w02: 1 am here before gpu
[02:33:14] w02: 2 am here after gpu
[02:33:14] w02: Training network (Final=0) on cpu for 50 epochs...

[02:33:37] w02: start objective; params=[{"desired_latent_size":14,"hl_s1":1798,"hl_s2":523,"hl_s3":473,"hl_s4":99,"drop_rate":0.37498670410343504,"batch_size":25,"learning_rate":0.0052526558126505529,"lr_drop_factor":0.49574957135787789,"lr_drop_period":20}]
[02:33:38] w02: Preparing datastores for training and validation...

[02:33:38] w02: Using single frequency datastore for frequency index 5

[02:33:53] w02: 1 am here before gpu
[02:33:53] w02: 2 am here after gpu
[02:33:53] w02: Training network (Final=0) on cpu for 50 epochs...

[02:34:22] w02: start objective; params=[{"desired_latent_size":11,"hl_s1":1088,"hl_s2":890,"hl_s3":469,"hl_s4":30,"drop_rate":0.037237208914893072,"batch_size":12,"learning_rate":0.0019578805830717909,"lr_drop_factor":0.10322598108806699,"lr_drop_period":6}]
[02:34:22] w02: Preparing datastores for training and validation...

[02:34:22] w02: Using single frequency datastore for frequency index 5

[02:34:37] w02: 1 am here before gpu
[02:34:37] w02: 2 am here after gpu
[02:34:37] w02: Training network (Final=0) on cpu for 50 epochs...

[02:35:19] w02: start objective; params=[{"desired_latent_size":10,"hl_s1":1638,"hl_s2":904,"hl_s3":121,"hl_s4":32,"drop_rate":0.031143821552494087,"batch_size":13,"learning_rate":0.0038880309360847238,"lr_drop_factor":0.47058003984166885,"lr_drop_period":18}]
[02:35:19] w02: Preparing datastores for training and validation...

[02:35:19] w02: Using single frequency datastore for frequency index 5

[02:35:34] w02: 1 am here before gpu
[02:35:34] w02: 2 am here after gpu
[02:35:34] w02: Training network (Final=0) on cpu for 50 epochs...

[02:36:00] w02: start objective; params=[{"desired_latent_size":15,"hl_s1":1804,"hl_s2":984,"hl_s3":158,"hl_s4":36,"drop_rate":0.18622852717841137,"batch_size":19,"learning_rate":0.0090296800914855552,"lr_drop_factor":0.48489660768326281,"lr_drop_period":15}]
[02:36:00] w02: Preparing datastores for training and validation...

[02:36:00] w02: Using single frequency datastore for frequency index 5

[02:36:15] w02: 1 am here before gpu
[02:36:15] w02: 2 am here after gpu
[02:36:15] w02: Training network (Final=0) on cpu for 50 epochs...

[02:36:55] w02: start objective; params=[{"desired_latent_size":14,"hl_s1":1435,"hl_s2":1000,"hl_s3":122,"hl_s4":33,"drop_rate":0.092736850006140292,"batch_size":19,"learning_rate":0.001009037398795002,"lr_drop_factor":0.48990574775667978,"lr_drop_period":10}]
[02:36:55] w02: Preparing datastores for training and validation...

[02:36:55] w02: Using single frequency datastore for frequency index 5

[02:37:09] w02: 1 am here before gpu
[02:37:09] w02: 2 am here after gpu
[02:37:10] w02: Training network (Final=0) on cpu for 50 epochs...

[02:37:52] w02: start objective; params=[{"desired_latent_size":15,"hl_s1":1639,"hl_s2":999,"hl_s3":495,"hl_s4":98,"drop_rate":0.0350144382231517,"batch_size":22,"learning_rate":0.0094387459209191987,"lr_drop_factor":0.13215816355218157,"lr_drop_period":11}]
[02:37:52] w02: Preparing datastores for training and validation...

[02:37:52] w02: Using single frequency datastore for frequency index 5

[02:38:07] w02: 1 am here before gpu
[02:38:07] w02: 2 am here after gpu
[02:38:07] w02: Training network (Final=0) on cpu for 50 epochs...

[15:14:25] w02: start objective; params=[{"desired_latent_size":13,"hl_s1":1693,"hl_s2":525,"hl_s3":166,"hl_s4":88,"drop_rate":0.25716406474425041,"batch_size":9,"learning_rate":0.0022196490192915507,"lr_drop_factor":0.29653047954902167,"lr_drop_period":15}]
[15:14:25] w02: Preparing datastores for training and validation...

[15:14:25] w02: Using single frequency datastore for frequency index 5

[15:14:43] w02: 1 am here before gpu
[15:14:43] w02: 2 am here after gpu
[15:14:51] w02: Training network (Final=0) on cpu for 50 epochs...

[15:18:04] w02: start objective; params=[{"desired_latent_size":11,"hl_s1":1303,"hl_s2":561,"hl_s3":460,"hl_s4":75,"drop_rate":0.19743814268350052,"batch_size":11,"learning_rate":0.0086409620115197837,"lr_drop_factor":0.34163854061953669,"lr_drop_period":6}]
[15:18:04] w02: Preparing datastores for training and validation...

[15:18:04] w02: Using single frequency datastore for frequency index 5

[15:18:29] w02: 1 am here before gpu
[15:18:29] w02: 2 am here after gpu
[15:18:31] w02: Training network (Final=0) on cpu for 50 epochs...

[15:20:43] w02: start objective; params=[{"desired_latent_size":14,"hl_s1":1011,"hl_s2":541,"hl_s3":406,"hl_s4":76,"drop_rate":0.32470009645037662,"batch_size":13,"learning_rate":0.0027384122683356722,"lr_drop_factor":0.4543616892342619,"lr_drop_period":17}]
[15:20:43] w02: Preparing datastores for training and validation...

[15:20:43] w02: Using single frequency datastore for frequency index 5

[15:21:08] w02: 1 am here before gpu
[15:21:08] w02: 2 am here after gpu
[15:21:09] w02: Training network (Final=0) on cpu for 50 epochs...

[15:23:09] w02: start objective; params=[{"desired_latent_size":14,"hl_s1":1004,"hl_s2":512,"hl_s3":268,"hl_s4":64,"drop_rate":0.32613438414772311,"batch_size":8,"learning_rate":0.0011445738585925561,"lr_drop_factor":0.48609978718891733,"lr_drop_period":13}]
[15:23:09] w02: Preparing datastores for training and validation...

[15:23:09] w02: Using single frequency datastore for frequency index 5

[15:23:33] w02: 1 am here before gpu
[15:23:33] w02: 2 am here after gpu
[15:23:33] w02: Training network (Final=0) on cpu for 50 epochs...

[15:26:09] w02: start objective; params=[{"desired_latent_size":15,"hl_s1":1941,"hl_s2":505,"hl_s3":413,"hl_s4":71,"drop_rate":0.08546757123485943,"batch_size":19,"learning_rate":0.0025949318454789511,"lr_drop_factor":0.18647779419842331,"lr_drop_period":12}]
[15:26:09] w02: Preparing datastores for training and validation...

[15:26:09] w02: Using single frequency datastore for frequency index 5

[15:26:33] w02: 1 am here before gpu
[15:26:33] w02: 2 am here after gpu
[15:26:35] w02: Training network (Final=0) on cpu for 50 epochs...

[15:28:03] w02: start objective; params=[{"desired_latent_size":11,"hl_s1":1612,"hl_s2":914,"hl_s3":402,"hl_s4":46,"drop_rate":0.35169856460566407,"batch_size":5,"learning_rate":0.0035936241388209874,"lr_drop_factor":0.48709795455280325,"lr_drop_period":17}]
[15:28:03] w02: Preparing datastores for training and validation...

[15:28:03] w02: Using single frequency datastore for frequency index 5

[15:28:28] w02: 1 am here before gpu
[15:28:28] w02: 2 am here after gpu
[15:28:29] w02: Training network (Final=0) on cpu for 50 epochs...

[15:29:55] w02: start objective; params=[{"desired_latent_size":15,"hl_s1":1185,"hl_s2":509,"hl_s3":403,"hl_s4":35,"drop_rate":0.302811797380432,"batch_size":22,"learning_rate":0.0042921724396459771,"lr_drop_factor":0.49296969897935128,"lr_drop_period":9}]
[15:29:55] w02: Preparing datastores for training and validation...

[15:29:55] w02: Using single frequency datastore for frequency index 5

[15:30:19] w02: 1 am here before gpu
[15:30:19] w02: 2 am here after gpu
[15:30:20] w02: Training network (Final=0) on cpu for 50 epochs...

[15:31:40] w02: start objective; params=[{"desired_latent_size":12,"hl_s1":1464,"hl_s2":605,"hl_s3":439,"hl_s4":64,"drop_rate":0.061922293111981649,"batch_size":28,"learning_rate":0.0099775935261166432,"lr_drop_factor":0.26581408572464676,"lr_drop_period":17}]
[15:31:40] w02: Preparing datastores for training and validation...

[15:31:40] w02: Using single frequency datastore for frequency index 5

[15:32:03] w02: 1 am here before gpu
[15:32:03] w02: 2 am here after gpu
[15:32:04] w02: Training network (Final=0) on cpu for 50 epochs...

[15:33:15] w02: start objective; params=[{"desired_latent_size":13,"hl_s1":1658,"hl_s2":892,"hl_s3":494,"hl_s4":80,"drop_rate":0.44925988120087823,"batch_size":19,"learning_rate":0.0086897455407419135,"lr_drop_factor":0.20555436766151011,"lr_drop_period":14}]
[15:33:15] w02: Preparing datastores for training and validation...

[15:33:15] w02: Using single frequency datastore for frequency index 5

[15:33:38] w02: 1 am here before gpu
[15:33:38] w02: 2 am here after gpu
[15:33:38] w02: Training network (Final=0) on cpu for 50 epochs...

[15:35:08] w02: start objective; params=[{"desired_latent_size":12,"hl_s1":1031,"hl_s2":949,"hl_s3":497,"hl_s4":62,"drop_rate":0.38262379983983541,"batch_size":26,"learning_rate":0.0063555667009843886,"lr_drop_factor":0.36920228500057251,"lr_drop_period":16}]
[15:35:08] w02: Preparing datastores for training and validation...

[15:35:08] w02: Using single frequency datastore for frequency index 5

[15:35:31] w02: 1 am here before gpu
[15:35:31] w02: 2 am here after gpu
[15:35:32] w02: Training network (Final=0) on cpu for 50 epochs...

[15:36:41] w02: start objective; params=[{"desired_latent_size":11,"hl_s1":1847,"hl_s2":874,"hl_s3":496,"hl_s4":65,"drop_rate":0.43264229007310739,"batch_size":31,"learning_rate":0.0088768509147516932,"lr_drop_factor":0.29187833098231641,"lr_drop_period":11}]
[15:36:41] w02: Preparing datastores for training and validation...

[15:36:41] w02: Using single frequency datastore for frequency index 5

[15:37:05] w02: 1 am here before gpu
[15:37:05] w02: 2 am here after gpu
[15:37:06] w02: Training network (Final=0) on cpu for 50 epochs...

[15:38:03] w02: start objective; params=[{"desired_latent_size":12,"hl_s1":1441,"hl_s2":524,"hl_s3":494,"hl_s4":88,"drop_rate":0.024253404462552391,"batch_size":22,"learning_rate":0.0075537449632519524,"lr_drop_factor":0.42933641321340077,"lr_drop_period":12}]
[15:38:03] w02: Preparing datastores for training and validation...

[15:38:03] w02: Using single frequency datastore for frequency index 5

[15:38:27] w02: 1 am here before gpu
[15:38:27] w02: 2 am here after gpu
[15:38:27] w02: Training network (Final=0) on cpu for 50 epochs...

[15:39:46] w02: start objective; params=[{"desired_latent_size":15,"hl_s1":1133,"hl_s2":950,"hl_s3":195,"hl_s4":86,"drop_rate":0.43471298470363418,"batch_size":19,"learning_rate":0.0060919089206567956,"lr_drop_factor":0.48185334572062322,"lr_drop_period":7}]
[15:39:46] w02: Preparing datastores for training and validation...

[15:39:46] w02: Using single frequency datastore for frequency index 5

[15:40:08] w02: 1 am here before gpu
[15:40:08] w02: 2 am here after gpu
[15:40:09] w02: Training network (Final=0) on cpu for 50 epochs...

[15:41:44] w02: start objective; params=[{"desired_latent_size":12,"hl_s1":1485,"hl_s2":529,"hl_s3":425,"hl_s4":55,"drop_rate":0.098121396530786109,"batch_size":28,"learning_rate":0.0077445672311268355,"lr_drop_factor":0.19043514377405468,"lr_drop_period":20}]
[15:41:44] w02: Preparing datastores for training and validation...

[15:41:44] w02: Using single frequency datastore for frequency index 5

[15:42:09] w02: 1 am here before gpu
[15:42:09] w02: 2 am here after gpu
[15:42:09] w02: Training network (Final=0) on cpu for 50 epochs...

[15:43:21] w02: start objective; params=[{"desired_latent_size":14,"hl_s1":1697,"hl_s2":704,"hl_s3":263,"hl_s4":67,"drop_rate":0.025979857389581473,"batch_size":23,"learning_rate":0.0099411102076577221,"lr_drop_factor":0.27373726718200175,"lr_drop_period":20}]
[15:43:21] w02: Preparing datastores for training and validation...

[15:43:21] w02: Using single frequency datastore for frequency index 5

[15:43:43] w02: 1 am here before gpu
[15:43:43] w02: 2 am here after gpu
[15:43:44] w02: Training network (Final=0) on cpu for 50 epochs...

[15:45:08] w02: start objective; params=[{"desired_latent_size":11,"hl_s1":1256,"hl_s2":802,"hl_s3":451,"hl_s4":91,"drop_rate":0.080504262376665969,"batch_size":21,"learning_rate":0.0099707527946309073,"lr_drop_factor":0.11867249106691991,"lr_drop_period":13}]
[15:45:08] w02: Preparing datastores for training and validation...

[15:45:08] w02: Using single frequency datastore for frequency index 5

[15:45:31] w02: 1 am here before gpu
[15:45:31] w02: 2 am here after gpu
[15:45:32] w02: Training network (Final=0) on cpu for 50 epochs...

[15:46:55] w02: start objective; params=[{"desired_latent_size":14,"hl_s1":1250,"hl_s2":537,"hl_s3":206,"hl_s4":80,"drop_rate":0.14078251194856861,"batch_size":30,"learning_rate":0.0061731297835337286,"lr_drop_factor":0.2498519609914488,"lr_drop_period":20}]
[15:46:55] w02: Preparing datastores for training and validation...

[15:46:55] w02: Using single frequency datastore for frequency index 5

[15:47:17] w02: 1 am here before gpu
[15:47:17] w02: 2 am here after gpu
[15:47:18] w02: Training network (Final=0) on cpu for 50 epochs...

[15:48:18] w02: start objective; params=[{"desired_latent_size":13,"hl_s1":1408,"hl_s2":635,"hl_s3":409,"hl_s4":51,"drop_rate":0.38618456170010612,"batch_size":28,"learning_rate":0.0081518145381959568,"lr_drop_factor":0.30800964509885254,"lr_drop_period":15}]
[15:48:18] w02: Preparing datastores for training and validation...

[15:48:18] w02: Using single frequency datastore for frequency index 5

[15:48:43] w02: 1 am here before gpu
[15:48:43] w02: 2 am here after gpu
[15:48:44] w02: Training network (Final=0) on cpu for 50 epochs...

[15:50:00] w02: start objective; params=[{"desired_latent_size":14,"hl_s1":1351,"hl_s2":653,"hl_s3":476,"hl_s4":61,"drop_rate":0.12813234342901114,"batch_size":30,"learning_rate":0.0090135513452314579,"lr_drop_factor":0.1669518492964962,"lr_drop_period":16}]
[15:50:00] w02: Preparing datastores for training and validation...

[15:50:00] w02: Using single frequency datastore for frequency index 5

[15:50:26] w02: 1 am here before gpu
[15:50:26] w02: 2 am here after gpu
[15:50:26] w02: Training network (Final=0) on cpu for 50 epochs...

[15:51:29] w02: start objective; params=[{"desired_latent_size":14,"hl_s1":1961,"hl_s2":585,"hl_s3":374,"hl_s4":59,"drop_rate":0.48083513179936133,"batch_size":23,"learning_rate":0.0098940967655652377,"lr_drop_factor":0.34009570651643362,"lr_drop_period":15}]
[15:51:29] w02: Preparing datastores for training and validation...

[15:51:29] w02: Using single frequency datastore for frequency index 5

[15:51:53] w02: 1 am here before gpu
[15:51:53] w02: 2 am here after gpu
[15:51:53] w02: Training network (Final=0) on cpu for 50 epochs...

[15:53:25] w02: start objective; params=[{"desired_latent_size":14,"hl_s1":1941,"hl_s2":585,"hl_s3":322,"hl_s4":74,"drop_rate":0.16884231731029231,"batch_size":18,"learning_rate":0.0060729049429384882,"lr_drop_factor":0.47879817895930932,"lr_drop_period":18}]
[15:53:25] w02: Preparing datastores for training and validation...

[15:53:25] w02: Using single frequency datastore for frequency index 5

[15:53:50] w02: 1 am here before gpu
[15:53:50] w02: 2 am here after gpu
[15:53:51] w02: Training network (Final=0) on cpu for 50 epochs...

[15:55:25] w02: start objective; params=[{"desired_latent_size":11,"hl_s1":1195,"hl_s2":907,"hl_s3":480,"hl_s4":52,"drop_rate":0.45535259525870048,"batch_size":27,"learning_rate":0.0084316359983459283,"lr_drop_factor":0.1482300069885002,"lr_drop_period":20}]
[15:55:25] w02: Preparing datastores for training and validation...

[15:55:25] w02: Using single frequency datastore for frequency index 5

[15:55:48] w02: 1 am here before gpu
[15:55:48] w02: 2 am here after gpu
[15:55:49] w02: Training network (Final=0) on cpu for 50 epochs...

[15:57:03] w02: start objective; params=[{"desired_latent_size":13,"hl_s1":1503,"hl_s2":614,"hl_s3":405,"hl_s4":76,"drop_rate":0.28701747175696724,"batch_size":24,"learning_rate":0.00947024331175762,"lr_drop_factor":0.42515322401755384,"lr_drop_period":16}]
[15:57:03] w02: Preparing datastores for training and validation...

[15:57:03] w02: Using single frequency datastore for frequency index 5

[15:57:27] w02: 1 am here before gpu
[15:57:27] w02: 2 am here after gpu
[15:57:28] w02: Training network (Final=0) on cpu for 50 epochs...

[15:58:43] w02: start objective; params=[{"desired_latent_size":15,"hl_s1":1425,"hl_s2":535,"hl_s3":391,"hl_s4":67,"drop_rate":0.034771094440574635,"batch_size":21,"learning_rate":0.0091290026465987856,"lr_drop_factor":0.30851834843803555,"lr_drop_period":15}]
[15:58:43] w02: Preparing datastores for training and validation...

[15:58:43] w02: Using single frequency datastore for frequency index 5

[15:59:05] w02: 1 am here before gpu
[15:59:05] w02: 2 am here after gpu
[15:59:05] w02: Training network (Final=0) on cpu for 50 epochs...

[16:00:29] w02: start objective; params=[{"desired_latent_size":12,"hl_s1":1216,"hl_s2":608,"hl_s3":309,"hl_s4":56,"drop_rate":0.49283872268641971,"batch_size":29,"learning_rate":0.0044990184566754887,"lr_drop_factor":0.13068540615702742,"lr_drop_period":17}]
[16:00:29] w02: Preparing datastores for training and validation...

[16:00:29] w02: Using single frequency datastore for frequency index 5

[16:00:55] w02: 1 am here before gpu
[16:00:55] w02: 2 am here after gpu
[16:00:56] w02: Training network (Final=0) on cpu for 50 epochs...

[16:02:09] w02: start objective; params=[{"desired_latent_size":10,"hl_s1":1328,"hl_s2":551,"hl_s3":327,"hl_s4":34,"drop_rate":0.48778392476199051,"batch_size":28,"learning_rate":0.0065938710735080333,"lr_drop_factor":0.18531908818053264,"lr_drop_period":16}]
[16:02:09] w02: Preparing datastores for training and validation...

[16:02:09] w02: Using single frequency datastore for frequency index 5

[16:02:32] w02: 1 am here before gpu
[16:02:32] w02: 2 am here after gpu
[16:02:33] w02: Training network (Final=0) on cpu for 50 epochs...

[16:03:45] w02: start objective; params=[{"desired_latent_size":10,"hl_s1":1440,"hl_s2":648,"hl_s3":405,"hl_s4":35,"drop_rate":0.478382344641304,"batch_size":29,"learning_rate":0.0030188917070900082,"lr_drop_factor":0.3859112943716545,"lr_drop_period":15}]
[16:03:45] w02: Preparing datastores for training and validation...

[16:03:45] w02: Using single frequency datastore for frequency index 5

[16:04:08] w02: 1 am here before gpu
[16:04:08] w02: 2 am here after gpu
[16:04:08] w02: Training network (Final=0) on cpu for 50 epochs...

[16:05:22] w02: start objective; params=[{"desired_latent_size":15,"hl_s1":1186,"hl_s2":595,"hl_s3":356,"hl_s4":38,"drop_rate":0.48831922459668031,"batch_size":24,"learning_rate":0.0040268887405919317,"lr_drop_factor":0.2610568593377508,"lr_drop_period":15}]
[16:05:22] w02: Preparing datastores for training and validation...

[16:05:22] w02: Using single frequency datastore for frequency index 5

[16:05:44] w02: 1 am here before gpu
[16:05:44] w02: 2 am here after gpu
[16:05:45] w02: Training network (Final=0) on cpu for 50 epochs...

[16:06:52] w02: start objective; params=[{"desired_latent_size":11,"hl_s1":1154,"hl_s2":577,"hl_s3":397,"hl_s4":58,"drop_rate":0.46874952227690336,"batch_size":30,"learning_rate":0.0061984514997262558,"lr_drop_factor":0.31706875506063603,"lr_drop_period":14}]
[16:06:52] w02: Preparing datastores for training and validation...

[16:06:52] w02: Using single frequency datastore for frequency index 5

[16:07:14] w02: 1 am here before gpu
[16:07:14] w02: 2 am here after gpu
[16:07:15] w02: Training network (Final=0) on cpu for 50 epochs...

[16:08:15] w02: start objective; params=[{"desired_latent_size":14,"hl_s1":1131,"hl_s2":909,"hl_s3":283,"hl_s4":85,"drop_rate":0.33114311654782808,"batch_size":25,"learning_rate":0.0015051945353474739,"lr_drop_factor":0.18016361544706902,"lr_drop_period":15}]
[16:08:15] w02: Preparing datastores for training and validation...

[16:08:15] w02: Using single frequency datastore for frequency index 5

[16:08:42] w02: 1 am here before gpu
[16:08:42] w02: 2 am here after gpu
[16:08:42] w02: Training network (Final=0) on cpu for 50 epochs...

[16:09:57] w02: start objective; params=[{"desired_latent_size":11,"hl_s1":1768,"hl_s2":527,"hl_s3":301,"hl_s4":41,"drop_rate":0.46093732818754718,"batch_size":28,"learning_rate":0.0069332017267309505,"lr_drop_factor":0.24234561344724692,"lr_drop_period":18}]
[16:09:57] w02: Preparing datastores for training and validation...

[16:09:57] w02: Using single frequency datastore for frequency index 5

[16:10:19] w02: 1 am here before gpu
[16:10:19] w02: 2 am here after gpu
[16:10:20] w02: Training network (Final=0) on cpu for 50 epochs...

[16:11:33] w02: start objective; params=[{"desired_latent_size":11,"hl_s1":1602,"hl_s2":524,"hl_s3":283,"hl_s4":91,"drop_rate":0.29036751600909882,"batch_size":29,"learning_rate":0.0074198485786264772,"lr_drop_factor":0.16955531483982178,"lr_drop_period":18}]
[16:11:33] w02: Preparing datastores for training and validation...

[16:11:33] w02: Using single frequency datastore for frequency index 5

[16:11:57] w02: 1 am here before gpu
[16:11:57] w02: 2 am here after gpu
[16:11:58] w02: Training network (Final=0) on cpu for 50 epochs...

[16:13:16] w02: start objective; params=[{"desired_latent_size":14,"hl_s1":1734,"hl_s2":514,"hl_s3":270,"hl_s4":63,"drop_rate":0.47990875856009119,"batch_size":26,"learning_rate":0.0088693628302209115,"lr_drop_factor":0.38267298445830389,"lr_drop_period":17}]
[16:13:16] w02: Preparing datastores for training and validation...

[16:13:16] w02: Using single frequency datastore for frequency index 5

[16:13:39] w02: 1 am here before gpu
[16:13:39] w02: 2 am here after gpu
[16:13:40] w02: Training network (Final=0) on cpu for 50 epochs...

[16:14:54] w02: start objective; params=[{"desired_latent_size":11,"hl_s1":1601,"hl_s2":634,"hl_s3":321,"hl_s4":89,"drop_rate":0.48067231785865805,"batch_size":25,"learning_rate":0.0086170792614996151,"lr_drop_factor":0.29736195028832191,"lr_drop_period":17}]
[16:14:54] w02: Preparing datastores for training and validation...

[16:14:54] w02: Using single frequency datastore for frequency index 5

[16:15:17] w02: 1 am here before gpu
[16:15:17] w02: 2 am here after gpu
[16:15:18] w02: Training network (Final=0) on cpu for 50 epochs...

[16:16:33] w02: start objective; params=[{"desired_latent_size":10,"hl_s1":1329,"hl_s2":546,"hl_s3":267,"hl_s4":50,"drop_rate":0.31946277638514481,"batch_size":31,"learning_rate":0.0091482103373937331,"lr_drop_factor":0.22004610746643641,"lr_drop_period":17}]
[16:16:33] w02: Preparing datastores for training and validation...

[16:16:33] w02: Using single frequency datastore for frequency index 5

[16:17:03] w02: 1 am here before gpu
[16:17:03] w02: 2 am here after gpu
[16:17:04] w02: Training network (Final=0) on cpu for 50 epochs...

[16:18:08] w02: start objective; params=[{"desired_latent_size":15,"hl_s1":1668,"hl_s2":997,"hl_s3":358,"hl_s4":64,"drop_rate":0.21418152319449196,"batch_size":28,"learning_rate":0.0071684984535567275,"lr_drop_factor":0.43931422416232357,"lr_drop_period":17}]
[16:18:08] w02: Preparing datastores for training and validation...

[16:18:08] w02: Using single frequency datastore for frequency index 5

[16:18:31] w02: 1 am here before gpu
[16:18:31] w02: 2 am here after gpu
[16:18:31] w02: Training network (Final=0) on cpu for 50 epochs...

[16:19:45] w02: start objective; params=[{"desired_latent_size":13,"hl_s1":1625,"hl_s2":902,"hl_s3":330,"hl_s4":67,"drop_rate":0.4896909700922229,"batch_size":22,"learning_rate":0.0074335029062459817,"lr_drop_factor":0.41230597279400405,"lr_drop_period":15}]
[16:19:45] w02: Preparing datastores for training and validation...

[16:19:45] w02: Using single frequency datastore for frequency index 5

[16:20:08] w02: 1 am here before gpu
[16:20:08] w02: 2 am here after gpu
[16:20:08] w02: Training network (Final=0) on cpu for 50 epochs...

[16:21:39] w02: start objective; params=[{"desired_latent_size":13,"hl_s1":1663,"hl_s2":518,"hl_s3":391,"hl_s4":32,"drop_rate":0.31905597667591945,"batch_size":27,"learning_rate":0.009695544506466482,"lr_drop_factor":0.23119647989861813,"lr_drop_period":16}]
[16:21:39] w02: Preparing datastores for training and validation...

[16:21:39] w02: Using single frequency datastore for frequency index 5

[16:22:01] w02: 1 am here before gpu
[16:22:01] w02: 2 am here after gpu
[16:22:02] w02: Training network (Final=0) on cpu for 50 epochs...

[16:23:15] w02: start objective; params=[{"desired_latent_size":11,"hl_s1":1171,"hl_s2":726,"hl_s3":289,"hl_s4":85,"drop_rate":0.47536215070882448,"batch_size":28,"learning_rate":0.0032813196142242327,"lr_drop_factor":0.21405744888693634,"lr_drop_period":16}]
[16:23:15] w02: Preparing datastores for training and validation...

[16:23:15] w02: Using single frequency datastore for frequency index 5

[16:23:39] w02: 1 am here before gpu
[16:23:39] w02: 2 am here after gpu
[16:23:40] w02: Training network (Final=0) on cpu for 50 epochs...

[16:24:55] w02: start objective; params=[{"desired_latent_size":11,"hl_s1":1127,"hl_s2":587,"hl_s3":494,"hl_s4":72,"drop_rate":0.47911233255481289,"batch_size":21,"learning_rate":0.0068431622668714831,"lr_drop_factor":0.19052930330906914,"lr_drop_period":15}]
[16:24:55] w02: Preparing datastores for training and validation...

[16:24:55] w02: Using single frequency datastore for frequency index 5

[16:25:18] w02: 1 am here before gpu
[16:25:18] w02: 2 am here after gpu
[16:25:19] w02: Training network (Final=0) on cpu for 50 epochs...

[16:26:47] w02: start objective; params=[{"desired_latent_size":13,"hl_s1":1209,"hl_s2":874,"hl_s3":486,"hl_s4":39,"drop_rate":0.4287000105735797,"batch_size":27,"learning_rate":0.0094737529657130531,"lr_drop_factor":0.38449016906679734,"lr_drop_period":16}]
[16:26:47] w02: Preparing datastores for training and validation...

[16:26:47] w02: Using single frequency datastore for frequency index 5

[16:27:10] w02: 1 am here before gpu
[16:27:10] w02: 2 am here after gpu
[16:27:10] w02: Training network (Final=0) on cpu for 50 epochs...

[16:28:27] w02: start objective; params=[{"desired_latent_size":13,"hl_s1":1861,"hl_s2":871,"hl_s3":273,"hl_s4":89,"drop_rate":0.44010692729571421,"batch_size":29,"learning_rate":0.005599955560246294,"lr_drop_factor":0.42092410261328084,"lr_drop_period":18}]
[16:28:27] w02: Preparing datastores for training and validation...

[16:28:27] w02: Using single frequency datastore for frequency index 5

[16:28:51] w02: 1 am here before gpu
[16:28:51] w02: 2 am here after gpu
[16:28:52] w02: Training network (Final=0) on cpu for 50 epochs...

[16:30:12] w02: start objective; params=[{"desired_latent_size":13,"hl_s1":1896,"hl_s2":674,"hl_s3":261,"hl_s4":49,"drop_rate":0.4741223114208567,"batch_size":24,"learning_rate":0.0091139355237523315,"lr_drop_factor":0.17543797802397912,"lr_drop_period":15}]
[16:30:12] w02: Preparing datastores for training and validation...

[16:30:12] w02: Using single frequency datastore for frequency index 5

[16:30:35] w02: 1 am here before gpu
[16:30:35] w02: 2 am here after gpu
[16:30:36] w02: Training network (Final=0) on cpu for 50 epochs...

[16:31:52] w02: start objective; params=[{"desired_latent_size":13,"hl_s1":1809,"hl_s2":700,"hl_s3":215,"hl_s4":31,"drop_rate":0.47955783592766249,"batch_size":29,"learning_rate":0.0080605409273214971,"lr_drop_factor":0.18025347638357619,"lr_drop_period":17}]
[16:31:52] w02: Preparing datastores for training and validation...

[16:31:52] w02: Using single frequency datastore for frequency index 5

[16:32:16] w02: 1 am here before gpu
[16:32:16] w02: 2 am here after gpu
[16:32:17] w02: Training network (Final=0) on cpu for 50 epochs...

[16:33:37] w02: start objective; params=[{"desired_latent_size":12,"hl_s1":1512,"hl_s2":760,"hl_s3":103,"hl_s4":92,"drop_rate":0.48916815827021054,"batch_size":21,"learning_rate":0.0033039378480061794,"lr_drop_factor":0.15019580305524344,"lr_drop_period":18}]
[16:33:37] w02: Preparing datastores for training and validation...

[16:33:37] w02: Using single frequency datastore for frequency index 5

[16:34:00] w02: 1 am here before gpu
[16:34:00] w02: 2 am here after gpu
[16:34:01] w02: Training network (Final=0) on cpu for 50 epochs...

[16:35:29] w02: start objective; params=[{"desired_latent_size":15,"hl_s1":1858,"hl_s2":958,"hl_s3":325,"hl_s4":94,"drop_rate":0.48609024487402708,"batch_size":22,"learning_rate":0.0078017639283461159,"lr_drop_factor":0.47056631427146689,"lr_drop_period":17}]
[16:35:29] w02: Preparing datastores for training and validation...

[16:35:29] w02: Using single frequency datastore for frequency index 5

[16:35:53] w02: 1 am here before gpu
[16:35:53] w02: 2 am here after gpu
[16:35:53] w02: Training network (Final=0) on cpu for 50 epochs...

[16:37:30] w02: start objective; params=[{"desired_latent_size":13,"hl_s1":1568,"hl_s2":859,"hl_s3":468,"hl_s4":30,"drop_rate":0.44360810706188691,"batch_size":26,"learning_rate":0.00849455572217442,"lr_drop_factor":0.17545029685816071,"lr_drop_period":17}]
[16:37:30] w02: Preparing datastores for training and validation...

[16:37:30] w02: Using single frequency datastore for frequency index 5

[16:37:54] w02: 1 am here before gpu
[16:37:54] w02: 2 am here after gpu
[16:37:55] w02: Training network (Final=0) on cpu for 50 epochs...

[16:39:16] w02: start objective; params=[{"desired_latent_size":11,"hl_s1":1525,"hl_s2":501,"hl_s3":234,"hl_s4":85,"drop_rate":0.42477962057907293,"batch_size":28,"learning_rate":0.0070189736305478357,"lr_drop_factor":0.47273109703401095,"lr_drop_period":17}]
[16:39:16] w02: Preparing datastores for training and validation...

[16:39:16] w02: Using single frequency datastore for frequency index 5

[16:39:41] w02: 1 am here before gpu
[16:39:41] w02: 2 am here after gpu
[16:39:41] w02: Training network (Final=0) on cpu for 50 epochs...

[16:41:03] w02: start objective; params=[{"desired_latent_size":14,"hl_s1":1041,"hl_s2":500,"hl_s3":162,"hl_s4":86,"drop_rate":0.012926995574694141,"batch_size":29,"learning_rate":0.0019284131212564462,"lr_drop_factor":0.1721679495774448,"lr_drop_period":16}]
[16:41:03] w02: Preparing datastores for training and validation...

[16:41:03] w02: Using single frequency datastore for frequency index 5

[16:41:32] w02: 1 am here before gpu
[16:41:32] w02: 2 am here after gpu
[16:41:33] w02: Training network (Final=0) on cpu for 50 epochs...

[16:42:55] w02: start objective; params=[{"desired_latent_size":15,"hl_s1":1138,"hl_s2":506,"hl_s3":311,"hl_s4":39,"drop_rate":0.088400281026697031,"batch_size":27,"learning_rate":0.0062174283491378381,"lr_drop_factor":0.47868115021112556,"lr_drop_period":16}]
[16:42:55] w02: Preparing datastores for training and validation...

[16:42:55] w02: Using single frequency datastore for frequency index 5

[16:43:19] w02: 1 am here before gpu
[16:43:19] w02: 2 am here after gpu
[16:43:20] w02: Training network (Final=0) on cpu for 50 epochs...

[16:44:44] w02: start objective; params=[{"desired_latent_size":12,"hl_s1":1294,"hl_s2":761,"hl_s3":369,"hl_s4":41,"drop_rate":0.03360297297381621,"batch_size":12,"learning_rate":0.0010002994878020616,"lr_drop_factor":0.15609945110015583,"lr_drop_period":16}]
[16:44:44] w02: Preparing datastores for training and validation...

[16:44:44] w02: Using single frequency datastore for frequency index 5

[16:45:09] w02: 1 am here before gpu
[16:45:09] w02: 2 am here after gpu
[16:45:10] w02: Training network (Final=0) on cpu for 50 epochs...

[16:47:31] w02: start objective; params=[{"desired_latent_size":13,"hl_s1":1282,"hl_s2":501,"hl_s3":129,"hl_s4":78,"drop_rate":0.3329897532424233,"batch_size":29,"learning_rate":0.0033444494295389719,"lr_drop_factor":0.18147794630819725,"lr_drop_period":16}]
[16:47:31] w02: Preparing datastores for training and validation...

[16:47:31] w02: Using single frequency datastore for frequency index 5

[16:47:54] w02: 1 am here before gpu
[16:47:54] w02: 2 am here after gpu
[16:47:55] w02: Training network (Final=0) on cpu for 50 epochs...

[16:49:15] w02: start objective; params=[{"desired_latent_size":14,"hl_s1":1436,"hl_s2":877,"hl_s3":500,"hl_s4":31,"drop_rate":0.12358331066345382,"batch_size":29,"learning_rate":0.0032256365937216929,"lr_drop_factor":0.29759471593582287,"lr_drop_period":17}]
[16:49:15] w02: Preparing datastores for training and validation...

[16:49:15] w02: Using single frequency datastore for frequency index 5

[16:49:40] w02: 1 am here before gpu
[16:49:40] w02: 2 am here after gpu
[16:49:40] w02: Training network (Final=0) on cpu for 50 epochs...

[16:51:02] w02: start objective; params=[{"desired_latent_size":14,"hl_s1":1553,"hl_s2":890,"hl_s3":286,"hl_s4":92,"drop_rate":0.49452388943743336,"batch_size":29,"learning_rate":0.0023799187533755459,"lr_drop_factor":0.3231560055295607,"lr_drop_period":17}]
[16:51:02] w02: Preparing datastores for training and validation...

[16:51:02] w02: Using single frequency datastore for frequency index 5

[16:51:25] w02: 1 am here before gpu
[16:51:25] w02: 2 am here after gpu
[16:51:26] w02: Training network (Final=0) on cpu for 50 epochs...

[16:52:48] w02: start objective; params=[{"desired_latent_size":12,"hl_s1":1619,"hl_s2":661,"hl_s3":460,"hl_s4":39,"drop_rate":0.31315032272581844,"batch_size":29,"learning_rate":0.0090708416292072311,"lr_drop_factor":0.11549390675466746,"lr_drop_period":18}]
[16:52:48] w02: Preparing datastores for training and validation...

[16:52:48] w02: Using single frequency datastore for frequency index 5

[16:53:11] w02: 1 am here before gpu
[16:53:11] w02: 2 am here after gpu
[16:53:12] w02: Training network (Final=0) on cpu for 50 epochs...

[16:54:34] w02: start objective; params=[{"desired_latent_size":10,"hl_s1":1145,"hl_s2":535,"hl_s3":146,"hl_s4":75,"drop_rate":0.070140668863079764,"batch_size":29,"learning_rate":0.00998846551169452,"lr_drop_factor":0.496670618007726,"lr_drop_period":19}]
[16:54:34] w02: Preparing datastores for training and validation...

[16:54:34] w02: Using single frequency datastore for frequency index 5

[16:54:58] w02: 1 am here before gpu
[16:54:58] w02: 2 am here after gpu
[16:54:58] w02: Training network (Final=0) on cpu for 50 epochs...

[16:56:26] w02: start objective; params=[{"desired_latent_size":11,"hl_s1":1888,"hl_s2":715,"hl_s3":324,"hl_s4":40,"drop_rate":0.47732871916943886,"batch_size":26,"learning_rate":0.0094277047763848577,"lr_drop_factor":0.38701964993969851,"lr_drop_period":16}]
[16:56:26] w02: Preparing datastores for training and validation...

[16:56:26] w02: Using single frequency datastore for frequency index 5

[16:56:52] w02: 1 am here before gpu
[16:56:52] w02: 2 am here after gpu
[16:56:53] w02: Training network (Final=0) on cpu for 50 epochs...

[16:58:19] w02: start objective; params=[{"desired_latent_size":11,"hl_s1":1933,"hl_s2":917,"hl_s3":148,"hl_s4":32,"drop_rate":0.070584236734002048,"batch_size":21,"learning_rate":0.0039142315405424075,"lr_drop_factor":0.48204293788684272,"lr_drop_period":15}]
[16:58:19] w02: Preparing datastores for training and validation...

[16:58:19] w02: Using single frequency datastore for frequency index 5

[16:58:45] w02: 1 am here before gpu
[16:58:45] w02: 2 am here after gpu
[16:58:46] w02: Training network (Final=0) on cpu for 50 epochs...

[17:00:19] w02: start objective; params=[{"desired_latent_size":10,"hl_s1":1054,"hl_s2":971,"hl_s3":467,"hl_s4":95,"drop_rate":0.33416609504430483,"batch_size":28,"learning_rate":0.0017167056616203698,"lr_drop_factor":0.37470825264873608,"lr_drop_period":17}]
[17:00:19] w02: Preparing datastores for training and validation...

[17:00:19] w02: Using single frequency datastore for frequency index 5

[17:00:47] w02: 1 am here before gpu
[17:00:47] w02: 2 am here after gpu
[17:00:47] w02: Training network (Final=0) on cpu for 50 epochs...

[17:02:11] w02: start objective; params=[{"desired_latent_size":15,"hl_s1":1144,"hl_s2":583,"hl_s3":343,"hl_s4":68,"drop_rate":0.43310904196882322,"batch_size":20,"learning_rate":0.0052382603253881329,"lr_drop_factor":0.29919936779396172,"lr_drop_period":20}]
[17:02:11] w02: Preparing datastores for training and validation...

[17:02:11] w02: Using single frequency datastore for frequency index 5

[17:02:37] w02: 1 am here before gpu
[17:02:37] w02: 2 am here after gpu
[17:02:38] w02: Training network (Final=0) on cpu for 50 epochs...

[17:04:13] w02: start objective; params=[{"desired_latent_size":12,"hl_s1":1744,"hl_s2":950,"hl_s3":255,"hl_s4":100,"drop_rate":0.092098147381760309,"batch_size":30,"learning_rate":0.0081851202303163915,"lr_drop_factor":0.27810025592581011,"lr_drop_period":20}]
[17:04:13] w02: Preparing datastores for training and validation...

[17:04:13] w02: Using single frequency datastore for frequency index 5

[17:04:37] w02: 1 am here before gpu
[17:04:37] w02: 2 am here after gpu
[17:04:37] w02: Training network (Final=0) on cpu for 50 epochs...

[17:05:48] w02: start objective; params=[{"desired_latent_size":13,"hl_s1":1279,"hl_s2":950,"hl_s3":415,"hl_s4":40,"drop_rate":0.19684731782151532,"batch_size":22,"learning_rate":0.0065840320095046905,"lr_drop_factor":0.43080764848847486,"lr_drop_period":12}]
[17:05:48] w02: Preparing datastores for training and validation...

[17:05:48] w02: Using single frequency datastore for frequency index 5

[17:06:13] w02: 1 am here before gpu
[17:06:13] w02: 2 am here after gpu
[17:06:14] w02: Training network (Final=0) on cpu for 50 epochs...

[17:07:41] w02: start objective; params=[{"desired_latent_size":11,"hl_s1":1695,"hl_s2":566,"hl_s3":443,"hl_s4":80,"drop_rate":0.39543064190128996,"batch_size":29,"learning_rate":0.0038801072386027381,"lr_drop_factor":0.13441064486343185,"lr_drop_period":17}]
[17:07:41] w02: Preparing datastores for training and validation...

[17:07:41] w02: Using single frequency datastore for frequency index 5

[17:07:57] w02: 1 am here before gpu
[17:07:57] w02: 2 am here after gpu
[17:07:58] w02: Training network (Final=0) on cpu for 50 epochs...

[17:08:38] w02: start objective; params=[{"desired_latent_size":15,"hl_s1":1050,"hl_s2":526,"hl_s3":264,"hl_s4":50,"drop_rate":0.34558932630488848,"batch_size":28,"learning_rate":0.00759491561124283,"lr_drop_factor":0.20695509988456789,"lr_drop_period":17}]
[17:08:38] w02: Preparing datastores for training and validation...

[17:08:38] w02: Using single frequency datastore for frequency index 5

[17:08:52] w02: 1 am here before gpu
[17:08:52] w02: 2 am here after gpu
[17:08:52] w02: Training network (Final=0) on cpu for 50 epochs...

[17:10:17] w02: start objective; params=[{"desired_latent_size":13,"hl_s1":1663,"hl_s2":714,"hl_s3":477,"hl_s4":61,"drop_rate":0.44944167803548368,"batch_size":29,"learning_rate":0.0036388289244358848,"lr_drop_factor":0.45023542905112746,"lr_drop_period":18}]
[17:10:17] w02: Preparing datastores for training and validation...

[17:10:17] w02: Using single frequency datastore for frequency index 5

[17:10:42] w02: 1 am here before gpu
[17:10:42] w02: 2 am here after gpu
[17:10:43] w02: Training network (Final=0) on cpu for 50 epochs...

[17:12:08] w02: start objective; params=[{"desired_latent_size":13,"hl_s1":1336,"hl_s2":979,"hl_s3":450,"hl_s4":67,"drop_rate":0.24075709194881889,"batch_size":28,"learning_rate":0.0036507010919787346,"lr_drop_factor":0.43396618180801871,"lr_drop_period":17}]
[17:12:08] w02: Preparing datastores for training and validation...

[17:12:08] w02: Using single frequency datastore for frequency index 5

[17:12:29] w02: 1 am here before gpu
[17:12:29] w02: 2 am here after gpu
[17:12:30] w02: Training network (Final=0) on cpu for 50 epochs...

[17:13:07] w02: start objective; params=[{"desired_latent_size":10,"hl_s1":1696,"hl_s2":656,"hl_s3":318,"hl_s4":44,"drop_rate":0.36745397610585928,"batch_size":29,"learning_rate":0.002257682614593008,"lr_drop_factor":0.49734644675894979,"lr_drop_period":17}]
[17:13:07] w02: Preparing datastores for training and validation...

[17:13:07] w02: Using single frequency datastore for frequency index 5

[17:13:22] w02: 1 am here before gpu
[17:13:22] w02: 2 am here after gpu
[17:13:22] w02: Training network (Final=0) on cpu for 50 epochs...

[17:14:13] w02: start objective; params=[{"desired_latent_size":10,"hl_s1":1691,"hl_s2":847,"hl_s3":215,"hl_s4":48,"drop_rate":0.37109651743040639,"batch_size":4,"learning_rate":0.001035927008000805,"lr_drop_factor":0.28978711094582554,"lr_drop_period":5}]
[17:14:13] w02: Preparing datastores for training and validation...

[17:14:13] w02: Using single frequency datastore for frequency index 5

[17:14:38] w02: 1 am here before gpu
[17:14:38] w02: 2 am here after gpu
[17:14:39] w02: Training network (Final=0) on cpu for 50 epochs...

[17:18:18] w02: start objective; params=[{"desired_latent_size":13,"hl_s1":1566,"hl_s2":604,"hl_s3":125,"hl_s4":46,"drop_rate":0.05752368498508556,"batch_size":29,"learning_rate":0.0077752896605771289,"lr_drop_factor":0.49063248802563608,"lr_drop_period":17}]
[17:18:18] w02: Preparing datastores for training and validation...

[17:18:18] w02: Using single frequency datastore for frequency index 5

[17:18:42] w02: 1 am here before gpu
[17:18:42] w02: 2 am here after gpu
[17:18:43] w02: Training network (Final=0) on cpu for 50 epochs...

[17:20:16] w02: start objective; params=[{"desired_latent_size":14,"hl_s1":1916,"hl_s2":750,"hl_s3":394,"hl_s4":34,"drop_rate":0.062709858976537691,"batch_size":29,"learning_rate":0.0097246823067332,"lr_drop_factor":0.44188077294992867,"lr_drop_period":18}]
[17:20:16] w02: Preparing datastores for training and validation...

[17:20:16] w02: Using single frequency datastore for frequency index 5

[17:20:45] w02: 1 am here before gpu
[17:20:45] w02: 2 am here after gpu
[17:20:46] w02: Training network (Final=0) on cpu for 50 epochs...

[17:22:16] w02: start objective; params=[{"desired_latent_size":15,"hl_s1":1773,"hl_s2":931,"hl_s3":213,"hl_s4":32,"drop_rate":0.4089032394844756,"batch_size":29,"learning_rate":0.0024370584444820434,"lr_drop_factor":0.49173618555084331,"lr_drop_period":17}]
[17:22:16] w02: Preparing datastores for training and validation...

[17:22:16] w02: Using single frequency datastore for frequency index 5

[17:22:39] w02: 1 am here before gpu
[17:22:39] w02: 2 am here after gpu
[17:22:40] w02: Training network (Final=0) on cpu for 50 epochs...

[17:24:09] w02: start objective; params=[{"desired_latent_size":14,"hl_s1":1735,"hl_s2":710,"hl_s3":457,"hl_s4":97,"drop_rate":0.19097758089292211,"batch_size":5,"learning_rate":0.0093884795904313235,"lr_drop_factor":0.37655181395556048,"lr_drop_period":5}]
[17:24:09] w02: Preparing datastores for training and validation...

[17:24:09] w02: Using single frequency datastore for frequency index 5

[17:24:35] w02: 1 am here before gpu
[17:24:35] w02: 2 am here after gpu
[17:24:36] w02: Training network (Final=0) on cpu for 50 epochs...

[17:27:22] w02: start objective; params=[{"desired_latent_size":11,"hl_s1":1306,"hl_s2":733,"hl_s3":179,"hl_s4":94,"drop_rate":0.22535220289094748,"batch_size":4,"learning_rate":0.0010375005658661779,"lr_drop_factor":0.10477294451356585,"lr_drop_period":20}]
[17:27:22] w02: Preparing datastores for training and validation...

[17:27:22] w02: Using single frequency datastore for frequency index 5

[17:27:48] w02: 1 am here before gpu
[17:27:48] w02: 2 am here after gpu
[17:27:49] w02: Training network (Final=0) on cpu for 50 epochs...

[17:32:34] w02: start objective; params=[{"desired_latent_size":11,"hl_s1":1395,"hl_s2":619,"hl_s3":371,"hl_s4":42,"drop_rate":0.067504442586887536,"batch_size":29,"learning_rate":0.0048843914881929315,"lr_drop_factor":0.42100581785059221,"lr_drop_period":18}]
[17:32:34] w02: Preparing datastores for training and validation...

[17:32:34] w02: Using single frequency datastore for frequency index 5

[17:33:01] w02: 1 am here before gpu
[17:33:01] w02: 2 am here after gpu
[17:33:02] w02: Training network (Final=0) on cpu for 50 epochs...

[17:34:41] w02: start objective; params=[{"desired_latent_size":12,"hl_s1":1768,"hl_s2":536,"hl_s3":413,"hl_s4":33,"drop_rate":0.427683006333096,"batch_size":28,"learning_rate":0.0086356030170083534,"lr_drop_factor":0.17980562060632083,"lr_drop_period":9}]
[17:34:41] w02: Preparing datastores for training and validation...

[17:34:41] w02: Using single frequency datastore for frequency index 5

[17:35:10] w02: 1 am here before gpu
[17:35:10] w02: 2 am here after gpu
[17:35:12] w02: Training network (Final=0) on cpu for 50 epochs...

[17:37:03] w02: start objective; params=[{"desired_latent_size":14,"hl_s1":1207,"hl_s2":517,"hl_s3":323,"hl_s4":42,"drop_rate":0.35830321126183806,"batch_size":8,"learning_rate":0.009985108812585887,"lr_drop_factor":0.1233302498114227,"lr_drop_period":20}]
[17:37:03] w02: Preparing datastores for training and validation...

[17:37:03] w02: Using single frequency datastore for frequency index 5

[17:37:28] w02: 1 am here before gpu
[17:37:28] w02: 2 am here after gpu
[17:37:29] w02: Training network (Final=0) on cpu for 50 epochs...

[17:40:32] w02: start objective; params=[{"desired_latent_size":11,"hl_s1":1416,"hl_s2":680,"hl_s3":211,"hl_s4":60,"drop_rate":0.44205882751322456,"batch_size":30,"learning_rate":0.0015037577066792491,"lr_drop_factor":0.45286056834242294,"lr_drop_period":16}]
[17:40:32] w02: Preparing datastores for training and validation...

[17:40:32] w02: Using single frequency datastore for frequency index 5

[17:40:59] w02: 1 am here before gpu
[17:40:59] w02: 2 am here after gpu
[17:41:00] w02: Training network (Final=0) on cpu for 50 epochs...

[17:42:19] w02: start objective; params=[{"desired_latent_size":12,"hl_s1":1854,"hl_s2":544,"hl_s3":108,"hl_s4":73,"drop_rate":0.26121528562098917,"batch_size":22,"learning_rate":0.001215685610539646,"lr_drop_factor":0.15917490289031727,"lr_drop_period":5}]
[17:42:19] w02: Preparing datastores for training and validation...

[17:42:19] w02: Using single frequency datastore for frequency index 5

[17:42:43] w02: 1 am here before gpu
[17:42:43] w02: 2 am here after gpu
[17:42:44] w02: Training network (Final=0) on cpu for 50 epochs...

[17:44:18] w02: start objective; params=[{"desired_latent_size":13,"hl_s1":1574,"hl_s2":705,"hl_s3":305,"hl_s4":93,"drop_rate":0.0076313076367325455,"batch_size":4,"learning_rate":0.0010159923918165602,"lr_drop_factor":0.10671484723139897,"lr_drop_period":13}]
[17:44:18] w02: Preparing datastores for training and validation...

[17:44:18] w02: Using single frequency datastore for frequency index 5

[17:44:44] w02: 1 am here before gpu
[17:44:44] w02: 2 am here after gpu
[17:44:44] w02: Training network (Final=0) on cpu for 50 epochs...

[17:46:25] w02: start objective; params=[{"desired_latent_size":13,"hl_s1":1580,"hl_s2":879,"hl_s3":493,"hl_s4":43,"drop_rate":0.1639248599541126,"batch_size":9,"learning_rate":0.0028567869420566879,"lr_drop_factor":0.42046233551552159,"lr_drop_period":20}]
[17:46:25] w02: Preparing datastores for training and validation...

[17:46:25] w02: Using single frequency datastore for frequency index 5

[17:46:51] w02: 1 am here before gpu
[17:46:51] w02: 2 am here after gpu
[17:46:52] w02: Training network (Final=0) on cpu for 50 epochs...

[17:50:00] w02: start objective; params=[{"desired_latent_size":11,"hl_s1":1117,"hl_s2":517,"hl_s3":477,"hl_s4":81,"drop_rate":0.32019918579777062,"batch_size":11,"learning_rate":0.0056649227318072114,"lr_drop_factor":0.49458693449681551,"lr_drop_period":19}]
[17:50:00] w02: Preparing datastores for training and validation...

[17:50:00] w02: Using single frequency datastore for frequency index 5

[17:50:26] w02: 1 am here before gpu
[17:50:26] w02: 2 am here after gpu
[17:50:27] w02: Training network (Final=0) on cpu for 50 epochs...

[17:53:22] w02: start objective; params=[{"desired_latent_size":15,"hl_s1":1090,"hl_s2":579,"hl_s3":367,"hl_s4":50,"drop_rate":0.43764913673429678,"batch_size":29,"learning_rate":0.004032225782472869,"lr_drop_factor":0.3300995695880552,"lr_drop_period":18}]
[17:53:22] w02: Preparing datastores for training and validation...

[17:53:22] w02: Using single frequency datastore for frequency index 5

[17:53:47] w02: 1 am here before gpu
[17:53:47] w02: 2 am here after gpu
[17:53:47] w02: Training network (Final=0) on cpu for 50 epochs...

[17:55:27] w02: start objective; params=[{"desired_latent_size":15,"hl_s1":1766,"hl_s2":607,"hl_s3":352,"hl_s4":43,"drop_rate":0.23791133258701891,"batch_size":30,"learning_rate":0.0021342862606916245,"lr_drop_factor":0.354573935838811,"lr_drop_period":19}]
[17:55:27] w02: Preparing datastores for training and validation...

[17:55:27] w02: Using single frequency datastore for frequency index 5

[17:55:50] w02: 1 am here before gpu
[17:55:50] w02: 2 am here after gpu
[17:55:50] w02: Training network (Final=0) on cpu for 50 epochs...

[17:56:26] w02: start objective; params=[{"desired_latent_size":12,"hl_s1":1478,"hl_s2":720,"hl_s3":128,"hl_s4":38,"drop_rate":0.37460987773572141,"batch_size":19,"learning_rate":0.0024844477929908525,"lr_drop_factor":0.10538413929540302,"lr_drop_period":20}]
[17:56:26] w02: Preparing datastores for training and validation...

[17:56:26] w02: Using single frequency datastore for frequency index 5

[17:56:52] w02: 1 am here before gpu
[17:56:52] w02: 2 am here after gpu
[17:56:52] w02: Training network (Final=0) on cpu for 50 epochs...

[17:59:00] w02: start objective; params=[{"desired_latent_size":13,"hl_s1":1257,"hl_s2":893,"hl_s3":105,"hl_s4":52,"drop_rate":0.47697045674058125,"batch_size":15,"learning_rate":0.0042377755269727311,"lr_drop_factor":0.1073893277271194,"lr_drop_period":13}]
[17:59:00] w02: Preparing datastores for training and validation...

[17:59:00] w02: Using single frequency datastore for frequency index 5

[17:59:25] w02: 1 am here before gpu
[17:59:25] w02: 2 am here after gpu
[17:59:25] w02: Training network (Final=0) on cpu for 50 epochs...

[18:01:56] w02: start objective; params=[{"desired_latent_size":12,"hl_s1":1453,"hl_s2":527,"hl_s3":109,"hl_s4":98,"drop_rate":0.41512275743663729,"batch_size":18,"learning_rate":0.0096085111067569385,"lr_drop_factor":0.11320244916550512,"lr_drop_period":15}]
[18:01:56] w02: Preparing datastores for training and validation...

[18:01:56] w02: Using single frequency datastore for frequency index 5

[18:02:23] w02: 1 am here before gpu
[18:02:23] w02: 2 am here after gpu
[18:02:24] w02: Training network (Final=0) on cpu for 50 epochs...

[18:04:19] w02: start objective; params=[{"desired_latent_size":14,"hl_s1":1743,"hl_s2":626,"hl_s3":108,"hl_s4":90,"drop_rate":0.48998143671868688,"batch_size":16,"learning_rate":0.0015529560749386129,"lr_drop_factor":0.10507517381746301,"lr_drop_period":16}]
[18:04:19] w02: Preparing datastores for training and validation...

[18:04:19] w02: Using single frequency datastore for frequency index 5

[18:04:48] w02: 1 am here before gpu
[18:04:48] w02: 2 am here after gpu
[18:04:48] w02: Training network (Final=0) on cpu for 50 epochs...

[18:07:27] w02: start objective; params=[{"desired_latent_size":13,"hl_s1":1899,"hl_s2":758,"hl_s3":156,"hl_s4":48,"drop_rate":0.41427867642869187,"batch_size":19,"learning_rate":0.0096423549005454044,"lr_drop_factor":0.23956507217269585,"lr_drop_period":17}]
[18:07:27] w02: Preparing datastores for training and validation...

[18:07:27] w02: Using single frequency datastore for frequency index 5

[18:07:52] w02: 1 am here before gpu
[18:07:52] w02: 2 am here after gpu
[18:07:53] w02: Training network (Final=0) on cpu for 50 epochs...

[18:10:07] w02: start objective; params=[{"desired_latent_size":14,"hl_s1":1824,"hl_s2":941,"hl_s3":486,"hl_s4":34,"drop_rate":0.28915497854553562,"batch_size":25,"learning_rate":0.0024033717503058132,"lr_drop_factor":0.493186007402146,"lr_drop_period":5}]
[18:10:07] w02: Preparing datastores for training and validation...

[18:10:07] w02: Using single frequency datastore for frequency index 5

[18:10:32] w02: 1 am here before gpu
[18:10:32] w02: 2 am here after gpu
[18:10:32] w02: Training network (Final=0) on cpu for 50 epochs...

[18:12:15] w02: start objective; params=[{"desired_latent_size":13,"hl_s1":1461,"hl_s2":975,"hl_s3":491,"hl_s4":36,"drop_rate":0.48090221519699677,"batch_size":4,"learning_rate":0.0019859636025301719,"lr_drop_factor":0.14167499589144775,"lr_drop_period":19}]
[18:12:15] w02: Preparing datastores for training and validation...

[18:12:15] w02: Using single frequency datastore for frequency index 5

[18:12:41] w02: 1 am here before gpu
[18:12:41] w02: 2 am here after gpu
[18:12:42] w02: Training network (Final=0) on cpu for 50 epochs...

[18:14:48] w02: start objective; params=[{"desired_latent_size":11,"hl_s1":1361,"hl_s2":634,"hl_s3":493,"hl_s4":32,"drop_rate":0.0523507570916846,"batch_size":29,"learning_rate":0.0012570539700603755,"lr_drop_factor":0.49922151135063914,"lr_drop_period":11}]
[18:14:48] w02: Preparing datastores for training and validation...

[18:14:48] w02: Using single frequency datastore for frequency index 5

[18:15:13] w02: 1 am here before gpu
[18:15:13] w02: 2 am here after gpu
[18:15:14] w02: Training network (Final=0) on cpu for 50 epochs...

[18:17:00] w02: start objective; params=[{"desired_latent_size":14,"hl_s1":1301,"hl_s2":515,"hl_s3":170,"hl_s4":55,"drop_rate":0.33128288946582546,"batch_size":18,"learning_rate":0.0040056089325088045,"lr_drop_factor":0.12354184385218842,"lr_drop_period":16}]
[18:17:00] w02: Preparing datastores for training and validation...

[18:17:00] w02: Using single frequency datastore for frequency index 5

[18:17:26] w02: 1 am here before gpu
[18:17:26] w02: 2 am here after gpu
[18:17:28] w02: Training network (Final=0) on cpu for 50 epochs...

[18:19:50] w02: start objective; params=[{"desired_latent_size":13,"hl_s1":1852,"hl_s2":994,"hl_s3":494,"hl_s4":96,"drop_rate":0.35161020036641577,"batch_size":29,"learning_rate":0.0077014277627632877,"lr_drop_factor":0.49122566306738524,"lr_drop_period":5}]
[18:19:50] w02: Preparing datastores for training and validation...

[18:19:50] w02: Using single frequency datastore for frequency index 5

[18:20:15] w02: 1 am here before gpu
[18:20:15] w02: 2 am here after gpu
[18:20:16] w02: Training network (Final=0) on cpu for 50 epochs...

[18:21:53] w02: start objective; params=[{"desired_latent_size":14,"hl_s1":1017,"hl_s2":724,"hl_s3":492,"hl_s4":90,"drop_rate":0.39387993992871556,"batch_size":31,"learning_rate":0.0074231020717516211,"lr_drop_factor":0.4797538812997556,"lr_drop_period":7}]
[18:21:53] w02: Preparing datastores for training and validation...

[18:21:53] w02: Using single frequency datastore for frequency index 5

[18:22:14] w02: 1 am here before gpu
[18:22:14] w02: 2 am here after gpu
[18:22:15] w02: Training network (Final=0) on cpu for 50 epochs...

[18:23:37] w02: start objective; params=[{"desired_latent_size":12,"hl_s1":1896,"hl_s2":663,"hl_s3":241,"hl_s4":65,"drop_rate":0.48593508427901849,"batch_size":27,"learning_rate":0.0086903274690341113,"lr_drop_factor":0.21802499076169485,"lr_drop_period":17}]
[18:23:37] w02: Preparing datastores for training and validation...

[18:23:37] w02: Using single frequency datastore for frequency index 5

[18:24:02] w02: 1 am here before gpu
[18:24:02] w02: 2 am here after gpu
[18:24:02] w02: Training network (Final=0) on cpu for 50 epochs...

[18:25:45] w02: start objective; params=[{"desired_latent_size":10,"hl_s1":1734,"hl_s2":786,"hl_s3":113,"hl_s4":60,"drop_rate":0.29230533283395566,"batch_size":14,"learning_rate":0.002024941061593049,"lr_drop_factor":0.1009203041519906,"lr_drop_period":20}]
[18:25:45] w02: Preparing datastores for training and validation...

[18:25:45] w02: Using single frequency datastore for frequency index 5

[18:26:12] w02: 1 am here before gpu
[18:26:12] w02: 2 am here after gpu
[18:26:13] w02: Training network (Final=0) on cpu for 50 epochs...

[18:28:56] w02: start objective; params=[{"desired_latent_size":10,"hl_s1":1488,"hl_s2":635,"hl_s3":492,"hl_s4":52,"drop_rate":0.44011918505489173,"batch_size":22,"learning_rate":0.001725466810811431,"lr_drop_factor":0.10483183549035706,"lr_drop_period":5}]
[18:28:56] w02: Preparing datastores for training and validation...

[18:28:56] w02: Using single frequency datastore for frequency index 5

[18:29:23] w02: 1 am here before gpu
[18:29:23] w02: 2 am here after gpu
[18:29:25] w02: Training network (Final=0) on cpu for 50 epochs...

[18:31:23] w02: start objective; params=[{"desired_latent_size":13,"hl_s1":1427,"hl_s2":692,"hl_s3":161,"hl_s4":61,"drop_rate":0.48819117853998084,"batch_size":4,"learning_rate":0.009563794750894198,"lr_drop_factor":0.11556941483713659,"lr_drop_period":13}]
[18:31:23] w02: Preparing datastores for training and validation...

[18:31:23] w02: Using single frequency datastore for frequency index 5

[18:31:48] w02: 1 am here before gpu
[18:31:48] w02: 2 am here after gpu
[18:31:49] w02: Training network (Final=0) on cpu for 50 epochs...

[18:33:48] w02: start objective; params=[{"desired_latent_size":13,"hl_s1":1288,"hl_s2":523,"hl_s3":488,"hl_s4":68,"drop_rate":0.27855685299157545,"batch_size":17,"learning_rate":0.00966137054064588,"lr_drop_factor":0.1046693046903794,"lr_drop_period":6}]
[18:33:48] w02: Preparing datastores for training and validation...

[18:33:48] w02: Using single frequency datastore for frequency index 5

[18:34:16] w02: 1 am here before gpu
[18:34:16] w02: 2 am here after gpu
[18:34:16] w02: Training network (Final=0) on cpu for 50 epochs...

[18:35:59] w02: start objective; params=[{"desired_latent_size":13,"hl_s1":1525,"hl_s2":930,"hl_s3":174,"hl_s4":35,"drop_rate":0.020223201221946444,"batch_size":24,"learning_rate":0.0087215576524488827,"lr_drop_factor":0.12675927385275032,"lr_drop_period":5}]
[18:35:59] w02: Preparing datastores for training and validation...

[18:35:59] w02: Using single frequency datastore for frequency index 5

[18:36:27] w02: 1 am here before gpu
[18:36:27] w02: 2 am here after gpu
[18:36:28] w02: Training network (Final=0) on cpu for 50 epochs...

[18:38:07] w02: start objective; params=[{"desired_latent_size":13,"hl_s1":1968,"hl_s2":542,"hl_s3":471,"hl_s4":44,"drop_rate":0.087553526014033434,"batch_size":23,"learning_rate":0.0010407400680600414,"lr_drop_factor":0.32378575816929406,"lr_drop_period":20}]
[18:38:07] w02: Preparing datastores for training and validation...

[18:38:07] w02: Using single frequency datastore for frequency index 5

[18:38:34] w02: 1 am here before gpu
[18:38:34] w02: 2 am here after gpu
[18:38:35] w02: Training network (Final=0) on cpu for 50 epochs...

[18:40:43] w02: start objective; params=[{"desired_latent_size":14,"hl_s1":1076,"hl_s2":547,"hl_s3":469,"hl_s4":35,"drop_rate":0.20909215819662708,"batch_size":4,"learning_rate":0.00999336130798701,"lr_drop_factor":0.18991363882371209,"lr_drop_period":20}]
[18:40:43] w02: Preparing datastores for training and validation...

[18:40:43] w02: Using single frequency datastore for frequency index 5

[18:41:10] w02: 1 am here before gpu
[18:41:10] w02: 2 am here after gpu
[18:41:11] w02: Training network (Final=0) on cpu for 50 epochs...

[18:44:18] w02: start objective; params=[{"desired_latent_size":12,"hl_s1":1169,"hl_s2":738,"hl_s3":446,"hl_s4":30,"drop_rate":0.15449583830933389,"batch_size":28,"learning_rate":0.0036628651594983776,"lr_drop_factor":0.48569634832666986,"lr_drop_period":8}]
[18:44:18] w02: Preparing datastores for training and validation...

[18:44:18] w02: Using single frequency datastore for frequency index 5

[18:44:48] w02: 1 am here before gpu
[18:44:48] w02: 2 am here after gpu
[18:44:49] w02: Training network (Final=0) on cpu for 50 epochs...

[18:46:50] w02: start objective; params=[{"desired_latent_size":12,"hl_s1":1265,"hl_s2":610,"hl_s3":406,"hl_s4":62,"drop_rate":0.23579550062388366,"batch_size":11,"learning_rate":0.0033144737075070378,"lr_drop_factor":0.10187987635070195,"lr_drop_period":20}]
[18:46:50] w02: Preparing datastores for training and validation...

[18:46:50] w02: Using single frequency datastore for frequency index 5

[18:47:15] w02: 1 am here before gpu
[18:47:15] w02: 2 am here after gpu
[18:47:16] w02: Training network (Final=0) on cpu for 50 epochs...

[18:50:25] w02: start objective; params=[{"desired_latent_size":10,"hl_s1":1437,"hl_s2":844,"hl_s3":477,"hl_s4":46,"drop_rate":0.48623532236909839,"batch_size":16,"learning_rate":0.0041279335526300575,"lr_drop_factor":0.11544371978942219,"lr_drop_period":14}]
[18:50:25] w02: Preparing datastores for training and validation...

[18:50:25] w02: Using single frequency datastore for frequency index 5

[18:50:51] w02: 1 am here before gpu
[18:50:51] w02: 2 am here after gpu
[18:50:52] w02: Training network (Final=0) on cpu for 50 epochs...

[18:53:27] w02: start objective; params=[{"desired_latent_size":14,"hl_s1":1498,"hl_s2":956,"hl_s3":500,"hl_s4":33,"drop_rate":0.00818139530934342,"batch_size":16,"learning_rate":0.0011726506565499484,"lr_drop_factor":0.14714448271606206,"lr_drop_period":20}]
[18:53:27] w02: Preparing datastores for training and validation...

[18:53:27] w02: Using single frequency datastore for frequency index 5

[18:53:53] w02: 1 am here before gpu
[18:53:53] w02: 2 am here after gpu
[18:53:54] w02: Training network (Final=0) on cpu for 50 epochs...

[18:56:21] w02: start objective; params=[{"desired_latent_size":14,"hl_s1":1698,"hl_s2":820,"hl_s3":493,"hl_s4":96,"drop_rate":0.0096975143578354253,"batch_size":14,"learning_rate":0.0032150140348853858,"lr_drop_factor":0.14709961845870578,"lr_drop_period":16}]
[18:56:21] w02: Preparing datastores for training and validation...

[18:56:21] w02: Using single frequency datastore for frequency index 5

[18:56:48] w02: 1 am here before gpu
[18:56:48] w02: 2 am here after gpu
[18:56:49] w02: Training network (Final=0) on cpu for 50 epochs...

[18:59:30] w02: start objective; params=[{"desired_latent_size":10,"hl_s1":1943,"hl_s2":698,"hl_s3":136,"hl_s4":56,"drop_rate":0.38807225307223703,"batch_size":8,"learning_rate":0.0035598275460679068,"lr_drop_factor":0.49353886315119033,"lr_drop_period":6}]
[18:59:30] w02: Preparing datastores for training and validation...

[18:59:30] w02: Using single frequency datastore for frequency index 5

[18:59:57] w02: 1 am here before gpu
[18:59:57] w02: 2 am here after gpu
[18:59:58] w02: Training network (Final=0) on cpu for 50 epochs...

[19:02:04] w02: start objective; params=[{"desired_latent_size":10,"hl_s1":1576,"hl_s2":700,"hl_s3":390,"hl_s4":49,"drop_rate":0.47890493949620822,"batch_size":21,"learning_rate":0.0025620807169353154,"lr_drop_factor":0.36171676936315555,"lr_drop_period":20}]
[19:02:04] w02: Preparing datastores for training and validation...

[19:02:04] w02: Using single frequency datastore for frequency index 5

[19:02:34] w02: 1 am here before gpu
[19:02:34] w02: 2 am here after gpu
[19:02:34] w02: Training network (Final=0) on cpu for 50 epochs...

[19:04:34] w02: start objective; params=[{"desired_latent_size":10,"hl_s1":1013,"hl_s2":756,"hl_s3":269,"hl_s4":90,"drop_rate":0.47344095971284383,"batch_size":20,"learning_rate":0.0018153898423509936,"lr_drop_factor":0.26380784132691748,"lr_drop_period":20}]
[19:04:34] w02: Preparing datastores for training and validation...

[19:04:34] w02: Using single frequency datastore for frequency index 5

[19:05:01] w02: 1 am here before gpu
[19:05:01] w02: 2 am here after gpu
[19:05:02] w02: Training network (Final=0) on cpu for 50 epochs...

[20:14:06] w02: start objective; params=[{"desired_latent_size":14,"hl_s1":1197,"hl_s2":923,"hl_s3":415,"hl_s4":38,"drop_rate":0.0546702382002936}]
[20:14:06] w02: Preparing datastores for training and validation...

[20:14:06] w02: Using single frequency datastore for frequency index 6

[20:15:09] w02: 1 am here before gpu
[20:15:09] w02: 2 am here after gpu
[21:55:45] w02: start objective; params=[{"desired_latent_size":14,"hl_s1":1197,"hl_s2":923,"hl_s3":415,"hl_s4":38,"drop_rate":0.0546702382002936}]
[21:55:45] w02: Preparing datastores for training and validation...

[21:55:45] w02: Using single frequency datastore for frequency index 6

[21:56:23] w02: 1 am here before gpu
[21:56:25] w02: 2 am here after gpu
[21:56:38] w02: Training network (Final=0) on cpu for 30 epochs...

[22:09:59] w02: start objective; params=[{"desired_latent_size":14,"hl_s1":1197,"hl_s2":923,"hl_s3":415,"hl_s4":38,"drop_rate":0.0546702382002936}]
[22:09:59] w02: Preparing datastores for training and validation...

[22:09:59] w02: Using single frequency datastore for frequency index 6

[22:10:26] w02: 1 am here before gpu
[22:10:26] w02: 2 am here after gpu
[22:10:31] w02: Training network (Final=0) on cpu for 30 epochs...

[22:16:29] w02: start objective; params=[{"desired_latent_size":14,"hl_s1":1197,"hl_s2":923,"hl_s3":415,"hl_s4":38,"drop_rate":0.0546702382002936}]
[22:16:29] w02: Preparing datastores for training and validation...

[22:16:29] w02: Using single frequency datastore for frequency index 6

[22:18:23] w02: start objective; params=[{"desired_latent_size":14,"hl_s1":1197,"hl_s2":923,"hl_s3":415,"hl_s4":38,"drop_rate":0.0546702382002936}]
[22:18:23] w02: Preparing datastores for training and validation...

[22:18:23] w02: Using single frequency datastore for frequency index 6

[22:18:53] w02: 1 am here before gpu
[22:18:53] w02: 2 am here after gpu
[22:18:55] w02: Training network (Final=0) on cpu for 30 epochs...

[22:20:09] w02: start objective; params=[{"desired_latent_size":14,"hl_s1":1744,"hl_s2":763,"hl_s3":218,"hl_s4":40,"drop_rate":0.36292982223260351}]
[22:20:09] w02: Preparing datastores for training and validation...

[22:20:09] w02: Using single frequency datastore for frequency index 6

[22:20:33] w02: 1 am here before gpu
[22:20:33] w02: 2 am here after gpu
[22:20:34] w02: Training network (Final=0) on cpu for 30 epochs...

[22:21:45] w02: start objective; params=[{"desired_latent_size":14,"hl_s1":1682,"hl_s2":990,"hl_s3":413,"hl_s4":30,"drop_rate":0.41244894089377004}]
[22:21:45] w02: Preparing datastores for training and validation...

[22:21:45] w02: Using single frequency datastore for frequency index 6

[22:22:09] w02: 1 am here before gpu
[22:22:09] w02: 2 am here after gpu
[22:22:10] w02: Training network (Final=0) on cpu for 30 epochs...

[22:23:16] w02: start objective; params=[{"desired_latent_size":15,"hl_s1":1199,"hl_s2":997,"hl_s3":318,"hl_s4":100,"drop_rate":0.0047415190643273486}]
[22:23:16] w02: Preparing datastores for training and validation...

[22:23:16] w02: Using single frequency datastore for frequency index 6

[22:23:39] w02: 1 am here before gpu
[22:23:39] w02: 2 am here after gpu
[22:23:40] w02: Training network (Final=0) on cpu for 30 epochs...

[22:24:47] w02: start objective; params=[{"desired_latent_size":15,"hl_s1":1654,"hl_s2":566,"hl_s3":393,"hl_s4":97,"drop_rate":0.40584251547056815}]
[22:24:47] w02: Preparing datastores for training and validation...

[22:24:47] w02: Using single frequency datastore for frequency index 6

[22:25:07] w02: 1 am here before gpu
[22:25:07] w02: 2 am here after gpu
[22:25:07] w02: Training network (Final=0) on cpu for 30 epochs...

[22:25:38] w02: start objective; params=[{"desired_latent_size":15,"hl_s1":1096,"hl_s2":683,"hl_s3":333,"hl_s4":77,"drop_rate":0.3275401149116044}]
[22:25:38] w02: Preparing datastores for training and validation...

[22:25:38] w02: Using single frequency datastore for frequency index 6

[22:25:52] w02: 1 am here before gpu
[22:25:52] w02: 2 am here after gpu
[22:25:53] w02: Training network (Final=0) on cpu for 30 epochs...

[22:26:22] w02: start objective; params=[{"desired_latent_size":15,"hl_s1":1093,"hl_s2":923,"hl_s3":199,"hl_s4":79,"drop_rate":0.23247324586292573}]
[22:26:22] w02: Preparing datastores for training and validation...

[22:26:22] w02: Using single frequency datastore for frequency index 6

[22:26:36] w02: 1 am here before gpu
[22:26:36] w02: 2 am here after gpu
[22:26:36] w02: Training network (Final=0) on cpu for 30 epochs...

[22:27:05] w02: start objective; params=[{"desired_latent_size":14,"hl_s1":1093,"hl_s2":542,"hl_s3":374,"hl_s4":46,"drop_rate":0.43238167576460157}]
[22:27:05] w02: Preparing datastores for training and validation...

[22:27:05] w02: Using single frequency datastore for frequency index 6

[22:27:19] w02: 1 am here before gpu
[22:27:19] w02: 2 am here after gpu
[22:27:19] w02: Training network (Final=0) on cpu for 30 epochs...

[22:27:48] w02: start objective; params=[{"desired_latent_size":11,"hl_s1":1098,"hl_s2":509,"hl_s3":435,"hl_s4":79,"drop_rate":0.46504782027924663}]
[22:27:48] w02: Preparing datastores for training and validation...

[22:27:48] w02: Using single frequency datastore for frequency index 6

[22:28:02] w02: 1 am here before gpu
[22:28:02] w02: 2 am here after gpu
[22:28:02] w02: Training network (Final=0) on cpu for 30 epochs...

[22:28:32] w02: start objective; params=[{"desired_latent_size":13,"hl_s1":1110,"hl_s2":545,"hl_s3":127,"hl_s4":37,"drop_rate":0.1631683741100059}]
[22:28:32] w02: Preparing datastores for training and validation...

[22:28:32] w02: Using single frequency datastore for frequency index 6

[22:28:46] w02: 1 am here before gpu
[22:28:46] w02: 2 am here after gpu
[22:28:47] w02: Training network (Final=0) on cpu for 30 epochs...

[22:29:17] w02: start objective; params=[{"desired_latent_size":15,"hl_s1":1062,"hl_s2":537,"hl_s3":180,"hl_s4":63,"drop_rate":0.44321633574629349}]
[22:29:17] w02: Preparing datastores for training and validation...

[22:29:17] w02: Using single frequency datastore for frequency index 6

[22:29:32] w02: 1 am here before gpu
[22:29:32] w02: 2 am here after gpu
[22:29:32] w02: Training network (Final=0) on cpu for 30 epochs...

[22:30:04] w02: start objective; params=[{"desired_latent_size":15,"hl_s1":1092,"hl_s2":542,"hl_s3":426,"hl_s4":95,"drop_rate":0.062331959053054289}]
[22:30:04] w02: Preparing datastores for training and validation...

[22:30:04] w02: Using single frequency datastore for frequency index 6

[22:30:18] w02: 1 am here before gpu
[22:30:18] w02: 2 am here after gpu
[22:30:18] w02: Training network (Final=0) on cpu for 30 epochs...

[22:30:49] w02: start objective; params=[{"desired_latent_size":14,"hl_s1":1038,"hl_s2":543,"hl_s3":425,"hl_s4":41,"drop_rate":0.459925530798616}]
[22:30:49] w02: Preparing datastores for training and validation...

[22:30:49] w02: Using single frequency datastore for frequency index 6

[22:31:04] w02: 1 am here before gpu
[22:31:04] w02: 2 am here after gpu
[22:31:04] w02: Training network (Final=0) on cpu for 30 epochs...

[22:31:34] w02: start objective; params=[{"desired_latent_size":10,"hl_s1":1070,"hl_s2":545,"hl_s3":329,"hl_s4":56,"drop_rate":0.033252682485138685}]
[22:31:34] w02: Preparing datastores for training and validation...

[22:31:34] w02: Using single frequency datastore for frequency index 6

[22:31:49] w02: 1 am here before gpu
[22:31:49] w02: 2 am here after gpu
[22:31:49] w02: Training network (Final=0) on cpu for 30 epochs...

[22:32:19] w02: start objective; params=[{"desired_latent_size":14,"hl_s1":1075,"hl_s2":548,"hl_s3":338,"hl_s4":83,"drop_rate":0.11802144305934989}]
[22:32:19] w02: Preparing datastores for training and validation...

[22:32:19] w02: Using single frequency datastore for frequency index 6

[22:32:34] w02: 1 am here before gpu
[22:32:34] w02: 2 am here after gpu
[22:32:34] w02: Training network (Final=0) on cpu for 30 epochs...

[22:33:03] w02: start objective; params=[{"desired_latent_size":14,"hl_s1":1119,"hl_s2":592,"hl_s3":358,"hl_s4":95,"drop_rate":0.12281062069048371}]
[22:33:03] w02: Preparing datastores for training and validation...

[22:33:03] w02: Using single frequency datastore for frequency index 6

[22:33:18] w02: 1 am here before gpu
[22:33:18] w02: 2 am here after gpu
[22:33:18] w02: Training network (Final=0) on cpu for 30 epochs...

[22:33:52] w02: start objective; params=[{"desired_latent_size":14,"hl_s1":1916,"hl_s2":505,"hl_s3":222,"hl_s4":95,"drop_rate":0.098193046720003591}]
[22:33:52] w02: Preparing datastores for training and validation...

[22:33:52] w02: Using single frequency datastore for frequency index 6

[22:34:06] w02: 1 am here before gpu
[22:34:06] w02: 2 am here after gpu
[22:34:06] w02: Training network (Final=0) on cpu for 30 epochs...

[22:34:37] w02: start objective; params=[{"desired_latent_size":13,"hl_s1":1005,"hl_s2":574,"hl_s3":406,"hl_s4":95,"drop_rate":0.073755923365008691}]
[22:34:37] w02: Preparing datastores for training and validation...

[22:34:37] w02: Using single frequency datastore for frequency index 6

[22:34:52] w02: 1 am here before gpu
[22:34:52] w02: 2 am here after gpu
[22:34:52] w02: Training network (Final=0) on cpu for 30 epochs...

[22:35:22] w02: start objective; params=[{"desired_latent_size":14,"hl_s1":1117,"hl_s2":576,"hl_s3":237,"hl_s4":45,"drop_rate":0.46264648127104357}]
[22:35:22] w02: Preparing datastores for training and validation...

[22:35:22] w02: Using single frequency datastore for frequency index 6

[22:35:38] w02: 1 am here before gpu
[22:35:38] w02: 2 am here after gpu
[22:35:38] w02: Training network (Final=0) on cpu for 30 epochs...

[22:36:08] w02: start objective; params=[{"desired_latent_size":11,"hl_s1":1059,"hl_s2":557,"hl_s3":439,"hl_s4":94,"drop_rate":0.10657050691964451}]
[22:36:08] w02: Preparing datastores for training and validation...

[22:36:08] w02: Using single frequency datastore for frequency index 6

[22:36:23] w02: 1 am here before gpu
[22:36:23] w02: 2 am here after gpu
[22:36:23] w02: Training network (Final=0) on cpu for 30 epochs...

[22:36:54] w02: start objective; params=[{"desired_latent_size":14,"hl_s1":1032,"hl_s2":909,"hl_s3":434,"hl_s4":95,"drop_rate":0.041208630610097149}]
[22:36:54] w02: Preparing datastores for training and validation...

[22:36:54] w02: Using single frequency datastore for frequency index 6

[22:37:09] w02: 1 am here before gpu
[22:37:09] w02: 2 am here after gpu
[22:37:09] w02: Training network (Final=0) on cpu for 30 epochs...

[22:37:42] w02: start objective; params=[{"desired_latent_size":15,"hl_s1":1065,"hl_s2":721,"hl_s3":315,"hl_s4":96,"drop_rate":0.093461892521757933}]
[22:37:42] w02: Preparing datastores for training and validation...

[22:37:42] w02: Using single frequency datastore for frequency index 6

[22:37:57] w02: 1 am here before gpu
[22:37:57] w02: 2 am here after gpu
[22:37:57] w02: Training network (Final=0) on cpu for 30 epochs...

[22:38:29] w02: start objective; params=[{"desired_latent_size":12,"hl_s1":1075,"hl_s2":606,"hl_s3":269,"hl_s4":36,"drop_rate":0.3614593643336414}]
[22:38:29] w02: Preparing datastores for training and validation...

[22:38:29] w02: Using single frequency datastore for frequency index 6

[22:38:44] w02: 1 am here before gpu
[22:38:44] w02: 2 am here after gpu
[22:38:44] w02: Training network (Final=0) on cpu for 30 epochs...

[22:39:14] w02: start objective; params=[{"desired_latent_size":12,"hl_s1":1088,"hl_s2":501,"hl_s3":464,"hl_s4":63,"drop_rate":0.46441590034340585}]
[22:39:14] w02: Preparing datastores for training and validation...

[22:39:14] w02: Using single frequency datastore for frequency index 6

[22:39:29] w02: 1 am here before gpu
[22:39:29] w02: 2 am here after gpu
[22:39:29] w02: Training network (Final=0) on cpu for 30 epochs...

[22:39:59] w02: start objective; params=[{"desired_latent_size":13,"hl_s1":1072,"hl_s2":500,"hl_s3":387,"hl_s4":63,"drop_rate":0.075402214212509255}]
[22:39:59] w02: Preparing datastores for training and validation...

[22:39:59] w02: Using single frequency datastore for frequency index 6

[22:40:13] w02: 1 am here before gpu
[22:40:13] w02: 2 am here after gpu
[22:40:14] w02: Training network (Final=0) on cpu for 30 epochs...

[22:40:44] w02: start objective; params=[{"desired_latent_size":13,"hl_s1":1032,"hl_s2":502,"hl_s3":480,"hl_s4":62,"drop_rate":0.056976965250711234}]
[22:40:44] w02: Preparing datastores for training and validation...

[22:40:44] w02: Using single frequency datastore for frequency index 6

[22:40:59] w02: 1 am here before gpu
[22:40:59] w02: 2 am here after gpu
[22:40:59] w02: Training network (Final=0) on cpu for 30 epochs...

[22:41:33] w02: start objective; params=[{"desired_latent_size":11,"hl_s1":1009,"hl_s2":595,"hl_s3":198,"hl_s4":70,"drop_rate":0.41665445021569164}]
[22:41:33] w02: Preparing datastores for training and validation...

[22:41:33] w02: Using single frequency datastore for frequency index 6

[22:41:47] w02: 1 am here before gpu
[22:41:47] w02: 2 am here after gpu
[22:41:48] w02: Training network (Final=0) on cpu for 30 epochs...

[22:42:21] w02: start objective; params=[{"desired_latent_size":10,"hl_s1":1007,"hl_s2":502,"hl_s3":419,"hl_s4":61,"drop_rate":0.057350988926661267}]
[22:42:21] w02: Preparing datastores for training and validation...

[22:42:21] w02: Using single frequency datastore for frequency index 6

[22:42:35] w02: 1 am here before gpu
[22:42:35] w02: 2 am here after gpu
[22:42:36] w02: Training network (Final=0) on cpu for 30 epochs...

[22:43:08] w02: start objective; params=[{"desired_latent_size":15,"hl_s1":1015,"hl_s2":534,"hl_s3":410,"hl_s4":63,"drop_rate":0.22295854751940636}]
[22:43:08] w02: Preparing datastores for training and validation...

[22:43:08] w02: Using single frequency datastore for frequency index 6

[22:43:23] w02: 1 am here before gpu
[22:43:23] w02: 2 am here after gpu
[22:43:23] w02: Training network (Final=0) on cpu for 30 epochs...

[22:43:53] w02: start objective; params=[{"desired_latent_size":14,"hl_s1":1089,"hl_s2":525,"hl_s3":224,"hl_s4":47,"drop_rate":0.10101349893006939}]
[22:43:53] w02: Preparing datastores for training and validation...

[22:43:53] w02: Using single frequency datastore for frequency index 6

[22:44:08] w02: 1 am here before gpu
[22:44:08] w02: 2 am here after gpu
[22:44:08] w02: Training network (Final=0) on cpu for 30 epochs...

[22:44:40] w02: start objective; params=[{"desired_latent_size":14,"hl_s1":1147,"hl_s2":587,"hl_s3":492,"hl_s4":36,"drop_rate":0.47042999714557365}]
[22:44:40] w02: Preparing datastores for training and validation...

[22:44:40] w02: Using single frequency datastore for frequency index 6

[22:44:55] w02: 1 am here before gpu
[22:44:55] w02: 2 am here after gpu
[22:44:55] w02: Training network (Final=0) on cpu for 30 epochs...

[22:45:29] w02: start objective; params=[{"desired_latent_size":14,"hl_s1":1098,"hl_s2":502,"hl_s3":261,"hl_s4":95,"drop_rate":0.45215183872638753}]
[22:45:29] w02: Preparing datastores for training and validation...

[22:45:29] w02: Using single frequency datastore for frequency index 6

[22:45:44] w02: 1 am here before gpu
[22:45:44] w02: 2 am here after gpu
[22:45:44] w02: Training network (Final=0) on cpu for 30 epochs...

[22:46:17] w02: start objective; params=[{"desired_latent_size":14,"hl_s1":1112,"hl_s2":658,"hl_s3":394,"hl_s4":46,"drop_rate":0.07281619292626193}]
[22:46:17] w02: Preparing datastores for training and validation...

[22:46:17] w02: Using single frequency datastore for frequency index 6

[22:46:32] w02: 1 am here before gpu
[22:46:32] w02: 2 am here after gpu
[22:46:32] w02: Training network (Final=0) on cpu for 30 epochs...

[22:47:04] w02: start objective; params=[{"desired_latent_size":14,"hl_s1":1088,"hl_s2":529,"hl_s3":311,"hl_s4":95,"drop_rate":0.14304645311636283}]
[22:47:04] w02: Preparing datastores for training and validation...

[22:47:04] w02: Using single frequency datastore for frequency index 6

[22:47:19] w02: 1 am here before gpu
[22:47:19] w02: 2 am here after gpu
[22:47:19] w02: Training network (Final=0) on cpu for 30 epochs...

[22:47:51] w02: start objective; params=[{"desired_latent_size":13,"hl_s1":1015,"hl_s2":577,"hl_s3":425,"hl_s4":63,"drop_rate":0.26802122540290174}]
[22:47:51] w02: Preparing datastores for training and validation...

[22:47:51] w02: Using single frequency datastore for frequency index 6

[22:48:06] w02: 1 am here before gpu
[22:48:06] w02: 2 am here after gpu
[22:48:06] w02: Training network (Final=0) on cpu for 30 epochs...

[22:48:37] w02: start objective; params=[{"desired_latent_size":11,"hl_s1":2000,"hl_s2":767,"hl_s3":438,"hl_s4":97,"drop_rate":0.32187064673279459}]
[22:48:37] w02: Preparing datastores for training and validation...

[22:48:37] w02: Using single frequency datastore for frequency index 6

[22:48:52] w02: 1 am here before gpu
[22:48:52] w02: 2 am here after gpu
[22:48:53] w02: Training network (Final=0) on cpu for 30 epochs...

[22:49:25] w02: start objective; params=[{"desired_latent_size":11,"hl_s1":1713,"hl_s2":1000,"hl_s3":255,"hl_s4":97,"drop_rate":0.01620022753869671}]
[22:49:25] w02: Preparing datastores for training and validation...

[22:49:25] w02: Using single frequency datastore for frequency index 6

[22:49:41] w02: 1 am here before gpu
[22:49:41] w02: 2 am here after gpu
[22:49:41] w02: Training network (Final=0) on cpu for 30 epochs...

[22:50:16] w02: start objective; params=[{"desired_latent_size":11,"hl_s1":1999,"hl_s2":675,"hl_s3":259,"hl_s4":31,"drop_rate":0.4228109488829187}]
[22:50:16] w02: Preparing datastores for training and validation...

[22:50:16] w02: Using single frequency datastore for frequency index 6

[22:50:31] w02: 1 am here before gpu
[22:50:31] w02: 2 am here after gpu
[22:50:31] w02: Training network (Final=0) on cpu for 30 epochs...

[22:51:06] w02: start objective; params=[{"desired_latent_size":11,"hl_s1":1003,"hl_s2":987,"hl_s3":179,"hl_s4":31,"drop_rate":0.16761956257562333}]
[22:51:06] w02: Preparing datastores for training and validation...

[22:51:06] w02: Using single frequency datastore for frequency index 6

[22:51:21] w02: 1 am here before gpu
[22:51:21] w02: 2 am here after gpu
[22:51:21] w02: Training network (Final=0) on cpu for 30 epochs...

[22:51:55] w02: start objective; params=[{"desired_latent_size":13,"hl_s1":1006,"hl_s2":993,"hl_s3":386,"hl_s4":31,"drop_rate":0.32273052752635756}]
[22:51:55] w02: Preparing datastores for training and validation...

[22:51:55] w02: Using single frequency datastore for frequency index 6

[22:52:10] w02: 1 am here before gpu
[22:52:10] w02: 2 am here after gpu
[22:52:11] w02: Training network (Final=0) on cpu for 30 epochs...

[22:52:44] w02: start objective; params=[{"desired_latent_size":13,"hl_s1":1449,"hl_s2":1000,"hl_s3":352,"hl_s4":70,"drop_rate":0.20296627224078662}]
[22:52:44] w02: Preparing datastores for training and validation...

[22:52:44] w02: Using single frequency datastore for frequency index 6

[22:52:59] w02: 1 am here before gpu
[22:52:59] w02: 2 am here after gpu
[22:52:59] w02: Training network (Final=0) on cpu for 30 epochs...

[22:53:35] w02: start objective; params=[{"desired_latent_size":15,"hl_s1":1331,"hl_s2":524,"hl_s3":254,"hl_s4":51,"drop_rate":0.45898071486161907}]
[22:53:35] w02: Preparing datastores for training and validation...

[22:53:35] w02: Using single frequency datastore for frequency index 6

[22:53:50] w02: 1 am here before gpu
[22:53:50] w02: 2 am here after gpu
[22:53:50] w02: Training network (Final=0) on cpu for 30 epochs...

[22:54:24] w02: start objective; params=[{"desired_latent_size":14,"hl_s1":1111,"hl_s2":531,"hl_s3":168,"hl_s4":46,"drop_rate":0.43516822616767481}]
[22:54:24] w02: Preparing datastores for training and validation...

[22:54:24] w02: Using single frequency datastore for frequency index 6

[22:54:40] w02: 1 am here before gpu
[22:54:40] w02: 2 am here after gpu
[22:54:40] w02: Training network (Final=0) on cpu for 30 epochs...

[22:55:16] w02: start objective; params=[{"desired_latent_size":14,"hl_s1":1029,"hl_s2":995,"hl_s3":391,"hl_s4":31,"drop_rate":0.21325249873969054}]
[22:55:16] w02: Preparing datastores for training and validation...

[22:55:16] w02: Using single frequency datastore for frequency index 6

[22:55:31] w02: 1 am here before gpu
[22:55:31] w02: 2 am here after gpu
[22:55:31] w02: Training network (Final=0) on cpu for 30 epochs...

[22:56:10] w02: start objective; params=[{"desired_latent_size":12,"hl_s1":1032,"hl_s2":987,"hl_s3":345,"hl_s4":31,"drop_rate":0.16039922271544937}]
[22:56:10] w02: Preparing datastores for training and validation...

[22:56:10] w02: Using single frequency datastore for frequency index 6

[22:56:24] w02: 1 am here before gpu
[22:56:24] w02: 2 am here after gpu
[22:56:25] w02: Training network (Final=0) on cpu for 30 epochs...

[22:56:56] w02: start objective; params=[{"desired_latent_size":15,"hl_s1":1114,"hl_s2":541,"hl_s3":331,"hl_s4":77,"drop_rate":0.33862093273660276}]
[22:56:56] w02: Preparing datastores for training and validation...

[22:56:56] w02: Using single frequency datastore for frequency index 6

[22:57:11] w02: 1 am here before gpu
[22:57:11] w02: 2 am here after gpu
[22:57:11] w02: Training network (Final=0) on cpu for 30 epochs...

[22:57:44] w02: start objective; params=[{"desired_latent_size":12,"hl_s1":1095,"hl_s2":552,"hl_s3":395,"hl_s4":36,"drop_rate":0.19591450053351533}]
[22:57:44] w02: Preparing datastores for training and validation...

[22:57:44] w02: Using single frequency datastore for frequency index 6

[22:57:59] w02: 1 am here before gpu
[22:57:59] w02: 2 am here after gpu
[22:57:59] w02: Training network (Final=0) on cpu for 30 epochs...

[22:58:31] w02: start objective; params=[{"desired_latent_size":12,"hl_s1":1081,"hl_s2":558,"hl_s3":223,"hl_s4":36,"drop_rate":0.23398577544501586}]
[22:58:31] w02: Preparing datastores for training and validation...

[22:58:31] w02: Using single frequency datastore for frequency index 6

[22:58:46] w02: 1 am here before gpu
[22:58:46] w02: 2 am here after gpu
[22:58:47] w02: Training network (Final=0) on cpu for 30 epochs...

[22:59:23] w02: start objective; params=[{"desired_latent_size":13,"hl_s1":1986,"hl_s2":998,"hl_s3":401,"hl_s4":66,"drop_rate":0.017786060719857361}]
[22:59:23] w02: Preparing datastores for training and validation...

[22:59:23] w02: Using single frequency datastore for frequency index 6

[22:59:37] w02: 1 am here before gpu
[22:59:37] w02: 2 am here after gpu
[22:59:37] w02: Training network (Final=0) on cpu for 30 epochs...

[23:00:15] w02: start objective; params=[{"desired_latent_size":14,"hl_s1":1756,"hl_s2":860,"hl_s3":242,"hl_s4":75,"drop_rate":0.28926787802448251}]
[23:00:15] w02: Preparing datastores for training and validation...

[23:00:15] w02: Using single frequency datastore for frequency index 6

[23:00:30] w02: 1 am here before gpu
[23:00:30] w02: 2 am here after gpu
[23:00:30] w02: Training network (Final=0) on cpu for 30 epochs...

[23:01:44] w02: start objective; params=[{"desired_latent_size":14,"hl_s1":1030,"hl_s2":992,"hl_s3":375,"hl_s4":49,"drop_rate":0.48810702490457558}]
[23:01:44] w02: Preparing datastores for training and validation...

[23:01:44] w02: Using single frequency datastore for frequency index 6

[23:02:10] w02: 1 am here before gpu
[23:02:10] w02: 2 am here after gpu
[23:02:10] w02: Training network (Final=0) on cpu for 30 epochs...

[23:03:33] w02: start objective; params=[{"desired_latent_size":10,"hl_s1":1986,"hl_s2":974,"hl_s3":323,"hl_s4":84,"drop_rate":0.0027183221997374983}]
[23:03:33] w02: Preparing datastores for training and validation...

[23:03:33] w02: Using single frequency datastore for frequency index 6

[23:03:59] w02: 1 am here before gpu
[23:03:59] w02: 2 am here after gpu
[23:03:59] w02: Training network (Final=0) on cpu for 30 epochs...

[23:05:24] w02: start objective; params=[{"desired_latent_size":10,"hl_s1":1014,"hl_s2":982,"hl_s3":210,"hl_s4":40,"drop_rate":0.48157636885133609}]
[23:05:24] w02: Preparing datastores for training and validation...

[23:05:24] w02: Using single frequency datastore for frequency index 6

[23:05:49] w02: 1 am here before gpu
[23:05:49] w02: 2 am here after gpu
[23:05:50] w02: Training network (Final=0) on cpu for 30 epochs...

[23:07:10] w02: start objective; params=[{"desired_latent_size":14,"hl_s1":1998,"hl_s2":775,"hl_s3":326,"hl_s4":57,"drop_rate":0.026119699435014965}]
[23:07:10] w02: Preparing datastores for training and validation...

[23:07:10] w02: Using single frequency datastore for frequency index 6

[23:07:36] w02: 1 am here before gpu
[23:07:36] w02: 2 am here after gpu
[23:07:37] w02: Training network (Final=0) on cpu for 30 epochs...

[23:09:00] w02: start objective; params=[{"desired_latent_size":10,"hl_s1":1685,"hl_s2":732,"hl_s3":439,"hl_s4":100,"drop_rate":0.076816476242131}]
[23:09:00] w02: Preparing datastores for training and validation...

[23:09:00] w02: Using single frequency datastore for frequency index 6

[23:09:26] w02: 1 am here before gpu
[23:09:26] w02: 2 am here after gpu
[23:09:27] w02: Training network (Final=0) on cpu for 30 epochs...

[23:10:49] w02: start objective; params=[{"desired_latent_size":12,"hl_s1":1666,"hl_s2":999,"hl_s3":117,"hl_s4":96,"drop_rate":0.30563239285476196}]
[23:10:49] w02: Preparing datastores for training and validation...

[23:10:49] w02: Using single frequency datastore for frequency index 6

[23:11:15] w02: 1 am here before gpu
[23:11:15] w02: 2 am here after gpu
[23:11:16] w02: Training network (Final=0) on cpu for 30 epochs...

[23:26:46] w02: start objective; params=[{"desired_latent_size":14,"hl_s1":1197,"hl_s2":923,"hl_s3":415,"hl_s4":38,"drop_rate":0.0546702382002936}]
[23:27:17] w02: Training network (Final=0) on cpu for 30 epochs...

[23:28:04] w02: start objective; params=[{"desired_latent_size":14,"hl_s1":1744,"hl_s2":763,"hl_s3":218,"hl_s4":40,"drop_rate":0.36292982223260351}]
[23:28:19] w02: Training network (Final=0) on cpu for 30 epochs...

[23:28:53] w02: start objective; params=[{"desired_latent_size":12,"hl_s1":1321,"hl_s2":650,"hl_s3":487,"hl_s4":96,"drop_rate":0.031634857382225323}]
[23:29:10] w02: Training network (Final=0) on cpu for 30 epochs...

[23:29:45] w02: start objective; params=[{"desired_latent_size":10,"hl_s1":1125,"hl_s2":998,"hl_s3":370,"hl_s4":63,"drop_rate":0.0248878048108902}]
[23:30:01] w02: Training network (Final=0) on cpu for 30 epochs...

[23:30:37] w02: start objective; params=[{"desired_latent_size":14,"hl_s1":1310,"hl_s2":671,"hl_s3":433,"hl_s4":41,"drop_rate":0.095975140700475053}]
[23:30:52] w02: Training network (Final=0) on cpu for 30 epochs...

[23:31:28] w02: start objective; params=[{"desired_latent_size":14,"hl_s1":1833,"hl_s2":985,"hl_s3":497,"hl_s4":72,"drop_rate":0.34522211813707887}]
[23:31:44] w02: Training network (Final=0) on cpu for 30 epochs...

[23:32:18] w02: start objective; params=[{"desired_latent_size":10,"hl_s1":1997,"hl_s2":623,"hl_s3":239,"hl_s4":51,"drop_rate":0.36883203993110381}]
[23:32:34] w02: Training network (Final=0) on cpu for 30 epochs...

[23:33:11] w02: start objective; params=[{"desired_latent_size":14,"hl_s1":1315,"hl_s2":897,"hl_s3":108,"hl_s4":90,"drop_rate":0.32586629113946397}]
[23:33:27] w02: Training network (Final=0) on cpu for 30 epochs...

[23:34:05] w02: start objective; params=[{"desired_latent_size":14,"hl_s1":1704,"hl_s2":905,"hl_s3":493,"hl_s4":31,"drop_rate":0.3516416205056333}]
[23:34:20] w02: Training network (Final=0) on cpu for 30 epochs...

[23:34:57] w02: start objective; params=[{"desired_latent_size":11,"hl_s1":1687,"hl_s2":674,"hl_s3":252,"hl_s4":74,"drop_rate":0.26499316256499122}]
[23:35:12] w02: Training network (Final=0) on cpu for 30 epochs...

[23:35:46] w02: start objective; params=[{"desired_latent_size":14,"hl_s1":1240,"hl_s2":897,"hl_s3":404,"hl_s4":68,"drop_rate":0.210873890336098}]
[23:36:01] w02: Training network (Final=0) on cpu for 30 epochs...

[23:36:36] w02: start objective; params=[{"desired_latent_size":14,"hl_s1":1149,"hl_s2":941,"hl_s3":409,"hl_s4":48,"drop_rate":0.005681370171838368}]
[23:36:51] w02: Training network (Final=0) on cpu for 30 epochs...

[23:37:28] w02: start objective; params=[{"desired_latent_size":11,"hl_s1":1872,"hl_s2":686,"hl_s3":100,"hl_s4":33,"drop_rate":0.11932090290948022}]
[23:37:43] w02: Training network (Final=0) on cpu for 30 epochs...

[23:38:19] w02: start objective; params=[{"desired_latent_size":12,"hl_s1":1406,"hl_s2":902,"hl_s3":484,"hl_s4":36,"drop_rate":0.11689960142745034}]
[23:38:35] w02: Training network (Final=0) on cpu for 30 epochs...

[23:39:09] w02: start objective; params=[{"desired_latent_size":14,"hl_s1":1364,"hl_s2":927,"hl_s3":355,"hl_s4":31,"drop_rate":0.095315578514283433}]
[23:39:25] w02: Training network (Final=0) on cpu for 30 epochs...

[23:39:59] w02: start objective; params=[{"desired_latent_size":14,"hl_s1":1140,"hl_s2":915,"hl_s3":489,"hl_s4":32,"drop_rate":0.0035038097828290161}]
[23:40:15] w02: Training network (Final=0) on cpu for 30 epochs...

[23:40:51] w02: start objective; params=[{"desired_latent_size":14,"hl_s1":1542,"hl_s2":915,"hl_s3":407,"hl_s4":39,"drop_rate":0.10832811381002078}]
[23:41:06] w02: Training network (Final=0) on cpu for 30 epochs...

[23:41:45] w02: start objective; params=[{"desired_latent_size":14,"hl_s1":1797,"hl_s2":915,"hl_s3":420,"hl_s4":52,"drop_rate":0.053734524627439585}]
[23:42:01] w02: Training network (Final=0) on cpu for 30 epochs...

[23:42:36] w02: start objective; params=[{"desired_latent_size":14,"hl_s1":1127,"hl_s2":903,"hl_s3":425,"hl_s4":47,"drop_rate":0.063529352328717009}]
[23:42:52] w02: Training network (Final=0) on cpu for 30 epochs...

[23:43:29] w02: start objective; params=[{"desired_latent_size":14,"hl_s1":1622,"hl_s2":923,"hl_s3":460,"hl_s4":97,"drop_rate":0.11197472035645394}]
[23:43:46] w02: Training network (Final=0) on cpu for 30 epochs...

[23:44:25] w02: start objective; params=[{"desired_latent_size":14,"hl_s1":1221,"hl_s2":923,"hl_s3":402,"hl_s4":38,"drop_rate":0.31541394563365877}]
[23:44:40] w02: Training network (Final=0) on cpu for 30 epochs...

[23:45:17] w02: start objective; params=[{"desired_latent_size":14,"hl_s1":1193,"hl_s2":934,"hl_s3":402,"hl_s4":41,"drop_rate":0.082102185382437992}]
[23:45:33] w02: Training network (Final=0) on cpu for 30 epochs...

[23:46:11] w02: start objective; params=[{"desired_latent_size":14,"hl_s1":1206,"hl_s2":894,"hl_s3":415,"hl_s4":35,"drop_rate":0.039728432075870415}]
[23:46:28] w02: Training network (Final=0) on cpu for 30 epochs...

[23:47:05] w02: start objective; params=[{"desired_latent_size":11,"hl_s1":1080,"hl_s2":661,"hl_s3":138,"hl_s4":61,"drop_rate":0.39417625094094277}]
[23:47:22] w02: Training network (Final=0) on cpu for 30 epochs...

[23:48:00] w02: start objective; params=[{"desired_latent_size":14,"hl_s1":1008,"hl_s2":985,"hl_s3":275,"hl_s4":48,"drop_rate":0.00029845438040155062}]
[23:48:15] w02: Training network (Final=0) on cpu for 30 epochs...

[23:48:54] w02: start objective; params=[{"desired_latent_size":10,"hl_s1":1040,"hl_s2":998,"hl_s3":138,"hl_s4":71,"drop_rate":0.47686013816192285}]
[23:49:10] w02: Training network (Final=0) on cpu for 30 epochs...

[23:49:49] w02: start objective; params=[{"desired_latent_size":11,"hl_s1":1070,"hl_s2":621,"hl_s3":138,"hl_s4":56,"drop_rate":0.34616235371337034}]
[23:50:06] w02: Training network (Final=0) on cpu for 30 epochs...

[23:50:44] w02: start objective; params=[{"desired_latent_size":14,"hl_s1":1172,"hl_s2":983,"hl_s3":335,"hl_s4":65,"drop_rate":0.010364982820675914}]
[23:51:00] w02: Training network (Final=0) on cpu for 30 epochs...

[23:51:40] w02: start objective; params=[{"desired_latent_size":10,"hl_s1":1503,"hl_s2":529,"hl_s3":420,"hl_s4":34,"drop_rate":0.49794213370212992}]
[23:51:55] w02: Training network (Final=0) on cpu for 30 epochs...

[23:52:33] w02: start objective; params=[{"desired_latent_size":14,"hl_s1":1191,"hl_s2":963,"hl_s3":369,"hl_s4":66,"drop_rate":0.045585432418733696}]
[23:52:50] w02: Training network (Final=0) on cpu for 30 epochs...

[23:53:31] w02: start objective; params=[{"desired_latent_size":14,"hl_s1":1102,"hl_s2":996,"hl_s3":313,"hl_s4":66,"drop_rate":0.023331333592947895}]
[23:53:50] w02: Training network (Final=0) on cpu for 30 epochs...

[23:54:29] w02: start objective; params=[{"desired_latent_size":13,"hl_s1":1507,"hl_s2":526,"hl_s3":499,"hl_s4":94,"drop_rate":0.27207059382340293}]
[23:54:45] w02: Training network (Final=0) on cpu for 30 epochs...

[23:55:24] w02: start objective; params=[{"desired_latent_size":13,"hl_s1":1698,"hl_s2":958,"hl_s3":477,"hl_s4":94,"drop_rate":0.14518544248802007}]
[23:55:39] w02: Training network (Final=0) on cpu for 30 epochs...

[23:56:20] w02: start objective; params=[{"desired_latent_size":15,"hl_s1":1145,"hl_s2":561,"hl_s3":230,"hl_s4":30,"drop_rate":0.17928678409659937}]
[23:56:36] w02: Training network (Final=0) on cpu for 30 epochs...

[23:57:15] w02: start objective; params=[{"desired_latent_size":13,"hl_s1":1523,"hl_s2":556,"hl_s3":499,"hl_s4":91,"drop_rate":0.36666049608127149}]
[23:57:32] w02: Training network (Final=0) on cpu for 30 epochs...

[23:58:10] w02: start objective; params=[{"desired_latent_size":10,"hl_s1":1541,"hl_s2":983,"hl_s3":494,"hl_s4":99,"drop_rate":0.37680054026295273}]
[23:58:26] w02: Training network (Final=0) on cpu for 30 epochs...

[23:59:04] w02: start objective; params=[{"desired_latent_size":15,"hl_s1":1002,"hl_s2":614,"hl_s3":152,"hl_s4":100,"drop_rate":0.31357491158981926}]
[23:59:20] w02: Training network (Final=0) on cpu for 30 epochs...

[00:00:02] w02: start objective; params=[{"desired_latent_size":14,"hl_s1":1877,"hl_s2":833,"hl_s3":104,"hl_s4":66,"drop_rate":0.30315937514335078}]
[00:00:18] w02: Training network (Final=0) on cpu for 30 epochs...

[00:00:56] w02: start objective; params=[{"desired_latent_size":10,"hl_s1":1519,"hl_s2":636,"hl_s3":143,"hl_s4":99,"drop_rate":0.27218786110211324}]
[00:01:12] w02: Training network (Final=0) on cpu for 30 epochs...

[00:01:51] w02: start objective; params=[{"desired_latent_size":10,"hl_s1":1997,"hl_s2":641,"hl_s3":471,"hl_s4":44,"drop_rate":0.054403471935310241}]
[00:02:07] w02: Training network (Final=0) on cpu for 30 epochs...

[00:02:46] w02: start objective; params=[{"desired_latent_size":10,"hl_s1":1471,"hl_s2":650,"hl_s3":105,"hl_s4":71,"drop_rate":0.27627905720884455}]
[00:03:02] w02: Training network (Final=0) on cpu for 30 epochs...

[00:03:41] w02: start objective; params=[{"desired_latent_size":15,"hl_s1":1766,"hl_s2":578,"hl_s3":313,"hl_s4":100,"drop_rate":0.36305310436822713}]
[00:03:57] w02: Training network (Final=0) on cpu for 30 epochs...

[00:04:36] w02: start objective; params=[{"desired_latent_size":15,"hl_s1":1419,"hl_s2":634,"hl_s3":258,"hl_s4":67,"drop_rate":0.18929318032448861}]
[00:04:52] w02: Training network (Final=0) on cpu for 30 epochs...

[00:05:32] w02: start objective; params=[{"desired_latent_size":15,"hl_s1":1304,"hl_s2":711,"hl_s3":106,"hl_s4":30,"drop_rate":0.034621996867382536}]
[00:05:50] w02: Training network (Final=0) on cpu for 30 epochs...

[00:06:30] w02: start objective; params=[{"desired_latent_size":14,"hl_s1":1591,"hl_s2":523,"hl_s3":103,"hl_s4":30,"drop_rate":0.41576805237785264}]
[00:06:47] w02: Training network (Final=0) on cpu for 30 epochs...

[00:07:28] w02: start objective; params=[{"desired_latent_size":15,"hl_s1":1235,"hl_s2":620,"hl_s3":102,"hl_s4":68,"drop_rate":0.087675129496129045}]
[00:07:43] w02: Training network (Final=0) on cpu for 30 epochs...

[00:08:25] w02: start objective; params=[{"desired_latent_size":11,"hl_s1":1006,"hl_s2":985,"hl_s3":108,"hl_s4":30,"drop_rate":0.13791806871775719}]
[00:08:41] w02: Training network (Final=0) on cpu for 30 epochs...

[00:09:21] w02: start objective; params=[{"desired_latent_size":12,"hl_s1":1155,"hl_s2":969,"hl_s3":229,"hl_s4":100,"drop_rate":0.30846242334763352}]
[00:09:40] w02: Training network (Final=0) on cpu for 30 epochs...

[00:10:21] w02: start objective; params=[{"desired_latent_size":15,"hl_s1":1005,"hl_s2":747,"hl_s3":258,"hl_s4":85,"drop_rate":0.13206911704267166}]
[00:10:39] w02: Training network (Final=0) on cpu for 30 epochs...

[00:11:20] w02: start objective; params=[{"desired_latent_size":13,"hl_s1":1991,"hl_s2":990,"hl_s3":490,"hl_s4":30,"drop_rate":0.47036261550561959}]
[00:11:36] w02: Training network (Final=0) on cpu for 30 epochs...

[00:12:20] w02: start objective; params=[{"desired_latent_size":13,"hl_s1":1845,"hl_s2":749,"hl_s3":307,"hl_s4":82,"drop_rate":0.067968188750824374}]
[00:12:35] w02: Training network (Final=0) on cpu for 30 epochs...

[00:13:17] w02: start objective; params=[{"desired_latent_size":15,"hl_s1":1504,"hl_s2":821,"hl_s3":277,"hl_s4":84,"drop_rate":0.078549372837324938}]
[00:13:36] w02: Training network (Final=0) on cpu for 30 epochs...

[00:14:17] w02: start objective; params=[{"desired_latent_size":14,"hl_s1":1106,"hl_s2":973,"hl_s3":348,"hl_s4":32,"drop_rate":0.284454631030865}]
[00:14:34] w02: Training network (Final=0) on cpu for 30 epochs...

[00:15:15] w02: start objective; params=[{"desired_latent_size":12,"hl_s1":1485,"hl_s2":512,"hl_s3":496,"hl_s4":98,"drop_rate":0.23877501408563809}]
[00:15:32] w02: Training network (Final=0) on cpu for 30 epochs...

[00:16:13] w02: start objective; params=[{"desired_latent_size":14,"hl_s1":1382,"hl_s2":507,"hl_s3":106,"hl_s4":40,"drop_rate":0.28034610907065272}]
[00:16:29] w02: Training network (Final=0) on cpu for 30 epochs...

[00:17:12] w02: start objective; params=[{"desired_latent_size":14,"hl_s1":1454,"hl_s2":508,"hl_s3":484,"hl_s4":97,"drop_rate":0.26601321001622241}]
[00:17:28] w02: Training network (Final=0) on cpu for 30 epochs...

[00:18:08] w02: start objective; params=[{"desired_latent_size":10,"hl_s1":1579,"hl_s2":746,"hl_s3":233,"hl_s4":30,"drop_rate":0.12789472423404524}]
[00:18:25] w02: Training network (Final=0) on cpu for 30 epochs...

[00:21:25] w02: start objective; params=[{"desired_latent_size":12,"hl_s1":1878,"hl_s2":984,"hl_s3":453,"hl_s4":88,"drop_rate":0.031020005195589118}]
[00:21:59] w02: Training network (Final=0) on cpu for 30 epochs...

[00:23:35] w02: start objective; params=[{"desired_latent_size":14,"hl_s1":1650,"hl_s2":526,"hl_s3":464,"hl_s4":56,"drop_rate":0.22113582593137937}]
[00:24:05] w02: Training network (Final=0) on cpu for 30 epochs...

[00:25:46] w02: start objective; params=[{"desired_latent_size":12,"hl_s1":1827,"hl_s2":990,"hl_s3":465,"hl_s4":86,"drop_rate":0.029499437973386028}]
[00:26:17] w02: Training network (Final=0) on cpu for 30 epochs...

[00:27:54] w02: start objective; params=[{"desired_latent_size":12,"hl_s1":1599,"hl_s2":996,"hl_s3":466,"hl_s4":78,"drop_rate":0.040525031214331278}]
[00:28:26] w02: Training network (Final=0) on cpu for 30 epochs...

[00:30:03] w02: start objective; params=[{"desired_latent_size":12,"hl_s1":1178,"hl_s2":1000,"hl_s3":485,"hl_s4":57,"drop_rate":0.055197957697548095}]
[00:30:34] w02: Training network (Final=0) on cpu for 30 epochs...

[00:32:14] w02: start objective; params=[{"desired_latent_size":14,"hl_s1":1043,"hl_s2":999,"hl_s3":500,"hl_s4":86,"drop_rate":0.19329870289610845}]
[00:32:48] w02: Training network (Final=0) on cpu for 30 epochs...

[00:34:25] w02: start objective; params=[{"desired_latent_size":12,"hl_s1":1996,"hl_s2":846,"hl_s3":500,"hl_s4":33,"drop_rate":0.067009049832907563}]
[00:34:58] w02: Training network (Final=0) on cpu for 30 epochs...

[00:36:37] w02: start objective; params=[{"desired_latent_size":12,"hl_s1":1118,"hl_s2":987,"hl_s3":499,"hl_s4":76,"drop_rate":0.064952755602864509}]
[00:37:07] w02: Training network (Final=0) on cpu for 30 epochs...

[00:38:48] w02: start objective; params=[{"desired_latent_size":11,"hl_s1":1609,"hl_s2":991,"hl_s3":340,"hl_s4":51,"drop_rate":0.24610024805787806}]
[00:39:20] w02: Training network (Final=0) on cpu for 30 epochs...

[00:40:59] w02: start objective; params=[{"desired_latent_size":11,"hl_s1":1692,"hl_s2":885,"hl_s3":493,"hl_s4":52,"drop_rate":0.10816143998106875}]
[00:41:31] w02: Training network (Final=0) on cpu for 30 epochs...

[00:43:12] w02: start objective; params=[{"desired_latent_size":11,"hl_s1":1879,"hl_s2":786,"hl_s3":498,"hl_s4":45,"drop_rate":0.13728201025995201}]
[00:43:45] w02: Training network (Final=0) on cpu for 30 epochs...

[00:45:31] w02: start objective; params=[{"desired_latent_size":13,"hl_s1":1675,"hl_s2":771,"hl_s3":209,"hl_s4":48,"drop_rate":0.054852477945836281}]
[00:46:03] w02: Training network (Final=0) on cpu for 30 epochs...

[00:47:43] w02: start objective; params=[{"desired_latent_size":12,"hl_s1":1723,"hl_s2":987,"hl_s3":499,"hl_s4":54,"drop_rate":0.33427320910646352}]
[00:48:16] w02: Training network (Final=0) on cpu for 30 epochs...

[00:49:53] w02: start objective; params=[{"desired_latent_size":13,"hl_s1":1681,"hl_s2":990,"hl_s3":458,"hl_s4":50,"drop_rate":0.033374103779182471}]
[00:50:30] w02: Training network (Final=0) on cpu for 30 epochs...

[00:52:11] w02: start objective; params=[{"desired_latent_size":11,"hl_s1":1244,"hl_s2":961,"hl_s3":481,"hl_s4":55,"drop_rate":0.27849621471964131}]
[00:52:43] w02: Training network (Final=0) on cpu for 30 epochs...

[00:54:22] w02: start objective; params=[{"desired_latent_size":11,"hl_s1":1744,"hl_s2":585,"hl_s3":311,"hl_s4":50,"drop_rate":0.067639065704639}]
[00:54:54] w02: Training network (Final=0) on cpu for 30 epochs...

[00:56:37] w02: start objective; params=[{"desired_latent_size":13,"hl_s1":1014,"hl_s2":1000,"hl_s3":420,"hl_s4":52,"drop_rate":0.017342779419637869}]
[00:57:10] w02: Training network (Final=0) on cpu for 30 epochs...

[00:58:55] w02: start objective; params=[{"desired_latent_size":12,"hl_s1":1997,"hl_s2":993,"hl_s3":405,"hl_s4":41,"drop_rate":0.470858156739827}]
[00:59:27] w02: Training network (Final=0) on cpu for 30 epochs...

[01:01:09] w02: start objective; params=[{"desired_latent_size":10,"hl_s1":1969,"hl_s2":502,"hl_s3":125,"hl_s4":79,"drop_rate":0.3508130839257334}]
[01:01:42] w02: Training network (Final=0) on cpu for 30 epochs...

[01:03:28] w02: start objective; params=[{"desired_latent_size":10,"hl_s1":1995,"hl_s2":637,"hl_s3":110,"hl_s4":91,"drop_rate":0.40299556232987893}]
[01:04:03] w02: Training network (Final=0) on cpu for 30 epochs...

[01:05:49] w02: start objective; params=[{"desired_latent_size":10,"hl_s1":1938,"hl_s2":504,"hl_s3":158,"hl_s4":90,"drop_rate":0.1205500007448409}]
[01:06:22] w02: Training network (Final=0) on cpu for 30 epochs...

[01:08:01] w02: start objective; params=[{"desired_latent_size":11,"hl_s1":1122,"hl_s2":504,"hl_s3":236,"hl_s4":37,"drop_rate":0.4998423269617735}]
[01:08:34] w02: Training network (Final=0) on cpu for 30 epochs...

[01:10:15] w02: start objective; params=[{"desired_latent_size":11,"hl_s1":1001,"hl_s2":785,"hl_s3":305,"hl_s4":95,"drop_rate":0.48627715710052272}]
[01:10:48] w02: Training network (Final=0) on cpu for 30 epochs...

[01:12:29] w02: start objective; params=[{"desired_latent_size":13,"hl_s1":1296,"hl_s2":504,"hl_s3":231,"hl_s4":77,"drop_rate":0.00043003122578423678}]
[01:13:02] w02: Training network (Final=0) on cpu for 30 epochs...

[01:14:42] w02: start objective; params=[{"desired_latent_size":10,"hl_s1":1001,"hl_s2":689,"hl_s3":109,"hl_s4":32,"drop_rate":0.37080052045960876}]
[01:15:16] w02: Training network (Final=0) on cpu for 30 epochs...

[01:16:58] w02: start objective; params=[{"desired_latent_size":13,"hl_s1":1004,"hl_s2":851,"hl_s3":101,"hl_s4":73,"drop_rate":0.18684194908333646}]
[01:17:31] w02: Training network (Final=0) on cpu for 30 epochs...

[01:19:13] w02: start objective; params=[{"desired_latent_size":14,"hl_s1":1011,"hl_s2":520,"hl_s3":499,"hl_s4":35,"drop_rate":0.4336959416436994}]
[01:19:44] w02: Training network (Final=0) on cpu for 30 epochs...

[01:21:29] w02: start objective; params=[{"desired_latent_size":11,"hl_s1":1995,"hl_s2":914,"hl_s3":113,"hl_s4":88,"drop_rate":0.0044113220242873522}]
[01:22:02] w02: Training network (Final=0) on cpu for 30 epochs...

[01:23:45] w02: start objective; params=[{"desired_latent_size":11,"hl_s1":1016,"hl_s2":823,"hl_s3":104,"hl_s4":89,"drop_rate":0.432462556561945}]
[01:24:17] w02: Training network (Final=0) on cpu for 30 epochs...

[01:25:58] w02: start objective; params=[{"desired_latent_size":13,"hl_s1":1017,"hl_s2":519,"hl_s3":380,"hl_s4":89,"drop_rate":0.28819810078036351}]
[01:26:31] w02: Training network (Final=0) on cpu for 30 epochs...

[01:28:14] w02: start objective; params=[{"desired_latent_size":14,"hl_s1":1003,"hl_s2":522,"hl_s3":184,"hl_s4":64,"drop_rate":0.12319329121949207}]
[01:28:47] w02: Training network (Final=0) on cpu for 30 epochs...

[01:30:32] w02: start objective; params=[{"desired_latent_size":14,"hl_s1":1999,"hl_s2":519,"hl_s3":252,"hl_s4":60,"drop_rate":0.10469102885510068}]
[01:31:06] w02: Training network (Final=0) on cpu for 30 epochs...

[01:32:46] w02: start objective; params=[{"desired_latent_size":10,"hl_s1":1637,"hl_s2":532,"hl_s3":126,"hl_s4":66,"drop_rate":0.38594376633521232}]
[01:33:19] w02: Training network (Final=0) on cpu for 30 epochs...

[01:34:58] w02: start objective; params=[{"desired_latent_size":11,"hl_s1":1838,"hl_s2":954,"hl_s3":499,"hl_s4":62,"drop_rate":0.0533370468765184}]
[01:35:31] w02: Training network (Final=0) on cpu for 30 epochs...

[01:37:13] w02: start objective; params=[{"desired_latent_size":10,"hl_s1":1629,"hl_s2":553,"hl_s3":125,"hl_s4":87,"drop_rate":0.33048680846352685}]
[01:37:45] w02: Training network (Final=0) on cpu for 30 epochs...

[01:39:33] w02: start objective; params=[{"desired_latent_size":11,"hl_s1":1952,"hl_s2":501,"hl_s3":127,"hl_s4":80,"drop_rate":0.37825538873161446}]
[01:40:06] w02: Training network (Final=0) on cpu for 30 epochs...

[01:41:49] w02: start objective; params=[{"desired_latent_size":12,"hl_s1":1947,"hl_s2":990,"hl_s3":496,"hl_s4":39,"drop_rate":0.048902708859318966}]
[01:42:23] w02: Training network (Final=0) on cpu for 30 epochs...

[01:44:07] w02: start objective; params=[{"desired_latent_size":13,"hl_s1":1179,"hl_s2":561,"hl_s3":164,"hl_s4":54,"drop_rate":0.49983547542400647}]
[01:44:41] w02: Training network (Final=0) on cpu for 30 epochs...

[01:46:26] w02: start objective; params=[{"desired_latent_size":13,"hl_s1":1990,"hl_s2":588,"hl_s3":195,"hl_s4":73,"drop_rate":0.44342659919863525}]
[01:47:01] w02: Training network (Final=0) on cpu for 30 epochs...

[01:48:41] w02: start objective; params=[{"desired_latent_size":15,"hl_s1":1013,"hl_s2":516,"hl_s3":360,"hl_s4":63,"drop_rate":0.0047911365982289868}]
[01:49:15] w02: Training network (Final=0) on cpu for 30 epochs...

[01:50:56] w02: start objective; params=[{"desired_latent_size":15,"hl_s1":1012,"hl_s2":950,"hl_s3":222,"hl_s4":93,"drop_rate":0.26151849472207939}]
[01:51:33] w02: Training network (Final=0) on cpu for 30 epochs...

[01:53:20] w02: start objective; params=[{"desired_latent_size":10,"hl_s1":1962,"hl_s2":531,"hl_s3":414,"hl_s4":81,"drop_rate":0.22984357212205064}]
[01:53:57] w02: Training network (Final=0) on cpu for 30 epochs...

[01:55:44] w02: start objective; params=[{"desired_latent_size":13,"hl_s1":1981,"hl_s2":521,"hl_s3":373,"hl_s4":92,"drop_rate":0.31386523653463394}]
[01:56:17] w02: Training network (Final=0) on cpu for 30 epochs...

[01:58:08] w02: start objective; params=[{"desired_latent_size":12,"hl_s1":1993,"hl_s2":978,"hl_s3":235,"hl_s4":36,"drop_rate":0.28664438914611434}]
[01:58:42] w02: Training network (Final=0) on cpu for 30 epochs...

[02:00:29] w02: start objective; params=[{"desired_latent_size":12,"hl_s1":1995,"hl_s2":968,"hl_s3":317,"hl_s4":54,"drop_rate":0.39355798565997979}]
[02:01:04] w02: Training network (Final=0) on cpu for 30 epochs...

[02:02:55] w02: start objective; params=[{"desired_latent_size":11,"hl_s1":1542,"hl_s2":1000,"hl_s3":181,"hl_s4":62,"drop_rate":0.10446650357144516}]
[02:03:30] w02: Training network (Final=0) on cpu for 30 epochs...

[02:05:16] w02: start objective; params=[{"desired_latent_size":11,"hl_s1":1453,"hl_s2":505,"hl_s3":399,"hl_s4":46,"drop_rate":0.36898639685999784}]
[02:05:52] w02: Training network (Final=0) on cpu for 30 epochs...

[02:07:40] w02: start objective; params=[{"desired_latent_size":13,"hl_s1":1198,"hl_s2":702,"hl_s3":127,"hl_s4":79,"drop_rate":0.32628072874973635}]
[02:08:15] w02: Training network (Final=0) on cpu for 30 epochs...

[02:10:01] w02: start objective; params=[{"desired_latent_size":13,"hl_s1":1113,"hl_s2":508,"hl_s3":123,"hl_s4":74,"drop_rate":0.3576823191473143}]
[02:10:37] w02: Training network (Final=0) on cpu for 30 epochs...

[02:12:22] w02: start objective; params=[{"desired_latent_size":12,"hl_s1":1480,"hl_s2":994,"hl_s3":369,"hl_s4":57,"drop_rate":0.44299931691703959}]
[02:12:59] w02: Training network (Final=0) on cpu for 30 epochs...

[02:14:45] w02: start objective; params=[{"desired_latent_size":13,"hl_s1":1986,"hl_s2":996,"hl_s3":153,"hl_s4":87,"drop_rate":0.16167766107115056}]
[02:15:18] w02: Training network (Final=0) on cpu for 30 epochs...

[02:17:07] w02: start objective; params=[{"desired_latent_size":12,"hl_s1":1019,"hl_s2":985,"hl_s3":194,"hl_s4":54,"drop_rate":0.19732092334092743}]
[02:17:41] w02: Training network (Final=0) on cpu for 30 epochs...

[02:19:33] w02: start objective; params=[{"desired_latent_size":14,"hl_s1":1005,"hl_s2":506,"hl_s3":467,"hl_s4":78,"drop_rate":0.49788452862334248}]
[02:20:08] w02: Training network (Final=0) on cpu for 30 epochs...

[02:22:00] w02: start objective; params=[{"desired_latent_size":14,"hl_s1":1013,"hl_s2":990,"hl_s3":173,"hl_s4":84,"drop_rate":0.29144865698119227}]
[02:22:35] w02: Training network (Final=0) on cpu for 30 epochs...

[02:29:32] w02: start objective; params=[{"desired_latent_size":10,"hl_s1":1404,"hl_s2":716,"hl_s3":112,"hl_s4":61,"drop_rate":0.32505462960958409}]
[02:29:50] w02: Training network (Final=0) on cpu for 30 epochs...

[02:30:40] w02: start objective; params=[{"desired_latent_size":13,"hl_s1":1293,"hl_s2":994,"hl_s3":382,"hl_s4":48,"drop_rate":0.46805324466975223}]
[02:30:58] w02: Training network (Final=0) on cpu for 30 epochs...

[02:31:45] w02: start objective; params=[{"desired_latent_size":10,"hl_s1":1461,"hl_s2":703,"hl_s3":113,"hl_s4":59,"drop_rate":0.39075930745031895}]
[02:32:03] w02: Training network (Final=0) on cpu for 30 epochs...

[02:32:47] w02: start objective; params=[{"desired_latent_size":10,"hl_s1":1266,"hl_s2":967,"hl_s3":387,"hl_s4":84,"drop_rate":0.257403066708258}]
[02:33:06] w02: Training network (Final=0) on cpu for 30 epochs...

[02:33:51] w02: start objective; params=[{"desired_latent_size":10,"hl_s1":1253,"hl_s2":980,"hl_s3":343,"hl_s4":71,"drop_rate":0.30195619914566429}]
[02:34:09] w02: Training network (Final=0) on cpu for 30 epochs...

[02:34:54] w02: start objective; params=[{"desired_latent_size":11,"hl_s1":1444,"hl_s2":884,"hl_s3":358,"hl_s4":84,"drop_rate":0.25811823254787825}]
[02:35:13] w02: Training network (Final=0) on cpu for 30 epochs...

[02:35:59] w02: start objective; params=[{"desired_latent_size":11,"hl_s1":1296,"hl_s2":822,"hl_s3":464,"hl_s4":84,"drop_rate":0.25622839434566791}]
[02:36:18] w02: Training network (Final=0) on cpu for 30 epochs...

[02:37:05] w02: start objective; params=[{"desired_latent_size":14,"hl_s1":1747,"hl_s2":911,"hl_s3":400,"hl_s4":84,"drop_rate":0.25849521275166659}]
[02:37:24] w02: Training network (Final=0) on cpu for 30 epochs...

[02:38:13] w02: start objective; params=[{"desired_latent_size":12,"hl_s1":1519,"hl_s2":648,"hl_s3":401,"hl_s4":84,"drop_rate":0.26462733451292653}]
[02:38:31] w02: Training network (Final=0) on cpu for 30 epochs...

[02:39:14] w02: start objective; params=[{"desired_latent_size":14,"hl_s1":1756,"hl_s2":870,"hl_s3":331,"hl_s4":83,"drop_rate":0.052641085923141366}]
[02:39:32] w02: Training network (Final=0) on cpu for 30 epochs...

[02:40:17] w02: start objective; params=[{"desired_latent_size":14,"hl_s1":1759,"hl_s2":873,"hl_s3":175,"hl_s4":84,"drop_rate":0.46524327185213676}]
[02:40:36] w02: Training network (Final=0) on cpu for 30 epochs...

[02:41:19] w02: start objective; params=[{"desired_latent_size":12,"hl_s1":1751,"hl_s2":988,"hl_s3":483,"hl_s4":84,"drop_rate":0.31117064307729203}]
[02:41:39] w02: Training network (Final=0) on cpu for 30 epochs...

[02:42:24] w02: start objective; params=[{"desired_latent_size":14,"hl_s1":1742,"hl_s2":709,"hl_s3":435,"hl_s4":84,"drop_rate":0.28940411567359009}]
[02:42:43] w02: Training network (Final=0) on cpu for 30 epochs...

[02:43:30] w02: start objective; params=[{"desired_latent_size":14,"hl_s1":1741,"hl_s2":985,"hl_s3":354,"hl_s4":84,"drop_rate":0.34004026377420488}]
[02:43:49] w02: Training network (Final=0) on cpu for 30 epochs...

[02:44:37] w02: start objective; params=[{"desired_latent_size":13,"hl_s1":1748,"hl_s2":953,"hl_s3":316,"hl_s4":85,"drop_rate":0.24000412313429018}]
[02:44:55] w02: Training network (Final=0) on cpu for 30 epochs...

[02:45:43] w02: start objective; params=[{"desired_latent_size":14,"hl_s1":1740,"hl_s2":909,"hl_s3":384,"hl_s4":85,"drop_rate":0.265079078088214}]
[02:46:02] w02: Training network (Final=0) on cpu for 30 epochs...

[02:46:52] w02: start objective; params=[{"desired_latent_size":14,"hl_s1":1819,"hl_s2":919,"hl_s3":490,"hl_s4":77,"drop_rate":0.13770716931700255}]
[02:47:10] w02: Training network (Final=0) on cpu for 30 epochs...

[02:47:56] w02: start objective; params=[{"desired_latent_size":14,"hl_s1":1818,"hl_s2":624,"hl_s3":351,"hl_s4":77,"drop_rate":0.24133427717129985}]
[02:48:15] w02: Training network (Final=0) on cpu for 30 epochs...

[02:49:00] w02: start objective; params=[{"desired_latent_size":15,"hl_s1":1717,"hl_s2":945,"hl_s3":474,"hl_s4":77,"drop_rate":0.23715008984466679}]
[02:49:19] w02: Training network (Final=0) on cpu for 30 epochs...

[02:50:03] w02: start objective; params=[{"desired_latent_size":12,"hl_s1":1713,"hl_s2":505,"hl_s3":109,"hl_s4":44,"drop_rate":0.27381833117852639}]
[02:50:22] w02: Training network (Final=0) on cpu for 30 epochs...

[02:51:10] w02: start objective; params=[{"desired_latent_size":10,"hl_s1":1198,"hl_s2":994,"hl_s3":168,"hl_s4":64,"drop_rate":0.13828507199360385}]
[02:51:28] w02: Training network (Final=0) on cpu for 30 epochs...

[02:52:16] w02: start objective; params=[{"desired_latent_size":11,"hl_s1":1898,"hl_s2":807,"hl_s3":106,"hl_s4":56,"drop_rate":0.062620898704713518}]
[02:52:35] w02: Training network (Final=0) on cpu for 30 epochs...

[02:53:24] w02: start objective; params=[{"desired_latent_size":10,"hl_s1":1615,"hl_s2":721,"hl_s3":191,"hl_s4":53,"drop_rate":0.15500699869586754}]
[02:53:44] w02: Training network (Final=0) on cpu for 30 epochs...

[02:54:30] w02: start objective; params=[{"desired_latent_size":12,"hl_s1":1076,"hl_s2":998,"hl_s3":283,"hl_s4":87,"drop_rate":0.009499057897960711}]
[02:54:48] w02: Training network (Final=0) on cpu for 30 epochs...

[02:55:33] w02: start objective; params=[{"desired_latent_size":10,"hl_s1":1470,"hl_s2":503,"hl_s3":415,"hl_s4":42,"drop_rate":0.0013983812938783858}]
[02:55:51] w02: Training network (Final=0) on cpu for 30 epochs...

[02:56:36] w02: start objective; params=[{"desired_latent_size":15,"hl_s1":1357,"hl_s2":986,"hl_s3":438,"hl_s4":39,"drop_rate":0.49943329829757832}]
[02:56:54] w02: Training network (Final=0) on cpu for 30 epochs...

[02:57:40] w02: start objective; params=[{"desired_latent_size":15,"hl_s1":1092,"hl_s2":514,"hl_s3":102,"hl_s4":91,"drop_rate":0.45932190727539979}]
[02:57:59] w02: Training network (Final=0) on cpu for 30 epochs...

[02:58:46] w02: start objective; params=[{"desired_latent_size":13,"hl_s1":1473,"hl_s2":993,"hl_s3":106,"hl_s4":32,"drop_rate":0.016036198187422523}]
[02:59:04] w02: Training network (Final=0) on cpu for 30 epochs...

[02:59:51] w02: start objective; params=[{"desired_latent_size":12,"hl_s1":1300,"hl_s2":998,"hl_s3":108,"hl_s4":66,"drop_rate":0.44440892111175068}]
[03:00:10] w02: Training network (Final=0) on cpu for 30 epochs...

[03:00:57] w02: start objective; params=[{"desired_latent_size":10,"hl_s1":1680,"hl_s2":992,"hl_s3":499,"hl_s4":71,"drop_rate":0.015206179777005835}]
[03:01:16] w02: Training network (Final=0) on cpu for 30 epochs...

[03:02:03] w02: start objective; params=[{"desired_latent_size":15,"hl_s1":1414,"hl_s2":993,"hl_s3":101,"hl_s4":37,"drop_rate":0.4586059955675944}]
[03:02:22] w02: Training network (Final=0) on cpu for 30 epochs...

[03:03:06] w02: start objective; params=[{"desired_latent_size":15,"hl_s1":1730,"hl_s2":500,"hl_s3":223,"hl_s4":45,"drop_rate":0.26920247370105393}]
[03:03:25] w02: Training network (Final=0) on cpu for 30 epochs...

[03:04:11] w02: start objective; params=[{"desired_latent_size":10,"hl_s1":1922,"hl_s2":512,"hl_s3":104,"hl_s4":90,"drop_rate":0.16119612772319736}]
[03:04:31] w02: Training network (Final=0) on cpu for 30 epochs...

[03:05:16] w02: start objective; params=[{"desired_latent_size":11,"hl_s1":1892,"hl_s2":1000,"hl_s3":226,"hl_s4":47,"drop_rate":0.11540001104564201}]
[03:05:36] w02: Training network (Final=0) on cpu for 30 epochs...

[03:06:24] w02: start objective; params=[{"desired_latent_size":13,"hl_s1":1893,"hl_s2":502,"hl_s3":500,"hl_s4":57,"drop_rate":0.39605770339001939}]
[03:06:43] w02: Training network (Final=0) on cpu for 30 epochs...

[03:07:31] w02: start objective; params=[{"desired_latent_size":12,"hl_s1":1839,"hl_s2":643,"hl_s3":500,"hl_s4":94,"drop_rate":0.10301467019631706}]
[03:07:51] w02: Training network (Final=0) on cpu for 30 epochs...

[03:08:39] w02: start objective; params=[{"desired_latent_size":15,"hl_s1":1569,"hl_s2":927,"hl_s3":492,"hl_s4":67,"drop_rate":0.33181118106705759}]
[03:08:58] w02: Training network (Final=0) on cpu for 30 epochs...

[03:09:50] w02: start objective; params=[{"desired_latent_size":14,"hl_s1":1699,"hl_s2":500,"hl_s3":460,"hl_s4":82,"drop_rate":0.17361281044276217}]
[03:10:09] w02: Training network (Final=0) on cpu for 30 epochs...

[03:10:58] w02: start objective; params=[{"desired_latent_size":12,"hl_s1":1055,"hl_s2":790,"hl_s3":167,"hl_s4":87,"drop_rate":0.039730464987180532}]
[03:11:17] w02: Training network (Final=0) on cpu for 30 epochs...

[03:12:03] w02: start objective; params=[{"desired_latent_size":11,"hl_s1":1121,"hl_s2":503,"hl_s3":189,"hl_s4":90,"drop_rate":0.14931804755077016}]
[03:12:23] w02: Training network (Final=0) on cpu for 30 epochs...

[03:13:09] w02: start objective; params=[{"desired_latent_size":15,"hl_s1":1588,"hl_s2":557,"hl_s3":129,"hl_s4":56,"drop_rate":0.00666648959854349}]
[03:13:29] w02: Training network (Final=0) on cpu for 30 epochs...

[03:14:16] w02: start objective; params=[{"desired_latent_size":14,"hl_s1":1458,"hl_s2":1000,"hl_s3":101,"hl_s4":68,"drop_rate":0.0081103355379380238}]
[03:14:36] w02: Training network (Final=0) on cpu for 30 epochs...

[03:15:23] w02: start objective; params=[{"desired_latent_size":12,"hl_s1":1891,"hl_s2":896,"hl_s3":376,"hl_s4":31,"drop_rate":0.12775067963043982}]
[03:15:44] w02: Training network (Final=0) on cpu for 30 epochs...

[03:16:34] w02: start objective; params=[{"desired_latent_size":15,"hl_s1":1953,"hl_s2":998,"hl_s3":469,"hl_s4":94,"drop_rate":0.28638098364433495}]
[03:16:54] w02: Training network (Final=0) on cpu for 30 epochs...

[03:17:42] w02: start objective; params=[{"desired_latent_size":15,"hl_s1":1360,"hl_s2":975,"hl_s3":289,"hl_s4":65,"drop_rate":0.39330516256796194}]
[03:18:01] w02: Training network (Final=0) on cpu for 30 epochs...

[03:18:49] w02: start objective; params=[{"desired_latent_size":15,"hl_s1":1750,"hl_s2":941,"hl_s3":483,"hl_s4":78,"drop_rate":0.16397417588743579}]
[03:19:09] w02: Training network (Final=0) on cpu for 30 epochs...

[03:19:54] w02: start objective; params=[{"desired_latent_size":14,"hl_s1":1841,"hl_s2":506,"hl_s3":469,"hl_s4":59,"drop_rate":0.29524900071915705}]
[03:20:13] w02: Training network (Final=0) on cpu for 30 epochs...

[03:20:58] w02: start objective; params=[{"desired_latent_size":15,"hl_s1":1445,"hl_s2":966,"hl_s3":113,"hl_s4":78,"drop_rate":0.42195492585203875}]
[03:21:19] w02: Training network (Final=0) on cpu for 30 epochs...

[03:22:04] w02: start objective; params=[{"desired_latent_size":13,"hl_s1":1097,"hl_s2":996,"hl_s3":227,"hl_s4":88,"drop_rate":0.29227670812221734}]
[03:22:23] w02: Training network (Final=0) on cpu for 30 epochs...

[03:23:11] w02: start objective; params=[{"desired_latent_size":15,"hl_s1":1731,"hl_s2":942,"hl_s3":112,"hl_s4":77,"drop_rate":0.26137904888543961}]
[03:23:31] w02: Training network (Final=0) on cpu for 30 epochs...

[03:24:23] w02: start objective; params=[{"desired_latent_size":14,"hl_s1":1638,"hl_s2":697,"hl_s3":246,"hl_s4":55,"drop_rate":0.49722248682478781}]
[03:24:42] w02: Training network (Final=0) on cpu for 30 epochs...

[03:25:33] w02: start objective; params=[{"desired_latent_size":13,"hl_s1":1811,"hl_s2":507,"hl_s3":424,"hl_s4":31,"drop_rate":0.49872960561909163}]
[03:25:53] w02: Training network (Final=0) on cpu for 30 epochs...

[03:26:43] w02: start objective; params=[{"desired_latent_size":15,"hl_s1":1288,"hl_s2":745,"hl_s3":495,"hl_s4":38,"drop_rate":0.00041180594409762257}]
[03:27:03] w02: Training network (Final=0) on cpu for 30 epochs...

[03:27:49] w02: start objective; params=[{"desired_latent_size":15,"hl_s1":1303,"hl_s2":697,"hl_s3":481,"hl_s4":38,"drop_rate":0.0074775123163161126}]
[03:28:09] w02: Training network (Final=0) on cpu for 30 epochs...

[03:31:08] w02: start objective; params=[{"desired_latent_size":13,"hl_s1":1085,"hl_s2":871,"hl_s3":376,"hl_s4":94,"drop_rate":0.42136596787831143}]
[03:31:28] w02: Training network (Final=0) on cpu for 30 epochs...

[03:32:19] w02: start objective; params=[{"desired_latent_size":12,"hl_s1":1899,"hl_s2":763,"hl_s3":223,"hl_s4":78,"drop_rate":0.014932341243148628}]
[03:32:39] w02: Training network (Final=0) on cpu for 30 epochs...

[03:33:27] w02: start objective; params=[{"desired_latent_size":11,"hl_s1":1069,"hl_s2":854,"hl_s3":387,"hl_s4":31,"drop_rate":0.39870785952001619}]
[03:33:48] w02: Training network (Final=0) on cpu for 30 epochs...

[03:34:34] w02: start objective; params=[{"desired_latent_size":14,"hl_s1":1106,"hl_s2":553,"hl_s3":243,"hl_s4":31,"drop_rate":0.48295969514749248}]
[03:34:55] w02: Training network (Final=0) on cpu for 30 epochs...

[03:35:42] w02: start objective; params=[{"desired_latent_size":11,"hl_s1":1072,"hl_s2":696,"hl_s3":388,"hl_s4":70,"drop_rate":0.46045988118216108}]
[03:36:03] w02: Training network (Final=0) on cpu for 30 epochs...

[03:36:50] w02: start objective; params=[{"desired_latent_size":11,"hl_s1":1408,"hl_s2":923,"hl_s3":372,"hl_s4":30,"drop_rate":0.35683901884803587}]
[03:37:11] w02: Training network (Final=0) on cpu for 30 epochs...

[03:38:01] w02: start objective; params=[{"desired_latent_size":15,"hl_s1":1015,"hl_s2":825,"hl_s3":354,"hl_s4":32,"drop_rate":0.39876313730796309}]
[03:38:21] w02: Training network (Final=0) on cpu for 30 epochs...

[03:39:11] w02: start objective; params=[{"desired_latent_size":11,"hl_s1":1080,"hl_s2":579,"hl_s3":364,"hl_s4":30,"drop_rate":0.016412854236060891}]
[03:39:31] w02: Training network (Final=0) on cpu for 30 epochs...

[03:40:22] w02: start objective; params=[{"desired_latent_size":11,"hl_s1":1091,"hl_s2":609,"hl_s3":366,"hl_s4":31,"drop_rate":0.39080822359736289}]
[03:40:42] w02: Training network (Final=0) on cpu for 30 epochs...

[03:41:30] w02: start objective; params=[{"desired_latent_size":12,"hl_s1":1089,"hl_s2":989,"hl_s3":369,"hl_s4":31,"drop_rate":0.38009497637596412}]
[03:41:51] w02: Training network (Final=0) on cpu for 30 epochs...

[03:42:37] w02: start objective; params=[{"desired_latent_size":12,"hl_s1":1399,"hl_s2":982,"hl_s3":301,"hl_s4":70,"drop_rate":0.48966135860091875}]
[03:42:58] w02: Training network (Final=0) on cpu for 30 epochs...

[03:43:43] w02: start objective; params=[{"desired_latent_size":12,"hl_s1":1603,"hl_s2":979,"hl_s3":397,"hl_s4":40,"drop_rate":0.49583861972779714}]
[03:44:04] w02: Training network (Final=0) on cpu for 30 epochs...

[03:44:53] w02: start objective; params=[{"desired_latent_size":11,"hl_s1":1536,"hl_s2":613,"hl_s3":414,"hl_s4":59,"drop_rate":0.19221384100837779}]
[03:45:14] w02: Training network (Final=0) on cpu for 30 epochs...

[03:46:06] w02: start objective; params=[{"desired_latent_size":12,"hl_s1":1071,"hl_s2":786,"hl_s3":411,"hl_s4":100,"drop_rate":0.43158685090301085}]
[03:46:26] w02: Training network (Final=0) on cpu for 30 epochs...

[03:47:17] w02: start objective; params=[{"desired_latent_size":12,"hl_s1":1505,"hl_s2":801,"hl_s3":497,"hl_s4":82,"drop_rate":0.23717177552222773}]
[03:47:37] w02: Training network (Final=0) on cpu for 30 epochs...

[03:48:24] w02: start objective; params=[{"desired_latent_size":12,"hl_s1":1710,"hl_s2":763,"hl_s3":471,"hl_s4":99,"drop_rate":0.18072305268122921}]
[03:48:45] w02: Training network (Final=0) on cpu for 30 epochs...

[03:49:31] w02: start objective; params=[{"desired_latent_size":11,"hl_s1":1087,"hl_s2":836,"hl_s3":316,"hl_s4":66,"drop_rate":0.22364557337029012}]
[03:49:52] w02: Training network (Final=0) on cpu for 30 epochs...

[03:50:38] w02: start objective; params=[{"desired_latent_size":12,"hl_s1":1480,"hl_s2":989,"hl_s3":459,"hl_s4":32,"drop_rate":0.47350517206722886}]
[03:50:59] w02: Training network (Final=0) on cpu for 30 epochs...

[03:51:46] w02: start objective; params=[{"desired_latent_size":12,"hl_s1":1097,"hl_s2":796,"hl_s3":364,"hl_s4":92,"drop_rate":0.33157707732394814}]
[03:52:07] w02: Training network (Final=0) on cpu for 30 epochs...

[03:52:55] w02: start objective; params=[{"desired_latent_size":12,"hl_s1":1012,"hl_s2":986,"hl_s3":394,"hl_s4":32,"drop_rate":0.49303658447306364}]
[03:53:16] w02: Training network (Final=0) on cpu for 30 epochs...

[03:54:08] w02: start objective; params=[{"desired_latent_size":12,"hl_s1":1118,"hl_s2":974,"hl_s3":416,"hl_s4":61,"drop_rate":0.27350028860790959}]
[03:54:29] w02: Training network (Final=0) on cpu for 30 epochs...

[03:55:15] w02: start objective; params=[{"desired_latent_size":12,"hl_s1":1074,"hl_s2":986,"hl_s3":276,"hl_s4":81,"drop_rate":0.19858512474692969}]
[03:55:36] w02: Training network (Final=0) on cpu for 30 epochs...

[03:56:22] w02: start objective; params=[{"desired_latent_size":12,"hl_s1":1036,"hl_s2":807,"hl_s3":408,"hl_s4":51,"drop_rate":0.14150000874387397}]
[03:56:43] w02: Training network (Final=0) on cpu for 30 epochs...

[03:57:30] w02: start objective; params=[{"desired_latent_size":12,"hl_s1":1565,"hl_s2":967,"hl_s3":403,"hl_s4":31,"drop_rate":0.46690066965206689}]
[03:57:52] w02: Training network (Final=0) on cpu for 30 epochs...

[03:58:39] w02: start objective; params=[{"desired_latent_size":15,"hl_s1":1920,"hl_s2":983,"hl_s3":280,"hl_s4":63,"drop_rate":0.40019555274702051}]
[03:58:59] w02: Training network (Final=0) on cpu for 30 epochs...

[03:59:48] w02: start objective; params=[{"desired_latent_size":11,"hl_s1":1247,"hl_s2":865,"hl_s3":225,"hl_s4":74,"drop_rate":0.080205307762044847}]
[04:00:08] w02: Training network (Final=0) on cpu for 30 epochs...

[04:00:57] w02: start objective; params=[{"desired_latent_size":12,"hl_s1":1075,"hl_s2":994,"hl_s3":240,"hl_s4":33,"drop_rate":0.35772716861323517}]
[04:01:17] w02: Training network (Final=0) on cpu for 30 epochs...

[04:02:05] w02: start objective; params=[{"desired_latent_size":11,"hl_s1":1006,"hl_s2":878,"hl_s3":487,"hl_s4":98,"drop_rate":0.2510616705228888}]
[04:02:26] w02: Training network (Final=0) on cpu for 30 epochs...

[04:03:13] w02: start objective; params=[{"desired_latent_size":12,"hl_s1":1792,"hl_s2":787,"hl_s3":188,"hl_s4":80,"drop_rate":0.0069395437883932876}]
[04:03:35] w02: Training network (Final=0) on cpu for 30 epochs...

[04:04:23] w02: start objective; params=[{"desired_latent_size":11,"hl_s1":1012,"hl_s2":990,"hl_s3":383,"hl_s4":33,"drop_rate":0.29196073632273678}]
[04:04:44] w02: Training network (Final=0) on cpu for 30 epochs...

[04:05:32] w02: start objective; params=[{"desired_latent_size":15,"hl_s1":1557,"hl_s2":500,"hl_s3":124,"hl_s4":50,"drop_rate":0.024422861311213268}]
[04:05:53] w02: Training network (Final=0) on cpu for 30 epochs...

[04:06:43] w02: start objective; params=[{"desired_latent_size":12,"hl_s1":1928,"hl_s2":764,"hl_s3":226,"hl_s4":75,"drop_rate":0.01923538707855954}]
[04:07:03] w02: Training network (Final=0) on cpu for 30 epochs...

[04:07:53] w02: start objective; params=[{"desired_latent_size":10,"hl_s1":1049,"hl_s2":528,"hl_s3":138,"hl_s4":34,"drop_rate":0.46405758328084079}]
[04:08:14] w02: Training network (Final=0) on cpu for 30 epochs...

[04:09:02] w02: start objective; params=[{"desired_latent_size":14,"hl_s1":1654,"hl_s2":998,"hl_s3":485,"hl_s4":75,"drop_rate":0.0035812963685323274}]
[04:09:22] w02: Training network (Final=0) on cpu for 30 epochs...

[04:10:09] w02: start objective; params=[{"desired_latent_size":10,"hl_s1":1547,"hl_s2":530,"hl_s3":104,"hl_s4":79,"drop_rate":0.027017430097273594}]
[04:10:31] w02: Training network (Final=0) on cpu for 30 epochs...

[04:11:19] w02: start objective; params=[{"desired_latent_size":11,"hl_s1":1048,"hl_s2":996,"hl_s3":421,"hl_s4":33,"drop_rate":0.398100730307771}]
[04:11:42] w02: Training network (Final=0) on cpu for 30 epochs...

[04:12:32] w02: start objective; params=[{"desired_latent_size":10,"hl_s1":1017,"hl_s2":859,"hl_s3":217,"hl_s4":32,"drop_rate":0.03506787180256371}]
[04:12:54] w02: Training network (Final=0) on cpu for 30 epochs...

[04:13:45] w02: start objective; params=[{"desired_latent_size":13,"hl_s1":1783,"hl_s2":773,"hl_s3":202,"hl_s4":66,"drop_rate":0.0036880462740812156}]
[04:14:07] w02: Training network (Final=0) on cpu for 30 epochs...

[04:14:59] w02: start objective; params=[{"desired_latent_size":12,"hl_s1":1725,"hl_s2":996,"hl_s3":361,"hl_s4":58,"drop_rate":0.2344500355954508}]
[04:15:21] w02: Training network (Final=0) on cpu for 30 epochs...

[04:16:13] w02: start objective; params=[{"desired_latent_size":12,"hl_s1":1039,"hl_s2":975,"hl_s3":358,"hl_s4":32,"drop_rate":0.363095129704422}]
[04:16:34] w02: Training network (Final=0) on cpu for 30 epochs...

[04:17:25] w02: start objective; params=[{"desired_latent_size":11,"hl_s1":1073,"hl_s2":809,"hl_s3":478,"hl_s4":100,"drop_rate":0.32182222979749281}]
[04:17:47] w02: Training network (Final=0) on cpu for 30 epochs...

[04:18:36] w02: start objective; params=[{"desired_latent_size":11,"hl_s1":1070,"hl_s2":805,"hl_s3":477,"hl_s4":100,"drop_rate":0.35098717094481457}]
[04:18:58] w02: Training network (Final=0) on cpu for 30 epochs...

[04:19:47] w02: start objective; params=[{"desired_latent_size":11,"hl_s1":1075,"hl_s2":812,"hl_s3":442,"hl_s4":32,"drop_rate":0.15717934274423076}]
[04:20:09] w02: Training network (Final=0) on cpu for 30 epochs...

[04:20:58] w02: start objective; params=[{"desired_latent_size":11,"hl_s1":1066,"hl_s2":808,"hl_s3":473,"hl_s4":100,"drop_rate":0.26407395970303404}]
[04:21:20] w02: Training network (Final=0) on cpu for 30 epochs...

[04:22:13] w02: start objective; params=[{"desired_latent_size":12,"hl_s1":1695,"hl_s2":792,"hl_s3":420,"hl_s4":82,"drop_rate":0.38896115856869107}]
[04:22:34] w02: Training network (Final=0) on cpu for 30 epochs...

[04:23:24] w02: start objective; params=[{"desired_latent_size":11,"hl_s1":1120,"hl_s2":809,"hl_s3":456,"hl_s4":64,"drop_rate":0.34151391542624665}]
[04:23:46] w02: Training network (Final=0) on cpu for 30 epochs...

[04:24:36] w02: start objective; params=[{"desired_latent_size":11,"hl_s1":1020,"hl_s2":809,"hl_s3":432,"hl_s4":36,"drop_rate":0.30501553833480777}]
[04:24:57] w02: Training network (Final=0) on cpu for 30 epochs...

[04:25:47] w02: start objective; params=[{"desired_latent_size":12,"hl_s1":1040,"hl_s2":968,"hl_s3":362,"hl_s4":36,"drop_rate":0.43721474557385781}]
[04:26:09] w02: Training network (Final=0) on cpu for 30 epochs...

[04:26:57] w02: start objective; params=[{"desired_latent_size":11,"hl_s1":1149,"hl_s2":837,"hl_s3":291,"hl_s4":68,"drop_rate":0.21717753325506955}]
[04:27:20] w02: Training network (Final=0) on cpu for 30 epochs...

[04:28:10] w02: start objective; params=[{"desired_latent_size":12,"hl_s1":1140,"hl_s2":990,"hl_s3":363,"hl_s4":47,"drop_rate":0.36098386334240473}]
[04:28:33] w02: Training network (Final=0) on cpu for 30 epochs...

[04:29:23] w02: start objective; params=[{"desired_latent_size":11,"hl_s1":1113,"hl_s2":810,"hl_s3":471,"hl_s4":76,"drop_rate":0.35014020922879796}]
[04:29:45] w02: Training network (Final=0) on cpu for 30 epochs...

[04:30:35] w02: start objective; params=[{"desired_latent_size":11,"hl_s1":1075,"hl_s2":608,"hl_s3":345,"hl_s4":42,"drop_rate":0.39961542604173528}]
[04:30:56] w02: Training network (Final=0) on cpu for 30 epochs...

[04:31:49] w02: start objective; params=[{"desired_latent_size":11,"hl_s1":1250,"hl_s2":812,"hl_s3":482,"hl_s4":81,"drop_rate":0.29169302253581597}]
[04:32:10] w02: Training network (Final=0) on cpu for 30 epochs...

[04:32:59] w02: start objective; params=[{"desired_latent_size":11,"hl_s1":1166,"hl_s2":810,"hl_s3":473,"hl_s4":30,"drop_rate":0.29625501125780196}]
[04:33:21] w02: Training network (Final=0) on cpu for 30 epochs...

[04:34:10] w02: start objective; params=[{"desired_latent_size":11,"hl_s1":1204,"hl_s2":812,"hl_s3":393,"hl_s4":97,"drop_rate":0.39229757740149984}]
[04:34:32] w02: Training network (Final=0) on cpu for 30 epochs...

[04:37:05] w02: start objective; params=[{"desired_latent_size":15,"hl_s1":1225,"hl_s2":516,"hl_s3":111,"hl_s4":74,"drop_rate":0.16908646061362159}]
[04:37:27] w02: Training network (Final=0) on cpu for 30 epochs...

[04:38:19] w02: start objective; params=[{"desired_latent_size":12,"hl_s1":1211,"hl_s2":812,"hl_s3":397,"hl_s4":97,"drop_rate":0.031574980481268333}]
[04:38:41] w02: Training network (Final=0) on cpu for 30 epochs...

[04:39:32] w02: start objective; params=[{"desired_latent_size":12,"hl_s1":1014,"hl_s2":871,"hl_s3":500,"hl_s4":80,"drop_rate":0.43578946583785882}]
[04:39:54] w02: Training network (Final=0) on cpu for 30 epochs...

[04:40:42] w02: start objective; params=[{"desired_latent_size":14,"hl_s1":1477,"hl_s2":754,"hl_s3":445,"hl_s4":94,"drop_rate":0.039234792991717227}]
[04:41:05] w02: Training network (Final=0) on cpu for 30 epochs...

[04:41:56] w02: start objective; params=[{"desired_latent_size":11,"hl_s1":1371,"hl_s2":870,"hl_s3":381,"hl_s4":100,"drop_rate":0.0731612794548617}]
[04:42:18] w02: Training network (Final=0) on cpu for 30 epochs...

[04:43:10] w02: start objective; params=[{"desired_latent_size":11,"hl_s1":1537,"hl_s2":831,"hl_s3":432,"hl_s4":90,"drop_rate":0.10755389875295152}]
[04:43:33] w02: Training network (Final=0) on cpu for 30 epochs...

[04:44:28] w02: start objective; params=[{"desired_latent_size":11,"hl_s1":1043,"hl_s2":811,"hl_s3":425,"hl_s4":45,"drop_rate":0.42607754720238261}]
[04:44:49] w02: Training network (Final=0) on cpu for 30 epochs...

[04:45:44] w02: start objective; params=[{"desired_latent_size":12,"hl_s1":1006,"hl_s2":762,"hl_s3":331,"hl_s4":94,"drop_rate":0.0057517672524647345}]
[04:46:06] w02: Training network (Final=0) on cpu for 30 epochs...

[04:46:56] w02: start objective; params=[{"desired_latent_size":15,"hl_s1":1878,"hl_s2":827,"hl_s3":427,"hl_s4":98,"drop_rate":0.0088403439597181457}]
[04:47:18] w02: Training network (Final=0) on cpu for 30 epochs...

[04:48:07] w02: start objective; params=[{"desired_latent_size":13,"hl_s1":1246,"hl_s2":714,"hl_s3":423,"hl_s4":94,"drop_rate":0.043760210923047771}]
[04:48:29] w02: Training network (Final=0) on cpu for 30 epochs...

[04:49:20] w02: start objective; params=[{"desired_latent_size":11,"hl_s1":1428,"hl_s2":966,"hl_s3":433,"hl_s4":96,"drop_rate":0.10317410739507904}]
[04:49:43] w02: Training network (Final=0) on cpu for 30 epochs...

[04:50:34] w02: start objective; params=[{"desired_latent_size":11,"hl_s1":1394,"hl_s2":794,"hl_s3":416,"hl_s4":96,"drop_rate":0.44677830154606324}]
[04:50:56] w02: Training network (Final=0) on cpu for 30 epochs...

[04:51:45] w02: start objective; params=[{"desired_latent_size":12,"hl_s1":1497,"hl_s2":674,"hl_s3":428,"hl_s4":94,"drop_rate":0.021678118535128514}]
[04:52:06] w02: Training network (Final=0) on cpu for 30 epochs...

[04:52:57] w02: start objective; params=[{"desired_latent_size":13,"hl_s1":1377,"hl_s2":788,"hl_s3":359,"hl_s4":97,"drop_rate":0.099853581240676559}]
[04:53:19] w02: Training network (Final=0) on cpu for 30 epochs...

[04:54:11] w02: start objective; params=[{"desired_latent_size":11,"hl_s1":1617,"hl_s2":849,"hl_s3":419,"hl_s4":87,"drop_rate":0.044142566330758512}]
[04:54:33] w02: Training network (Final=0) on cpu for 30 epochs...

[04:55:23] w02: start objective; params=[{"desired_latent_size":14,"hl_s1":1383,"hl_s2":680,"hl_s3":490,"hl_s4":86,"drop_rate":0.093412171982495962}]
[04:55:46] w02: Training network (Final=0) on cpu for 30 epochs...

[04:56:38] w02: start objective; params=[{"desired_latent_size":15,"hl_s1":1694,"hl_s2":767,"hl_s3":494,"hl_s4":93,"drop_rate":0.13042383056469253}]
[04:57:01] w02: Training network (Final=0) on cpu for 30 epochs...

[04:57:53] w02: start objective; params=[{"desired_latent_size":12,"hl_s1":1538,"hl_s2":907,"hl_s3":408,"hl_s4":39,"drop_rate":0.11750828850654338}]
[04:58:16] w02: Training network (Final=0) on cpu for 30 epochs...

[04:59:12] w02: start objective; params=[{"desired_latent_size":13,"hl_s1":1070,"hl_s2":975,"hl_s3":122,"hl_s4":48,"drop_rate":0.48426934832334734}]
[04:59:35] w02: Training network (Final=0) on cpu for 30 epochs...

[05:00:30] w02: start objective; params=[{"desired_latent_size":13,"hl_s1":1153,"hl_s2":981,"hl_s3":145,"hl_s4":51,"drop_rate":0.38971942046847141}]
[05:00:51] w02: Training network (Final=0) on cpu for 30 epochs...

[05:01:48] w02: start objective; params=[{"desired_latent_size":11,"hl_s1":1222,"hl_s2":997,"hl_s3":132,"hl_s4":45,"drop_rate":0.41237554245066488}]
[05:02:10] w02: Training network (Final=0) on cpu for 30 epochs...

[05:03:04] w02: start objective; params=[{"desired_latent_size":11,"hl_s1":1297,"hl_s2":993,"hl_s3":125,"hl_s4":32,"drop_rate":0.17963207558019295}]
[05:03:27] w02: Training network (Final=0) on cpu for 30 epochs...

[05:04:18] w02: start objective; params=[{"desired_latent_size":10,"hl_s1":1282,"hl_s2":698,"hl_s3":102,"hl_s4":38,"drop_rate":0.45933365197385329}]
[05:04:41] w02: Training network (Final=0) on cpu for 30 epochs...

[05:05:35] w02: start objective; params=[{"desired_latent_size":13,"hl_s1":1614,"hl_s2":853,"hl_s3":102,"hl_s4":33,"drop_rate":0.46901231595142828}]
[05:05:59] w02: Training network (Final=0) on cpu for 30 epochs...

[05:06:53] w02: start objective; params=[{"desired_latent_size":15,"hl_s1":1665,"hl_s2":732,"hl_s3":470,"hl_s4":90,"drop_rate":0.014938080786508018}]
[05:07:16] w02: Training network (Final=0) on cpu for 30 epochs...

[05:08:11] w02: start objective; params=[{"desired_latent_size":13,"hl_s1":1918,"hl_s2":511,"hl_s3":495,"hl_s4":30,"drop_rate":0.49706050283028541}]
[05:08:33] w02: Training network (Final=0) on cpu for 30 epochs...

[05:09:28] w02: start objective; params=[{"desired_latent_size":13,"hl_s1":1853,"hl_s2":989,"hl_s3":122,"hl_s4":47,"drop_rate":0.44726416506252975}]
[05:09:51] w02: Training network (Final=0) on cpu for 30 epochs...

[05:10:45] w02: start objective; params=[{"desired_latent_size":11,"hl_s1":1319,"hl_s2":965,"hl_s3":173,"hl_s4":43,"drop_rate":0.43347138385720524}]
[05:11:08] w02: Training network (Final=0) on cpu for 30 epochs...

[05:12:01] w02: start objective; params=[{"desired_latent_size":12,"hl_s1":1817,"hl_s2":966,"hl_s3":480,"hl_s4":34,"drop_rate":0.48630608885195892}]
[05:12:23] w02: Training network (Final=0) on cpu for 30 epochs...

[05:13:16] w02: start objective; params=[{"desired_latent_size":12,"hl_s1":1950,"hl_s2":987,"hl_s3":500,"hl_s4":36,"drop_rate":0.079619975122886877}]
[05:13:40] w02: Training network (Final=0) on cpu for 30 epochs...

[05:14:32] w02: start objective; params=[{"desired_latent_size":10,"hl_s1":1512,"hl_s2":748,"hl_s3":455,"hl_s4":100,"drop_rate":0.31323467330349314}]
[05:14:56] w02: Training network (Final=0) on cpu for 30 epochs...

[05:15:48] w02: start objective; params=[{"desired_latent_size":11,"hl_s1":1416,"hl_s2":974,"hl_s3":150,"hl_s4":43,"drop_rate":0.000380218813874837}]
[05:16:12] w02: Training network (Final=0) on cpu for 30 epochs...

[05:17:05] w02: start objective; params=[{"desired_latent_size":10,"hl_s1":1509,"hl_s2":983,"hl_s3":262,"hl_s4":30,"drop_rate":0.32986382935287356}]
[05:17:29] w02: Training network (Final=0) on cpu for 30 epochs...

[05:18:22] w02: start objective; params=[{"desired_latent_size":14,"hl_s1":1936,"hl_s2":773,"hl_s3":140,"hl_s4":84,"drop_rate":0.289891872570878}]
[05:18:46] w02: Training network (Final=0) on cpu for 30 epochs...

[05:19:39] w02: start objective; params=[{"desired_latent_size":14,"hl_s1":1638,"hl_s2":785,"hl_s3":403,"hl_s4":61,"drop_rate":0.0017610896063198606}]
[05:20:02] w02: Training network (Final=0) on cpu for 30 epochs...

[05:20:56] w02: start objective; params=[{"desired_latent_size":13,"hl_s1":1983,"hl_s2":782,"hl_s3":104,"hl_s4":81,"drop_rate":0.48675686030700949}]
[05:21:19] w02: Training network (Final=0) on cpu for 30 epochs...

[05:22:16] w02: start objective; params=[{"desired_latent_size":10,"hl_s1":1980,"hl_s2":821,"hl_s3":146,"hl_s4":33,"drop_rate":0.47751115870335459}]
[05:22:39] w02: Training network (Final=0) on cpu for 30 epochs...

[05:23:34] w02: start objective; params=[{"desired_latent_size":11,"hl_s1":1217,"hl_s2":984,"hl_s3":203,"hl_s4":47,"drop_rate":0.414753446745159}]
[05:23:58] w02: Training network (Final=0) on cpu for 30 epochs...

[05:24:54] w02: start objective; params=[{"desired_latent_size":15,"hl_s1":1994,"hl_s2":526,"hl_s3":249,"hl_s4":92,"drop_rate":0.41915722515882714}]
[05:25:17] w02: Training network (Final=0) on cpu for 30 epochs...

[05:26:13] w02: start objective; params=[{"desired_latent_size":12,"hl_s1":1728,"hl_s2":951,"hl_s3":445,"hl_s4":38,"drop_rate":0.48499768741934468}]
[05:26:37] w02: Training network (Final=0) on cpu for 30 epochs...

[05:27:31] w02: start objective; params=[{"desired_latent_size":14,"hl_s1":1184,"hl_s2":990,"hl_s3":478,"hl_s4":30,"drop_rate":0.21549473907099015}]
[05:27:55] w02: Training network (Final=0) on cpu for 30 epochs...

[05:28:51] w02: start objective; params=[{"desired_latent_size":14,"hl_s1":1099,"hl_s2":997,"hl_s3":494,"hl_s4":32,"drop_rate":0.17360720305927713}]
[05:29:14] w02: Training network (Final=0) on cpu for 30 epochs...

[05:30:11] w02: start objective; params=[{"desired_latent_size":12,"hl_s1":1951,"hl_s2":957,"hl_s3":495,"hl_s4":31,"drop_rate":0.47213506115999321}]
[05:30:34] w02: Training network (Final=0) on cpu for 30 epochs...

[05:31:25] w02: start objective; params=[{"desired_latent_size":12,"hl_s1":1500,"hl_s2":631,"hl_s3":318,"hl_s4":93,"drop_rate":0.18488556241029858}]
[05:31:48] w02: Training network (Final=0) on cpu for 30 epochs...

[05:32:41] w02: start objective; params=[{"desired_latent_size":13,"hl_s1":1227,"hl_s2":987,"hl_s3":472,"hl_s4":30,"drop_rate":0.18294940772534146}]
[05:33:04] w02: Training network (Final=0) on cpu for 30 epochs...

[05:33:57] w02: start objective; params=[{"desired_latent_size":13,"hl_s1":1278,"hl_s2":871,"hl_s3":441,"hl_s4":30,"drop_rate":0.37238805905231154}]
[05:34:21] w02: Training network (Final=0) on cpu for 30 epochs...

[05:35:16] w02: start objective; params=[{"desired_latent_size":13,"hl_s1":1360,"hl_s2":591,"hl_s3":426,"hl_s4":64,"drop_rate":0.31313294975051387}]
[05:35:40] w02: Training network (Final=0) on cpu for 30 epochs...

[05:36:35] w02: start objective; params=[{"desired_latent_size":13,"hl_s1":1211,"hl_s2":995,"hl_s3":401,"hl_s4":31,"drop_rate":0.051926772841601285}]
[05:36:59] w02: Training network (Final=0) on cpu for 30 epochs...

[05:37:59] w02: start objective; params=[{"desired_latent_size":13,"hl_s1":1918,"hl_s2":865,"hl_s3":103,"hl_s4":33,"drop_rate":0.32204041813665157}]
[05:38:23] w02: Training network (Final=0) on cpu for 30 epochs...

[05:39:17] w02: start objective; params=[{"desired_latent_size":14,"hl_s1":1943,"hl_s2":793,"hl_s3":122,"hl_s4":85,"drop_rate":0.27214206695263543}]
[05:39:40] w02: Training network (Final=0) on cpu for 30 epochs...

[05:40:34] w02: start objective; params=[{"desired_latent_size":13,"hl_s1":1763,"hl_s2":529,"hl_s3":429,"hl_s4":38,"drop_rate":0.36972449732779428}]
[05:40:57] w02: Training network (Final=0) on cpu for 30 epochs...

[05:41:50] w02: start objective; params=[{"desired_latent_size":13,"hl_s1":1341,"hl_s2":903,"hl_s3":108,"hl_s4":44,"drop_rate":0.49323253114106513}]
[05:42:13] w02: Training network (Final=0) on cpu for 30 epochs...

[05:43:05] w02: start objective; params=[{"desired_latent_size":12,"hl_s1":1937,"hl_s2":516,"hl_s3":482,"hl_s4":36,"drop_rate":0.48097933708960983}]
[05:43:29] w02: Training network (Final=0) on cpu for 30 epochs...

[05:44:23] w02: start objective; params=[{"desired_latent_size":13,"hl_s1":1030,"hl_s2":999,"hl_s3":194,"hl_s4":52,"drop_rate":0.34091096158012013}]
[05:44:46] w02: Training network (Final=0) on cpu for 30 epochs...

[05:47:43] w02: start objective; params=[{"desired_latent_size":13,"hl_s1":1018,"hl_s2":562,"hl_s3":484,"hl_s4":91,"drop_rate":0.19688657145183697}]
[05:48:06] w02: Training network (Final=0) on cpu for 30 epochs...

[05:49:02] w02: start objective; params=[{"desired_latent_size":14,"hl_s1":1598,"hl_s2":978,"hl_s3":442,"hl_s4":54,"drop_rate":0.32189053337329965}]
[05:49:26] w02: Training network (Final=0) on cpu for 30 epochs...

[05:50:19] w02: start objective; params=[{"desired_latent_size":11,"hl_s1":1999,"hl_s2":627,"hl_s3":119,"hl_s4":63,"drop_rate":0.4536408693485019}]
[05:50:43] w02: Training network (Final=0) on cpu for 30 epochs...

[05:51:36] w02: start objective; params=[{"desired_latent_size":11,"hl_s1":1017,"hl_s2":634,"hl_s3":145,"hl_s4":39,"drop_rate":2.9258100294859979E-5}]
[05:52:00] w02: Training network (Final=0) on cpu for 30 epochs...

[05:52:52] w02: start objective; params=[{"desired_latent_size":14,"hl_s1":1266,"hl_s2":792,"hl_s3":274,"hl_s4":56,"drop_rate":0.083483554741040078}]
[05:53:18] w02: Training network (Final=0) on cpu for 30 epochs...

[05:54:12] w02: start objective; params=[{"desired_latent_size":15,"hl_s1":1198,"hl_s2":782,"hl_s3":477,"hl_s4":31,"drop_rate":0.49990590223904879}]
[05:54:36] w02: Training network (Final=0) on cpu for 30 epochs...

[05:55:30] w02: start objective; params=[{"desired_latent_size":15,"hl_s1":1628,"hl_s2":625,"hl_s3":229,"hl_s4":81,"drop_rate":0.49886005723401572}]
[05:55:55] w02: Training network (Final=0) on cpu for 30 epochs...

[05:56:53] w02: start objective; params=[{"desired_latent_size":14,"hl_s1":1019,"hl_s2":922,"hl_s3":469,"hl_s4":32,"drop_rate":0.49874447425936341}]
[05:57:17] w02: Training network (Final=0) on cpu for 30 epochs...

[05:58:13] w02: start objective; params=[{"desired_latent_size":13,"hl_s1":1059,"hl_s2":908,"hl_s3":105,"hl_s4":73,"drop_rate":0.47767397795636812}]
[05:58:36] w02: Training network (Final=0) on cpu for 30 epochs...

[05:59:30] w02: start objective; params=[{"desired_latent_size":14,"hl_s1":1232,"hl_s2":914,"hl_s3":174,"hl_s4":41,"drop_rate":0.33186928636259638}]
[05:59:53] w02: Training network (Final=0) on cpu for 30 epochs...

[06:00:45] w02: start objective; params=[{"desired_latent_size":15,"hl_s1":1728,"hl_s2":931,"hl_s3":149,"hl_s4":53,"drop_rate":0.49015935605023114}]
[06:01:09] w02: Training network (Final=0) on cpu for 30 epochs...

[06:02:02] w02: start objective; params=[{"desired_latent_size":14,"hl_s1":1197,"hl_s2":895,"hl_s3":169,"hl_s4":61,"drop_rate":0.4792841437225468}]
[06:02:26] w02: Training network (Final=0) on cpu for 30 epochs...

[06:03:22] w02: start objective; params=[{"desired_latent_size":14,"hl_s1":1256,"hl_s2":909,"hl_s3":104,"hl_s4":52,"drop_rate":0.485729049382125}]
[06:03:48] w02: Training network (Final=0) on cpu for 30 epochs...

[18:13:13] w02: start objective; params=[{"desired_latent_size":14,"hl_s1":1197,"hl_s2":923,"hl_s3":415,"hl_s4":38,"drop_rate":0.0546702382002936}]
[18:13:56] w02: Training network (Final=0) on cpu for 30 epochs...

[18:15:33] w02: start objective; params=[{"desired_latent_size":14,"hl_s1":1744,"hl_s2":763,"hl_s3":218,"hl_s4":40,"drop_rate":0.36292982223260351}]
[18:15:57] w02: Training network (Final=0) on cpu for 30 epochs...

[18:17:00] w02: start objective; params=[{"desired_latent_size":15,"hl_s1":1917,"hl_s2":526,"hl_s3":193,"hl_s4":48,"drop_rate":0.32862332014183288}]
[18:17:23] w02: Training network (Final=0) on cpu for 30 epochs...

[18:18:21] w02: start objective; params=[{"desired_latent_size":15,"hl_s1":1020,"hl_s2":607,"hl_s3":403,"hl_s4":39,"drop_rate":0.37755785435363542}]
[18:18:44] w02: Training network (Final=0) on cpu for 30 epochs...

[18:19:41] w02: start objective; params=[{"desired_latent_size":14,"hl_s1":1107,"hl_s2":878,"hl_s3":294,"hl_s4":81,"drop_rate":0.30408450753197463}]
[18:20:04] w02: Training network (Final=0) on cpu for 30 epochs...

[18:21:05] w02: start objective; params=[{"desired_latent_size":13,"hl_s1":1072,"hl_s2":633,"hl_s3":230,"hl_s4":67,"drop_rate":0.377374821288656}]
[18:21:28] w02: Training network (Final=0) on cpu for 30 epochs...

[18:22:26] w02: start objective; params=[{"desired_latent_size":12,"hl_s1":1128,"hl_s2":736,"hl_s3":372,"hl_s4":50,"drop_rate":0.010655402563142291}]
[18:22:49] w02: Training network (Final=0) on cpu for 30 epochs...

[18:23:46] w02: start objective; params=[{"desired_latent_size":12,"hl_s1":1801,"hl_s2":825,"hl_s3":320,"hl_s4":42,"drop_rate":0.11731871849342257}]
[18:24:08] w02: Training network (Final=0) on cpu for 30 epochs...

[18:25:07] w02: start objective; params=[{"desired_latent_size":15,"hl_s1":1831,"hl_s2":797,"hl_s3":351,"hl_s4":45,"drop_rate":0.43772980056949812}]
[18:25:29] w02: Training network (Final=0) on cpu for 30 epochs...

[18:26:27] w02: start objective; params=[{"desired_latent_size":13,"hl_s1":1785,"hl_s2":999,"hl_s3":101,"hl_s4":50,"drop_rate":0.28747790004822615}]
[18:26:50] w02: Training network (Final=0) on cpu for 30 epochs...

[18:27:47] w02: start objective; params=[{"desired_latent_size":15,"hl_s1":1105,"hl_s2":676,"hl_s3":485,"hl_s4":67,"drop_rate":0.49597640798619858}]
[18:28:10] w02: Training network (Final=0) on cpu for 30 epochs...

[18:29:11] w02: start objective; params=[{"desired_latent_size":11,"hl_s1":1937,"hl_s2":802,"hl_s3":135,"hl_s4":96,"drop_rate":0.17385678816367384}]
[18:29:33] w02: Training network (Final=0) on cpu for 30 epochs...

[18:30:31] w02: start objective; params=[{"desired_latent_size":14,"hl_s1":1128,"hl_s2":577,"hl_s3":355,"hl_s4":64,"drop_rate":0.33053216399687146}]
[18:30:54] w02: Training network (Final=0) on cpu for 30 epochs...

[18:31:53] w02: start objective; params=[{"desired_latent_size":13,"hl_s1":1090,"hl_s2":521,"hl_s3":402,"hl_s4":30,"drop_rate":0.068000993756575145}]
[18:32:16] w02: Training network (Final=0) on cpu for 30 epochs...

[18:33:14] w02: start objective; params=[{"desired_latent_size":12,"hl_s1":1310,"hl_s2":503,"hl_s3":462,"hl_s4":74,"drop_rate":0.2576580003601141}]
[18:33:37] w02: Training network (Final=0) on cpu for 30 epochs...

[18:34:36] w02: start objective; params=[{"desired_latent_size":15,"hl_s1":1188,"hl_s2":930,"hl_s3":464,"hl_s4":41,"drop_rate":0.065983538537083219}]
[18:34:59] w02: Training network (Final=0) on cpu for 30 epochs...

[18:35:59] w02: start objective; params=[{"desired_latent_size":12,"hl_s1":1929,"hl_s2":599,"hl_s3":244,"hl_s4":85,"drop_rate":0.072953359317149413}]
[18:36:21] w02: Training network (Final=0) on cpu for 30 epochs...

[18:37:21] w02: start objective; params=[{"desired_latent_size":12,"hl_s1":1631,"hl_s2":682,"hl_s3":203,"hl_s4":88,"drop_rate":0.28209923633911171}]
[18:37:43] w02: Training network (Final=0) on cpu for 30 epochs...

[18:38:43] w02: start objective; params=[{"desired_latent_size":12,"hl_s1":1068,"hl_s2":981,"hl_s3":294,"hl_s4":71,"drop_rate":0.43720922126298817}]
[18:39:06] w02: Training network (Final=0) on cpu for 30 epochs...

[18:40:06] w02: start objective; params=[{"desired_latent_size":13,"hl_s1":1422,"hl_s2":752,"hl_s3":467,"hl_s4":37,"drop_rate":0.404003764776241}]
[18:40:29] w02: Training network (Final=0) on cpu for 30 epochs...

[18:41:30] w02: start objective; params=[{"desired_latent_size":10,"hl_s1":1941,"hl_s2":824,"hl_s3":291,"hl_s4":76,"drop_rate":0.4046837284778948}]
[18:41:52] w02: Training network (Final=0) on cpu for 30 epochs...

[18:42:55] w02: start objective; params=[{"desired_latent_size":12,"hl_s1":1064,"hl_s2":992,"hl_s3":307,"hl_s4":71,"drop_rate":0.42060864558521316}]
[18:43:18] w02: Training network (Final=0) on cpu for 30 epochs...

[18:44:19] w02: start objective; params=[{"desired_latent_size":14,"hl_s1":1928,"hl_s2":513,"hl_s3":212,"hl_s4":94,"drop_rate":0.072971226270137857}]
[18:44:43] w02: Training network (Final=0) on cpu for 30 epochs...

[18:45:44] w02: start objective; params=[{"desired_latent_size":14,"hl_s1":1073,"hl_s2":696,"hl_s3":352,"hl_s4":48,"drop_rate":0.28494457193455053}]
[18:46:07] w02: Training network (Final=0) on cpu for 30 epochs...

[18:47:09] w02: start objective; params=[{"desired_latent_size":12,"hl_s1":1191,"hl_s2":1000,"hl_s3":419,"hl_s4":30,"drop_rate":0.22433343309705012}]
[18:47:33] w02: Training network (Final=0) on cpu for 30 epochs...

[18:48:37] w02: start objective; params=[{"desired_latent_size":10,"hl_s1":1468,"hl_s2":878,"hl_s3":438,"hl_s4":30,"drop_rate":0.27534916266970866}]
[18:49:01] w02: Training network (Final=0) on cpu for 30 epochs...

[18:50:04] w02: start objective; params=[{"desired_latent_size":12,"hl_s1":1004,"hl_s2":939,"hl_s3":260,"hl_s4":36,"drop_rate":0.48497109100464009}]
[18:50:27] w02: Training network (Final=0) on cpu for 30 epochs...

[18:51:29] w02: start objective; params=[{"desired_latent_size":11,"hl_s1":1158,"hl_s2":775,"hl_s3":491,"hl_s4":31,"drop_rate":0.0051150322965217709}]
[18:51:53] w02: Training network (Final=0) on cpu for 30 epochs...

[18:52:56] w02: start objective; params=[{"desired_latent_size":10,"hl_s1":1562,"hl_s2":997,"hl_s3":226,"hl_s4":57,"drop_rate":0.48495925307674204}]
[18:53:19] w02: Training network (Final=0) on cpu for 30 epochs...

[18:54:23] w02: start objective; params=[{"desired_latent_size":10,"hl_s1":1963,"hl_s2":991,"hl_s3":289,"hl_s4":100,"drop_rate":0.30771939010649768}]
[18:54:51] w02: Training network (Final=0) on cpu for 30 epochs...

[18:55:55] w02: start objective; params=[{"desired_latent_size":14,"hl_s1":1914,"hl_s2":522,"hl_s3":237,"hl_s4":71,"drop_rate":0.24559216440660514}]
[18:56:19] w02: Training network (Final=0) on cpu for 30 epochs...

[18:57:23] w02: start objective; params=[{"desired_latent_size":15,"hl_s1":1503,"hl_s2":879,"hl_s3":460,"hl_s4":95,"drop_rate":0.26065361693697925}]
[18:57:46] w02: Training network (Final=0) on cpu for 30 epochs...

[18:58:51] w02: start objective; params=[{"desired_latent_size":15,"hl_s1":1384,"hl_s2":658,"hl_s3":441,"hl_s4":100,"drop_rate":0.317153936908695}]
[18:59:15] w02: Training network (Final=0) on cpu for 30 epochs...

[19:00:18] w02: start objective; params=[{"desired_latent_size":15,"hl_s1":1054,"hl_s2":608,"hl_s3":377,"hl_s4":63,"drop_rate":0.35135454506089131}]
[19:00:43] w02: Training network (Final=0) on cpu for 30 epochs...

[19:01:48] w02: start objective; params=[{"desired_latent_size":10,"hl_s1":1933,"hl_s2":682,"hl_s3":346,"hl_s4":100,"drop_rate":0.41060514151600108}]
[19:02:15] w02: Training network (Final=0) on cpu for 30 epochs...

[19:03:20] w02: start objective; params=[{"desired_latent_size":12,"hl_s1":1381,"hl_s2":761,"hl_s3":379,"hl_s4":78,"drop_rate":0.42655975494367609}]
[19:03:43] w02: Training network (Final=0) on cpu for 30 epochs...

[19:04:48] w02: start objective; params=[{"desired_latent_size":11,"hl_s1":1591,"hl_s2":579,"hl_s3":184,"hl_s4":70,"drop_rate":0.038694522217488814}]
[19:05:11] w02: Training network (Final=0) on cpu for 30 epochs...

[19:06:15] w02: start objective; params=[{"desired_latent_size":11,"hl_s1":1714,"hl_s2":883,"hl_s3":107,"hl_s4":92,"drop_rate":0.3003126582821149}]
[19:06:39] w02: Training network (Final=0) on cpu for 30 epochs...

[19:07:44] w02: start objective; params=[{"desired_latent_size":15,"hl_s1":1944,"hl_s2":501,"hl_s3":249,"hl_s4":79,"drop_rate":0.31918244269638274}]
[19:08:08] w02: Training network (Final=0) on cpu for 30 epochs...

[19:09:15] w02: start objective; params=[{"desired_latent_size":12,"hl_s1":1419,"hl_s2":945,"hl_s3":172,"hl_s4":100,"drop_rate":0.19579613492139475}]
[19:09:43] w02: Training network (Final=0) on cpu for 30 epochs...

[19:10:50] w02: start objective; params=[{"desired_latent_size":10,"hl_s1":1298,"hl_s2":812,"hl_s3":174,"hl_s4":30,"drop_rate":0.48019210590794381}]
[19:11:14] w02: Training network (Final=0) on cpu for 30 epochs...

[19:12:20] w02: start objective; params=[{"desired_latent_size":12,"hl_s1":1666,"hl_s2":688,"hl_s3":461,"hl_s4":57,"drop_rate":0.40738582680887842}]
[19:12:45] w02: Training network (Final=0) on cpu for 30 epochs...

[19:13:52] w02: start objective; params=[{"desired_latent_size":10,"hl_s1":1669,"hl_s2":738,"hl_s3":124,"hl_s4":99,"drop_rate":0.32730013333511165}]
[19:14:16] w02: Training network (Final=0) on cpu for 30 epochs...

[19:15:23] w02: start objective; params=[{"desired_latent_size":10,"hl_s1":1140,"hl_s2":558,"hl_s3":500,"hl_s4":93,"drop_rate":0.0317292281369974}]
[19:15:46] w02: Training network (Final=0) on cpu for 30 epochs...

[19:16:53] w02: start objective; params=[{"desired_latent_size":15,"hl_s1":1123,"hl_s2":995,"hl_s3":108,"hl_s4":98,"drop_rate":0.15691993834331983}]
[19:17:21] w02: Training network (Final=0) on cpu for 30 epochs...

[19:18:27] w02: start objective; params=[{"desired_latent_size":12,"hl_s1":1633,"hl_s2":549,"hl_s3":101,"hl_s4":33,"drop_rate":0.083031035925280272}]
[19:18:51] w02: Training network (Final=0) on cpu for 30 epochs...

[19:19:58] w02: start objective; params=[{"desired_latent_size":15,"hl_s1":1738,"hl_s2":914,"hl_s3":102,"hl_s4":35,"drop_rate":0.0083297674878568782}]
[19:20:21] w02: Training network (Final=0) on cpu for 30 epochs...

[19:21:29] w02: start objective; params=[{"desired_latent_size":10,"hl_s1":1660,"hl_s2":737,"hl_s3":499,"hl_s4":78,"drop_rate":0.094398096045133564}]
[19:21:53] w02: Training network (Final=0) on cpu for 30 epochs...

[19:23:01] w02: start objective; params=[{"desired_latent_size":13,"hl_s1":1302,"hl_s2":995,"hl_s3":500,"hl_s4":57,"drop_rate":0.076569621878277483}]
[19:23:24] w02: Training network (Final=0) on cpu for 30 epochs...

[19:24:32] w02: start objective; params=[{"desired_latent_size":12,"hl_s1":1988,"hl_s2":992,"hl_s3":466,"hl_s4":60,"drop_rate":0.00823366209750269}]
[19:24:59] w02: Training network (Final=0) on cpu for 30 epochs...

[19:26:06] w02: start objective; params=[{"desired_latent_size":13,"hl_s1":1918,"hl_s2":503,"hl_s3":100,"hl_s4":40,"drop_rate":0.2615549759942819}]
[19:26:30] w02: Training network (Final=0) on cpu for 30 epochs...

[19:27:36] w02: start objective; params=[{"desired_latent_size":13,"hl_s1":1840,"hl_s2":829,"hl_s3":499,"hl_s4":56,"drop_rate":0.19542769375391589}]
[19:28:00] w02: Training network (Final=0) on cpu for 30 epochs...

[19:29:08] w02: start objective; params=[{"desired_latent_size":10,"hl_s1":1721,"hl_s2":903,"hl_s3":472,"hl_s4":98,"drop_rate":0.0312137984299384}]
[19:29:31] w02: Training network (Final=0) on cpu for 30 epochs...

[19:30:38] w02: start objective; params=[{"desired_latent_size":13,"hl_s1":1323,"hl_s2":570,"hl_s3":385,"hl_s4":100,"drop_rate":0.40837289367901985}]
[19:31:02] w02: Training network (Final=0) on cpu for 30 epochs...

[19:32:10] w02: start objective; params=[{"desired_latent_size":11,"hl_s1":1100,"hl_s2":501,"hl_s3":316,"hl_s4":31,"drop_rate":0.17233962635083344}]
[19:32:34] w02: Training network (Final=0) on cpu for 30 epochs...

[19:33:42] w02: start objective; params=[{"desired_latent_size":14,"hl_s1":1908,"hl_s2":736,"hl_s3":426,"hl_s4":100,"drop_rate":0.43258739108790534}]
[19:34:06] w02: Training network (Final=0) on cpu for 30 epochs...

[19:40:12] w02: start objective; params=[{"desired_latent_size":11,"hl_s1":1975,"hl_s2":519,"hl_s3":143,"hl_s4":44,"drop_rate":0.24547955316551495}]
[19:40:41] w02: Training network (Final=0) on cpu for 30 epochs...

[19:41:52] w02: start objective; params=[{"desired_latent_size":12,"hl_s1":1615,"hl_s2":594,"hl_s3":481,"hl_s4":79,"drop_rate":0.48469149811962947}]
[19:42:16] w02: Training network (Final=0) on cpu for 30 epochs...

[19:43:26] w02: start objective; params=[{"desired_latent_size":13,"hl_s1":1461,"hl_s2":904,"hl_s3":101,"hl_s4":91,"drop_rate":0.011522282611326373}]
[19:43:50] w02: Training network (Final=0) on cpu for 30 epochs...

[19:45:04] w02: start objective; params=[{"desired_latent_size":11,"hl_s1":1964,"hl_s2":519,"hl_s3":127,"hl_s4":32,"drop_rate":0.23181498328605349}]
[19:45:28] w02: Training network (Final=0) on cpu for 30 epochs...

[19:46:40] w02: start objective; params=[{"desired_latent_size":15,"hl_s1":1853,"hl_s2":512,"hl_s3":297,"hl_s4":43,"drop_rate":0.37731946576589731}]
[19:47:05] w02: Training network (Final=0) on cpu for 30 epochs...

[19:48:14] w02: start objective; params=[{"desired_latent_size":15,"hl_s1":1012,"hl_s2":519,"hl_s3":137,"hl_s4":40,"drop_rate":0.47024487848353308}]
[19:48:41] w02: Training network (Final=0) on cpu for 30 epochs...

[19:49:52] w02: start objective; params=[{"desired_latent_size":15,"hl_s1":1268,"hl_s2":518,"hl_s3":139,"hl_s4":83,"drop_rate":0.23650740733326137}]
[19:50:16] w02: Training network (Final=0) on cpu for 30 epochs...

[19:51:30] w02: start objective; params=[{"desired_latent_size":13,"hl_s1":1648,"hl_s2":501,"hl_s3":340,"hl_s4":33,"drop_rate":0.053481499725432188}]
[19:51:55] w02: Training network (Final=0) on cpu for 30 epochs...

[19:53:07] w02: start objective; params=[{"desired_latent_size":12,"hl_s1":1094,"hl_s2":504,"hl_s3":248,"hl_s4":85,"drop_rate":0.29912053969958263}]
[19:53:31] w02: Training network (Final=0) on cpu for 30 epochs...

[19:54:40] w02: start objective; params=[{"desired_latent_size":10,"hl_s1":1662,"hl_s2":506,"hl_s3":367,"hl_s4":64,"drop_rate":0.40282967286544424}]
[19:55:05] w02: Training network (Final=0) on cpu for 30 epochs...

[19:56:13] w02: start objective; params=[{"desired_latent_size":12,"hl_s1":1793,"hl_s2":511,"hl_s3":480,"hl_s4":36,"drop_rate":0.10056530963450669}]
[19:56:39] w02: Training network (Final=0) on cpu for 30 epochs...

[19:57:50] w02: start objective; params=[{"desired_latent_size":14,"hl_s1":1562,"hl_s2":516,"hl_s3":255,"hl_s4":48,"drop_rate":0.070577149338601375}]
[19:58:15] w02: Training network (Final=0) on cpu for 30 epochs...

[19:59:25] w02: start objective; params=[{"desired_latent_size":14,"hl_s1":1973,"hl_s2":679,"hl_s3":111,"hl_s4":62,"drop_rate":0.14048403103591667}]
[19:59:50] w02: Training network (Final=0) on cpu for 30 epochs...

[20:01:02] w02: start objective; params=[{"desired_latent_size":14,"hl_s1":1649,"hl_s2":505,"hl_s3":379,"hl_s4":31,"drop_rate":0.039018563496495517}]
[20:01:27] w02: Training network (Final=0) on cpu for 30 epochs...

[20:02:41] w02: start objective; params=[{"desired_latent_size":15,"hl_s1":1649,"hl_s2":870,"hl_s3":410,"hl_s4":31,"drop_rate":0.24813777515355878}]
[20:03:06] w02: Training network (Final=0) on cpu for 30 epochs...

[20:04:18] w02: start objective; params=[{"desired_latent_size":13,"hl_s1":1649,"hl_s2":961,"hl_s3":481,"hl_s4":45,"drop_rate":0.015886372405711363}]
[20:04:44] w02: Training network (Final=0) on cpu for 30 epochs...

[20:05:56] w02: start objective; params=[{"desired_latent_size":12,"hl_s1":1972,"hl_s2":880,"hl_s3":108,"hl_s4":68,"drop_rate":0.44274823556554621}]
[20:06:21] w02: Training network (Final=0) on cpu for 30 epochs...

[20:07:34] w02: start objective; params=[{"desired_latent_size":13,"hl_s1":1198,"hl_s2":513,"hl_s3":258,"hl_s4":47,"drop_rate":0.44525325450873371}]
[20:07:59] w02: Training network (Final=0) on cpu for 30 epochs...

[20:09:14] w02: start objective; params=[{"desired_latent_size":11,"hl_s1":1990,"hl_s2":523,"hl_s3":169,"hl_s4":35,"drop_rate":0.23093407553119771}]
[20:09:40] w02: Training network (Final=0) on cpu for 30 epochs...

[20:10:54] w02: start objective; params=[{"desired_latent_size":15,"hl_s1":1887,"hl_s2":503,"hl_s3":254,"hl_s4":59,"drop_rate":0.042833605670247438}]
[20:11:20] w02: Training network (Final=0) on cpu for 30 epochs...

[20:12:34] w02: start objective; params=[{"desired_latent_size":12,"hl_s1":1953,"hl_s2":520,"hl_s3":146,"hl_s4":97,"drop_rate":0.02230416314750118}]
[20:13:04] w02: Training network (Final=0) on cpu for 30 epochs...

[20:14:20] w02: start objective; params=[{"desired_latent_size":15,"hl_s1":1622,"hl_s2":522,"hl_s3":255,"hl_s4":95,"drop_rate":0.0631983702784453}]
[20:14:46] w02: Training network (Final=0) on cpu for 30 epochs...

[20:16:03] w02: start objective; params=[{"desired_latent_size":14,"hl_s1":1148,"hl_s2":674,"hl_s3":155,"hl_s4":81,"drop_rate":0.41849606136516737}]
[20:16:29] w02: Training network (Final=0) on cpu for 30 epochs...

[20:17:46] w02: start objective; params=[{"desired_latent_size":15,"hl_s1":1725,"hl_s2":583,"hl_s3":207,"hl_s4":71,"drop_rate":0.099984410070129981}]
[20:18:11] w02: Training network (Final=0) on cpu for 30 epochs...

[20:19:31] w02: start objective; params=[{"desired_latent_size":10,"hl_s1":1079,"hl_s2":958,"hl_s3":210,"hl_s4":94,"drop_rate":0.4991869811335663}]
[20:19:57] w02: Training network (Final=0) on cpu for 30 epochs...

[20:21:15] w02: start objective; params=[{"desired_latent_size":10,"hl_s1":1515,"hl_s2":573,"hl_s3":177,"hl_s4":99,"drop_rate":0.49065906592181291}]
[20:21:41] w02: Training network (Final=0) on cpu for 30 epochs...

[20:22:57] w02: start objective; params=[{"desired_latent_size":15,"hl_s1":1447,"hl_s2":678,"hl_s3":226,"hl_s4":85,"drop_rate":0.025436466376025937}]
[20:23:25] w02: Training network (Final=0) on cpu for 30 epochs...

[20:24:46] w02: start objective; params=[{"desired_latent_size":10,"hl_s1":1531,"hl_s2":591,"hl_s3":155,"hl_s4":100,"drop_rate":0.47163213953843008}]
[20:25:12] w02: Training network (Final=0) on cpu for 30 epochs...

[20:26:29] w02: start objective; params=[{"desired_latent_size":15,"hl_s1":1792,"hl_s2":999,"hl_s3":469,"hl_s4":99,"drop_rate":0.45399719707585384}]
[20:26:56] w02: Training network (Final=0) on cpu for 30 epochs...

[20:28:13] w02: start objective; params=[{"desired_latent_size":11,"hl_s1":1652,"hl_s2":545,"hl_s3":316,"hl_s4":94,"drop_rate":0.061325459067878757}]
[20:28:40] w02: Training network (Final=0) on cpu for 30 epochs...

[20:29:59] w02: start objective; params=[{"desired_latent_size":11,"hl_s1":1737,"hl_s2":518,"hl_s3":283,"hl_s4":97,"drop_rate":0.098343541546892177}]
[20:30:25] w02: Training network (Final=0) on cpu for 30 epochs...

[20:31:44] w02: start objective; params=[{"desired_latent_size":14,"hl_s1":1692,"hl_s2":534,"hl_s3":401,"hl_s4":32,"drop_rate":0.1142796389181292}]
[20:32:10] w02: Training network (Final=0) on cpu for 30 epochs...

[20:33:28] w02: start objective; params=[{"desired_latent_size":15,"hl_s1":1726,"hl_s2":518,"hl_s3":339,"hl_s4":36,"drop_rate":0.010970464907089608}]
[20:33:55] w02: Training network (Final=0) on cpu for 30 epochs...

[20:35:15] w02: start objective; params=[{"desired_latent_size":15,"hl_s1":1650,"hl_s2":571,"hl_s3":413,"hl_s4":89,"drop_rate":0.041287595266350396}]
[20:35:42] w02: Training network (Final=0) on cpu for 30 epochs...

[20:37:01] w02: start objective; params=[{"desired_latent_size":11,"hl_s1":1648,"hl_s2":515,"hl_s3":271,"hl_s4":90,"drop_rate":0.013178865583214894}]
[20:37:27] w02: Training network (Final=0) on cpu for 30 epochs...

[20:38:45] w02: start objective; params=[{"desired_latent_size":12,"hl_s1":1651,"hl_s2":576,"hl_s3":105,"hl_s4":34,"drop_rate":0.082068576819057187}]
[20:39:12] w02: Training network (Final=0) on cpu for 30 epochs...

[20:40:32] w02: start objective; params=[{"desired_latent_size":14,"hl_s1":1350,"hl_s2":510,"hl_s3":468,"hl_s4":83,"drop_rate":0.433330452772698}]
[20:40:59] w02: Training network (Final=0) on cpu for 30 epochs...

[20:42:18] w02: start objective; params=[{"desired_latent_size":13,"hl_s1":1354,"hl_s2":598,"hl_s3":494,"hl_s4":60,"drop_rate":0.39293347906371578}]
[20:42:45] w02: Training network (Final=0) on cpu for 30 epochs...

[20:44:04] w02: start objective; params=[{"desired_latent_size":11,"hl_s1":1338,"hl_s2":977,"hl_s3":117,"hl_s4":57,"drop_rate":0.041741035690886469}]
[20:44:34] w02: Training network (Final=0) on cpu for 30 epochs...

[20:45:54] w02: start objective; params=[{"desired_latent_size":10,"hl_s1":1583,"hl_s2":636,"hl_s3":454,"hl_s4":77,"drop_rate":0.020489871834849377}]
[20:46:20] w02: Training network (Final=0) on cpu for 30 epochs...

[20:47:39] w02: start objective; params=[{"desired_latent_size":14,"hl_s1":1467,"hl_s2":958,"hl_s3":498,"hl_s4":31,"drop_rate":0.49046573385643832}]
[20:48:06] w02: Training network (Final=0) on cpu for 30 epochs...

[20:49:26] w02: start objective; params=[{"desired_latent_size":11,"hl_s1":1652,"hl_s2":638,"hl_s3":373,"hl_s4":49,"drop_rate":0.0368927317998239}]
[20:49:53] w02: Training network (Final=0) on cpu for 30 epochs...

[20:51:14] w02: start objective; params=[{"desired_latent_size":11,"hl_s1":1072,"hl_s2":533,"hl_s3":499,"hl_s4":98,"drop_rate":0.46590620076872791}]
[20:51:41] w02: Training network (Final=0) on cpu for 30 epochs...

[20:53:00] w02: start objective; params=[{"desired_latent_size":15,"hl_s1":1307,"hl_s2":514,"hl_s3":152,"hl_s4":93,"drop_rate":0.19171487577355378}]
[20:53:27] w02: Training network (Final=0) on cpu for 30 epochs...

[20:54:51] w02: start objective; params=[{"desired_latent_size":11,"hl_s1":1400,"hl_s2":915,"hl_s3":461,"hl_s4":59,"drop_rate":0.019203656691278152}]
[20:55:21] w02: Training network (Final=0) on cpu for 30 epochs...

[20:56:46] w02: start objective; params=[{"desired_latent_size":13,"hl_s1":1186,"hl_s2":676,"hl_s3":198,"hl_s4":100,"drop_rate":0.48179044946424676}]
[20:57:13] w02: Training network (Final=0) on cpu for 30 epochs...

[20:58:33] w02: start objective; params=[{"desired_latent_size":15,"hl_s1":1361,"hl_s2":501,"hl_s3":482,"hl_s4":91,"drop_rate":0.45146620934771781}]
[20:59:00] w02: Training network (Final=0) on cpu for 30 epochs...

[21:00:24] w02: start objective; params=[{"desired_latent_size":12,"hl_s1":1511,"hl_s2":516,"hl_s3":405,"hl_s4":34,"drop_rate":0.0064487335802259974}]
[21:00:52] w02: Training network (Final=0) on cpu for 30 epochs...

[21:02:14] w02: start objective; params=[{"desired_latent_size":13,"hl_s1":1045,"hl_s2":506,"hl_s3":175,"hl_s4":81,"drop_rate":0.43762305041425642}]
[21:02:41] w02: Training network (Final=0) on cpu for 30 epochs...

[21:04:04] w02: start objective; params=[{"desired_latent_size":13,"hl_s1":1014,"hl_s2":717,"hl_s3":122,"hl_s4":46,"drop_rate":0.22536512635492056}]
[21:04:32] w02: Training network (Final=0) on cpu for 30 epochs...

[21:05:56] w02: start objective; params=[{"desired_latent_size":13,"hl_s1":1187,"hl_s2":922,"hl_s3":228,"hl_s4":42,"drop_rate":0.076570732077747}]
[21:06:23] w02: Training network (Final=0) on cpu for 30 epochs...

[21:07:48] w02: start objective; params=[{"desired_latent_size":10,"hl_s1":1198,"hl_s2":805,"hl_s3":169,"hl_s4":33,"drop_rate":0.31018994580078951}]
[21:08:14] w02: Training network (Final=0) on cpu for 30 epochs...

[21:09:38] w02: start objective; params=[{"desired_latent_size":12,"hl_s1":1824,"hl_s2":992,"hl_s3":114,"hl_s4":57,"drop_rate":0.22418856564916118}]
[21:10:05] w02: Training network (Final=0) on cpu for 30 epochs...

[21:11:28] w02: start objective; params=[{"desired_latent_size":12,"hl_s1":1602,"hl_s2":526,"hl_s3":395,"hl_s4":32,"drop_rate":0.015997416254298364}]
[21:11:56] w02: Training network (Final=0) on cpu for 30 epochs...

[21:13:23] w02: start objective; params=[{"desired_latent_size":12,"hl_s1":1515,"hl_s2":515,"hl_s3":409,"hl_s4":30,"drop_rate":0.03693798046869623}]
[21:13:50] w02: Training network (Final=0) on cpu for 30 epochs...

[21:19:41] w02: start objective; params=[{"desired_latent_size":12,"hl_s1":1993,"hl_s2":753,"hl_s3":413,"hl_s4":72,"drop_rate":0.483459985559363}]
[21:20:10] w02: Training network (Final=0) on cpu for 30 epochs...

[21:21:36] w02: start objective; params=[{"desired_latent_size":11,"hl_s1":1266,"hl_s2":661,"hl_s3":427,"hl_s4":37,"drop_rate":0.261088035425189}]
[21:22:03] w02: Training network (Final=0) on cpu for 30 epochs...

[21:23:28] w02: start objective; params=[{"desired_latent_size":11,"hl_s1":1144,"hl_s2":851,"hl_s3":470,"hl_s4":31,"drop_rate":0.499660740890824}]
[21:23:55] w02: Training network (Final=0) on cpu for 30 epochs...

[21:25:21] w02: start objective; params=[{"desired_latent_size":15,"hl_s1":1001,"hl_s2":829,"hl_s3":105,"hl_s4":82,"drop_rate":0.0836948264514229}]
[21:25:49] w02: Training network (Final=0) on cpu for 30 epochs...

[21:27:16] w02: start objective; params=[{"desired_latent_size":15,"hl_s1":1000,"hl_s2":559,"hl_s3":183,"hl_s4":67,"drop_rate":0.26725380104854435}]
[21:27:43] w02: Training network (Final=0) on cpu for 30 epochs...

[21:29:06] w02: start objective; params=[{"desired_latent_size":14,"hl_s1":1256,"hl_s2":641,"hl_s3":457,"hl_s4":60,"drop_rate":0.070594662664098279}]
[21:29:34] w02: Training network (Final=0) on cpu for 30 epochs...

[21:30:59] w02: start objective; params=[{"desired_latent_size":12,"hl_s1":1457,"hl_s2":842,"hl_s3":458,"hl_s4":50,"drop_rate":0.097080223186405523}]
[21:31:29] w02: Training network (Final=0) on cpu for 30 epochs...

[21:32:53] w02: start objective; params=[{"desired_latent_size":14,"hl_s1":1012,"hl_s2":724,"hl_s3":108,"hl_s4":84,"drop_rate":0.066148281805652687}]
[21:33:20] w02: Training network (Final=0) on cpu for 30 epochs...

[21:34:43] w02: start objective; params=[{"desired_latent_size":14,"hl_s1":1008,"hl_s2":689,"hl_s3":127,"hl_s4":85,"drop_rate":0.094153545067766645}]
[21:35:11] w02: Training network (Final=0) on cpu for 30 epochs...

[21:36:36] w02: start objective; params=[{"desired_latent_size":15,"hl_s1":1014,"hl_s2":996,"hl_s3":160,"hl_s4":37,"drop_rate":0.13043920074238435}]
[21:37:05] w02: Training network (Final=0) on cpu for 30 epochs...

[21:38:27] w02: start objective; params=[{"desired_latent_size":15,"hl_s1":1043,"hl_s2":850,"hl_s3":101,"hl_s4":97,"drop_rate":0.068214639364887336}]
[21:38:55] w02: Training network (Final=0) on cpu for 30 epochs...

[21:40:20] w02: start objective; params=[{"desired_latent_size":14,"hl_s1":1345,"hl_s2":857,"hl_s3":107,"hl_s4":81,"drop_rate":0.243691948168686}]
[21:40:49] w02: Training network (Final=0) on cpu for 30 epochs...

[21:41:20] w02: start objective; params=[{"desired_latent_size":15,"hl_s1":1000,"hl_s2":837,"hl_s3":137,"hl_s4":78,"drop_rate":0.0701891724457207}]
[21:41:48] w02: Training network (Final=0) on cpu for 30 epochs...

[21:43:13] w02: start objective; params=[{"desired_latent_size":15,"hl_s1":1257,"hl_s2":551,"hl_s3":481,"hl_s4":49,"drop_rate":0.32158634064630032}]
[21:43:41] w02: Training network (Final=0) on cpu for 30 epochs...

[21:45:09] w02: start objective; params=[{"desired_latent_size":13,"hl_s1":1001,"hl_s2":988,"hl_s3":161,"hl_s4":82,"drop_rate":0.39067960147541708}]
[21:45:38] w02: Training network (Final=0) on cpu for 30 epochs...

[21:47:10] w02: start objective; params=[{"desired_latent_size":15,"hl_s1":1002,"hl_s2":689,"hl_s3":202,"hl_s4":83,"drop_rate":0.16908128285861473}]
[21:47:39] w02: Training network (Final=0) on cpu for 30 epochs...

[21:49:06] w02: start objective; params=[{"desired_latent_size":12,"hl_s1":1456,"hl_s2":533,"hl_s3":248,"hl_s4":50,"drop_rate":0.0601155723960041}]
[21:49:33] w02: Training network (Final=0) on cpu for 30 epochs...

[21:50:59] w02: start objective; params=[{"desired_latent_size":13,"hl_s1":1024,"hl_s2":627,"hl_s3":423,"hl_s4":68,"drop_rate":0.092237206611213374}]
[21:51:26] w02: Training network (Final=0) on cpu for 30 epochs...

[21:52:55] w02: start objective; params=[{"desired_latent_size":12,"hl_s1":1290,"hl_s2":754,"hl_s3":199,"hl_s4":32,"drop_rate":0.225393853531618}]
[21:53:22] w02: Training network (Final=0) on cpu for 30 epochs...

[21:54:49] w02: start objective; params=[{"desired_latent_size":14,"hl_s1":1279,"hl_s2":560,"hl_s3":252,"hl_s4":61,"drop_rate":0.39407490898580833}]
[21:55:17] w02: Training network (Final=0) on cpu for 30 epochs...

[21:56:48] w02: start objective; params=[{"desired_latent_size":12,"hl_s1":1283,"hl_s2":740,"hl_s3":237,"hl_s4":53,"drop_rate":0.43680608159330342}]
[21:57:16] w02: Training network (Final=0) on cpu for 30 epochs...

[21:58:40] w02: start objective; params=[{"desired_latent_size":11,"hl_s1":1281,"hl_s2":920,"hl_s3":195,"hl_s4":50,"drop_rate":0.18848749717114827}]
[21:59:09] w02: Training network (Final=0) on cpu for 30 epochs...

[22:00:36] w02: start objective; params=[{"desired_latent_size":14,"hl_s1":1450,"hl_s2":591,"hl_s3":280,"hl_s4":95,"drop_rate":0.19825851920701409}]
[22:01:05] w02: Training network (Final=0) on cpu for 30 epochs...

[22:02:35] w02: start objective; params=[{"desired_latent_size":13,"hl_s1":1461,"hl_s2":660,"hl_s3":317,"hl_s4":98,"drop_rate":0.22181722577612306}]
[22:03:03] w02: Training network (Final=0) on cpu for 30 epochs...

[22:04:33] w02: start objective; params=[{"desired_latent_size":11,"hl_s1":1008,"hl_s2":535,"hl_s3":411,"hl_s4":82,"drop_rate":0.13389581880096224}]
[22:05:02] w02: Training network (Final=0) on cpu for 30 epochs...

[22:06:30] w02: start objective; params=[{"desired_latent_size":13,"hl_s1":1288,"hl_s2":614,"hl_s3":220,"hl_s4":52,"drop_rate":0.27548551170624014}]
[22:06:59] w02: Training network (Final=0) on cpu for 30 epochs...

[22:08:26] w02: start objective; params=[{"desired_latent_size":14,"hl_s1":1696,"hl_s2":739,"hl_s3":127,"hl_s4":82,"drop_rate":0.079310015799696737}]
[22:08:55] w02: Training network (Final=0) on cpu for 30 epochs...

[22:10:25] w02: start objective; params=[{"desired_latent_size":12,"hl_s1":1484,"hl_s2":934,"hl_s3":115,"hl_s4":80,"drop_rate":0.085212075140717936}]
[22:10:54] w02: Training network (Final=0) on cpu for 30 epochs...

[22:12:22] w02: start objective; params=[{"desired_latent_size":14,"hl_s1":1541,"hl_s2":953,"hl_s3":106,"hl_s4":83,"drop_rate":0.079586763919099579}]
[22:12:52] w02: Training network (Final=0) on cpu for 30 epochs...

[22:14:21] w02: start objective; params=[{"desired_latent_size":12,"hl_s1":1226,"hl_s2":934,"hl_s3":152,"hl_s4":80,"drop_rate":0.086260579108296431}]
[22:14:53] w02: Training network (Final=0) on cpu for 30 epochs...

[22:16:22] w02: start objective; params=[{"desired_latent_size":10,"hl_s1":1073,"hl_s2":735,"hl_s3":142,"hl_s4":81,"drop_rate":0.076204934544438385}]
[22:16:50] w02: Training network (Final=0) on cpu for 30 epochs...

[22:18:18] w02: start objective; params=[{"desired_latent_size":12,"hl_s1":1271,"hl_s2":966,"hl_s3":235,"hl_s4":49,"drop_rate":0.2358705229835612}]
[22:18:48] w02: Training network (Final=0) on cpu for 30 epochs...

[22:20:20] w02: start objective; params=[{"desired_latent_size":12,"hl_s1":1944,"hl_s2":664,"hl_s3":369,"hl_s4":79,"drop_rate":0.08723853812174813}]
[22:20:49] w02: Training network (Final=0) on cpu for 30 epochs...

[22:22:18] w02: start objective; params=[{"desired_latent_size":12,"hl_s1":1200,"hl_s2":736,"hl_s3":117,"hl_s4":80,"drop_rate":0.086733238708111685}]
[22:22:48] w02: Training network (Final=0) on cpu for 30 epochs...

[22:24:21] w02: start objective; params=[{"desired_latent_size":11,"hl_s1":1042,"hl_s2":790,"hl_s3":104,"hl_s4":80,"drop_rate":0.085903810517494045}]
[22:24:51] w02: Training network (Final=0) on cpu for 30 epochs...

[22:26:19] w02: start objective; params=[{"desired_latent_size":13,"hl_s1":1097,"hl_s2":823,"hl_s3":111,"hl_s4":81,"drop_rate":0.086553608993276132}]
[22:26:50] w02: Training network (Final=0) on cpu for 30 epochs...

[22:28:19] w02: start objective; params=[{"desired_latent_size":14,"hl_s1":1068,"hl_s2":542,"hl_s3":113,"hl_s4":83,"drop_rate":0.085395691603496249}]
[22:28:54] w02: Training network (Final=0) on cpu for 30 epochs...

[22:30:26] w02: start objective; params=[{"desired_latent_size":12,"hl_s1":1028,"hl_s2":647,"hl_s3":107,"hl_s4":81,"drop_rate":0.085736426437740654}]
[22:30:56] w02: Training network (Final=0) on cpu for 30 epochs...

[22:32:29] w02: start objective; params=[{"desired_latent_size":11,"hl_s1":1080,"hl_s2":786,"hl_s3":409,"hl_s4":81,"drop_rate":0.40393524922991408}]
[22:32:59] w02: Training network (Final=0) on cpu for 30 epochs...

[22:34:29] w02: start objective; params=[{"desired_latent_size":14,"hl_s1":1438,"hl_s2":580,"hl_s3":163,"hl_s4":82,"drop_rate":0.080951848315127861}]
[22:34:59] w02: Training network (Final=0) on cpu for 30 epochs...

[22:36:34] w02: start objective; params=[{"desired_latent_size":11,"hl_s1":1277,"hl_s2":907,"hl_s3":164,"hl_s4":84,"drop_rate":0.083912734307683978}]
[22:37:04] w02: Training network (Final=0) on cpu for 30 epochs...

[22:38:37] w02: start objective; params=[{"desired_latent_size":11,"hl_s1":1722,"hl_s2":842,"hl_s3":113,"hl_s4":72,"drop_rate":0.086332659722465926}]
[22:39:10] w02: Training network (Final=0) on cpu for 30 epochs...

[22:40:40] w02: start objective; params=[{"desired_latent_size":14,"hl_s1":1454,"hl_s2":817,"hl_s3":338,"hl_s4":100,"drop_rate":0.42676281572092611}]
[22:41:11] w02: Training network (Final=0) on cpu for 30 epochs...

[22:42:46] w02: start objective; params=[{"desired_latent_size":13,"hl_s1":1770,"hl_s2":928,"hl_s3":144,"hl_s4":81,"drop_rate":0.086236206732231507}]
[22:43:16] w02: Training network (Final=0) on cpu for 30 epochs...

[22:44:51] w02: start objective; params=[{"desired_latent_size":13,"hl_s1":1356,"hl_s2":601,"hl_s3":319,"hl_s4":97,"drop_rate":0.23281386277395755}]
[22:45:32] w02: Training network (Final=0) on cpu for 30 epochs...

[22:47:46] w02: start objective; params=[{"desired_latent_size":12,"hl_s1":1121,"hl_s2":784,"hl_s3":167,"hl_s4":65,"drop_rate":0.085086179871632583}]
[22:48:21] w02: Training network (Final=0) on cpu for 30 epochs...

[22:50:21] w02: start objective; params=[{"desired_latent_size":11,"hl_s1":1239,"hl_s2":798,"hl_s3":134,"hl_s4":81,"drop_rate":0.0863904808919807}]
[22:50:53] w02: Training network (Final=0) on cpu for 30 epochs...

[22:52:37] w02: start objective; params=[{"desired_latent_size":14,"hl_s1":1070,"hl_s2":809,"hl_s3":101,"hl_s4":82,"drop_rate":0.078547349243924147}]
[22:53:09] w02: Training network (Final=0) on cpu for 30 epochs...

[22:54:54] w02: start objective; params=[{"desired_latent_size":13,"hl_s1":1103,"hl_s2":749,"hl_s3":107,"hl_s4":82,"drop_rate":0.091553476536538}]
[22:55:28] w02: Training network (Final=0) on cpu for 30 epochs...

[22:57:09] w02: start objective; params=[{"desired_latent_size":13,"hl_s1":1203,"hl_s2":732,"hl_s3":117,"hl_s4":38,"drop_rate":0.081552309838852657}]
[22:57:41] w02: Training network (Final=0) on cpu for 30 epochs...

[22:59:21] w02: start objective; params=[{"desired_latent_size":12,"hl_s1":1026,"hl_s2":848,"hl_s3":126,"hl_s4":82,"drop_rate":0.065172263761410359}]
[22:59:52] w02: Training network (Final=0) on cpu for 30 epochs...

[23:01:32] w02: start objective; params=[{"desired_latent_size":12,"hl_s1":1705,"hl_s2":594,"hl_s3":112,"hl_s4":82,"drop_rate":0.07938982850814752}]
[23:02:01] w02: Training network (Final=0) on cpu for 30 epochs...

[23:03:43] w02: start objective; params=[{"desired_latent_size":15,"hl_s1":1791,"hl_s2":932,"hl_s3":196,"hl_s4":48,"drop_rate":0.28837473137902314}]
[23:04:15] w02: Training network (Final=0) on cpu for 30 epochs...

[23:05:54] w02: start objective; params=[{"desired_latent_size":12,"hl_s1":1181,"hl_s2":870,"hl_s3":217,"hl_s4":49,"drop_rate":0.27819993639397533}]
[23:06:28] w02: Training network (Final=0) on cpu for 30 epochs...

[23:08:20] w02: start objective; params=[{"desired_latent_size":14,"hl_s1":1040,"hl_s2":668,"hl_s3":104,"hl_s4":81,"drop_rate":0.087154453721551089}]
[23:08:58] w02: Training network (Final=0) on cpu for 30 epochs...

[23:22:20] w02: start objective; params=[{"desired_latent_size":14,"hl_s1":1197,"hl_s2":923,"hl_s3":415,"hl_s4":38,"drop_rate":0.0546702382002936}]
[23:23:05] w02: Training network (Final=0) on cpu for 30 epochs...

[23:25:19] w02: start objective; params=[{"desired_latent_size":14,"hl_s1":1744,"hl_s2":763,"hl_s3":218,"hl_s4":40,"drop_rate":0.36292982223260351}]
[23:25:55] w02: Training network (Final=0) on cpu for 30 epochs...

[23:27:48] w02: start objective; params=[{"desired_latent_size":11,"hl_s1":1053,"hl_s2":658,"hl_s3":123,"hl_s4":52,"drop_rate":0.38241642920985663}]
[23:28:26] w02: Training network (Final=0) on cpu for 30 epochs...

[23:30:18] w02: start objective; params=[{"desired_latent_size":13,"hl_s1":1013,"hl_s2":513,"hl_s3":307,"hl_s4":64,"drop_rate":0.37691472327919839}]
[23:30:56] w02: Training network (Final=0) on cpu for 30 epochs...

[23:32:52] w02: start objective; params=[{"desired_latent_size":12,"hl_s1":1083,"hl_s2":698,"hl_s3":144,"hl_s4":60,"drop_rate":0.337975341292804}]
[23:33:31] w02: Training network (Final=0) on cpu for 30 epochs...

[23:35:25] w02: start objective; params=[{"desired_latent_size":11,"hl_s1":1472,"hl_s2":623,"hl_s3":147,"hl_s4":100,"drop_rate":0.49444704837652081}]
[23:36:03] w02: Training network (Final=0) on cpu for 30 epochs...

