[22:31:12] w01: start objective; params=[{"channels1":13,"channels2":5,"kernel_size1":24,"kernel_size2":6,"stride1":14,"stride2":9}]
[22:31:12] w01: Preparing datastores for training and validation...

[22:31:34] w01: after latent size calc
[22:31:34] w01: 1 am here before gpu
[22:31:34] w01: 2 am here after gpu
[22:31:34] w01: Training failed: The value of 'Cropping' is invalid. Expected Cropping to be nonnegative.

[22:31:35] w01: Error using <a href="matlab:matlab.lang.internal.introspective.errorDocCallback('transposedConv2dLayer>iParseInputArguments', 'C:\Program Files\MATLAB\R2024b\toolbox\nnet\cnn\transposedConv2dLayer.m', 134)" style="font-weight:bold">transposedConv2dLayer>iParseInputArguments</a> (<a href="matlab: opentoline('C:\Program Files\MATLAB\R2024b\toolbox\nnet\cnn\transposedConv2dLayer.m',134,0)">line 134</a>)
The value of 'Cropping' is invalid. Expected Cropping to be nonnegative.

Error in <a href="matlab:matlab.lang.internal.introspective.errorDocCallback('transposedConv2dLayer', 'C:\Program Files\MATLAB\R2024b\toolbox\nnet\cnn\transposedConv2dLayer.m', 111)" style="font-weight:bold">transposedConv2dLayer</a> (<a href="matlab: opentoline('C:\Program Files\MATLAB\R2024b\toolbox\nnet\cnn\transposedConv2dLayer.m',111,0)">line 111</a>)
args = iParseInputArguments(varargin{:});
       ^^^^^^^^^^^^^^^^^^^^^^^^^^^^^^^^^
Error in <a href="matlab:matlab.lang.internal.introspective.errorDocCallback('Bayesian_optimization>buildOptimizedNetwork_compressed1', 'C:\Users\Maria\Documents\Honours Programme\Networks\GAN\src\training\Bayesian_optimization.m', 589)" style="font-weight:bold">Bayesian_optimization>buildOptimizedNetwork_compressed1</a> (<a href="matlab: opentoline('C:\Users\Maria\Documents\Honours Programme\Networks\GAN\src\training\Bayesian_optimization.m',589,0)">line 589</a>)
            transposedConv2dLayer(kernel_conv2,channels_conv1,"Name",sprintf("transposed-conv_2_%d",i),"Cropping",crop2,"Stride", stride2)
            ^^^^^^^^^^^^^^^^^^^^^^^^^^^^^^^^^^^^^^^^^^^^^^^^^^^^^^^^^^^^^^^^^^^^^^^^^^^^^^^^^^^^^^^^^^^^^^^^^^^^^^^^^^^^^^^^^^^^^^^^^^^^^^
Error in <a href="matlab:matlab.lang.internal.introspective.errorDocCallback('Bayesian_optimization>trainAndEvaluateAE', 'C:\Users\Maria\Documents\Honours Programme\Networks\GAN\src\training\Bayesian_optimization.m', 290)" style="font-weight:bold">Bayesian_optimization>trainAndEvaluateAE</a> (<a href="matlab: opentoline('C:\Users\Maria\Documents\Honours Programme\Networks\GAN\src\training\Bayesian_optimization.m',290,0)">line 290</a>)
        net = buildOptimizedNetwork_compressed1(params);
              ^^^^^^^^^^^^^^^^^^^^^^^^^^^^^^^^^^^^^^^^^
Error in <a href="matlab:matlab.lang.internal.introspective.errorDocCallback('Bayesian_optimization>@(params)trainAndEvaluateAE(params,dataCfg)', 'C:\Users\Maria\Documents\Honours Programme\Networks\GAN\src\training\Bayesian_optimization.m', 124)" style="font-weight:bold">Bayesian_optimization>@(params)trainAndEvaluateAE(params,dataCfg)</a> (<a href="matlab: opentoline('C:\Users\Maria\Documents\Honours Programme\Networks\GAN\src\training\Bayesian_optimization.m',124,0)">line 124</a>)
objectiveFcn = @(params) trainAndEvaluateAE(params, dataCfg);
                         ^^^^^^^^^^^^^^^^^^^^^^^^^^^^^^^^^^^
Error in <a href="matlab:matlab.lang.internal.introspective.errorDocCallback('bayesoptim.callObjFcnParallel>callObjNormallyParallel', 'C:\Program Files\MATLAB\R2024b\toolbox\stats\bayesoptim\+bayesoptim\callObjFcnParallel.m', 45)" style="font-weight:bold">bayesoptim.callObjFcnParallel>callObjNormallyParallel</a> (<a href="matlab: opentoline('C:\Program Files\MATLAB\R2024b\toolbox\stats\bayesoptim\+bayesoptim\callObjFcnParallel.m',45,0)">line 45</a>)
            Objective = ObjectiveFcn(conditionalizedX);
                        ^^^^^^^^^^^^^^^^^^^^^^^^^^^^^^
Error in <a href="matlab:matlab.lang.internal.introspective.errorDocCallback('bayesoptim.callObjFcnParallel', 'C:\Program Files\MATLAB\R2024b\toolbox\stats\bayesoptim\+bayesoptim\callObjFcnParallel.m', 26)" style="font-weight:bold">bayesoptim.callObjFcnParallel</a> (<a href="matlab: opentoline('C:\Program Files\MATLAB\R2024b\toolbox\stats\bayesoptim\+bayesoptim\callObjFcnParallel.m',26,0)">line 26</a>)
            = callObjNormallyParallel(ObjectiveFcn, ObjectiveNargout, NumCoupledConstraints, conditionalizedX);
              ^^^^^^^^^^^^^^^^^^^^^^^^^^^^^^^^^^^^^^^^^^^^^^^^^^^^^^^^^^^^^^^^^^^^^^^^^^^^^^^^^^^^^^^^^^^^^^^^

[00:51:18] w01: start objective; params=[{"channels1":20,"channels2":12,"kernel_size1":16,"kernel_size2":7}]
[00:51:18] w01: Preparing datastores for training and validation...

[00:51:41] w01: after latent size calc
[00:51:41] w01: Latent size 144 exceeds limit (s1=16, s2=5, p=4, ch2=12). Penalized.

[00:51:41] w01: 1 am here before gpu
[00:51:41] w01: 2 am here after gpu
[00:51:44] w01: Training failed: Unrecognized table variable name 'kernel_size3'.

[00:51:45] w01: Error using <a href="matlab:matlab.lang.internal.introspective.errorDocCallback('tabular/dotReference', 'C:\Program Files\MATLAB\R2024b\toolbox\matlab\datatypes\tabular\@tabular\dotReference.m', 229)" style="font-weight:bold"> . </a> (<a href="matlab: opentoline('C:\Program Files\MATLAB\R2024b\toolbox\matlab\datatypes\tabular\@tabular\dotReference.m',229,0)">line 229</a>)
Unrecognized table variable name 'kernel_size3'.

Error in <a href="matlab:matlab.lang.internal.introspective.errorDocCallback('Bayesian_optimization>buildOptimizedNetwork_compressed1', 'C:\Users\Maria\Documents\Honours Programme\Networks\GAN\src\training\Bayesian_optimization.m', 487)" style="font-weight:bold">Bayesian_optimization>buildOptimizedNetwork_compressed1</a> (<a href="matlab: opentoline('C:\Users\Maria\Documents\Honours Programme\Networks\GAN\src\training\Bayesian_optimization.m',487,0)">line 487</a>)
    kernel_conv3 = [params.kernel_size3,2];
                    ^^^^^^^^^^^^^^^^^^^
Error in <a href="matlab:matlab.lang.internal.introspective.errorDocCallback('Bayesian_optimization>trainAndEvaluateAE', 'C:\Users\Maria\Documents\Honours Programme\Networks\GAN\src\training\Bayesian_optimization.m', 289)" style="font-weight:bold">Bayesian_optimization>trainAndEvaluateAE</a> (<a href="matlab: opentoline('C:\Users\Maria\Documents\Honours Programme\Networks\GAN\src\training\Bayesian_optimization.m',289,0)">line 289</a>)
        net = buildOptimizedNetwork_compressed1(params);
              ^^^^^^^^^^^^^^^^^^^^^^^^^^^^^^^^^^^^^^^^^
Error in <a href="matlab:matlab.lang.internal.introspective.errorDocCallback('Bayesian_optimization>@(params)trainAndEvaluateAE(params,dataCfg)', 'C:\Users\Maria\Documents\Honours Programme\Networks\GAN\src\training\Bayesian_optimization.m', 124)" style="font-weight:bold">Bayesian_optimization>@(params)trainAndEvaluateAE(params,dataCfg)</a> (<a href="matlab: opentoline('C:\Users\Maria\Documents\Honours Programme\Networks\GAN\src\training\Bayesian_optimization.m',124,0)">line 124</a>)
objectiveFcn = @(params) trainAndEvaluateAE(params, dataCfg);
                         ^^^^^^^^^^^^^^^^^^^^^^^^^^^^^^^^^^^
Error in <a href="matlab:matlab.lang.internal.introspective.errorDocCallback('bayesoptim.callObjFcnParallel>callObjNormallyParallel', 'C:\Program Files\MATLAB\R2024b\toolbox\stats\bayesoptim\+bayesoptim\callObjFcnParallel.m', 45)" style="font-weight:bold">bayesoptim.callObjFcnParallel>callObjNormallyParallel</a> (<a href="matlab: opentoline('C:\Program Files\MATLAB\R2024b\toolbox\stats\bayesoptim\+bayesoptim\callObjFcnParallel.m',45,0)">line 45</a>)
            Objective = ObjectiveFcn(conditionalizedX);
                        ^^^^^^^^^^^^^^^^^^^^^^^^^^^^^^
Error in <a href="matlab:matlab.lang.internal.introspective.errorDocCallback('bayesoptim.callObjFcnParallel', 'C:\Program Files\MATLAB\R2024b\toolbox\stats\bayesoptim\+bayesoptim\callObjFcnParallel.m', 26)" style="font-weight:bold">bayesoptim.callObjFcnParallel</a> (<a href="matlab: opentoline('C:\Program Files\MATLAB\R2024b\toolbox\stats\bayesoptim\+bayesoptim\callObjFcnParallel.m',26,0)">line 26</a>)
            = callObjNormallyParallel(ObjectiveFcn, ObjectiveNargout, NumCoupledConstraints, conditionalizedX);
              ^^^^^^^^^^^^^^^^^^^^^^^^^^^^^^^^^^^^^^^^^^^^^^^^^^^^^^^^^^^^^^^^^^^^^^^^^^^^^^^^^^^^^^^^^^^^^^^^

[00:53:23] w01: start objective; params=[{"channels1":20,"channels2":12,"kernel_size1":16,"kernel_size2":7}]
[00:53:23] w01: Preparing datastores for training and validation...

[00:53:46] w01: after latent size calc
[00:53:46] w01: Latent size 144 exceeds limit (s1=16, s2=5, p=4, ch2=12). Penalized.

[00:53:46] w01: 1 am here before gpu
[00:53:46] w01: 2 am here after gpu
[00:53:48] w01: Training failed: Unrecognized function or variable 'pad2'.

[00:53:48] w01: Unrecognized function or variable 'pad2'.

Error in <a href="matlab:matlab.lang.internal.introspective.errorDocCallback('Bayesian_optimization>buildOptimizedNetwork_compressed1', 'C:\Users\Maria\Documents\Honours Programme\Networks\GAN\src\training\Bayesian_optimization.m', 600)" style="font-weight:bold">Bayesian_optimization>buildOptimizedNetwork_compressed1</a> (<a href="matlab: opentoline('C:\Users\Maria\Documents\Honours Programme\Networks\GAN\src\training\Bayesian_optimization.m',600,0)">line 600</a>)
            zeroPadding2dBSSC(pad2, sprintf("pad_after_tconv2_%d",i), 0)
                              ^^^^
Error in <a href="matlab:matlab.lang.internal.introspective.errorDocCallback('Bayesian_optimization>trainAndEvaluateAE', 'C:\Users\Maria\Documents\Honours Programme\Networks\GAN\src\training\Bayesian_optimization.m', 289)" style="font-weight:bold">Bayesian_optimization>trainAndEvaluateAE</a> (<a href="matlab: opentoline('C:\Users\Maria\Documents\Honours Programme\Networks\GAN\src\training\Bayesian_optimization.m',289,0)">line 289</a>)
        net = buildOptimizedNetwork_compressed1(params);
              ^^^^^^^^^^^^^^^^^^^^^^^^^^^^^^^^^^^^^^^^^
Error in <a href="matlab:matlab.lang.internal.introspective.errorDocCallback('Bayesian_optimization>@(params)trainAndEvaluateAE(params,dataCfg)', 'C:\Users\Maria\Documents\Honours Programme\Networks\GAN\src\training\Bayesian_optimization.m', 124)" style="font-weight:bold">Bayesian_optimization>@(params)trainAndEvaluateAE(params,dataCfg)</a> (<a href="matlab: opentoline('C:\Users\Maria\Documents\Honours Programme\Networks\GAN\src\training\Bayesian_optimization.m',124,0)">line 124</a>)
objectiveFcn = @(params) trainAndEvaluateAE(params, dataCfg);
                         ^^^^^^^^^^^^^^^^^^^^^^^^^^^^^^^^^^^
Error in <a href="matlab:matlab.lang.internal.introspective.errorDocCallback('bayesoptim.callObjFcnParallel>callObjNormallyParallel', 'C:\Program Files\MATLAB\R2024b\toolbox\stats\bayesoptim\+bayesoptim\callObjFcnParallel.m', 45)" style="font-weight:bold">bayesoptim.callObjFcnParallel>callObjNormallyParallel</a> (<a href="matlab: opentoline('C:\Program Files\MATLAB\R2024b\toolbox\stats\bayesoptim\+bayesoptim\callObjFcnParallel.m',45,0)">line 45</a>)
            Objective = ObjectiveFcn(conditionalizedX);
                        ^^^^^^^^^^^^^^^^^^^^^^^^^^^^^^
Error in <a href="matlab:matlab.lang.internal.introspective.errorDocCallback('bayesoptim.callObjFcnParallel', 'C:\Program Files\MATLAB\R2024b\toolbox\stats\bayesoptim\+bayesoptim\callObjFcnParallel.m', 26)" style="font-weight:bold">bayesoptim.callObjFcnParallel</a> (<a href="matlab: opentoline('C:\Program Files\MATLAB\R2024b\toolbox\stats\bayesoptim\+bayesoptim\callObjFcnParallel.m',26,0)">line 26</a>)
            = callObjNormallyParallel(ObjectiveFcn, ObjectiveNargout, NumCoupledConstraints, conditionalizedX);
              ^^^^^^^^^^^^^^^^^^^^^^^^^^^^^^^^^^^^^^^^^^^^^^^^^^^^^^^^^^^^^^^^^^^^^^^^^^^^^^^^^^^^^^^^^^^^^^^^

[00:54:50] w01: start objective; params=[{"channels1":20,"channels2":12,"kernel_size1":16,"kernel_size2":7}]
[00:54:50] w01: Preparing datastores for training and validation...

[00:55:13] w01: after latent size calc
[00:55:13] w01: Latent size 144 exceeds limit (s1=16, s2=5, p=4, ch2=12). Penalized.

[00:55:13] w01: 1 am here before gpu
[00:55:13] w01: 2 am here after gpu
[01:03:12] w01: start objective; params=[{"channels1":20,"channels2":12,"kernel_size1":16,"kernel_size2":7}]
[01:03:12] w01: Preparing datastores for training and validation...

[01:03:35] w01: after latent size calc
[01:03:35] w01: Latent size 144 exceeds limit (s1=16, s2=5, p=4, ch2=12). Penalized.

[01:03:35] w01: 1 am here before gpu
[01:03:35] w01: 2 am here after gpu
[01:03:45] w01: Training network (Final=0) on gpu for 10 epochs...

[02:04:11] w01: start objective; params=[{"channels1":19,"channels2":9,"kernel_size1":32,"kernel_size2":11}]
[02:04:11] w01: Preparing datastores for training and validation...

[02:04:33] w01: after latent size calc
[02:04:33] w01: 1 am here before gpu
[02:04:33] w01: 2 am here after gpu
[02:04:43] w01: Training network (Final=0) on gpu for 10 epochs...

[03:07:49] w01: start objective; params=[{"channels1":32,"channels2":8,"kernel_size1":40,"kernel_size2":9}]
[03:07:49] w01: Preparing datastores for training and validation...

[03:08:13] w01: after latent size calc
[03:08:13] w01: 1 am here before gpu
[03:08:13] w01: 2 am here after gpu
[03:08:23] w01: Training network (Final=0) on gpu for 10 epochs...

[04:15:49] w01: start objective; params=[{"channels1":8,"channels2":6,"kernel_size1":16,"kernel_size2":15}]
[04:15:49] w01: Preparing datastores for training and validation...

[04:16:16] w01: after latent size calc
[04:16:16] w01: 1 am here before gpu
[04:16:16] w01: 2 am here after gpu
[04:16:26] w01: Training network (Final=0) on gpu for 10 epochs...

[05:26:02] w01: start objective; params=[{"channels1":9,"channels2":6,"kernel_size1":27,"kernel_size2":5}]
[05:26:02] w01: Preparing datastores for training and validation...

[05:26:33] w01: after latent size calc
[05:26:33] w01: 1 am here before gpu
[05:26:33] w01: 2 am here after gpu
[05:26:43] w01: Training network (Final=0) on gpu for 10 epochs...

[06:41:14] w01: start objective; params=[{"channels1":32,"channels2":4,"kernel_size1":40,"kernel_size2":12}]
[06:41:14] w01: Preparing datastores for training and validation...

[06:41:50] w01: after latent size calc
[06:41:50] w01: 1 am here before gpu
[06:41:50] w01: 2 am here after gpu
[06:42:00] w01: Training network (Final=0) on gpu for 10 epochs...

[08:00:28] w01: start objective; params=[{"channels1":13,"channels2":8,"kernel_size1":15,"kernel_size2":7}]
[08:00:28] w01: Preparing datastores for training and validation...

[08:01:10] w01: after latent size calc
[08:01:10] w01: 1 am here before gpu
[08:01:10] w01: 2 am here after gpu
[08:01:20] w01: Training network (Final=0) on gpu for 10 epochs...
 
[10:55:51] w01: Training failed: Unable to perform assignment because the left and right sides have a different number of elements.

[10:55:53] w01: Unable to perform assignment because the left and right sides have a different number of elements.

Error in <a href="matlab:matlab.lang.internal.introspective.errorDocCallback('deep.TrainingInfo>iCreateTrainingHistory', 'C:\Program Files\MATLAB\R2024b\toolbox\nnet\deeptrain\+deep\TrainingInfo.m', 121)" style="font-weight:bold">deep.TrainingInfo>iCreateTrainingHistory</a> (<a href="matlab: opentoline('C:\Program Files\MATLAB\R2024b\toolbox\nnet\deeptrain\+deep\TrainingInfo.m',121,0)">line 121</a>)
    value(mask) = trainingData(:,2);
    ^^^^^^^^^^^
Error in <a href="matlab:matlab.lang.internal.introspective.errorDocCallback('deep.TrainingInfo.createTrainingInfo', 'C:\Program Files\MATLAB\R2024b\toolbox\nnet\deeptrain\+deep\TrainingInfo.m', 90)" style="font-weight:bold">deep.TrainingInfo.createTrainingInfo</a> (<a href="matlab: opentoline('C:\Program Files\MATLAB\R2024b\toolbox\nnet\deeptrain\+deep\TrainingInfo.m',90,0)">line 90</a>)
            trainingHistory = iCreateTrainingHistory(monitorConfig,columnNames,trainingMetrics);
                              ^^^^^^^^^^^^^^^^^^^^^^^^^^^^^^^^^^^^^^^^^^^^^^^^^^^^^^^^^^^^^^^^^
Error in <a href="matlab:matlab.lang.internal.introspective.errorDocCallback('deep.internal.train.TrainingOutputManager/getTrainingOutputs', 'C:\Program Files\MATLAB\R2024b\toolbox\nnet\deeptrain\+deep\+internal\+train\TrainingOutputManager.m', 37)" style="font-weight:bold">deep.internal.train.TrainingOutputManager/getTrainingOutputs</a> (<a href="matlab: opentoline('C:\Program Files\MATLAB\R2024b\toolbox\nnet\deeptrain\+deep\+internal\+train\TrainingOutputManager.m',37,0)">line 37</a>)
                info = deep.TrainingInfo.createTrainingInfo(monitorManager,...
                       ^^^^^^^^^^^^^^^^^^^^^^^^^^^^^^^^^^^^^^^^^^^^^^^^^^^^^^^
Error in <a href="matlab:matlab.lang.internal.introspective.errorDocCallback('deep.internal.train.train', 'C:\Program Files\MATLAB\R2024b\toolbox\nnet\deeptrain\+deep\+internal\+train\train.m', 31)" style="font-weight:bold">deep.internal.train.train</a> (<a href="matlab: opentoline('C:\Program Files\MATLAB\R2024b\toolbox\nnet\deeptrain\+deep\+internal\+train\train.m',31,0)">line 31</a>)
[varargout{1:nargout}] = getTrainingOutputs(outputManager, net);
                         ^^^^^^^^^^^^^^^^^^^^^^^^^^^^^^^^^^^^^^
Error in <a href="matlab:matlab.lang.internal.introspective.errorDocCallback('trainnet', 'C:\Program Files\MATLAB\R2024b\toolbox\nnet\deeptrain\trainnet.m', 48)" style="font-weight:bold">trainnet</a> (<a href="matlab: opentoline('C:\Program Files\MATLAB\R2024b\toolbox\nnet\deeptrain\trainnet.m',48,0)">line 48</a>)
    [varargout{1:nargout}] = deep.internal.train.train(mbq, net, loss, options, ...
                             ^^^^^^^^^^^^^^^^^^^^^^^^^^^^^^^^^^^^^^^^^^^^^^^^^^^^^^
Error in <a href="matlab:matlab.lang.internal.introspective.errorDocCallback('Bayesian_optimization>trainAndEvaluateAE', 'C:\Users\Maria\Documents\Honours Programme\Networks\GAN\src\training\Bayesian_optimization.m', 314)" style="font-weight:bold">Bayesian_optimization>trainAndEvaluateAE</a> (<a href="matlab: opentoline('C:\Users\Maria\Documents\Honours Programme\Networks\GAN\src\training\Bayesian_optimization.m',314,0)">line 314</a>)
        [net, info] = trainnet(trainData, net, lossFn, options);
                      ^^^^^^^^^^^^^^^^^^^^^^^^^^^^^^^^^^^^^^^^^
Error in <a href="matlab:matlab.lang.internal.introspective.errorDocCallback('Bayesian_optimization>@(params)trainAndEvaluateAE(params,dataCfg)', 'C:\Users\Maria\Documents\Honours Programme\Networks\GAN\src\training\Bayesian_optimization.m', 124)" style="font-weight:bold">Bayesian_optimization>@(params)trainAndEvaluateAE(params,dataCfg)</a> (<a href="matlab: opentoline('C:\Users\Maria\Documents\Honours Programme\Networks\GAN\src\training\Bayesian_optimization.m',124,0)">line 124</a>)
objectiveFcn = @(params) trainAndEvaluateAE(params, dataCfg);
                         ^^^^^^^^^^^^^^^^^^^^^^^^^^^^^^^^^^^
Error in <a href="matlab:matlab.lang.internal.introspective.errorDocCallback('bayesoptim.callObjFcnParallel>callObjNormallyParallel', 'C:\Program Files\MATLAB\R2024b\toolbox\stats\bayesoptim\+bayesoptim\callObjFcnParallel.m', 45)" style="font-weight:bold">bayesoptim.callObjFcnParallel>callObjNormallyParallel</a> (<a href="matlab: opentoline('C:\Program Files\MATLAB\R2024b\toolbox\stats\bayesoptim\+bayesoptim\callObjFcnParallel.m',45,0)">line 45</a>)
            Objective = ObjectiveFcn(conditionalizedX);
                        ^^^^^^^^^^^^^^^^^^^^^^^^^^^^^^
Error in <a href="matlab:matlab.lang.internal.introspective.errorDocCallback('bayesoptim.callObjFcnParallel', 'C:\Program Files\MATLAB\R2024b\toolbox\stats\bayesoptim\+bayesoptim\callObjFcnParallel.m', 12)" style="font-weight:bold">bayesoptim.callObjFcnParallel</a> (<a href="matlab: opentoline('C:\Program Files\MATLAB\R2024b\toolbox\stats\bayesoptim\+bayesoptim\callObjFcnParallel.m',12,0)">line 12</a>)
        = callObjNormallyParallel(ObjectiveFcn, ObjectiveNargout, NumCoupledConstraints, conditionalizedX);
          ^^^^^^^^^^^^^^^^^^^^^^^^^^^^^^^^^^^^^^^^^^^^^^^^^^^^^^^^^^^^^^^^^^^^^^^^^^^^^^^^^^^^^^^^^^^^^^^^

[18:01:55] w01: start objective; params=[{"channels1":18,"channels2":8,"kernel_size1":16,"kernel_size2":15,"stride1":5,"dilatation_factor":7}]
[18:01:55] w01: Preparing datastores for training and validation...

[18:02:20] w01: after latent size calc
[18:02:20] w01: 1 am here before gpu
[18:02:20] w01: 2 am here after gpu
[18:02:22] w01: Training failed: Unrecognized table variable name 'dilation_factor'.

[18:02:23] w01: Error using <a href="matlab:matlab.lang.internal.introspective.errorDocCallback('tabular/dotReference', 'C:\Program Files\MATLAB\R2024b\toolbox\matlab\datatypes\tabular\@tabular\dotReference.m', 229)" style="font-weight:bold"> . </a> (<a href="matlab: opentoline('C:\Program Files\MATLAB\R2024b\toolbox\matlab\datatypes\tabular\@tabular\dotReference.m',229,0)">line 229</a>)
Unrecognized table variable name 'dilation_factor'.

Error in <a href="matlab:matlab.lang.internal.introspective.errorDocCallback('Bayesian_optimization>buildOptimizedNetwork_compressed1', 'C:\Users\Maria\Documents\Honours Programme\Networks\GAN\src\training\Bayesian_optimization.m', 407)" style="font-weight:bold">Bayesian_optimization>buildOptimizedNetwork_compressed1</a> (<a href="matlab: opentoline('C:\Users\Maria\Documents\Honours Programme\Networks\GAN\src\training\Bayesian_optimization.m',407,0)">line 407</a>)
    DilationFactor = [params.dilation_factor 1];
                      ^^^^^^^^^^^^^^^^^^^^^^
Error in <a href="matlab:matlab.lang.internal.introspective.errorDocCallback('Bayesian_optimization>trainAndEvaluateAE', 'C:\Users\Maria\Documents\Honours Programme\Networks\GAN\src\training\Bayesian_optimization.m', 315)" style="font-weight:bold">Bayesian_optimization>trainAndEvaluateAE</a> (<a href="matlab: opentoline('C:\Users\Maria\Documents\Honours Programme\Networks\GAN\src\training\Bayesian_optimization.m',315,0)">line 315</a>)
        net = buildOptimizedNetwork_compressed1(params);
              ^^^^^^^^^^^^^^^^^^^^^^^^^^^^^^^^^^^^^^^^^
Error in <a href="matlab:matlab.lang.internal.introspective.errorDocCallback('Bayesian_optimization>@(params)trainAndEvaluateAE(params,dataCfg)', 'C:\Users\Maria\Documents\Honours Programme\Networks\GAN\src\training\Bayesian_optimization.m', 149)" style="font-weight:bold">Bayesian_optimization>@(params)trainAndEvaluateAE(params,dataCfg)</a> (<a href="matlab: opentoline('C:\Users\Maria\Documents\Honours Programme\Networks\GAN\src\training\Bayesian_optimization.m',149,0)">line 149</a>)
objectiveFcn = @(params) trainAndEvaluateAE(params, dataCfg);
                         ^^^^^^^^^^^^^^^^^^^^^^^^^^^^^^^^^^^
Error in <a href="matlab:matlab.lang.internal.introspective.errorDocCallback('bayesoptim.callObjFcnParallel>callObjNormallyParallel', 'C:\Program Files\MATLAB\R2024b\toolbox\stats\bayesoptim\+bayesoptim\callObjFcnParallel.m', 45)" style="font-weight:bold">bayesoptim.callObjFcnParallel>callObjNormallyParallel</a> (<a href="matlab: opentoline('C:\Program Files\MATLAB\R2024b\toolbox\stats\bayesoptim\+bayesoptim\callObjFcnParallel.m',45,0)">line 45</a>)
            Objective = ObjectiveFcn(conditionalizedX);
                        ^^^^^^^^^^^^^^^^^^^^^^^^^^^^^^
Error in <a href="matlab:matlab.lang.internal.introspective.errorDocCallback('bayesoptim.callObjFcnParallel', 'C:\Program Files\MATLAB\R2024b\toolbox\stats\bayesoptim\+bayesoptim\callObjFcnParallel.m', 26)" style="font-weight:bold">bayesoptim.callObjFcnParallel</a> (<a href="matlab: opentoline('C:\Program Files\MATLAB\R2024b\toolbox\stats\bayesoptim\+bayesoptim\callObjFcnParallel.m',26,0)">line 26</a>)
            = callObjNormallyParallel(ObjectiveFcn, ObjectiveNargout, NumCoupledConstraints, conditionalizedX);
              ^^^^^^^^^^^^^^^^^^^^^^^^^^^^^^^^^^^^^^^^^^^^^^^^^^^^^^^^^^^^^^^^^^^^^^^^^^^^^^^^^^^^^^^^^^^^^^^^

[18:02:34] w01: start objective; params=[{"channels1":25,"channels2":8,"kernel_size1":16,"kernel_size2":15,"stride1":16,"dilatation_factor":5}]
[18:02:34] w01: Preparing datastores for training and validation...

[18:02:58] w01: after latent size calc
[18:02:58] w01: 1 am here before gpu
[18:02:58] w01: 2 am here after gpu
[18:02:58] w01: Training failed: Unrecognized table variable name 'dilation_factor'.

[18:02:59] w01: Error using <a href="matlab:matlab.lang.internal.introspective.errorDocCallback('tabular/dotReference', 'C:\Program Files\MATLAB\R2024b\toolbox\matlab\datatypes\tabular\@tabular\dotReference.m', 229)" style="font-weight:bold"> . </a> (<a href="matlab: opentoline('C:\Program Files\MATLAB\R2024b\toolbox\matlab\datatypes\tabular\@tabular\dotReference.m',229,0)">line 229</a>)
Unrecognized table variable name 'dilation_factor'.

Error in <a href="matlab:matlab.lang.internal.introspective.errorDocCallback('Bayesian_optimization>buildOptimizedNetwork_compressed1', 'C:\Users\Maria\Documents\Honours Programme\Networks\GAN\src\training\Bayesian_optimization.m', 407)" style="font-weight:bold">Bayesian_optimization>buildOptimizedNetwork_compressed1</a> (<a href="matlab: opentoline('C:\Users\Maria\Documents\Honours Programme\Networks\GAN\src\training\Bayesian_optimization.m',407,0)">line 407</a>)
    DilationFactor = [params.dilation_factor 1];
                      ^^^^^^^^^^^^^^^^^^^^^^
Error in <a href="matlab:matlab.lang.internal.introspective.errorDocCallback('Bayesian_optimization>trainAndEvaluateAE', 'C:\Users\Maria\Documents\Honours Programme\Networks\GAN\src\training\Bayesian_optimization.m', 315)" style="font-weight:bold">Bayesian_optimization>trainAndEvaluateAE</a> (<a href="matlab: opentoline('C:\Users\Maria\Documents\Honours Programme\Networks\GAN\src\training\Bayesian_optimization.m',315,0)">line 315</a>)
        net = buildOptimizedNetwork_compressed1(params);
              ^^^^^^^^^^^^^^^^^^^^^^^^^^^^^^^^^^^^^^^^^
Error in <a href="matlab:matlab.lang.internal.introspective.errorDocCallback('Bayesian_optimization>@(params)trainAndEvaluateAE(params,dataCfg)', 'C:\Users\Maria\Documents\Honours Programme\Networks\GAN\src\training\Bayesian_optimization.m', 149)" style="font-weight:bold">Bayesian_optimization>@(params)trainAndEvaluateAE(params,dataCfg)</a> (<a href="matlab: opentoline('C:\Users\Maria\Documents\Honours Programme\Networks\GAN\src\training\Bayesian_optimization.m',149,0)">line 149</a>)
objectiveFcn = @(params) trainAndEvaluateAE(params, dataCfg);
                         ^^^^^^^^^^^^^^^^^^^^^^^^^^^^^^^^^^^
Error in <a href="matlab:matlab.lang.internal.introspective.errorDocCallback('bayesoptim.callObjFcnParallel>callObjNormallyParallel', 'C:\Program Files\MATLAB\R2024b\toolbox\stats\bayesoptim\+bayesoptim\callObjFcnParallel.m', 45)" style="font-weight:bold">bayesoptim.callObjFcnParallel>callObjNormallyParallel</a> (<a href="matlab: opentoline('C:\Program Files\MATLAB\R2024b\toolbox\stats\bayesoptim\+bayesoptim\callObjFcnParallel.m',45,0)">line 45</a>)
            Objective = ObjectiveFcn(conditionalizedX);
                        ^^^^^^^^^^^^^^^^^^^^^^^^^^^^^^
Error in <a href="matlab:matlab.lang.internal.introspective.errorDocCallback('bayesoptim.callObjFcnParallel', 'C:\Program Files\MATLAB\R2024b\toolbox\stats\bayesoptim\+bayesoptim\callObjFcnParallel.m', 12)" style="font-weight:bold">bayesoptim.callObjFcnParallel</a> (<a href="matlab: opentoline('C:\Program Files\MATLAB\R2024b\toolbox\stats\bayesoptim\+bayesoptim\callObjFcnParallel.m',12,0)">line 12</a>)
        = callObjNormallyParallel(ObjectiveFcn, ObjectiveNargout, NumCoupledConstraints, conditionalizedX);
          ^^^^^^^^^^^^^^^^^^^^^^^^^^^^^^^^^^^^^^^^^^^^^^^^^^^^^^^^^^^^^^^^^^^^^^^^^^^^^^^^^^^^^^^^^^^^^^^^

[18:03:00] w01: start objective; params=[{"channels1":16,"channels2":5,"kernel_size1":11,"kernel_size2":6,"stride1":5,"dilatation_factor":2}]
[18:03:00] w01: Preparing datastores for training and validation...

[18:03:26] w01: after latent size calc
[18:03:26] w01: 1 am here before gpu
[18:03:26] w01: 2 am here after gpu
[18:03:26] w01: Training failed: Unrecognized table variable name 'dilation_factor'.

[18:03:26] w01: Error using <a href="matlab:matlab.lang.internal.introspective.errorDocCallback('tabular/dotReference', 'C:\Program Files\MATLAB\R2024b\toolbox\matlab\datatypes\tabular\@tabular\dotReference.m', 229)" style="font-weight:bold"> . </a> (<a href="matlab: opentoline('C:\Program Files\MATLAB\R2024b\toolbox\matlab\datatypes\tabular\@tabular\dotReference.m',229,0)">line 229</a>)
Unrecognized table variable name 'dilation_factor'.

Error in <a href="matlab:matlab.lang.internal.introspective.errorDocCallback('Bayesian_optimization>buildOptimizedNetwork_compressed1', 'C:\Users\Maria\Documents\Honours Programme\Networks\GAN\src\training\Bayesian_optimization.m', 407)" style="font-weight:bold">Bayesian_optimization>buildOptimizedNetwork_compressed1</a> (<a href="matlab: opentoline('C:\Users\Maria\Documents\Honours Programme\Networks\GAN\src\training\Bayesian_optimization.m',407,0)">line 407</a>)
    DilationFactor = [params.dilation_factor 1];
                      ^^^^^^^^^^^^^^^^^^^^^^
Error in <a href="matlab:matlab.lang.internal.introspective.errorDocCallback('Bayesian_optimization>trainAndEvaluateAE', 'C:\Users\Maria\Documents\Honours Programme\Networks\GAN\src\training\Bayesian_optimization.m', 315)" style="font-weight:bold">Bayesian_optimization>trainAndEvaluateAE</a> (<a href="matlab: opentoline('C:\Users\Maria\Documents\Honours Programme\Networks\GAN\src\training\Bayesian_optimization.m',315,0)">line 315</a>)
        net = buildOptimizedNetwork_compressed1(params);
              ^^^^^^^^^^^^^^^^^^^^^^^^^^^^^^^^^^^^^^^^^
Error in <a href="matlab:matlab.lang.internal.introspective.errorDocCallback('Bayesian_optimization>@(params)trainAndEvaluateAE(params,dataCfg)', 'C:\Users\Maria\Documents\Honours Programme\Networks\GAN\src\training\Bayesian_optimization.m', 149)" style="font-weight:bold">Bayesian_optimization>@(params)trainAndEvaluateAE(params,dataCfg)</a> (<a href="matlab: opentoline('C:\Users\Maria\Documents\Honours Programme\Networks\GAN\src\training\Bayesian_optimization.m',149,0)">line 149</a>)
objectiveFcn = @(params) trainAndEvaluateAE(params, dataCfg);
                         ^^^^^^^^^^^^^^^^^^^^^^^^^^^^^^^^^^^
Error in <a href="matlab:matlab.lang.internal.introspective.errorDocCallback('bayesoptim.callObjFcnParallel>callObjNormallyParallel', 'C:\Program Files\MATLAB\R2024b\toolbox\stats\bayesoptim\+bayesoptim\callObjFcnParallel.m', 45)" style="font-weight:bold">bayesoptim.callObjFcnParallel>callObjNormallyParallel</a> (<a href="matlab: opentoline('C:\Program Files\MATLAB\R2024b\toolbox\stats\bayesoptim\+bayesoptim\callObjFcnParallel.m',45,0)">line 45</a>)
            Objective = ObjectiveFcn(conditionalizedX);
                        ^^^^^^^^^^^^^^^^^^^^^^^^^^^^^^
Error in <a href="matlab:matlab.lang.internal.introspective.errorDocCallback('bayesoptim.callObjFcnParallel', 'C:\Program Files\MATLAB\R2024b\toolbox\stats\bayesoptim\+bayesoptim\callObjFcnParallel.m', 12)" style="font-weight:bold">bayesoptim.callObjFcnParallel</a> (<a href="matlab: opentoline('C:\Program Files\MATLAB\R2024b\toolbox\stats\bayesoptim\+bayesoptim\callObjFcnParallel.m',12,0)">line 12</a>)
        = callObjNormallyParallel(ObjectiveFcn, ObjectiveNargout, NumCoupledConstraints, conditionalizedX);
          ^^^^^^^^^^^^^^^^^^^^^^^^^^^^^^^^^^^^^^^^^^^^^^^^^^^^^^^^^^^^^^^^^^^^^^^^^^^^^^^^^^^^^^^^^^^^^^^^

[18:03:28] w01: start objective; params=[{"channels1":29,"channels2":15,"kernel_size1":10,"kernel_size2":15,"stride1":5,"dilatation_factor":7}]
[18:03:28] w01: Preparing datastores for training and validation...

[18:03:53] w01: after latent size calc
[18:03:53] w01: 1 am here before gpu
[18:03:53] w01: 2 am here after gpu
[18:03:53] w01: Training failed: Unrecognized table variable name 'dilation_factor'.

[18:03:53] w01: Error using <a href="matlab:matlab.lang.internal.introspective.errorDocCallback('tabular/dotReference', 'C:\Program Files\MATLAB\R2024b\toolbox\matlab\datatypes\tabular\@tabular\dotReference.m', 229)" style="font-weight:bold"> . </a> (<a href="matlab: opentoline('C:\Program Files\MATLAB\R2024b\toolbox\matlab\datatypes\tabular\@tabular\dotReference.m',229,0)">line 229</a>)
Unrecognized table variable name 'dilation_factor'.

Error in <a href="matlab:matlab.lang.internal.introspective.errorDocCallback('Bayesian_optimization>buildOptimizedNetwork_compressed1', 'C:\Users\Maria\Documents\Honours Programme\Networks\GAN\src\training\Bayesian_optimization.m', 407)" style="font-weight:bold">Bayesian_optimization>buildOptimizedNetwork_compressed1</a> (<a href="matlab: opentoline('C:\Users\Maria\Documents\Honours Programme\Networks\GAN\src\training\Bayesian_optimization.m',407,0)">line 407</a>)
    DilationFactor = [params.dilation_factor 1];
                      ^^^^^^^^^^^^^^^^^^^^^^
Error in <a href="matlab:matlab.lang.internal.introspective.errorDocCallback('Bayesian_optimization>trainAndEvaluateAE', 'C:\Users\Maria\Documents\Honours Programme\Networks\GAN\src\training\Bayesian_optimization.m', 315)" style="font-weight:bold">Bayesian_optimization>trainAndEvaluateAE</a> (<a href="matlab: opentoline('C:\Users\Maria\Documents\Honours Programme\Networks\GAN\src\training\Bayesian_optimization.m',315,0)">line 315</a>)
        net = buildOptimizedNetwork_compressed1(params);
              ^^^^^^^^^^^^^^^^^^^^^^^^^^^^^^^^^^^^^^^^^
Error in <a href="matlab:matlab.lang.internal.introspective.errorDocCallback('Bayesian_optimization>@(params)trainAndEvaluateAE(params,dataCfg)', 'C:\Users\Maria\Documents\Honours Programme\Networks\GAN\src\training\Bayesian_optimization.m', 149)" style="font-weight:bold">Bayesian_optimization>@(params)trainAndEvaluateAE(params,dataCfg)</a> (<a href="matlab: opentoline('C:\Users\Maria\Documents\Honours Programme\Networks\GAN\src\training\Bayesian_optimization.m',149,0)">line 149</a>)
objectiveFcn = @(params) trainAndEvaluateAE(params, dataCfg);
                         ^^^^^^^^^^^^^^^^^^^^^^^^^^^^^^^^^^^
Error in <a href="matlab:matlab.lang.internal.introspective.errorDocCallback('bayesoptim.callObjFcnParallel>callObjNormallyParallel', 'C:\Program Files\MATLAB\R2024b\toolbox\stats\bayesoptim\+bayesoptim\callObjFcnParallel.m', 45)" style="font-weight:bold">bayesoptim.callObjFcnParallel>callObjNormallyParallel</a> (<a href="matlab: opentoline('C:\Program Files\MATLAB\R2024b\toolbox\stats\bayesoptim\+bayesoptim\callObjFcnParallel.m',45,0)">line 45</a>)
            Objective = ObjectiveFcn(conditionalizedX);
                        ^^^^^^^^^^^^^^^^^^^^^^^^^^^^^^
Error in <a href="matlab:matlab.lang.internal.introspective.errorDocCallback('bayesoptim.callObjFcnParallel', 'C:\Program Files\MATLAB\R2024b\toolbox\stats\bayesoptim\+bayesoptim\callObjFcnParallel.m', 12)" style="font-weight:bold">bayesoptim.callObjFcnParallel</a> (<a href="matlab: opentoline('C:\Program Files\MATLAB\R2024b\toolbox\stats\bayesoptim\+bayesoptim\callObjFcnParallel.m',12,0)">line 12</a>)
        = callObjNormallyParallel(ObjectiveFcn, ObjectiveNargout, NumCoupledConstraints, conditionalizedX);
          ^^^^^^^^^^^^^^^^^^^^^^^^^^^^^^^^^^^^^^^^^^^^^^^^^^^^^^^^^^^^^^^^^^^^^^^^^^^^^^^^^^^^^^^^^^^^^^^^

[18:03:55] w01: start objective; params=[{"channels1":12,"channels2":8,"kernel_size1":24,"kernel_size2":15,"stride1":16,"dilatation_factor":5}]
[18:03:55] w01: Preparing datastores for training and validation...

[18:04:20] w01: after latent size calc
[18:04:20] w01: 1 am here before gpu
[18:04:20] w01: 2 am here after gpu
[18:04:20] w01: Training failed: Unrecognized table variable name 'dilation_factor'.

[18:04:20] w01: Error using <a href="matlab:matlab.lang.internal.introspective.errorDocCallback('tabular/dotReference', 'C:\Program Files\MATLAB\R2024b\toolbox\matlab\datatypes\tabular\@tabular\dotReference.m', 229)" style="font-weight:bold"> . </a> (<a href="matlab: opentoline('C:\Program Files\MATLAB\R2024b\toolbox\matlab\datatypes\tabular\@tabular\dotReference.m',229,0)">line 229</a>)
Unrecognized table variable name 'dilation_factor'.

Error in <a href="matlab:matlab.lang.internal.introspective.errorDocCallback('Bayesian_optimization>buildOptimizedNetwork_compressed1', 'C:\Users\Maria\Documents\Honours Programme\Networks\GAN\src\training\Bayesian_optimization.m', 407)" style="font-weight:bold">Bayesian_optimization>buildOptimizedNetwork_compressed1</a> (<a href="matlab: opentoline('C:\Users\Maria\Documents\Honours Programme\Networks\GAN\src\training\Bayesian_optimization.m',407,0)">line 407</a>)
    DilationFactor = [params.dilation_factor 1];
                      ^^^^^^^^^^^^^^^^^^^^^^
Error in <a href="matlab:matlab.lang.internal.introspective.errorDocCallback('Bayesian_optimization>trainAndEvaluateAE', 'C:\Users\Maria\Documents\Honours Programme\Networks\GAN\src\training\Bayesian_optimization.m', 315)" style="font-weight:bold">Bayesian_optimization>trainAndEvaluateAE</a> (<a href="matlab: opentoline('C:\Users\Maria\Documents\Honours Programme\Networks\GAN\src\training\Bayesian_optimization.m',315,0)">line 315</a>)
        net = buildOptimizedNetwork_compressed1(params);
              ^^^^^^^^^^^^^^^^^^^^^^^^^^^^^^^^^^^^^^^^^
Error in <a href="matlab:matlab.lang.internal.introspective.errorDocCallback('Bayesian_optimization>@(params)trainAndEvaluateAE(params,dataCfg)', 'C:\Users\Maria\Documents\Honours Programme\Networks\GAN\src\training\Bayesian_optimization.m', 149)" style="font-weight:bold">Bayesian_optimization>@(params)trainAndEvaluateAE(params,dataCfg)</a> (<a href="matlab: opentoline('C:\Users\Maria\Documents\Honours Programme\Networks\GAN\src\training\Bayesian_optimization.m',149,0)">line 149</a>)
objectiveFcn = @(params) trainAndEvaluateAE(params, dataCfg);
                         ^^^^^^^^^^^^^^^^^^^^^^^^^^^^^^^^^^^
Error in <a href="matlab:matlab.lang.internal.introspective.errorDocCallback('bayesoptim.callObjFcnParallel>callObjNormallyParallel', 'C:\Program Files\MATLAB\R2024b\toolbox\stats\bayesoptim\+bayesoptim\callObjFcnParallel.m', 45)" style="font-weight:bold">bayesoptim.callObjFcnParallel>callObjNormallyParallel</a> (<a href="matlab: opentoline('C:\Program Files\MATLAB\R2024b\toolbox\stats\bayesoptim\+bayesoptim\callObjFcnParallel.m',45,0)">line 45</a>)
            Objective = ObjectiveFcn(conditionalizedX);
                        ^^^^^^^^^^^^^^^^^^^^^^^^^^^^^^
Error in <a href="matlab:matlab.lang.internal.introspective.errorDocCallback('bayesoptim.callObjFcnParallel', 'C:\Program Files\MATLAB\R2024b\toolbox\stats\bayesoptim\+bayesoptim\callObjFcnParallel.m', 12)" style="font-weight:bold">bayesoptim.callObjFcnParallel</a> (<a href="matlab: opentoline('C:\Program Files\MATLAB\R2024b\toolbox\stats\bayesoptim\+bayesoptim\callObjFcnParallel.m',12,0)">line 12</a>)
        = callObjNormallyParallel(ObjectiveFcn, ObjectiveNargout, NumCoupledConstraints, conditionalizedX);
          ^^^^^^^^^^^^^^^^^^^^^^^^^^^^^^^^^^^^^^^^^^^^^^^^^^^^^^^^^^^^^^^^^^^^^^^^^^^^^^^^^^^^^^^^^^^^^^^^

[18:04:22] w01: start objective; params=[{"channels1":23,"channels2":9,"kernel_size1":19,"kernel_size2":12,"stride1":8,"dilatation_factor":7}]
[18:04:22] w01: Preparing datastores for training and validation...

[18:04:46] w01: after latent size calc
[18:04:46] w01: 1 am here before gpu
[18:04:46] w01: 2 am here after gpu
[18:04:46] w01: Training failed: Unrecognized table variable name 'dilation_factor'.

[18:04:46] w01: Error using <a href="matlab:matlab.lang.internal.introspective.errorDocCallback('tabular/dotReference', 'C:\Program Files\MATLAB\R2024b\toolbox\matlab\datatypes\tabular\@tabular\dotReference.m', 229)" style="font-weight:bold"> . </a> (<a href="matlab: opentoline('C:\Program Files\MATLAB\R2024b\toolbox\matlab\datatypes\tabular\@tabular\dotReference.m',229,0)">line 229</a>)
Unrecognized table variable name 'dilation_factor'.

Error in <a href="matlab:matlab.lang.internal.introspective.errorDocCallback('Bayesian_optimization>buildOptimizedNetwork_compressed1', 'C:\Users\Maria\Documents\Honours Programme\Networks\GAN\src\training\Bayesian_optimization.m', 407)" style="font-weight:bold">Bayesian_optimization>buildOptimizedNetwork_compressed1</a> (<a href="matlab: opentoline('C:\Users\Maria\Documents\Honours Programme\Networks\GAN\src\training\Bayesian_optimization.m',407,0)">line 407</a>)
    DilationFactor = [params.dilation_factor 1];
                      ^^^^^^^^^^^^^^^^^^^^^^
Error in <a href="matlab:matlab.lang.internal.introspective.errorDocCallback('Bayesian_optimization>trainAndEvaluateAE', 'C:\Users\Maria\Documents\Honours Programme\Networks\GAN\src\training\Bayesian_optimization.m', 315)" style="font-weight:bold">Bayesian_optimization>trainAndEvaluateAE</a> (<a href="matlab: opentoline('C:\Users\Maria\Documents\Honours Programme\Networks\GAN\src\training\Bayesian_optimization.m',315,0)">line 315</a>)
        net = buildOptimizedNetwork_compressed1(params);
              ^^^^^^^^^^^^^^^^^^^^^^^^^^^^^^^^^^^^^^^^^
Error in <a href="matlab:matlab.lang.internal.introspective.errorDocCallback('Bayesian_optimization>@(params)trainAndEvaluateAE(params,dataCfg)', 'C:\Users\Maria\Documents\Honours Programme\Networks\GAN\src\training\Bayesian_optimization.m', 149)" style="font-weight:bold">Bayesian_optimization>@(params)trainAndEvaluateAE(params,dataCfg)</a> (<a href="matlab: opentoline('C:\Users\Maria\Documents\Honours Programme\Networks\GAN\src\training\Bayesian_optimization.m',149,0)">line 149</a>)
objectiveFcn = @(params) trainAndEvaluateAE(params, dataCfg);
                         ^^^^^^^^^^^^^^^^^^^^^^^^^^^^^^^^^^^
Error in <a href="matlab:matlab.lang.internal.introspective.errorDocCallback('bayesoptim.callObjFcnParallel>callObjNormallyParallel', 'C:\Program Files\MATLAB\R2024b\toolbox\stats\bayesoptim\+bayesoptim\callObjFcnParallel.m', 45)" style="font-weight:bold">bayesoptim.callObjFcnParallel>callObjNormallyParallel</a> (<a href="matlab: opentoline('C:\Program Files\MATLAB\R2024b\toolbox\stats\bayesoptim\+bayesoptim\callObjFcnParallel.m',45,0)">line 45</a>)
            Objective = ObjectiveFcn(conditionalizedX);
                        ^^^^^^^^^^^^^^^^^^^^^^^^^^^^^^
Error in <a href="matlab:matlab.lang.internal.introspective.errorDocCallback('bayesoptim.callObjFcnParallel', 'C:\Program Files\MATLAB\R2024b\toolbox\stats\bayesoptim\+bayesoptim\callObjFcnParallel.m', 12)" style="font-weight:bold">bayesoptim.callObjFcnParallel</a> (<a href="matlab: opentoline('C:\Program Files\MATLAB\R2024b\toolbox\stats\bayesoptim\+bayesoptim\callObjFcnParallel.m',12,0)">line 12</a>)
        = callObjNormallyParallel(ObjectiveFcn, ObjectiveNargout, NumCoupledConstraints, conditionalizedX);
          ^^^^^^^^^^^^^^^^^^^^^^^^^^^^^^^^^^^^^^^^^^^^^^^^^^^^^^^^^^^^^^^^^^^^^^^^^^^^^^^^^^^^^^^^^^^^^^^^

[18:04:47] w01: start objective; params=[{"channels1":16,"channels2":15,"kernel_size1":11,"kernel_size2":5,"stride1":5,"dilatation_factor":4}]
[18:04:47] w01: Preparing datastores for training and validation...

[18:08:30] w01: start objective; params=[{"channels1":18,"channels2":8,"kernel_size1":16,"kernel_size2":15,"stride1":5,"dilatation_factor":7}]
[18:08:30] w01: Preparing datastores for training and validation...

[18:08:54] w01: after latent size calc
[18:08:54] w01: 1 am here before gpu
[18:08:54] w01: 2 am here after gpu
[18:08:54] w01: Training failed: Unrecognized table variable name 'dilation_factor'.

[18:08:54] w01: Error using <a href="matlab:matlab.lang.internal.introspective.errorDocCallback('tabular/dotReference', 'C:\Program Files\MATLAB\R2024b\toolbox\matlab\datatypes\tabular\@tabular\dotReference.m', 229)" style="font-weight:bold"> . </a> (<a href="matlab: opentoline('C:\Program Files\MATLAB\R2024b\toolbox\matlab\datatypes\tabular\@tabular\dotReference.m',229,0)">line 229</a>)
Unrecognized table variable name 'dilation_factor'.

Error in <a href="matlab:matlab.lang.internal.introspective.errorDocCallback('Bayesian_optimization>buildOptimizedNetwork_compressed1', 'C:\Users\Maria\Documents\Honours Programme\Networks\GAN\src\training\Bayesian_optimization.m', 407)" style="font-weight:bold">Bayesian_optimization>buildOptimizedNetwork_compressed1</a> (<a href="matlab: opentoline('C:\Users\Maria\Documents\Honours Programme\Networks\GAN\src\training\Bayesian_optimization.m',407,0)">line 407</a>)
    DilationFactor = [params.dilation_factor 1];
                      ^^^^^^^^^^^^^^^^^^^^^^
Error in <a href="matlab:matlab.lang.internal.introspective.errorDocCallback('Bayesian_optimization>trainAndEvaluateAE', 'C:\Users\Maria\Documents\Honours Programme\Networks\GAN\src\training\Bayesian_optimization.m', 315)" style="font-weight:bold">Bayesian_optimization>trainAndEvaluateAE</a> (<a href="matlab: opentoline('C:\Users\Maria\Documents\Honours Programme\Networks\GAN\src\training\Bayesian_optimization.m',315,0)">line 315</a>)
        net = buildOptimizedNetwork_compressed1(params);
              ^^^^^^^^^^^^^^^^^^^^^^^^^^^^^^^^^^^^^^^^^
Error in <a href="matlab:matlab.lang.internal.introspective.errorDocCallback('Bayesian_optimization>@(params)trainAndEvaluateAE(params,dataCfg)', 'C:\Users\Maria\Documents\Honours Programme\Networks\GAN\src\training\Bayesian_optimization.m', 149)" style="font-weight:bold">Bayesian_optimization>@(params)trainAndEvaluateAE(params,dataCfg)</a> (<a href="matlab: opentoline('C:\Users\Maria\Documents\Honours Programme\Networks\GAN\src\training\Bayesian_optimization.m',149,0)">line 149</a>)
objectiveFcn = @(params) trainAndEvaluateAE(params, dataCfg);
                         ^^^^^^^^^^^^^^^^^^^^^^^^^^^^^^^^^^^
Error in <a href="matlab:matlab.lang.internal.introspective.errorDocCallback('bayesoptim.callObjFcnParallel>callObjNormallyParallel', 'C:\Program Files\MATLAB\R2024b\toolbox\stats\bayesoptim\+bayesoptim\callObjFcnParallel.m', 45)" style="font-weight:bold">bayesoptim.callObjFcnParallel>callObjNormallyParallel</a> (<a href="matlab: opentoline('C:\Program Files\MATLAB\R2024b\toolbox\stats\bayesoptim\+bayesoptim\callObjFcnParallel.m',45,0)">line 45</a>)
            Objective = ObjectiveFcn(conditionalizedX);
                        ^^^^^^^^^^^^^^^^^^^^^^^^^^^^^^
Error in <a href="matlab:matlab.lang.internal.introspective.errorDocCallback('bayesoptim.callObjFcnParallel', 'C:\Program Files\MATLAB\R2024b\toolbox\stats\bayesoptim\+bayesoptim\callObjFcnParallel.m', 26)" style="font-weight:bold">bayesoptim.callObjFcnParallel</a> (<a href="matlab: opentoline('C:\Program Files\MATLAB\R2024b\toolbox\stats\bayesoptim\+bayesoptim\callObjFcnParallel.m',26,0)">line 26</a>)
            = callObjNormallyParallel(ObjectiveFcn, ObjectiveNargout, NumCoupledConstraints, conditionalizedX);
              ^^^^^^^^^^^^^^^^^^^^^^^^^^^^^^^^^^^^^^^^^^^^^^^^^^^^^^^^^^^^^^^^^^^^^^^^^^^^^^^^^^^^^^^^^^^^^^^^

[18:08:57] w01: start objective; params=[{"channels1":31,"channels2":15,"kernel_size1":23,"kernel_size2":10,"stride1":16,"dilatation_factor":5}]
[18:08:57] w01: Preparing datastores for training and validation...

[18:09:21] w01: after latent size calc
[18:09:21] w01: Latent size 150 exceeds limit (s1=16, s2=5, p=5, ch2=15). Penalized.

[18:09:21] w01: 1 am here before gpu
[18:09:21] w01: 2 am here after gpu
[18:09:21] w01: Training failed: Unrecognized table variable name 'dilation_factor'.

[18:09:21] w01: Error using <a href="matlab:matlab.lang.internal.introspective.errorDocCallback('tabular/dotReference', 'C:\Program Files\MATLAB\R2024b\toolbox\matlab\datatypes\tabular\@tabular\dotReference.m', 229)" style="font-weight:bold"> . </a> (<a href="matlab: opentoline('C:\Program Files\MATLAB\R2024b\toolbox\matlab\datatypes\tabular\@tabular\dotReference.m',229,0)">line 229</a>)
Unrecognized table variable name 'dilation_factor'.

Error in <a href="matlab:matlab.lang.internal.introspective.errorDocCallback('Bayesian_optimization>buildOptimizedNetwork_compressed1', 'C:\Users\Maria\Documents\Honours Programme\Networks\GAN\src\training\Bayesian_optimization.m', 407)" style="font-weight:bold">Bayesian_optimization>buildOptimizedNetwork_compressed1</a> (<a href="matlab: opentoline('C:\Users\Maria\Documents\Honours Programme\Networks\GAN\src\training\Bayesian_optimization.m',407,0)">line 407</a>)
    DilationFactor = [params.dilation_factor 1];
                      ^^^^^^^^^^^^^^^^^^^^^^
Error in <a href="matlab:matlab.lang.internal.introspective.errorDocCallback('Bayesian_optimization>trainAndEvaluateAE', 'C:\Users\Maria\Documents\Honours Programme\Networks\GAN\src\training\Bayesian_optimization.m', 315)" style="font-weight:bold">Bayesian_optimization>trainAndEvaluateAE</a> (<a href="matlab: opentoline('C:\Users\Maria\Documents\Honours Programme\Networks\GAN\src\training\Bayesian_optimization.m',315,0)">line 315</a>)
        net = buildOptimizedNetwork_compressed1(params);
              ^^^^^^^^^^^^^^^^^^^^^^^^^^^^^^^^^^^^^^^^^
Error in <a href="matlab:matlab.lang.internal.introspective.errorDocCallback('Bayesian_optimization>@(params)trainAndEvaluateAE(params,dataCfg)', 'C:\Users\Maria\Documents\Honours Programme\Networks\GAN\src\training\Bayesian_optimization.m', 149)" style="font-weight:bold">Bayesian_optimization>@(params)trainAndEvaluateAE(params,dataCfg)</a> (<a href="matlab: opentoline('C:\Users\Maria\Documents\Honours Programme\Networks\GAN\src\training\Bayesian_optimization.m',149,0)">line 149</a>)
objectiveFcn = @(params) trainAndEvaluateAE(params, dataCfg);
                         ^^^^^^^^^^^^^^^^^^^^^^^^^^^^^^^^^^^
Error in <a href="matlab:matlab.lang.internal.introspective.errorDocCallback('bayesoptim.callObjFcnParallel>callObjNormallyParallel', 'C:\Program Files\MATLAB\R2024b\toolbox\stats\bayesoptim\+bayesoptim\callObjFcnParallel.m', 45)" style="font-weight:bold">bayesoptim.callObjFcnParallel>callObjNormallyParallel</a> (<a href="matlab: opentoline('C:\Program Files\MATLAB\R2024b\toolbox\stats\bayesoptim\+bayesoptim\callObjFcnParallel.m',45,0)">line 45</a>)
            Objective = ObjectiveFcn(conditionalizedX);
                        ^^^^^^^^^^^^^^^^^^^^^^^^^^^^^^
Error in <a href="matlab:matlab.lang.internal.introspective.errorDocCallback('bayesoptim.callObjFcnParallel', 'C:\Program Files\MATLAB\R2024b\toolbox\stats\bayesoptim\+bayesoptim\callObjFcnParallel.m', 12)" style="font-weight:bold">bayesoptim.callObjFcnParallel</a> (<a href="matlab: opentoline('C:\Program Files\MATLAB\R2024b\toolbox\stats\bayesoptim\+bayesoptim\callObjFcnParallel.m',12,0)">line 12</a>)
        = callObjNormallyParallel(ObjectiveFcn, ObjectiveNargout, NumCoupledConstraints, conditionalizedX);
          ^^^^^^^^^^^^^^^^^^^^^^^^^^^^^^^^^^^^^^^^^^^^^^^^^^^^^^^^^^^^^^^^^^^^^^^^^^^^^^^^^^^^^^^^^^^^^^^^

[18:09:22] w01: start objective; params=[{"channels1":14,"channels2":9,"kernel_size1":16,"kernel_size2":11,"stride1":5,"dilatation_factor":8}]
[18:09:22] w01: Preparing datastores for training and validation...

[18:09:46] w01: after latent size calc
[18:09:46] w01: 1 am here before gpu
[18:09:46] w01: 2 am here after gpu
[18:09:46] w01: Training failed: Unrecognized table variable name 'dilation_factor'.

[18:09:47] w01: Error using <a href="matlab:matlab.lang.internal.introspective.errorDocCallback('tabular/dotReference', 'C:\Program Files\MATLAB\R2024b\toolbox\matlab\datatypes\tabular\@tabular\dotReference.m', 229)" style="font-weight:bold"> . </a> (<a href="matlab: opentoline('C:\Program Files\MATLAB\R2024b\toolbox\matlab\datatypes\tabular\@tabular\dotReference.m',229,0)">line 229</a>)
Unrecognized table variable name 'dilation_factor'.

Error in <a href="matlab:matlab.lang.internal.introspective.errorDocCallback('Bayesian_optimization>buildOptimizedNetwork_compressed1', 'C:\Users\Maria\Documents\Honours Programme\Networks\GAN\src\training\Bayesian_optimization.m', 407)" style="font-weight:bold">Bayesian_optimization>buildOptimizedNetwork_compressed1</a> (<a href="matlab: opentoline('C:\Users\Maria\Documents\Honours Programme\Networks\GAN\src\training\Bayesian_optimization.m',407,0)">line 407</a>)
    DilationFactor = [params.dilation_factor 1];
                      ^^^^^^^^^^^^^^^^^^^^^^
Error in <a href="matlab:matlab.lang.internal.introspective.errorDocCallback('Bayesian_optimization>trainAndEvaluateAE', 'C:\Users\Maria\Documents\Honours Programme\Networks\GAN\src\training\Bayesian_optimization.m', 315)" style="font-weight:bold">Bayesian_optimization>trainAndEvaluateAE</a> (<a href="matlab: opentoline('C:\Users\Maria\Documents\Honours Programme\Networks\GAN\src\training\Bayesian_optimization.m',315,0)">line 315</a>)
        net = buildOptimizedNetwork_compressed1(params);
              ^^^^^^^^^^^^^^^^^^^^^^^^^^^^^^^^^^^^^^^^^
Error in <a href="matlab:matlab.lang.internal.introspective.errorDocCallback('Bayesian_optimization>@(params)trainAndEvaluateAE(params,dataCfg)', 'C:\Users\Maria\Documents\Honours Programme\Networks\GAN\src\training\Bayesian_optimization.m', 149)" style="font-weight:bold">Bayesian_optimization>@(params)trainAndEvaluateAE(params,dataCfg)</a> (<a href="matlab: opentoline('C:\Users\Maria\Documents\Honours Programme\Networks\GAN\src\training\Bayesian_optimization.m',149,0)">line 149</a>)
objectiveFcn = @(params) trainAndEvaluateAE(params, dataCfg);
                         ^^^^^^^^^^^^^^^^^^^^^^^^^^^^^^^^^^^
Error in <a href="matlab:matlab.lang.internal.introspective.errorDocCallback('bayesoptim.callObjFcnParallel>callObjNormallyParallel', 'C:\Program Files\MATLAB\R2024b\toolbox\stats\bayesoptim\+bayesoptim\callObjFcnParallel.m', 45)" style="font-weight:bold">bayesoptim.callObjFcnParallel>callObjNormallyParallel</a> (<a href="matlab: opentoline('C:\Program Files\MATLAB\R2024b\toolbox\stats\bayesoptim\+bayesoptim\callObjFcnParallel.m',45,0)">line 45</a>)
            Objective = ObjectiveFcn(conditionalizedX);
                        ^^^^^^^^^^^^^^^^^^^^^^^^^^^^^^
Error in <a href="matlab:matlab.lang.internal.introspective.errorDocCallback('bayesoptim.callObjFcnParallel', 'C:\Program Files\MATLAB\R2024b\toolbox\stats\bayesoptim\+bayesoptim\callObjFcnParallel.m', 12)" style="font-weight:bold">bayesoptim.callObjFcnParallel</a> (<a href="matlab: opentoline('C:\Program Files\MATLAB\R2024b\toolbox\stats\bayesoptim\+bayesoptim\callObjFcnParallel.m',12,0)">line 12</a>)
        = callObjNormallyParallel(ObjectiveFcn, ObjectiveNargout, NumCoupledConstraints, conditionalizedX);
          ^^^^^^^^^^^^^^^^^^^^^^^^^^^^^^^^^^^^^^^^^^^^^^^^^^^^^^^^^^^^^^^^^^^^^^^^^^^^^^^^^^^^^^^^^^^^^^^^

[18:09:48] w01: start objective; params=[{"channels1":16,"channels2":8,"kernel_size1":12,"kernel_size2":6,"stride1":5,"dilatation_factor":3}]
[18:09:48] w01: Preparing datastores for training and validation...

[18:10:11] w01: after latent size calc
[18:10:11] w01: Latent size 128 exceeds limit (s1=16, s2=5, p=3, ch2=8). Penalized.

[18:10:11] w01: 1 am here before gpu
[18:10:11] w01: 2 am here after gpu
[18:10:11] w01: Training failed: Unrecognized table variable name 'dilation_factor'.

[18:10:11] w01: Error using <a href="matlab:matlab.lang.internal.introspective.errorDocCallback('tabular/dotReference', 'C:\Program Files\MATLAB\R2024b\toolbox\matlab\datatypes\tabular\@tabular\dotReference.m', 229)" style="font-weight:bold"> . </a> (<a href="matlab: opentoline('C:\Program Files\MATLAB\R2024b\toolbox\matlab\datatypes\tabular\@tabular\dotReference.m',229,0)">line 229</a>)
Unrecognized table variable name 'dilation_factor'.

Error in <a href="matlab:matlab.lang.internal.introspective.errorDocCallback('Bayesian_optimization>buildOptimizedNetwork_compressed1', 'C:\Users\Maria\Documents\Honours Programme\Networks\GAN\src\training\Bayesian_optimization.m', 407)" style="font-weight:bold">Bayesian_optimization>buildOptimizedNetwork_compressed1</a> (<a href="matlab: opentoline('C:\Users\Maria\Documents\Honours Programme\Networks\GAN\src\training\Bayesian_optimization.m',407,0)">line 407</a>)
    DilationFactor = [params.dilation_factor 1];
                      ^^^^^^^^^^^^^^^^^^^^^^
Error in <a href="matlab:matlab.lang.internal.introspective.errorDocCallback('Bayesian_optimization>trainAndEvaluateAE', 'C:\Users\Maria\Documents\Honours Programme\Networks\GAN\src\training\Bayesian_optimization.m', 315)" style="font-weight:bold">Bayesian_optimization>trainAndEvaluateAE</a> (<a href="matlab: opentoline('C:\Users\Maria\Documents\Honours Programme\Networks\GAN\src\training\Bayesian_optimization.m',315,0)">line 315</a>)
        net = buildOptimizedNetwork_compressed1(params);
              ^^^^^^^^^^^^^^^^^^^^^^^^^^^^^^^^^^^^^^^^^
Error in <a href="matlab:matlab.lang.internal.introspective.errorDocCallback('Bayesian_optimization>@(params)trainAndEvaluateAE(params,dataCfg)', 'C:\Users\Maria\Documents\Honours Programme\Networks\GAN\src\training\Bayesian_optimization.m', 149)" style="font-weight:bold">Bayesian_optimization>@(params)trainAndEvaluateAE(params,dataCfg)</a> (<a href="matlab: opentoline('C:\Users\Maria\Documents\Honours Programme\Networks\GAN\src\training\Bayesian_optimization.m',149,0)">line 149</a>)
objectiveFcn = @(params) trainAndEvaluateAE(params, dataCfg);
                         ^^^^^^^^^^^^^^^^^^^^^^^^^^^^^^^^^^^
Error in <a href="matlab:matlab.lang.internal.introspective.errorDocCallback('bayesoptim.callObjFcnParallel>callObjNormallyParallel', 'C:\Program Files\MATLAB\R2024b\toolbox\stats\bayesoptim\+bayesoptim\callObjFcnParallel.m', 45)" style="font-weight:bold">bayesoptim.callObjFcnParallel>callObjNormallyParallel</a> (<a href="matlab: opentoline('C:\Program Files\MATLAB\R2024b\toolbox\stats\bayesoptim\+bayesoptim\callObjFcnParallel.m',45,0)">line 45</a>)
            Objective = ObjectiveFcn(conditionalizedX);
                        ^^^^^^^^^^^^^^^^^^^^^^^^^^^^^^
Error in <a href="matlab:matlab.lang.internal.introspective.errorDocCallback('bayesoptim.callObjFcnParallel', 'C:\Program Files\MATLAB\R2024b\toolbox\stats\bayesoptim\+bayesoptim\callObjFcnParallel.m', 12)" style="font-weight:bold">bayesoptim.callObjFcnParallel</a> (<a href="matlab: opentoline('C:\Program Files\MATLAB\R2024b\toolbox\stats\bayesoptim\+bayesoptim\callObjFcnParallel.m',12,0)">line 12</a>)
        = callObjNormallyParallel(ObjectiveFcn, ObjectiveNargout, NumCoupledConstraints, conditionalizedX);
          ^^^^^^^^^^^^^^^^^^^^^^^^^^^^^^^^^^^^^^^^^^^^^^^^^^^^^^^^^^^^^^^^^^^^^^^^^^^^^^^^^^^^^^^^^^^^^^^^

[18:10:13] w01: start objective; params=[{"channels1":29,"channels2":12,"kernel_size1":14,"kernel_size2":11,"stride1":8,"dilatation_factor":3}]
[18:10:13] w01: Preparing datastores for training and validation...

[18:10:39] w01: after latent size calc
[18:10:39] w01: 1 am here before gpu
[18:10:39] w01: 2 am here after gpu
[18:10:39] w01: Training failed: Unrecognized table variable name 'dilation_factor'.

[18:10:39] w01: Error using <a href="matlab:matlab.lang.internal.introspective.errorDocCallback('tabular/dotReference', 'C:\Program Files\MATLAB\R2024b\toolbox\matlab\datatypes\tabular\@tabular\dotReference.m', 229)" style="font-weight:bold"> . </a> (<a href="matlab: opentoline('C:\Program Files\MATLAB\R2024b\toolbox\matlab\datatypes\tabular\@tabular\dotReference.m',229,0)">line 229</a>)
Unrecognized table variable name 'dilation_factor'.

Error in <a href="matlab:matlab.lang.internal.introspective.errorDocCallback('Bayesian_optimization>buildOptimizedNetwork_compressed1', 'C:\Users\Maria\Documents\Honours Programme\Networks\GAN\src\training\Bayesian_optimization.m', 407)" style="font-weight:bold">Bayesian_optimization>buildOptimizedNetwork_compressed1</a> (<a href="matlab: opentoline('C:\Users\Maria\Documents\Honours Programme\Networks\GAN\src\training\Bayesian_optimization.m',407,0)">line 407</a>)
    DilationFactor = [params.dilation_factor 1];
                      ^^^^^^^^^^^^^^^^^^^^^^
Error in <a href="matlab:matlab.lang.internal.introspective.errorDocCallback('Bayesian_optimization>trainAndEvaluateAE', 'C:\Users\Maria\Documents\Honours Programme\Networks\GAN\src\training\Bayesian_optimization.m', 315)" style="font-weight:bold">Bayesian_optimization>trainAndEvaluateAE</a> (<a href="matlab: opentoline('C:\Users\Maria\Documents\Honours Programme\Networks\GAN\src\training\Bayesian_optimization.m',315,0)">line 315</a>)
        net = buildOptimizedNetwork_compressed1(params);
              ^^^^^^^^^^^^^^^^^^^^^^^^^^^^^^^^^^^^^^^^^
Error in <a href="matlab:matlab.lang.internal.introspective.errorDocCallback('Bayesian_optimization>@(params)trainAndEvaluateAE(params,dataCfg)', 'C:\Users\Maria\Documents\Honours Programme\Networks\GAN\src\training\Bayesian_optimization.m', 149)" style="font-weight:bold">Bayesian_optimization>@(params)trainAndEvaluateAE(params,dataCfg)</a> (<a href="matlab: opentoline('C:\Users\Maria\Documents\Honours Programme\Networks\GAN\src\training\Bayesian_optimization.m',149,0)">line 149</a>)
objectiveFcn = @(params) trainAndEvaluateAE(params, dataCfg);
                         ^^^^^^^^^^^^^^^^^^^^^^^^^^^^^^^^^^^
Error in <a href="matlab:matlab.lang.internal.introspective.errorDocCallback('bayesoptim.callObjFcnParallel>callObjNormallyParallel', 'C:\Program Files\MATLAB\R2024b\toolbox\stats\bayesoptim\+bayesoptim\callObjFcnParallel.m', 45)" style="font-weight:bold">bayesoptim.callObjFcnParallel>callObjNormallyParallel</a> (<a href="matlab: opentoline('C:\Program Files\MATLAB\R2024b\toolbox\stats\bayesoptim\+bayesoptim\callObjFcnParallel.m',45,0)">line 45</a>)
            Objective = ObjectiveFcn(conditionalizedX);
                        ^^^^^^^^^^^^^^^^^^^^^^^^^^^^^^
Error in <a href="matlab:matlab.lang.internal.introspective.errorDocCallback('bayesoptim.callObjFcnParallel', 'C:\Program Files\MATLAB\R2024b\toolbox\stats\bayesoptim\+bayesoptim\callObjFcnParallel.m', 12)" style="font-weight:bold">bayesoptim.callObjFcnParallel</a> (<a href="matlab: opentoline('C:\Program Files\MATLAB\R2024b\toolbox\stats\bayesoptim\+bayesoptim\callObjFcnParallel.m',12,0)">line 12</a>)
        = callObjNormallyParallel(ObjectiveFcn, ObjectiveNargout, NumCoupledConstraints, conditionalizedX);
          ^^^^^^^^^^^^^^^^^^^^^^^^^^^^^^^^^^^^^^^^^^^^^^^^^^^^^^^^^^^^^^^^^^^^^^^^^^^^^^^^^^^^^^^^^^^^^^^^

[18:10:41] w01: start objective; params=[{"channels1":23,"channels2":16,"kernel_size1":12,"kernel_size2":11,"stride1":4,"dilatation_factor":6}]
[18:10:41] w01: Preparing datastores for training and validation...

[18:11:01] w01: start objective; params=[{"channels1":18,"channels2":8,"kernel_size1":16,"kernel_size2":15,"stride1":5,"dilation_factor":7}]
[18:11:01] w01: Preparing datastores for training and validation...

[18:11:25] w01: after latent size calc
[18:11:25] w01: 1 am here before gpu
[18:11:25] w01: 2 am here after gpu
[18:11:49] w01: Training network (Final=0) on gpu for 10 epochs...

[19:22:41] w01: start objective; params=[{"channels1":18,"channels2":8,"kernel_size1":16,"kernel_size2":15,"stride1":5,"dilation_factor":7}]
[19:22:41] w01: Preparing datastores for training and validation...

[19:23:07] w01: after latent size calc
[19:23:07] w01: 1 am here before gpu
[19:23:07] w01: 2 am here after gpu
[19:23:26] w01: Training network (Final=0) on gpu for 10 epochs...

[20:35:33] w01: start objective; params=[{"channels1":22,"channels2":12,"kernel_size1":16,"kernel_size2":10,"stride1":16,"dilation_factor":8}]
[20:35:33] w01: Preparing datastores for training and validation...

[20:35:58] w01: after latent size calc
[20:35:58] w01: Latent size 120 exceeds limit (s1=16, s2=5, p=5, ch2=12). Penalized.

[20:35:58] w01: 1 am here before gpu
[20:35:58] w01: 2 am here after gpu
[20:36:13] w01: Training network (Final=0) on gpu for 10 epochs...

[21:48:52] w01: start objective; params=[{"channels1":32,"channels2":5,"kernel_size1":8,"kernel_size2":14,"stride1":8,"dilation_factor":2}]
[21:48:52] w01: Preparing datastores for training and validation...

[21:49:22] w01: after latent size calc
[21:49:22] w01: 1 am here before gpu
[21:49:22] w01: 2 am here after gpu
[21:49:37] w01: Training network (Final=0) on gpu for 10 epochs...

[23:08:19] w01: start objective; params=[{"channels1":29,"channels2":4,"kernel_size1":21,"kernel_size2":15,"stride1":4,"dilation_factor":8}]
[23:08:19] w01: Preparing datastores for training and validation...

[23:08:55] w01: after latent size calc
[23:08:55] w01: 1 am here before gpu
[23:08:55] w01: 2 am here after gpu
[23:09:10] w01: Training network (Final=0) on gpu for 10 epochs...

[00:32:33] w01: start objective; params=[{"channels1":23,"channels2":4,"kernel_size1":8,"kernel_size2":13,"stride1":4,"dilation_factor":6}]
[00:32:33] w01: Preparing datastores for training and validation...

[00:33:16] w01: after latent size calc
[00:33:16] w01: 1 am here before gpu
[00:33:16] w01: 2 am here after gpu
[00:33:34] w01: Training network (Final=0) on gpu for 10 epochs...

[12:20:42] w01: start objective; params=[{"channels1":18,"channels2":8,"kernel_size1":16,"kernel_size2":15,"stride1":5,"dilation_factor":7}]
[12:20:42] w01: Preparing datastores for training and validation...

[12:21:06] w01: after latent size calc
[12:21:06] w01: 1 am here before gpu
[12:21:06] w01: 2 am here after gpu
[12:21:35] w01: Training network (Final=0) on gpu for 10 epochs...

[13:31:21] w01: start objective; params=[{"channels1":31,"channels2":15,"kernel_size1":23,"kernel_size2":10,"stride1":16,"dilation_factor":5}]
[13:31:21] w01: Preparing datastores for training and validation...

[13:31:48] w01: after latent size calc
[13:31:48] w01: Latent size 150 exceeds limit (s1=16, s2=5, p=5, ch2=15). Penalized.

[13:31:48] w01: 1 am here before gpu
[13:31:48] w01: 2 am here after gpu
[13:32:06] w01: Training network (Final=0) on gpu for 10 epochs...

[16:22:55] w01: start objective; params=[{"channels1":31,"channels2":7,"kernel_size1":15,"kernel_size2":6,"stride1":5,"dilation_factor":4}]
[16:22:55] w01: Preparing datastores for training and validation...

[16:23:40] w01: after latent size calc
[16:23:40] w01: Latent size 112 exceeds limit (s1=16, s2=5, p=3, ch2=7). Penalized.

[16:23:40] w01: 1 am here before gpu
[16:23:41] w01: 2 am here after gpu
[16:24:58] w01: Training network (Final=0) on gpu for 10 epochs...

[17:55:11] w01: start objective; params=[{"channels1":31,"channels2":15,"kernel_size1":23,"kernel_size2":10,"stride1":16,"dilation_factor":5}]
[17:55:11] w01: Preparing datastores for training and validation...

[17:55:34] w01: after latent size calc
[17:55:34] w01: Latent size 150 exceeds limit (s1=16, s2=5, p=5, ch2=15). Penalized.

[17:55:34] w01: 1 am here before gpu
[17:55:34] w01: 2 am here after gpu
[17:55:52] w01: Training network (Final=0) on gpu for 10 epochs...

[19:13:44] w01: start objective; params=[{"channels1":24,"channels2":14,"kernel_size1":17,"kernel_size2":14,"stride1":4,"dilation_factor":8}]
[19:13:44] w01: Preparing datastores for training and validation...

[19:14:10] w01: after latent size calc
[19:14:10] w01: 1 am here before gpu
[19:14:10] w01: 2 am here after gpu
[19:14:26] w01: Training network (Final=0) on gpu for 10 epochs...

[12:09:10] w01: start objective; params=[{"channels1":31,"channels2":7,"kernel_size1":15,"kernel_size2":6,"stride1":5,"dilation_factor":4}]
[12:09:10] w01: Preparing datastores for training and validation...

[12:10:48] w01: start objective; params=[{"channels1":31,"channels2":7,"kernel_size1":15,"kernel_size2":6,"stride1":5,"dilation_factor":4}]
[12:10:48] w01: Preparing datastores for training and validation...

[12:11:28] w01: after latent size calc
[12:11:28] w01: 1 am here before gpu
[12:11:29] w01: 2 am here after gpu
[12:11:58] w01: Training network (Final=0) on gpu for 10 epochs...

[12:11:58] w01: Training failed: Invalid trainingOptions.

[12:11:59] w01: Error using <a href="matlab:matlab.lang.internal.introspective.errorDocCallback('trainingOptions', 'C:\Program Files\MATLAB\R2024b\toolbox\nnet\cnn\trainingOptions.m', 23)" style="font-weight:bold">trainingOptions</a> (<a href="matlab: opentoline('C:\Program Files\MATLAB\R2024b\toolbox\nnet\cnn\trainingOptions.m',23,0)">line 23</a>)
Invalid trainingOptions.

Error in <a href="matlab:matlab.lang.internal.introspective.errorDocCallback('Bayesian_optimization>trainAndEvaluateAE', 'C:\Users\Maria\Documents\Honours Programme\Networks\GAN\src\training\Bayesian_optimization.m', 320)" style="font-weight:bold">Bayesian_optimization>trainAndEvaluateAE</a> (<a href="matlab: opentoline('C:\Users\Maria\Documents\Honours Programme\Networks\GAN\src\training\Bayesian_optimization.m',320,0)">line 320</a>)
        options = trainingOptions('adam', ...
                  ^^^^^^^^^^^^^^^^^^^^^^^^^^^
Error in <a href="matlab:matlab.lang.internal.introspective.errorDocCallback('Bayesian_optimization>@(params)trainAndEvaluateAE(params,dataCfg)', 'C:\Users\Maria\Documents\Honours Programme\Networks\GAN\src\training\Bayesian_optimization.m', 149)" style="font-weight:bold">Bayesian_optimization>@(params)trainAndEvaluateAE(params,dataCfg)</a> (<a href="matlab: opentoline('C:\Users\Maria\Documents\Honours Programme\Networks\GAN\src\training\Bayesian_optimization.m',149,0)">line 149</a>)
objectiveFcn = @(params) trainAndEvaluateAE(params, dataCfg);
                         ^^^^^^^^^^^^^^^^^^^^^^^^^^^^^^^^^^^
Error in <a href="matlab:matlab.lang.internal.introspective.errorDocCallback('bayesoptim.callObjFcnParallel>callObjNormallyParallel', 'C:\Program Files\MATLAB\R2024b\toolbox\stats\bayesoptim\+bayesoptim\callObjFcnParallel.m', 45)" style="font-weight:bold">bayesoptim.callObjFcnParallel>callObjNormallyParallel</a> (<a href="matlab: opentoline('C:\Program Files\MATLAB\R2024b\toolbox\stats\bayesoptim\+bayesoptim\callObjFcnParallel.m',45,0)">line 45</a>)
            Objective = ObjectiveFcn(conditionalizedX);
                        ^^^^^^^^^^^^^^^^^^^^^^^^^^^^^^
Error in <a href="matlab:matlab.lang.internal.introspective.errorDocCallback('bayesoptim.callObjFcnParallel', 'C:\Program Files\MATLAB\R2024b\toolbox\stats\bayesoptim\+bayesoptim\callObjFcnParallel.m', 26)" style="font-weight:bold">bayesoptim.callObjFcnParallel</a> (<a href="matlab: opentoline('C:\Program Files\MATLAB\R2024b\toolbox\stats\bayesoptim\+bayesoptim\callObjFcnParallel.m',26,0)">line 26</a>)
            = callObjNormallyParallel(ObjectiveFcn, ObjectiveNargout, NumCoupledConstraints, conditionalizedX);
              ^^^^^^^^^^^^^^^^^^^^^^^^^^^^^^^^^^^^^^^^^^^^^^^^^^^^^^^^^^^^^^^^^^^^^^^^^^^^^^^^^^^^^^^^^^^^^^^^
Caused by:
    Error using <a href="matlab:matlab.lang.internal.introspective.errorDocCallback('nnet.cnn.TrainingOptionsMiniBatch', 'C:\Program Files\MATLAB\R2024b\toolbox\nnet\cnn\+nnet\+cnn\TrainingOptionsMiniBatch.m', 134)" style="font-weight:bold">nnet.cnn.TrainingOptionsMiniBatch</a> (<a href="matlab: opentoline('C:\Program Files\MATLAB\R2024b\toolbox\nnet\cnn\+nnet\+cnn\TrainingOptionsMiniBatch.m',134,0)">line 134</a>)
    The value of 'ValidationData' is invalid. Error when calling "preview" on underlying datastore.
    Datastore "preview" method should not error.
        Unrecognized field name "Banchmark_Amplitude".

[12:12:09] w01: start objective; params=[{"channels1":22,"channels2":12,"kernel_size1":16,"kernel_size2":10,"stride1":16,"dilation_factor":8}]
[12:12:09] w01: Preparing datastores for training and validation...

[12:12:45] w01: after latent size calc
[12:12:45] w01: 1 am here before gpu
[12:12:45] w01: 2 am here after gpu
[12:13:10] w01: Training network (Final=0) on gpu for 10 epochs...

[12:13:10] w01: Training failed: Invalid trainingOptions.

[12:13:10] w01: Error using <a href="matlab:matlab.lang.internal.introspective.errorDocCallback('trainingOptions', 'C:\Program Files\MATLAB\R2024b\toolbox\nnet\cnn\trainingOptions.m', 23)" style="font-weight:bold">trainingOptions</a> (<a href="matlab: opentoline('C:\Program Files\MATLAB\R2024b\toolbox\nnet\cnn\trainingOptions.m',23,0)">line 23</a>)
Invalid trainingOptions.

Error in <a href="matlab:matlab.lang.internal.introspective.errorDocCallback('Bayesian_optimization>trainAndEvaluateAE', 'C:\Users\Maria\Documents\Honours Programme\Networks\GAN\src\training\Bayesian_optimization.m', 320)" style="font-weight:bold">Bayesian_optimization>trainAndEvaluateAE</a> (<a href="matlab: opentoline('C:\Users\Maria\Documents\Honours Programme\Networks\GAN\src\training\Bayesian_optimization.m',320,0)">line 320</a>)
        options = trainingOptions('adam', ...
                  ^^^^^^^^^^^^^^^^^^^^^^^^^^^
Error in <a href="matlab:matlab.lang.internal.introspective.errorDocCallback('Bayesian_optimization>@(params)trainAndEvaluateAE(params,dataCfg)', 'C:\Users\Maria\Documents\Honours Programme\Networks\GAN\src\training\Bayesian_optimization.m', 149)" style="font-weight:bold">Bayesian_optimization>@(params)trainAndEvaluateAE(params,dataCfg)</a> (<a href="matlab: opentoline('C:\Users\Maria\Documents\Honours Programme\Networks\GAN\src\training\Bayesian_optimization.m',149,0)">line 149</a>)
objectiveFcn = @(params) trainAndEvaluateAE(params, dataCfg);
                         ^^^^^^^^^^^^^^^^^^^^^^^^^^^^^^^^^^^
Error in <a href="matlab:matlab.lang.internal.introspective.errorDocCallback('bayesoptim.callObjFcnParallel>callObjNormallyParallel', 'C:\Program Files\MATLAB\R2024b\toolbox\stats\bayesoptim\+bayesoptim\callObjFcnParallel.m', 45)" style="font-weight:bold">bayesoptim.callObjFcnParallel>callObjNormallyParallel</a> (<a href="matlab: opentoline('C:\Program Files\MATLAB\R2024b\toolbox\stats\bayesoptim\+bayesoptim\callObjFcnParallel.m',45,0)">line 45</a>)
            Objective = ObjectiveFcn(conditionalizedX);
                        ^^^^^^^^^^^^^^^^^^^^^^^^^^^^^^
Error in <a href="matlab:matlab.lang.internal.introspective.errorDocCallback('bayesoptim.callObjFcnParallel', 'C:\Program Files\MATLAB\R2024b\toolbox\stats\bayesoptim\+bayesoptim\callObjFcnParallel.m', 12)" style="font-weight:bold">bayesoptim.callObjFcnParallel</a> (<a href="matlab: opentoline('C:\Program Files\MATLAB\R2024b\toolbox\stats\bayesoptim\+bayesoptim\callObjFcnParallel.m',12,0)">line 12</a>)
        = callObjNormallyParallel(ObjectiveFcn, ObjectiveNargout, NumCoupledConstraints, conditionalizedX);
          ^^^^^^^^^^^^^^^^^^^^^^^^^^^^^^^^^^^^^^^^^^^^^^^^^^^^^^^^^^^^^^^^^^^^^^^^^^^^^^^^^^^^^^^^^^^^^^^^
Caused by:
    Error using <a href="matlab:matlab.lang.internal.introspective.errorDocCallback('nnet.cnn.TrainingOptionsMiniBatch', 'C:\Program Files\MATLAB\R2024b\toolbox\nnet\cnn\+nnet\+cnn\TrainingOptionsMiniBatch.m', 134)" style="font-weight:bold">nnet.cnn.TrainingOptionsMiniBatch</a> (<a href="matlab: opentoline('C:\Program Files\MATLAB\R2024b\toolbox\nnet\cnn\+nnet\+cnn\TrainingOptionsMiniBatch.m',134,0)">line 134</a>)
    The value of 'ValidationData' is invalid. Error when calling "preview" on underlying datastore.
    Datastore "preview" method should not error.
        Unrecognized field name "Banchmark_Amplitude".

[12:13:28] w01: start objective; params=[{"channels1":31,"channels2":7,"kernel_size1":15,"kernel_size2":6,"stride1":5,"dilation_factor":4}]
[12:13:28] w01: Preparing datastores for training and validation...

[12:14:03] w01: after latent size calc
[12:14:03] w01: 1 am here before gpu
[12:14:03] w01: 2 am here after gpu
[12:14:23] w01: Training network (Final=0) on gpu for 10 epochs...


[13:17:16] w01: Training failed: Unrecognized function or variable 'loss_latent'.

[13:17:17] w01: Unrecognized function or variable 'loss_latent'.

Error in <a href="matlab:matlab.lang.internal.introspective.errorDocCallback('Bayesian_optimization>trainAndEvaluateAE', 'C:\Users\Maria\Documents\Honours Programme\Networks\GAN\src\training\Bayesian_optimization.m', 342)" style="font-weight:bold">Bayesian_optimization>trainAndEvaluateAE</a> (<a href="matlab: opentoline('C:\Users\Maria\Documents\Honours Programme\Networks\GAN\src\training\Bayesian_optimization.m',342,0)">line 342</a>)
        loss = valLoss + complexityPenalty + loss_latent;
                                             ^^^^^^^^^^^
Error in <a href="matlab:matlab.lang.internal.introspective.errorDocCallback('Bayesian_optimization>@(params)trainAndEvaluateAE(params,dataCfg)', 'C:\Users\Maria\Documents\Honours Programme\Networks\GAN\src\training\Bayesian_optimization.m', 149)" style="font-weight:bold">Bayesian_optimization>@(params)trainAndEvaluateAE(params,dataCfg)</a> (<a href="matlab: opentoline('C:\Users\Maria\Documents\Honours Programme\Networks\GAN\src\training\Bayesian_optimization.m',149,0)">line 149</a>)
objectiveFcn = @(params) trainAndEvaluateAE(params, dataCfg);
                         ^^^^^^^^^^^^^^^^^^^^^^^^^^^^^^^^^^^
Error in <a href="matlab:matlab.lang.internal.introspective.errorDocCallback('bayesoptim.callObjFcnParallel>callObjNormallyParallel', 'C:\Program Files\MATLAB\R2024b\toolbox\stats\bayesoptim\+bayesoptim\callObjFcnParallel.m', 45)" style="font-weight:bold">bayesoptim.callObjFcnParallel>callObjNormallyParallel</a> (<a href="matlab: opentoline('C:\Program Files\MATLAB\R2024b\toolbox\stats\bayesoptim\+bayesoptim\callObjFcnParallel.m',45,0)">line 45</a>)
            Objective = ObjectiveFcn(conditionalizedX);
                        ^^^^^^^^^^^^^^^^^^^^^^^^^^^^^^
Error in <a href="matlab:matlab.lang.internal.introspective.errorDocCallback('bayesoptim.callObjFcnParallel', 'C:\Program Files\MATLAB\R2024b\toolbox\stats\bayesoptim\+bayesoptim\callObjFcnParallel.m', 26)" style="font-weight:bold">bayesoptim.callObjFcnParallel</a> (<a href="matlab: opentoline('C:\Program Files\MATLAB\R2024b\toolbox\stats\bayesoptim\+bayesoptim\callObjFcnParallel.m',26,0)">line 26</a>)
            = callObjNormallyParallel(ObjectiveFcn, ObjectiveNargout, NumCoupledConstraints, conditionalizedX);
              ^^^^^^^^^^^^^^^^^^^^^^^^^^^^^^^^^^^^^^^^^^^^^^^^^^^^^^^^^^^^^^^^^^^^^^^^^^^^^^^^^^^^^^^^^^^^^^^^

[13:17:25] w01: start objective; params=[{"channels1":8,"channels2":5,"kernel_size1":20,"kernel_size2":16,"stride1":5,"dilation_factor":7}]
[13:17:25] w01: Preparing datastores for training and validation...

[13:17:47] w01: after latent size calc
[13:17:47] w01: 1 am here before gpu
[13:17:47] w01: 2 am here after gpu
[13:18:01] w01: Training network (Final=0) on gpu for 10 epochs...

[14:21:56] w01: Training failed: Unrecognized function or variable 'loss_latent'.

[14:21:57] w01: Unrecognized function or variable 'loss_latent'.

Error in <a href="matlab:matlab.lang.internal.introspective.errorDocCallback('Bayesian_optimization>trainAndEvaluateAE', 'C:\Users\Maria\Documents\Honours Programme\Networks\GAN\src\training\Bayesian_optimization.m', 342)" style="font-weight:bold">Bayesian_optimization>trainAndEvaluateAE</a> (<a href="matlab: opentoline('C:\Users\Maria\Documents\Honours Programme\Networks\GAN\src\training\Bayesian_optimization.m',342,0)">line 342</a>)
        loss = valLoss + complexityPenalty + loss_latent;
                                             ^^^^^^^^^^^
Error in <a href="matlab:matlab.lang.internal.introspective.errorDocCallback('Bayesian_optimization>@(params)trainAndEvaluateAE(params,dataCfg)', 'C:\Users\Maria\Documents\Honours Programme\Networks\GAN\src\training\Bayesian_optimization.m', 149)" style="font-weight:bold">Bayesian_optimization>@(params)trainAndEvaluateAE(params,dataCfg)</a> (<a href="matlab: opentoline('C:\Users\Maria\Documents\Honours Programme\Networks\GAN\src\training\Bayesian_optimization.m',149,0)">line 149</a>)
objectiveFcn = @(params) trainAndEvaluateAE(params, dataCfg);
                         ^^^^^^^^^^^^^^^^^^^^^^^^^^^^^^^^^^^
Error in <a href="matlab:matlab.lang.internal.introspective.errorDocCallback('bayesoptim.callObjFcnParallel>callObjNormallyParallel', 'C:\Program Files\MATLAB\R2024b\toolbox\stats\bayesoptim\+bayesoptim\callObjFcnParallel.m', 45)" style="font-weight:bold">bayesoptim.callObjFcnParallel>callObjNormallyParallel</a> (<a href="matlab: opentoline('C:\Program Files\MATLAB\R2024b\toolbox\stats\bayesoptim\+bayesoptim\callObjFcnParallel.m',45,0)">line 45</a>)
            Objective = ObjectiveFcn(conditionalizedX);
                        ^^^^^^^^^^^^^^^^^^^^^^^^^^^^^^
Error in <a href="matlab:matlab.lang.internal.introspective.errorDocCallback('bayesoptim.callObjFcnParallel', 'C:\Program Files\MATLAB\R2024b\toolbox\stats\bayesoptim\+bayesoptim\callObjFcnParallel.m', 26)" style="font-weight:bold">bayesoptim.callObjFcnParallel</a> (<a href="matlab: opentoline('C:\Program Files\MATLAB\R2024b\toolbox\stats\bayesoptim\+bayesoptim\callObjFcnParallel.m',26,0)">line 26</a>)
            = callObjNormallyParallel(ObjectiveFcn, ObjectiveNargout, NumCoupledConstraints, conditionalizedX);
              ^^^^^^^^^^^^^^^^^^^^^^^^^^^^^^^^^^^^^^^^^^^^^^^^^^^^^^^^^^^^^^^^^^^^^^^^^^^^^^^^^^^^^^^^^^^^^^^^

[14:22:09] w01: start objective; params=[{"channels1":8,"channels2":5,"kernel_size1":20,"kernel_size2":16,"stride1":5,"dilation_factor":7}]
[14:22:09] w01: Preparing datastores for training and validation...

[14:22:34] w01: after latent size calc
[14:22:34] w01: 1 am here before gpu
[14:22:34] w01: 2 am here after gpu
[14:22:47] w01: Training network (Final=0) on gpu for 10 epochs...

[15:31:25] w01: Training failed: Unrecognized function or variable 'loss_latent'.

[15:31:26] w01: Unrecognized function or variable 'loss_latent'.

Error in <a href="matlab:matlab.lang.internal.introspective.errorDocCallback('Bayesian_optimization>trainAndEvaluateAE', 'C:\Users\Maria\Documents\Honours Programme\Networks\GAN\src\training\Bayesian_optimization.m', 342)" style="font-weight:bold">Bayesian_optimization>trainAndEvaluateAE</a> (<a href="matlab: opentoline('C:\Users\Maria\Documents\Honours Programme\Networks\GAN\src\training\Bayesian_optimization.m',342,0)">line 342</a>)
        loss = valLoss + complexityPenalty + loss_latent;
                                             ^^^^^^^^^^^
Error in <a href="matlab:matlab.lang.internal.introspective.errorDocCallback('Bayesian_optimization>@(params)trainAndEvaluateAE(params,dataCfg)', 'C:\Users\Maria\Documents\Honours Programme\Networks\GAN\src\training\Bayesian_optimization.m', 149)" style="font-weight:bold">Bayesian_optimization>@(params)trainAndEvaluateAE(params,dataCfg)</a> (<a href="matlab: opentoline('C:\Users\Maria\Documents\Honours Programme\Networks\GAN\src\training\Bayesian_optimization.m',149,0)">line 149</a>)
objectiveFcn = @(params) trainAndEvaluateAE(params, dataCfg);
                         ^^^^^^^^^^^^^^^^^^^^^^^^^^^^^^^^^^^
Error in <a href="matlab:matlab.lang.internal.introspective.errorDocCallback('bayesoptim.callObjFcnParallel>callObjNormallyParallel', 'C:\Program Files\MATLAB\R2024b\toolbox\stats\bayesoptim\+bayesoptim\callObjFcnParallel.m', 45)" style="font-weight:bold">bayesoptim.callObjFcnParallel>callObjNormallyParallel</a> (<a href="matlab: opentoline('C:\Program Files\MATLAB\R2024b\toolbox\stats\bayesoptim\+bayesoptim\callObjFcnParallel.m',45,0)">line 45</a>)
            Objective = ObjectiveFcn(conditionalizedX);
                        ^^^^^^^^^^^^^^^^^^^^^^^^^^^^^^
Error in <a href="matlab:matlab.lang.internal.introspective.errorDocCallback('bayesoptim.callObjFcnParallel', 'C:\Program Files\MATLAB\R2024b\toolbox\stats\bayesoptim\+bayesoptim\callObjFcnParallel.m', 26)" style="font-weight:bold">bayesoptim.callObjFcnParallel</a> (<a href="matlab: opentoline('C:\Program Files\MATLAB\R2024b\toolbox\stats\bayesoptim\+bayesoptim\callObjFcnParallel.m',26,0)">line 26</a>)
            = callObjNormallyParallel(ObjectiveFcn, ObjectiveNargout, NumCoupledConstraints, conditionalizedX);
              ^^^^^^^^^^^^^^^^^^^^^^^^^^^^^^^^^^^^^^^^^^^^^^^^^^^^^^^^^^^^^^^^^^^^^^^^^^^^^^^^^^^^^^^^^^^^^^^^

[15:32:01] w01: start objective; params=[{"channels1":12,"channels2":7,"kernel_size1":31,"kernel_size2":10,"stride1":16,"dilation_factor":5}]
[15:32:01] w01: Preparing datastores for training and validation...

[15:32:31] w01: after latent size calc
[15:32:31] w01: 1 am here before gpu
[15:32:31] w01: 2 am here after gpu
[15:32:48] w01: Training network (Final=0) on gpu for 10 epochs...

[16:40:00] w01: Training failed: Unrecognized function or variable 'loss_latent'.

[16:40:00] w01: Unrecognized function or variable 'loss_latent'.

Error in <a href="matlab:matlab.lang.internal.introspective.errorDocCallback('Bayesian_optimization>trainAndEvaluateAE', 'C:\Users\Maria\Documents\Honours Programme\Networks\GAN\src\training\Bayesian_optimization.m', 342)" style="font-weight:bold">Bayesian_optimization>trainAndEvaluateAE</a> (<a href="matlab: opentoline('C:\Users\Maria\Documents\Honours Programme\Networks\GAN\src\training\Bayesian_optimization.m',342,0)">line 342</a>)
        complexityPenalty = 0.0001 * (params.channels1 + params.channels2);
                                             ^
Error in <a href="matlab:matlab.lang.internal.introspective.errorDocCallback('Bayesian_optimization>@(params)trainAndEvaluateAE(params,dataCfg)', 'C:\Users\Maria\Documents\Honours Programme\Networks\GAN\src\training\Bayesian_optimization.m', 149)" style="font-weight:bold">Bayesian_optimization>@(params)trainAndEvaluateAE(params,dataCfg)</a> (<a href="matlab: opentoline('C:\Users\Maria\Documents\Honours Programme\Networks\GAN\src\training\Bayesian_optimization.m',149,0)">line 149</a>)
objectiveFcn = @(params) trainAndEvaluateAE(params, dataCfg);
                         ^^^^^^^^^^^^^^^^^^^^^^^^^^^^^^^^^^^
Error in <a href="matlab:matlab.lang.internal.introspective.errorDocCallback('bayesoptim.callObjFcnParallel>callObjNormallyParallel', 'C:\Program Files\MATLAB\R2024b\toolbox\stats\bayesoptim\+bayesoptim\callObjFcnParallel.m', 45)" style="font-weight:bold">bayesoptim.callObjFcnParallel>callObjNormallyParallel</a> (<a href="matlab: opentoline('C:\Program Files\MATLAB\R2024b\toolbox\stats\bayesoptim\+bayesoptim\callObjFcnParallel.m',45,0)">line 45</a>)
            Objective = ObjectiveFcn(conditionalizedX);
                        ^^^^^^^^^^^^^^^^^^^^^^^^^^^^^^
Error in <a href="matlab:matlab.lang.internal.introspective.errorDocCallback('bayesoptim.callObjFcnParallel', 'C:\Program Files\MATLAB\R2024b\toolbox\stats\bayesoptim\+bayesoptim\callObjFcnParallel.m', 12)" style="font-weight:bold">bayesoptim.callObjFcnParallel</a> (<a href="matlab: opentoline('C:\Program Files\MATLAB\R2024b\toolbox\stats\bayesoptim\+bayesoptim\callObjFcnParallel.m',12,0)">line 12</a>)
        = callObjNormallyParallel(ObjectiveFcn, ObjectiveNargout, NumCoupledConstraints, conditionalizedX);
          ^^^^^^^^^^^^^^^^^^^^^^^^^^^^^^^^^^^^^^^^^^^^^^^^^^^^^^^^^^^^^^^^^^^^^^^^^^^^^^^^^^^^^^^^^^^^^^^^

[16:40:41] w01: start objective; params=[{"channels1":8,"channels2":5,"kernel_size1":20,"kernel_size2":16,"stride1":5,"dilation_factor":7}]
[16:40:41] w01: Preparing datastores for training and validation...

[16:41:18] w01: after latent size calc
[16:41:18] w01: 1 am here before gpu
[16:41:18] w01: 2 am here after gpu
[16:41:34] w01: Training network (Final=0) on gpu for 10 epochs...

[18:11:54] w01: start objective; params=[{"channels1":8,"channels2":5,"kernel_size1":20,"kernel_size2":16,"stride1":5,"dilation_factor":7}]
[18:11:54] w01: Preparing datastores for training and validation...

[18:12:35] w01: after latent size calc
[18:12:35] w01: 1 am here before gpu
[18:12:35] w01: 2 am here after gpu
[18:12:51] w01: Training network (Final=0) on gpu for 10 epochs...

[19:51:53] w01: start objective; params=[{"channels1":12,"channels2":7,"kernel_size1":31,"kernel_size2":10,"stride1":16,"dilation_factor":5}]
[19:51:53] w01: Preparing datastores for training and validation...

[19:52:46] w01: after latent size calc
[19:52:46] w01: 1 am here before gpu
[19:52:46] w01: 2 am here after gpu
[19:53:05] w01: Training network (Final=0) on gpu for 10 epochs...

[21:39:45] w01: start objective; params=[{"channels1":11,"channels2":6,"kernel_size1":19,"kernel_size2":11,"stride1":16,"dilation_factor":8}]
[21:39:45] w01: Preparing datastores for training and validation...

[21:40:56] w01: after latent size calc
[21:40:56] w01: 1 am here before gpu
[21:40:56] w01: 2 am here after gpu
[21:41:16] w01: Training network (Final=0) on gpu for 10 epochs...

[23:38:29] w01: start objective; params=[{"channels1":8,"channels2":6,"kernel_size1":23,"kernel_size2":9,"stride1":16,"dilation_factor":8}]
[23:38:29] w01: Preparing datastores for training and validation...

[23:39:48] w01: after latent size calc
[23:39:48] w01: 1 am here before gpu
[23:39:48] w01: 2 am here after gpu
[23:40:05] w01: Training network (Final=0) on gpu for 10 epochs...

[01:39:30] w01: start objective; params=[{"channels1":11,"channels2":6,"kernel_size1":25,"kernel_size2":16,"stride1":16,"dilation_factor":2}]
[01:39:30] w01: Preparing datastores for training and validation...

[01:40:54] w01: after latent size calc
[01:40:54] w01: 1 am here before gpu
[01:40:54] w01: 2 am here after gpu
[01:41:15] w01: Training network (Final=0) on gpu for 10 epochs...

[03:42:11] w01: start objective; params=[{"channels1":7,"channels2":6,"kernel_size1":31,"kernel_size2":12,"stride1":16,"dilation_factor":8}]
[03:42:11] w01: Preparing datastores for training and validation...

[03:43:48] w01: after latent size calc
[03:43:48] w01: 1 am here before gpu
[03:43:48] w01: 2 am here after gpu
[03:44:08] w01: Training network (Final=0) on gpu for 10 epochs...

[14:59:13] w01: start objective; params=[{"channels1":8,"channels2":5,"kernel_size1":20,"kernel_size2":16,"stride1":5,"dilation_factor":7}]
[14:59:14] w01: Preparing datastores for training and validation...

[15:00:16] w01: start objective; params=[{"channels1":8,"channels2":5,"kernel_size1":20,"kernel_size2":16,"stride1":5,"dilation_factor":7}]
[15:00:16] w01: Preparing datastores for training and validation...

[15:00:24] w01: after latent size calc
[15:00:24] w01: 1 am here before gpu
[15:00:25] w01: 2 am here after gpu
[15:01:01] w01: Training network (Final=0) on gpu for 10 epochs...

[00:14:19] w01: start objective; params=[{"channels1":12,"channels2":4,"kernel_size1":18,"kernel_size2":5,"stride1":5,"dilation_factor":4}]
[00:14:19] w01: Preparing datastores for training and validation...

[00:14:25] w01: after latent size calc
[00:14:25] w01: 1 am here before gpu
[00:14:26] w01: 2 am here after gpu
[00:14:55] w01: Training network (Final=0) on gpu for 10 epochs...

[01:20:24] w01: start objective; params=[{"channels1":12,"channels2":4,"kernel_size1":14,"kernel_size2":5,"stride1":5,"dilation_factor":6}]
[01:20:24] w01: Preparing datastores for training and validation...

[01:20:30] w01: after latent size calc
[01:20:30] w01: 1 am here before gpu
[01:20:30] w01: 2 am here after gpu
[01:20:46] w01: Training network (Final=0) on gpu for 10 epochs...

[02:26:21] w01: start objective; params=[{"channels1":12,"channels2":4,"kernel_size1":22,"kernel_size2":5,"stride1":4,"dilation_factor":2}]
[02:26:21] w01: Preparing datastores for training and validation...

[02:26:27] w01: after latent size calc
[02:26:27] w01: 1 am here before gpu
[02:26:27] w01: 2 am here after gpu
[02:26:41] w01: Training network (Final=0) on gpu for 10 epochs...

[03:30:19] w01: start objective; params=[{"channels1":11,"channels2":6,"kernel_size1":21,"kernel_size2":11,"stride1":20,"dilation_factor":5}]
[03:30:19] w01: Preparing datastores for training and validation...

[03:30:25] w01: after latent size calc
[03:30:25] w01: 1 am here before gpu
[03:30:25] w01: 2 am here after gpu
[03:30:40] w01: Training network (Final=0) on gpu for 10 epochs...

[13:17:57] w01: start objective; params=[{"channels1":8,"channels2":5,"kernel_size1":20,"kernel_size2":16,"stride1":5,"dilation_factor":7}]
[13:17:57] w01: Preparing datastores for training and validation...

[13:18:40] w01: start objective; params=[{"channels1":8,"channels2":5,"kernel_size1":20,"kernel_size2":16,"stride1":5,"dilation_factor":7}]
[13:18:40] w01: Preparing datastores for training and validation...

[13:19:05] w01: Datastores ready. Starting training...

[13:19:05] w01: 1 am here before gpu
[13:19:06] w01: 2 am here after gpu
[13:19:34] w01: Training network (Final=0) on gpu for 10 epochs...

[13:19:36] w01: Training failed: Invalid trainingOptions.

[13:19:36] w01: Error using <a href="matlab:matlab.lang.internal.introspective.errorDocCallback('trainingOptions', 'C:\Program Files\MATLAB\R2024b\toolbox\nnet\cnn\trainingOptions.m', 23)" style="font-weight:bold">trainingOptions</a> (<a href="matlab: opentoline('C:\Program Files\MATLAB\R2024b\toolbox\nnet\cnn\trainingOptions.m',23,0)">line 23</a>)
Invalid trainingOptions.

Error in <a href="matlab:matlab.lang.internal.introspective.errorDocCallback('Bayesian_optimization>trainAndEvaluateAE', 'C:\Users\Maria\Documents\Honours Programme\Networks\GAN\src\training\Bayesian_optimization.m', 303)" style="font-weight:bold">Bayesian_optimization>trainAndEvaluateAE</a> (<a href="matlab: opentoline('C:\Users\Maria\Documents\Honours Programme\Networks\GAN\src\training\Bayesian_optimization.m',303,0)">line 303</a>)
        options = trainingOptions('adam', ...
                  ^^^^^^^^^^^^^^^^^^^^^^^^^^^
Error in <a href="matlab:matlab.lang.internal.introspective.errorDocCallback('Bayesian_optimization>@(params)trainAndEvaluateAE(params,dataCfg)', 'C:\Users\Maria\Documents\Honours Programme\Networks\GAN\src\training\Bayesian_optimization.m', 116)" style="font-weight:bold">Bayesian_optimization>@(params)trainAndEvaluateAE(params,dataCfg)</a> (<a href="matlab: opentoline('C:\Users\Maria\Documents\Honours Programme\Networks\GAN\src\training\Bayesian_optimization.m',116,0)">line 116</a>)
objectiveFcn = @(params) trainAndEvaluateAE(params, dataCfg);
                         ^^^^^^^^^^^^^^^^^^^^^^^^^^^^^^^^^^^
Error in <a href="matlab:matlab.lang.internal.introspective.errorDocCallback('bayesoptim.callObjFcnParallel>callObjNormallyParallel', 'C:\Program Files\MATLAB\R2024b\toolbox\stats\bayesoptim\+bayesoptim\callObjFcnParallel.m', 45)" style="font-weight:bold">bayesoptim.callObjFcnParallel>callObjNormallyParallel</a> (<a href="matlab: opentoline('C:\Program Files\MATLAB\R2024b\toolbox\stats\bayesoptim\+bayesoptim\callObjFcnParallel.m',45,0)">line 45</a>)
            Objective = ObjectiveFcn(conditionalizedX);
                        ^^^^^^^^^^^^^^^^^^^^^^^^^^^^^^
Error in <a href="matlab:matlab.lang.internal.introspective.errorDocCallback('bayesoptim.callObjFcnParallel', 'C:\Program Files\MATLAB\R2024b\toolbox\stats\bayesoptim\+bayesoptim\callObjFcnParallel.m', 26)" style="font-weight:bold">bayesoptim.callObjFcnParallel</a> (<a href="matlab: opentoline('C:\Program Files\MATLAB\R2024b\toolbox\stats\bayesoptim\+bayesoptim\callObjFcnParallel.m',26,0)">line 26</a>)
            = callObjNormallyParallel(ObjectiveFcn, ObjectiveNargout, NumCoupledConstraints, conditionalizedX);
              ^^^^^^^^^^^^^^^^^^^^^^^^^^^^^^^^^^^^^^^^^^^^^^^^^^^^^^^^^^^^^^^^^^^^^^^^^^^^^^^^^^^^^^^^^^^^^^^^
Caused by:
    Error using <a href="matlab:matlab.lang.internal.introspective.errorDocCallback('nnet.cnn.TrainingOptionsMiniBatch', 'C:\Program Files\MATLAB\R2024b\toolbox\nnet\cnn\+nnet\+cnn\TrainingOptionsMiniBatch.m', 134)" style="font-weight:bold">nnet.cnn.TrainingOptionsMiniBatch</a> (<a href="matlab: opentoline('C:\Program Files\MATLAB\R2024b\toolbox\nnet\cnn\+nnet\+cnn\TrainingOptionsMiniBatch.m',134,0)">line 134</a>)
    The value of 'ValidationData' is invalid. Error when calling "preview" on underlying datastore.
    Datastore "preview" method should not error.
        Unrecognized function or variable 'f'.

[13:24:40] w01: start objective; params=[{"channels1":8,"channels2":5,"kernel_size1":20,"kernel_size2":16,"stride1":5,"dilation_factor":7}]
[13:24:40] w01: Preparing datastores for training and validation...

[13:25:05] w01: Datastores ready. Starting training...

[13:25:05] w01: 1 am here before gpu
[13:25:05] w01: 2 am here after gpu
[13:25:22] w01: Training network (Final=0) on gpu for 10 epochs...

[13:25:39] w01: Training failed: Layer "input_1": Invalid input data. Invalid size of channel dimension. Layer expects input with channel dimension size 6 but received input with size 1.

[13:25:39] w01: Error using <a href="matlab:matlab.lang.internal.introspective.errorDocCallback('trainnet', 'C:\Program Files\MATLAB\R2024b\toolbox\nnet\deeptrain\trainnet.m', 54)" style="font-weight:bold">trainnet</a> (<a href="matlab: opentoline('C:\Program Files\MATLAB\R2024b\toolbox\nnet\deeptrain\trainnet.m',54,0)">line 54</a>)
Layer "input_1": Invalid input data. Invalid size of channel dimension. Layer expects input with channel dimension size 6 but received input with size 1.

Error in <a href="matlab:matlab.lang.internal.introspective.errorDocCallback('Bayesian_optimization>trainAndEvaluateAE', 'C:\Users\Maria\Documents\Honours Programme\Networks\GAN\src\training\Bayesian_optimization.m', 319)" style="font-weight:bold">Bayesian_optimization>trainAndEvaluateAE</a> (<a href="matlab: opentoline('C:\Users\Maria\Documents\Honours Programme\Networks\GAN\src\training\Bayesian_optimization.m',319,0)">line 319</a>)
        [net, info] = trainnet(trainData, net, lossFn, options);
                      ^^^^^^^^^^^^^^^^^^^^^^^^^^^^^^^^^^^^^^^^^
Error in <a href="matlab:matlab.lang.internal.introspective.errorDocCallback('Bayesian_optimization>@(params)trainAndEvaluateAE(params,dataCfg)', 'C:\Users\Maria\Documents\Honours Programme\Networks\GAN\src\training\Bayesian_optimization.m', 116)" style="font-weight:bold">Bayesian_optimization>@(params)trainAndEvaluateAE(params,dataCfg)</a> (<a href="matlab: opentoline('C:\Users\Maria\Documents\Honours Programme\Networks\GAN\src\training\Bayesian_optimization.m',116,0)">line 116</a>)
objectiveFcn = @(params) trainAndEvaluateAE(params, dataCfg);
                         ^^^^^^^^^^^^^^^^^^^^^^^^^^^^^^^^^^^
Error in <a href="matlab:matlab.lang.internal.introspective.errorDocCallback('bayesoptim.callObjFcnParallel>callObjNormallyParallel', 'C:\Program Files\MATLAB\R2024b\toolbox\stats\bayesoptim\+bayesoptim\callObjFcnParallel.m', 45)" style="font-weight:bold">bayesoptim.callObjFcnParallel>callObjNormallyParallel</a> (<a href="matlab: opentoline('C:\Program Files\MATLAB\R2024b\toolbox\stats\bayesoptim\+bayesoptim\callObjFcnParallel.m',45,0)">line 45</a>)
            Objective = ObjectiveFcn(conditionalizedX);
                        ^^^^^^^^^^^^^^^^^^^^^^^^^^^^^^
Error in <a href="matlab:matlab.lang.internal.introspective.errorDocCallback('bayesoptim.callObjFcnParallel', 'C:\Program Files\MATLAB\R2024b\toolbox\stats\bayesoptim\+bayesoptim\callObjFcnParallel.m', 26)" style="font-weight:bold">bayesoptim.callObjFcnParallel</a> (<a href="matlab: opentoline('C:\Program Files\MATLAB\R2024b\toolbox\stats\bayesoptim\+bayesoptim\callObjFcnParallel.m',26,0)">line 26</a>)
            = callObjNormallyParallel(ObjectiveFcn, ObjectiveNargout, NumCoupledConstraints, conditionalizedX);
              ^^^^^^^^^^^^^^^^^^^^^^^^^^^^^^^^^^^^^^^^^^^^^^^^^^^^^^^^^^^^^^^^^^^^^^^^^^^^^^^^^^^^^^^^^^^^^^^^

[13:26:39] w01: start objective; params=[{"channels1":8,"channels2":5,"kernel_size1":20,"kernel_size2":16,"stride1":5,"dilation_factor":7}]
[13:26:39] w01: Preparing datastores for training and validation...

[13:27:05] w01: Datastores ready. Starting training...

[13:27:05] w01: 1 am here before gpu
[13:27:05] w01: 2 am here after gpu
[13:27:20] w01: Training network (Final=0) on gpu for 10 epochs...

[16:18:45] w01: start objective; params=[{"channels1":2,"channels2":4,"kernel_size1":38,"kernel_size2":10,"stride1":25,"dilation_factor":10}]
[16:18:45] w01: Preparing datastores for training and validation...

[16:19:00] w01: Datastores ready. Starting training...

[16:19:00] w01: 1 am here before gpu
[16:19:00] w01: 2 am here after gpu
[16:19:16] w01: Training network (Final=0) on gpu for 10 epochs...

[17:15:27] w01: start objective; params=[{"channels1":4,"channels2":2,"kernel_size1":39,"kernel_size2":10,"stride1":32,"dilation_factor":12}]
[17:15:27] w01: Preparing datastores for training and validation...

[17:15:52] w01: Datastores ready. Starting training...

[17:15:52] w01: 1 am here before gpu
[17:15:52] w01: 2 am here after gpu
[17:16:11] w01: Training network (Final=0) on gpu for 10 epochs...

[18:51:20] w01: start objective; params=[{"channels1":4,"channels2":3,"kernel_size1":25,"kernel_size2":5,"stride1":25,"dilation_factor":11}]
[18:51:20] w01: Preparing datastores for training and validation...

[18:51:47] w01: Datastores ready. Starting training...

[18:51:47] w01: 1 am here before gpu
[18:51:47] w01: 2 am here after gpu
[18:52:12] w01: Training network (Final=0) on gpu for 10 epochs...

[20:21:17] w01: start objective; params=[{"channels1":2,"channels2":4,"kernel_size1":32,"kernel_size2":5,"stride1":32,"dilation_factor":18}]
[20:21:17] w01: Preparing datastores for training and validation...

[20:21:53] w01: Datastores ready. Starting training...

[20:21:53] w01: 1 am here before gpu
[20:21:53] w01: 2 am here after gpu
[20:22:13] w01: Training network (Final=0) on gpu for 10 epochs...

[15:53:21] w01: start objective; params=[{"channels1":6,"channels2":16,"kernel_size1":7,"kernel_size2":6,"kernel_size3":7,"dilation_factor":3}]
[15:53:21] w01: Preparing datastores for training and validation...

[15:53:48] w01: Datastores ready. Starting training...

[15:53:48] w01: 1 am here before gpu
[15:53:49] w01: 2 am here after gpu
[15:54:18] w01: Training network (Final=0) on gpu for 10 epochs...

[18:38:15] w01: Training failed: Unrecognized table variable name 'stride1'.

[18:38:17] w01: Error using <a href="matlab:matlab.lang.internal.introspective.errorDocCallback('tabular/dotReference', 'C:\Program Files\MATLAB\R2024b\toolbox\matlab\datatypes\tabular\@tabular\dotReference.m', 229)" style="font-weight:bold"> . </a> (<a href="matlab: opentoline('C:\Program Files\MATLAB\R2024b\toolbox\matlab\datatypes\tabular\@tabular\dotReference.m',229,0)">line 229</a>)
Unrecognized table variable name 'stride1'.

Error in <a href="matlab:matlab.lang.internal.introspective.errorDocCallback('Bayesian_optimization>trainAndEvaluateAE', 'C:\Users\Maria\Documents\Honours Programme\Networks\GAN\src\training\Bayesian_optimization.m', 333)" style="font-weight:bold">Bayesian_optimization>trainAndEvaluateAE</a> (<a href="matlab: opentoline('C:\Users\Maria\Documents\Honours Programme\Networks\GAN\src\training\Bayesian_optimization.m',333,0)">line 333</a>)
            save(fullfile('results\magnified_states_optim\',sprintf('net_%d_%d_%d_%d_%d_%d.mat', params.channels1, params.channels2, params.kernel_size1, params.kernel_size2, params.kernel_size3, params.dilation_factor)), 'net','-v7.3');
                                                                                                                                                                                      ^
Error in <a href="matlab:matlab.lang.internal.introspective.errorDocCallback('Bayesian_optimization>@(params)trainAndEvaluateAE(params,dataCfg)', 'C:\Users\Maria\Documents\Honours Programme\Networks\GAN\src\training\Bayesian_optimization.m', 126)" style="font-weight:bold">Bayesian_optimization>@(params)trainAndEvaluateAE(params,dataCfg)</a> (<a href="matlab: opentoline('C:\Users\Maria\Documents\Honours Programme\Networks\GAN\src\training\Bayesian_optimization.m',126,0)">line 126</a>)
objectiveFcn = @(params) trainAndEvaluateAE(params, dataCfg);
                         ^^^^^^^^^^^^^^^^^^^^^^^^^^^^^^^^^^^
Error in <a href="matlab:matlab.lang.internal.introspective.errorDocCallback('bayesoptim.callObjFcnParallel>callObjNormallyParallel', 'C:\Program Files\MATLAB\R2024b\toolbox\stats\bayesoptim\+bayesoptim\callObjFcnParallel.m', 45)" style="font-weight:bold">bayesoptim.callObjFcnParallel>callObjNormallyParallel</a> (<a href="matlab: opentoline('C:\Program Files\MATLAB\R2024b\toolbox\stats\bayesoptim\+bayesoptim\callObjFcnParallel.m',45,0)">line 45</a>)
            Objective = ObjectiveFcn(conditionalizedX);
                        ^^^^^^^^^^^^^^^^^^^^^^^^^^^^^^
Error in <a href="matlab:matlab.lang.internal.introspective.errorDocCallback('bayesoptim.callObjFcnParallel', 'C:\Program Files\MATLAB\R2024b\toolbox\stats\bayesoptim\+bayesoptim\callObjFcnParallel.m', 26)" style="font-weight:bold">bayesoptim.callObjFcnParallel</a> (<a href="matlab: opentoline('C:\Program Files\MATLAB\R2024b\toolbox\stats\bayesoptim\+bayesoptim\callObjFcnParallel.m',26,0)">line 26</a>)
            = callObjNormallyParallel(ObjectiveFcn, ObjectiveNargout, NumCoupledConstraints, conditionalizedX);
              ^^^^^^^^^^^^^^^^^^^^^^^^^^^^^^^^^^^^^^^^^^^^^^^^^^^^^^^^^^^^^^^^^^^^^^^^^^^^^^^^^^^^^^^^^^^^^^^^

[18:39:07] w01: start objective; params=[{"channels1":6,"channels2":16,"kernel_size1":7,"kernel_size2":6,"kernel_size3":7,"dilation_factor":3}]
[18:39:07] w01: Preparing datastores for training and validation...

[18:39:33] w01: Datastores ready. Starting training...

[18:39:33] w01: 1 am here before gpu
[18:39:33] w01: 2 am here after gpu
[18:39:58] w01: Training network (Final=0) on gpu for 10 epochs...

[21:46:55] w01: start objective; params=[{"channels1":8,"channels2":15,"kernel_size1":5,"kernel_size2":6,"kernel_size3":9,"dilation_factor":3}]
[21:46:55] w01: Preparing datastores for training and validation...

[21:47:34] w01: Datastores ready. Starting training...

[21:47:34] w01: 1 am here before gpu
[21:47:34] w01: 2 am here after gpu
[21:48:05] w01: Training network (Final=0) on gpu for 10 epochs...

[23:32:47] w01: start objective; params=[{"channels1":11,"channels2":4,"kernel_size1":28,"kernel_size2":13,"kernel_size3":3,"dilation_factor":3}]
[23:32:47] w01: Preparing datastores for training and validation...

[23:33:07] w01: start objective; params=[{"channels1":11,"channels2":4,"kernel_size1":28,"kernel_size2":13,"kernel_size3":3,"dilation_factor":3}]
[23:33:07] w01: Preparing datastores for training and validation...

[23:33:07] w01: start objective; params=[{"channels1":7,"channels2":3,"kernel_size1":16,"kernel_size2":5,"kernel_size3":4,"dilation_factor":7}]
[23:33:07] w01: Preparing datastores for training and validation...

[23:36:16] w01: start objective; params=[{"channels1":9,"channels2":17,"kernel_size1":14,"kernel_size2":14,"kernel_size3":11,"dilation_factor":3}]
[23:36:16] w01: Preparing datastores for training and validation...

[23:36:53] w01: 1 am here before gpu
[23:36:54] w01: 2 am here after gpu
[23:36:58] w01: Training failed: Invalid argument at position 1. Expected input to be integer-valued.

[23:37:00] w01: Error using <a href="matlab:matlab.lang.internal.introspective.errorDocCallback('fullyConnectedLayer', 'C:\Program Files\MATLAB\R2024b\toolbox\nnet\cnn\fullyConnectedLayer.m', 56)" style="font-weight:bold">fullyConnectedLayer</a> (<a href="matlab: opentoline('C:\Program Files\MATLAB\R2024b\toolbox\nnet\cnn\fullyConnectedLayer.m',56,0)">line 56</a>)
                     fullyConnectedLayer(fc_layer_size*channels_conv2, "Name", sprintf("fc_latent_revert_%d", i))
                                         ^^^^^^^^^^^^^^^^^^^^^^^^^^^^
Invalid argument at position 1. Expected input to be integer-valued.

Error in <a href="matlab:matlab.lang.internal.introspective.errorDocCallback('architectures_container.buildOptimizedNetwork_compressed_downsampled_sin_freq', 'C:\Users\Maria\Documents\Honours Programme\Networks\GAN\src\models\architectures_container.m', 636)" style="font-weight:bold">architectures_container.buildOptimizedNetwork_compressed_downsampled_sin_freq</a> (<a href="matlab: opentoline('C:\Users\Maria\Documents\Honours Programme\Networks\GAN\src\models\architectures_container.m',636,0)">line 636</a>)
                    fullyConnectedLayer(fc_layer_size*channels_conv2, "Name", sprintf("fc_latent_revert_%d", i))
                    ^^^^^^^^^^^^^^^^^^^^^^^^^^^^^^^^^^^^^^^^^^^^^^^^^^^^^^^^^^^^^^^^^^^^^^^^^^^^^^^^^^^^^^^^^^^^
Error in <a href="matlab:matlab.lang.internal.introspective.errorDocCallback('Bayesian_optimization_downsampled>trainAndEvaluateAE', 'C:\Users\Maria\Documents\Honours Programme\Networks\GAN\src\training\Bayesian_optimization_downsampled.m', 291)" style="font-weight:bold">Bayesian_optimization_downsampled>trainAndEvaluateAE</a> (<a href="matlab: opentoline('C:\Users\Maria\Documents\Honours Programme\Networks\GAN\src\training\Bayesian_optimization_downsampled.m',291,0)">line 291</a>)
            net = architectures_container.buildOptimizedNetwork_compressed_downsampled_sin_freq(params);
                  ^^^^^^^^^^^^^^^^^^^^^^^^^^^^^^^^^^^^^^^^^^^^^^^^^^^^^^^^^^^^^^^^^^^^^^^^^^^^^^^^^^^^^
Error in <a href="matlab:matlab.lang.internal.introspective.errorDocCallback('Bayesian_optimization_downsampled>@(params)trainAndEvaluateAE(params,dataCfg)', 'C:\Users\Maria\Documents\Honours Programme\Networks\GAN\src\training\Bayesian_optimization_downsampled.m', 117)" style="font-weight:bold">Bayesian_optimization_downsampled>@(params)trainAndEvaluateAE(params,dataCfg)</a> (<a href="matlab: opentoline('C:\Users\Maria\Documents\Honours Programme\Networks\GAN\src\training\Bayesian_optimization_downsampled.m',117,0)">line 117</a>)
objectiveFcn = @(params) trainAndEvaluateAE(params, dataCfg);
                         ^^^^^^^^^^^^^^^^^^^^^^^^^^^^^^^^^^^
Error in <a href="matlab:matlab.lang.internal.introspective.errorDocCallback('bayesoptim.callObjFcnParallel>callObjNormallyParallel', 'C:\Program Files\MATLAB\R2024b\toolbox\stats\bayesoptim\+bayesoptim\callObjFcnParallel.m', 45)" style="font-weight:bold">bayesoptim.callObjFcnParallel>callObjNormallyParallel</a> (<a href="matlab: opentoline('C:\Program Files\MATLAB\R2024b\toolbox\stats\bayesoptim\+bayesoptim\callObjFcnParallel.m',45,0)">line 45</a>)
            Objective = ObjectiveFcn(conditionalizedX);
                        ^^^^^^^^^^^^^^^^^^^^^^^^^^^^^^
Error in <a href="matlab:matlab.lang.internal.introspective.errorDocCallback('bayesoptim.callObjFcnParallel', 'C:\Program Files\MATLAB\R2024b\toolbox\stats\bayesoptim\+bayesoptim\callObjFcnParallel.m', 26)" style="font-weight:bold">bayesoptim.callObjFcnParallel</a> (<a href="matlab: opentoline('C:\Program Files\MATLAB\R2024b\toolbox\stats\bayesoptim\+bayesoptim\callObjFcnParallel.m',26,0)">line 26</a>)
            = callObjNormallyParallel(ObjectiveFcn, ObjectiveNargout, NumCoupledConstraints, conditionalizedX);
              ^^^^^^^^^^^^^^^^^^^^^^^^^^^^^^^^^^^^^^^^^^^^^^^^^^^^^^^^^^^^^^^^^^^^^^^^^^^^^^^^^^^^^^^^^^^^^^^^

[23:37:26] w01: start objective; params=[{"channels1":6,"channels2":16,"kernel_size1":12,"kernel_size2":11,"kernel_size3":12,"dilation_factor":7}]
[23:37:26] w01: Preparing datastores for training and validation...

[23:38:02] w01: 1 am here before gpu
[23:38:02] w01: 2 am here after gpu
[23:38:03] w01: Training failed: Invalid argument at position 1. Expected input to be integer-valued.

[23:38:04] w01: Error using <a href="matlab:matlab.lang.internal.introspective.errorDocCallback('fullyConnectedLayer', 'C:\Program Files\MATLAB\R2024b\toolbox\nnet\cnn\fullyConnectedLayer.m', 56)" style="font-weight:bold">fullyConnectedLayer</a> (<a href="matlab: opentoline('C:\Program Files\MATLAB\R2024b\toolbox\nnet\cnn\fullyConnectedLayer.m',56,0)">line 56</a>)
                     fullyConnectedLayer(fc_layer_size*channels_conv2, "Name", sprintf("fc_latent_revert_%d", i))
                                         ^^^^^^^^^^^^^^^^^^^^^^^^^^^^
Invalid argument at position 1. Expected input to be integer-valued.

Error in <a href="matlab:matlab.lang.internal.introspective.errorDocCallback('architectures_container.buildOptimizedNetwork_compressed_downsampled_sin_freq', 'C:\Users\Maria\Documents\Honours Programme\Networks\GAN\src\models\architectures_container.m', 636)" style="font-weight:bold">architectures_container.buildOptimizedNetwork_compressed_downsampled_sin_freq</a> (<a href="matlab: opentoline('C:\Users\Maria\Documents\Honours Programme\Networks\GAN\src\models\architectures_container.m',636,0)">line 636</a>)
                    fullyConnectedLayer(fc_layer_size*channels_conv2, "Name", sprintf("fc_latent_revert_%d", i))
                    ^^^^^^^^^^^^^^^^^^^^^^^^^^^^^^^^^^^^^^^^^^^^^^^^^^^^^^^^^^^^^^^^^^^^^^^^^^^^^^^^^^^^^^^^^^^^
Error in <a href="matlab:matlab.lang.internal.introspective.errorDocCallback('Bayesian_optimization_downsampled>trainAndEvaluateAE', 'C:\Users\Maria\Documents\Honours Programme\Networks\GAN\src\training\Bayesian_optimization_downsampled.m', 291)" style="font-weight:bold">Bayesian_optimization_downsampled>trainAndEvaluateAE</a> (<a href="matlab: opentoline('C:\Users\Maria\Documents\Honours Programme\Networks\GAN\src\training\Bayesian_optimization_downsampled.m',291,0)">line 291</a>)
            net = architectures_container.buildOptimizedNetwork_compressed_downsampled_sin_freq(params);
                  ^^^^^^^^^^^^^^^^^^^^^^^^^^^^^^^^^^^^^^^^^^^^^^^^^^^^^^^^^^^^^^^^^^^^^^^^^^^^^^^^^^^^^
Error in <a href="matlab:matlab.lang.internal.introspective.errorDocCallback('Bayesian_optimization_downsampled>@(params)trainAndEvaluateAE(params,dataCfg)', 'C:\Users\Maria\Documents\Honours Programme\Networks\GAN\src\training\Bayesian_optimization_downsampled.m', 117)" style="font-weight:bold">Bayesian_optimization_downsampled>@(params)trainAndEvaluateAE(params,dataCfg)</a> (<a href="matlab: opentoline('C:\Users\Maria\Documents\Honours Programme\Networks\GAN\src\training\Bayesian_optimization_downsampled.m',117,0)">line 117</a>)
objectiveFcn = @(params) trainAndEvaluateAE(params, dataCfg);
                         ^^^^^^^^^^^^^^^^^^^^^^^^^^^^^^^^^^^
Error in <a href="matlab:matlab.lang.internal.introspective.errorDocCallback('bayesoptim.callObjFcnParallel>callObjNormallyParallel', 'C:\Program Files\MATLAB\R2024b\toolbox\stats\bayesoptim\+bayesoptim\callObjFcnParallel.m', 45)" style="font-weight:bold">bayesoptim.callObjFcnParallel>callObjNormallyParallel</a> (<a href="matlab: opentoline('C:\Program Files\MATLAB\R2024b\toolbox\stats\bayesoptim\+bayesoptim\callObjFcnParallel.m',45,0)">line 45</a>)
            Objective = ObjectiveFcn(conditionalizedX);
                        ^^^^^^^^^^^^^^^^^^^^^^^^^^^^^^
Error in <a href="matlab:matlab.lang.internal.introspective.errorDocCallback('bayesoptim.callObjFcnParallel', 'C:\Program Files\MATLAB\R2024b\toolbox\stats\bayesoptim\+bayesoptim\callObjFcnParallel.m', 26)" style="font-weight:bold">bayesoptim.callObjFcnParallel</a> (<a href="matlab: opentoline('C:\Program Files\MATLAB\R2024b\toolbox\stats\bayesoptim\+bayesoptim\callObjFcnParallel.m',26,0)">line 26</a>)
            = callObjNormallyParallel(ObjectiveFcn, ObjectiveNargout, NumCoupledConstraints, conditionalizedX);
              ^^^^^^^^^^^^^^^^^^^^^^^^^^^^^^^^^^^^^^^^^^^^^^^^^^^^^^^^^^^^^^^^^^^^^^^^^^^^^^^^^^^^^^^^^^^^^^^^

[23:38:30] w01: start objective; params=[{"channels1":9,"channels2":22,"kernel_size1":13,"kernel_size2":11,"kernel_size3":11,"dilation_factor":6}]
[23:38:30] w01: Preparing datastores for training and validation...

[23:39:05] w01: 1 am here before gpu
[23:39:05] w01: 2 am here after gpu
[23:39:06] w01: Training failed: Invalid argument at position 1. Expected input to be integer-valued.

[23:39:06] w01: Error using <a href="matlab:matlab.lang.internal.introspective.errorDocCallback('fullyConnectedLayer', 'C:\Program Files\MATLAB\R2024b\toolbox\nnet\cnn\fullyConnectedLayer.m', 56)" style="font-weight:bold">fullyConnectedLayer</a> (<a href="matlab: opentoline('C:\Program Files\MATLAB\R2024b\toolbox\nnet\cnn\fullyConnectedLayer.m',56,0)">line 56</a>)
                     fullyConnectedLayer(fc_layer_size*channels_conv2, "Name", sprintf("fc_latent_revert_%d", i))
                                         ^^^^^^^^^^^^^^^^^^^^^^^^^^^^
Invalid argument at position 1. Expected input to be integer-valued.

Error in <a href="matlab:matlab.lang.internal.introspective.errorDocCallback('architectures_container.buildOptimizedNetwork_compressed_downsampled_sin_freq', 'C:\Users\Maria\Documents\Honours Programme\Networks\GAN\src\models\architectures_container.m', 636)" style="font-weight:bold">architectures_container.buildOptimizedNetwork_compressed_downsampled_sin_freq</a> (<a href="matlab: opentoline('C:\Users\Maria\Documents\Honours Programme\Networks\GAN\src\models\architectures_container.m',636,0)">line 636</a>)
                    fullyConnectedLayer(fc_layer_size*channels_conv2, "Name", sprintf("fc_latent_revert_%d", i))
                    ^^^^^^^^^^^^^^^^^^^^^^^^^^^^^^^^^^^^^^^^^^^^^^^^^^^^^^^^^^^^^^^^^^^^^^^^^^^^^^^^^^^^^^^^^^^^
Error in <a href="matlab:matlab.lang.internal.introspective.errorDocCallback('Bayesian_optimization_downsampled>trainAndEvaluateAE', 'C:\Users\Maria\Documents\Honours Programme\Networks\GAN\src\training\Bayesian_optimization_downsampled.m', 291)" style="font-weight:bold">Bayesian_optimization_downsampled>trainAndEvaluateAE</a> (<a href="matlab: opentoline('C:\Users\Maria\Documents\Honours Programme\Networks\GAN\src\training\Bayesian_optimization_downsampled.m',291,0)">line 291</a>)
            net = architectures_container.buildOptimizedNetwork_compressed_downsampled_sin_freq(params);
                  ^^^^^^^^^^^^^^^^^^^^^^^^^^^^^^^^^^^^^^^^^^^^^^^^^^^^^^^^^^^^^^^^^^^^^^^^^^^^^^^^^^^^^
Error in <a href="matlab:matlab.lang.internal.introspective.errorDocCallback('Bayesian_optimization_downsampled>@(params)trainAndEvaluateAE(params,dataCfg)', 'C:\Users\Maria\Documents\Honours Programme\Networks\GAN\src\training\Bayesian_optimization_downsampled.m', 117)" style="font-weight:bold">Bayesian_optimization_downsampled>@(params)trainAndEvaluateAE(params,dataCfg)</a> (<a href="matlab: opentoline('C:\Users\Maria\Documents\Honours Programme\Networks\GAN\src\training\Bayesian_optimization_downsampled.m',117,0)">line 117</a>)
objectiveFcn = @(params) trainAndEvaluateAE(params, dataCfg);
                         ^^^^^^^^^^^^^^^^^^^^^^^^^^^^^^^^^^^
Error in <a href="matlab:matlab.lang.internal.introspective.errorDocCallback('bayesoptim.callObjFcnParallel>callObjNormallyParallel', 'C:\Program Files\MATLAB\R2024b\toolbox\stats\bayesoptim\+bayesoptim\callObjFcnParallel.m', 45)" style="font-weight:bold">bayesoptim.callObjFcnParallel>callObjNormallyParallel</a> (<a href="matlab: opentoline('C:\Program Files\MATLAB\R2024b\toolbox\stats\bayesoptim\+bayesoptim\callObjFcnParallel.m',45,0)">line 45</a>)
            Objective = ObjectiveFcn(conditionalizedX);
                        ^^^^^^^^^^^^^^^^^^^^^^^^^^^^^^
Error in <a href="matlab:matlab.lang.internal.introspective.errorDocCallback('bayesoptim.callObjFcnParallel', 'C:\Program Files\MATLAB\R2024b\toolbox\stats\bayesoptim\+bayesoptim\callObjFcnParallel.m', 12)" style="font-weight:bold">bayesoptim.callObjFcnParallel</a> (<a href="matlab: opentoline('C:\Program Files\MATLAB\R2024b\toolbox\stats\bayesoptim\+bayesoptim\callObjFcnParallel.m',12,0)">line 12</a>)
        = callObjNormallyParallel(ObjectiveFcn, ObjectiveNargout, NumCoupledConstraints, conditionalizedX);
          ^^^^^^^^^^^^^^^^^^^^^^^^^^^^^^^^^^^^^^^^^^^^^^^^^^^^^^^^^^^^^^^^^^^^^^^^^^^^^^^^^^^^^^^^^^^^^^^^

[23:39:32] w01: start objective; params=[{"channels1":9,"channels2":17,"kernel_size1":14,"kernel_size2":14,"kernel_size3":11,"dilation_factor":3}]
[23:39:32] w01: Preparing datastores for training and validation...

[23:40:09] w01: 1 am here before gpu
[23:40:09] w01: 2 am here after gpu
[23:40:41] w01: Training network (Final=0) on gpu for 10 epochs...

[23:41:17] w01: Training failed: Execution failed during layer(s) "fc_latent_adjust_1".

[23:41:17] w01: Error using <a href="matlab:matlab.lang.internal.introspective.errorDocCallback('trainnet', 'C:\Program Files\MATLAB\R2024b\toolbox\nnet\deeptrain\trainnet.m', 54)" style="font-weight:bold">trainnet</a> (<a href="matlab: opentoline('C:\Program Files\MATLAB\R2024b\toolbox\nnet\deeptrain\trainnet.m',54,0)">line 54</a>)
Execution failed during layer(s) "fc_latent_adjust_1".

Error in <a href="matlab:matlab.lang.internal.introspective.errorDocCallback('Bayesian_optimization_downsampled>trainAndEvaluateAE', 'C:\Users\Maria\Documents\Honours Programme\Networks\GAN\src\training\Bayesian_optimization_downsampled.m', 318)" style="font-weight:bold">Bayesian_optimization_downsampled>trainAndEvaluateAE</a> (<a href="matlab: opentoline('C:\Users\Maria\Documents\Honours Programme\Networks\GAN\src\training\Bayesian_optimization_downsampled.m',318,0)">line 318</a>)
        [net, info] = trainnet(trainData, net, lossFn, options);
                      ^^^^^^^^^^^^^^^^^^^^^^^^^^^^^^^^^^^^^^^^^
Error in <a href="matlab:matlab.lang.internal.introspective.errorDocCallback('Bayesian_optimization_downsampled>@(params)trainAndEvaluateAE(params,dataCfg)', 'C:\Users\Maria\Documents\Honours Programme\Networks\GAN\src\training\Bayesian_optimization_downsampled.m', 117)" style="font-weight:bold">Bayesian_optimization_downsampled>@(params)trainAndEvaluateAE(params,dataCfg)</a> (<a href="matlab: opentoline('C:\Users\Maria\Documents\Honours Programme\Networks\GAN\src\training\Bayesian_optimization_downsampled.m',117,0)">line 117</a>)
objectiveFcn = @(params) trainAndEvaluateAE(params, dataCfg);
                         ^^^^^^^^^^^^^^^^^^^^^^^^^^^^^^^^^^^
Error in <a href="matlab:matlab.lang.internal.introspective.errorDocCallback('bayesoptim.callObjFcnParallel>callObjNormallyParallel', 'C:\Program Files\MATLAB\R2024b\toolbox\stats\bayesoptim\+bayesoptim\callObjFcnParallel.m', 45)" style="font-weight:bold">bayesoptim.callObjFcnParallel>callObjNormallyParallel</a> (<a href="matlab: opentoline('C:\Program Files\MATLAB\R2024b\toolbox\stats\bayesoptim\+bayesoptim\callObjFcnParallel.m',45,0)">line 45</a>)
            Objective = ObjectiveFcn(conditionalizedX);
                        ^^^^^^^^^^^^^^^^^^^^^^^^^^^^^^
Error in <a href="matlab:matlab.lang.internal.introspective.errorDocCallback('bayesoptim.callObjFcnParallel', 'C:\Program Files\MATLAB\R2024b\toolbox\stats\bayesoptim\+bayesoptim\callObjFcnParallel.m', 26)" style="font-weight:bold">bayesoptim.callObjFcnParallel</a> (<a href="matlab: opentoline('C:\Program Files\MATLAB\R2024b\toolbox\stats\bayesoptim\+bayesoptim\callObjFcnParallel.m',26,0)">line 26</a>)
            = callObjNormallyParallel(ObjectiveFcn, ObjectiveNargout, NumCoupledConstraints, conditionalizedX);
              ^^^^^^^^^^^^^^^^^^^^^^^^^^^^^^^^^^^^^^^^^^^^^^^^^^^^^^^^^^^^^^^^^^^^^^^^^^^^^^^^^^^^^^^^^^^^^^^^
Caused by:
    Error using <a href="matlab:matlab.lang.internal.introspective.errorDocCallback('dlarray/fullyconnect>iValidateWeights', 'C:\Program Files\MATLAB\R2024b\toolbox\nnet\deep\deep\@dlarray\fullyconnect.m', 207)" style="font-weight:bold">dlarray/fullyconnect>iValidateWeights</a> (<a href="matlab: opentoline('C:\Program Files\MATLAB\R2024b\toolbox\nnet\deep\deep\@dlarray\fullyconnect.m',207,0)">line 207</a>)
    The number of weights (34) for each output feature must match the number of elements (170) in each observation of the input data.

[23:41:47] w01: start objective; params=[{"channels1":6,"channels2":16,"kernel_size1":12,"kernel_size2":11,"kernel_size3":12,"dilation_factor":7}]
[23:41:47] w01: Preparing datastores for training and validation...

[23:42:25] w01: start objective; params=[{"channels1":9,"channels2":22,"kernel_size1":13,"kernel_size2":11,"kernel_size3":11,"dilation_factor":6}]
[23:42:25] w01: Preparing datastores for training and validation...

[23:43:06] w01: 1 am here before gpu
[23:43:06] w01: 2 am here after gpu
[23:43:27] w01: Training network (Final=0) on gpu for 10 epochs...

[23:43:57] w01: Training failed: Execution failed during layer(s) "fc_latent_adjust_1".

[23:43:57] w01: Error using <a href="matlab:matlab.lang.internal.introspective.errorDocCallback('trainnet', 'C:\Program Files\MATLAB\R2024b\toolbox\nnet\deeptrain\trainnet.m', 54)" style="font-weight:bold">trainnet</a> (<a href="matlab: opentoline('C:\Program Files\MATLAB\R2024b\toolbox\nnet\deeptrain\trainnet.m',54,0)">line 54</a>)
Execution failed during layer(s) "fc_latent_adjust_1".

Error in <a href="matlab:matlab.lang.internal.introspective.errorDocCallback('Bayesian_optimization_downsampled>trainAndEvaluateAE', 'C:\Users\Maria\Documents\Honours Programme\Networks\GAN\src\training\Bayesian_optimization_downsampled.m', 318)" style="font-weight:bold">Bayesian_optimization_downsampled>trainAndEvaluateAE</a> (<a href="matlab: opentoline('C:\Users\Maria\Documents\Honours Programme\Networks\GAN\src\training\Bayesian_optimization_downsampled.m',318,0)">line 318</a>)
        [net, info] = trainnet(trainData, net, lossFn, options);
                      ^^^^^^^^^^^^^^^^^^^^^^^^^^^^^^^^^^^^^^^^^
Error in <a href="matlab:matlab.lang.internal.introspective.errorDocCallback('Bayesian_optimization_downsampled>@(params)trainAndEvaluateAE(params,dataCfg)', 'C:\Users\Maria\Documents\Honours Programme\Networks\GAN\src\training\Bayesian_optimization_downsampled.m', 117)" style="font-weight:bold">Bayesian_optimization_downsampled>@(params)trainAndEvaluateAE(params,dataCfg)</a> (<a href="matlab: opentoline('C:\Users\Maria\Documents\Honours Programme\Networks\GAN\src\training\Bayesian_optimization_downsampled.m',117,0)">line 117</a>)
objectiveFcn = @(params) trainAndEvaluateAE(params, dataCfg);
                         ^^^^^^^^^^^^^^^^^^^^^^^^^^^^^^^^^^^
Error in <a href="matlab:matlab.lang.internal.introspective.errorDocCallback('bayesoptim.callObjFcnParallel>callObjNormallyParallel', 'C:\Program Files\MATLAB\R2024b\toolbox\stats\bayesoptim\+bayesoptim\callObjFcnParallel.m', 45)" style="font-weight:bold">bayesoptim.callObjFcnParallel>callObjNormallyParallel</a> (<a href="matlab: opentoline('C:\Program Files\MATLAB\R2024b\toolbox\stats\bayesoptim\+bayesoptim\callObjFcnParallel.m',45,0)">line 45</a>)
            Objective = ObjectiveFcn(conditionalizedX);
                        ^^^^^^^^^^^^^^^^^^^^^^^^^^^^^^
Error in <a href="matlab:matlab.lang.internal.introspective.errorDocCallback('bayesoptim.callObjFcnParallel', 'C:\Program Files\MATLAB\R2024b\toolbox\stats\bayesoptim\+bayesoptim\callObjFcnParallel.m', 12)" style="font-weight:bold">bayesoptim.callObjFcnParallel</a> (<a href="matlab: opentoline('C:\Program Files\MATLAB\R2024b\toolbox\stats\bayesoptim\+bayesoptim\callObjFcnParallel.m',12,0)">line 12</a>)
        = callObjNormallyParallel(ObjectiveFcn, ObjectiveNargout, NumCoupledConstraints, conditionalizedX);
          ^^^^^^^^^^^^^^^^^^^^^^^^^^^^^^^^^^^^^^^^^^^^^^^^^^^^^^^^^^^^^^^^^^^^^^^^^^^^^^^^^^^^^^^^^^^^^^^^
Caused by:
    Error using <a href="matlab:matlab.lang.internal.introspective.errorDocCallback('dlarray/fullyconnect>iValidateWeights', 'C:\Program Files\MATLAB\R2024b\toolbox\nnet\deep\deep\@dlarray\fullyconnect.m', 207)" style="font-weight:bold">dlarray/fullyconnect>iValidateWeights</a> (<a href="matlab: opentoline('C:\Program Files\MATLAB\R2024b\toolbox\nnet\deep\deep\@dlarray\fullyconnect.m',207,0)">line 207</a>)
    The number of weights (44) for each output feature must match the number of elements (220) in each observation of the input data.

[23:45:01] w01: start objective; params=[{"channels1":9,"channels2":17,"kernel_size1":14,"kernel_size2":14,"kernel_size3":11,"dilation_factor":3}]
[23:45:01] w01: Preparing datastores for training and validation...

[23:45:37] w01: 1 am here before gpu
[23:45:37] w01: 2 am here after gpu
[23:45:56] w01: Training network (Final=0) on gpu for 10 epochs...

[23:46:22] w01: Training failed: Execution failed during layer(s) "fc_latent_adjust_1".

[23:46:22] w01: Error using <a href="matlab:matlab.lang.internal.introspective.errorDocCallback('trainnet', 'C:\Program Files\MATLAB\R2024b\toolbox\nnet\deeptrain\trainnet.m', 54)" style="font-weight:bold">trainnet</a> (<a href="matlab: opentoline('C:\Program Files\MATLAB\R2024b\toolbox\nnet\deeptrain\trainnet.m',54,0)">line 54</a>)
Execution failed during layer(s) "fc_latent_adjust_1".

Error in <a href="matlab:matlab.lang.internal.introspective.errorDocCallback('Bayesian_optimization_downsampled>trainAndEvaluateAE', 'C:\Users\Maria\Documents\Honours Programme\Networks\GAN\src\training\Bayesian_optimization_downsampled.m', 318)" style="font-weight:bold">Bayesian_optimization_downsampled>trainAndEvaluateAE</a> (<a href="matlab: opentoline('C:\Users\Maria\Documents\Honours Programme\Networks\GAN\src\training\Bayesian_optimization_downsampled.m',318,0)">line 318</a>)
        [net, info] = trainnet(trainData, net, lossFn, options);
                      ^^^^^^^^^^^^^^^^^^^^^^^^^^^^^^^^^^^^^^^^^
Error in <a href="matlab:matlab.lang.internal.introspective.errorDocCallback('Bayesian_optimization_downsampled>@(params)trainAndEvaluateAE(params,dataCfg)', 'C:\Users\Maria\Documents\Honours Programme\Networks\GAN\src\training\Bayesian_optimization_downsampled.m', 117)" style="font-weight:bold">Bayesian_optimization_downsampled>@(params)trainAndEvaluateAE(params,dataCfg)</a> (<a href="matlab: opentoline('C:\Users\Maria\Documents\Honours Programme\Networks\GAN\src\training\Bayesian_optimization_downsampled.m',117,0)">line 117</a>)
objectiveFcn = @(params) trainAndEvaluateAE(params, dataCfg);
                         ^^^^^^^^^^^^^^^^^^^^^^^^^^^^^^^^^^^
Error in <a href="matlab:matlab.lang.internal.introspective.errorDocCallback('bayesoptim.callObjFcnParallel>callObjNormallyParallel', 'C:\Program Files\MATLAB\R2024b\toolbox\stats\bayesoptim\+bayesoptim\callObjFcnParallel.m', 45)" style="font-weight:bold">bayesoptim.callObjFcnParallel>callObjNormallyParallel</a> (<a href="matlab: opentoline('C:\Program Files\MATLAB\R2024b\toolbox\stats\bayesoptim\+bayesoptim\callObjFcnParallel.m',45,0)">line 45</a>)
            Objective = ObjectiveFcn(conditionalizedX);
                        ^^^^^^^^^^^^^^^^^^^^^^^^^^^^^^
Error in <a href="matlab:matlab.lang.internal.introspective.errorDocCallback('bayesoptim.callObjFcnParallel', 'C:\Program Files\MATLAB\R2024b\toolbox\stats\bayesoptim\+bayesoptim\callObjFcnParallel.m', 26)" style="font-weight:bold">bayesoptim.callObjFcnParallel</a> (<a href="matlab: opentoline('C:\Program Files\MATLAB\R2024b\toolbox\stats\bayesoptim\+bayesoptim\callObjFcnParallel.m',26,0)">line 26</a>)
            = callObjNormallyParallel(ObjectiveFcn, ObjectiveNargout, NumCoupledConstraints, conditionalizedX);
              ^^^^^^^^^^^^^^^^^^^^^^^^^^^^^^^^^^^^^^^^^^^^^^^^^^^^^^^^^^^^^^^^^^^^^^^^^^^^^^^^^^^^^^^^^^^^^^^^
Caused by:
    Error using <a href="matlab:matlab.lang.internal.introspective.errorDocCallback('dlarray/fullyconnect>iValidateWeights', 'C:\Program Files\MATLAB\R2024b\toolbox\nnet\deep\deep\@dlarray\fullyconnect.m', 207)" style="font-weight:bold">dlarray/fullyconnect>iValidateWeights</a> (<a href="matlab: opentoline('C:\Program Files\MATLAB\R2024b\toolbox\nnet\deep\deep\@dlarray\fullyconnect.m',207,0)">line 207</a>)
    The number of weights (34) for each output feature must match the number of elements (170) in each observation of the input data.

[23:46:49] w01: start objective; params=[{"channels1":6,"channels2":16,"kernel_size1":12,"kernel_size2":11,"kernel_size3":12,"dilation_factor":7}]
[23:46:49] w01: Preparing datastores for training and validation...

[23:47:26] w01: 1 am here before gpu
[23:47:26] w01: 2 am here after gpu
[23:47:43] w01: Training network (Final=0) on gpu for 10 epochs...

[23:48:09] w01: Training failed: Execution failed during layer(s) "fc_latent_adjust_1".

[23:48:09] w01: Error using <a href="matlab:matlab.lang.internal.introspective.errorDocCallback('trainnet', 'C:\Program Files\MATLAB\R2024b\toolbox\nnet\deeptrain\trainnet.m', 54)" style="font-weight:bold">trainnet</a> (<a href="matlab: opentoline('C:\Program Files\MATLAB\R2024b\toolbox\nnet\deeptrain\trainnet.m',54,0)">line 54</a>)
Execution failed during layer(s) "fc_latent_adjust_1".

Error in <a href="matlab:matlab.lang.internal.introspective.errorDocCallback('Bayesian_optimization_downsampled>trainAndEvaluateAE', 'C:\Users\Maria\Documents\Honours Programme\Networks\GAN\src\training\Bayesian_optimization_downsampled.m', 318)" style="font-weight:bold">Bayesian_optimization_downsampled>trainAndEvaluateAE</a> (<a href="matlab: opentoline('C:\Users\Maria\Documents\Honours Programme\Networks\GAN\src\training\Bayesian_optimization_downsampled.m',318,0)">line 318</a>)
        [net, info] = trainnet(trainData, net, lossFn, options);
                      ^^^^^^^^^^^^^^^^^^^^^^^^^^^^^^^^^^^^^^^^^
Error in <a href="matlab:matlab.lang.internal.introspective.errorDocCallback('Bayesian_optimization_downsampled>@(params)trainAndEvaluateAE(params,dataCfg)', 'C:\Users\Maria\Documents\Honours Programme\Networks\GAN\src\training\Bayesian_optimization_downsampled.m', 117)" style="font-weight:bold">Bayesian_optimization_downsampled>@(params)trainAndEvaluateAE(params,dataCfg)</a> (<a href="matlab: opentoline('C:\Users\Maria\Documents\Honours Programme\Networks\GAN\src\training\Bayesian_optimization_downsampled.m',117,0)">line 117</a>)
objectiveFcn = @(params) trainAndEvaluateAE(params, dataCfg);
                         ^^^^^^^^^^^^^^^^^^^^^^^^^^^^^^^^^^^
Error in <a href="matlab:matlab.lang.internal.introspective.errorDocCallback('bayesoptim.callObjFcnParallel>callObjNormallyParallel', 'C:\Program Files\MATLAB\R2024b\toolbox\stats\bayesoptim\+bayesoptim\callObjFcnParallel.m', 45)" style="font-weight:bold">bayesoptim.callObjFcnParallel>callObjNormallyParallel</a> (<a href="matlab: opentoline('C:\Program Files\MATLAB\R2024b\toolbox\stats\bayesoptim\+bayesoptim\callObjFcnParallel.m',45,0)">line 45</a>)
            Objective = ObjectiveFcn(conditionalizedX);
                        ^^^^^^^^^^^^^^^^^^^^^^^^^^^^^^
Error in <a href="matlab:matlab.lang.internal.introspective.errorDocCallback('bayesoptim.callObjFcnParallel', 'C:\Program Files\MATLAB\R2024b\toolbox\stats\bayesoptim\+bayesoptim\callObjFcnParallel.m', 26)" style="font-weight:bold">bayesoptim.callObjFcnParallel</a> (<a href="matlab: opentoline('C:\Program Files\MATLAB\R2024b\toolbox\stats\bayesoptim\+bayesoptim\callObjFcnParallel.m',26,0)">line 26</a>)
            = callObjNormallyParallel(ObjectiveFcn, ObjectiveNargout, NumCoupledConstraints, conditionalizedX);
              ^^^^^^^^^^^^^^^^^^^^^^^^^^^^^^^^^^^^^^^^^^^^^^^^^^^^^^^^^^^^^^^^^^^^^^^^^^^^^^^^^^^^^^^^^^^^^^^^
Caused by:
    Error using <a href="matlab:matlab.lang.internal.introspective.errorDocCallback('dlarray/fullyconnect>iValidateWeights', 'C:\Program Files\MATLAB\R2024b\toolbox\nnet\deep\deep\@dlarray\fullyconnect.m', 207)" style="font-weight:bold">dlarray/fullyconnect>iValidateWeights</a> (<a href="matlab: opentoline('C:\Program Files\MATLAB\R2024b\toolbox\nnet\deep\deep\@dlarray\fullyconnect.m',207,0)">line 207</a>)
    The number of weights (32) for each output feature must match the number of elements (160) in each observation of the input data.

[23:48:36] w01: start objective; params=[{"channels1":9,"channels2":22,"kernel_size1":13,"kernel_size2":11,"kernel_size3":11,"dilation_factor":6}]
[23:48:36] w01: Preparing datastores for training and validation...

[23:49:14] w01: 1 am here before gpu
[23:49:14] w01: 2 am here after gpu
[23:49:29] w01: Training network (Final=0) on gpu for 10 epochs...

[23:49:52] w01: Training failed: Execution failed during layer(s) "fc_latent_adjust_1".

[23:49:53] w01: Error using <a href="matlab:matlab.lang.internal.introspective.errorDocCallback('trainnet', 'C:\Program Files\MATLAB\R2024b\toolbox\nnet\deeptrain\trainnet.m', 54)" style="font-weight:bold">trainnet</a> (<a href="matlab: opentoline('C:\Program Files\MATLAB\R2024b\toolbox\nnet\deeptrain\trainnet.m',54,0)">line 54</a>)
Execution failed during layer(s) "fc_latent_adjust_1".

Error in <a href="matlab:matlab.lang.internal.introspective.errorDocCallback('Bayesian_optimization_downsampled>trainAndEvaluateAE', 'C:\Users\Maria\Documents\Honours Programme\Networks\GAN\src\training\Bayesian_optimization_downsampled.m', 318)" style="font-weight:bold">Bayesian_optimization_downsampled>trainAndEvaluateAE</a> (<a href="matlab: opentoline('C:\Users\Maria\Documents\Honours Programme\Networks\GAN\src\training\Bayesian_optimization_downsampled.m',318,0)">line 318</a>)
        [net, info] = trainnet(trainData, net, lossFn, options);
                      ^^^^^^^^^^^^^^^^^^^^^^^^^^^^^^^^^^^^^^^^^
Error in <a href="matlab:matlab.lang.internal.introspective.errorDocCallback('Bayesian_optimization_downsampled>@(params)trainAndEvaluateAE(params,dataCfg)', 'C:\Users\Maria\Documents\Honours Programme\Networks\GAN\src\training\Bayesian_optimization_downsampled.m', 117)" style="font-weight:bold">Bayesian_optimization_downsampled>@(params)trainAndEvaluateAE(params,dataCfg)</a> (<a href="matlab: opentoline('C:\Users\Maria\Documents\Honours Programme\Networks\GAN\src\training\Bayesian_optimization_downsampled.m',117,0)">line 117</a>)
objectiveFcn = @(params) trainAndEvaluateAE(params, dataCfg);
                         ^^^^^^^^^^^^^^^^^^^^^^^^^^^^^^^^^^^
Error in <a href="matlab:matlab.lang.internal.introspective.errorDocCallback('bayesoptim.callObjFcnParallel>callObjNormallyParallel', 'C:\Program Files\MATLAB\R2024b\toolbox\stats\bayesoptim\+bayesoptim\callObjFcnParallel.m', 45)" style="font-weight:bold">bayesoptim.callObjFcnParallel>callObjNormallyParallel</a> (<a href="matlab: opentoline('C:\Program Files\MATLAB\R2024b\toolbox\stats\bayesoptim\+bayesoptim\callObjFcnParallel.m',45,0)">line 45</a>)
            Objective = ObjectiveFcn(conditionalizedX);
                        ^^^^^^^^^^^^^^^^^^^^^^^^^^^^^^
Error in <a href="matlab:matlab.lang.internal.introspective.errorDocCallback('bayesoptim.callObjFcnParallel', 'C:\Program Files\MATLAB\R2024b\toolbox\stats\bayesoptim\+bayesoptim\callObjFcnParallel.m', 12)" style="font-weight:bold">bayesoptim.callObjFcnParallel</a> (<a href="matlab: opentoline('C:\Program Files\MATLAB\R2024b\toolbox\stats\bayesoptim\+bayesoptim\callObjFcnParallel.m',12,0)">line 12</a>)
        = callObjNormallyParallel(ObjectiveFcn, ObjectiveNargout, NumCoupledConstraints, conditionalizedX);
          ^^^^^^^^^^^^^^^^^^^^^^^^^^^^^^^^^^^^^^^^^^^^^^^^^^^^^^^^^^^^^^^^^^^^^^^^^^^^^^^^^^^^^^^^^^^^^^^^
Caused by:
    Error using <a href="matlab:matlab.lang.internal.introspective.errorDocCallback('dlarray/fullyconnect>iValidateWeights', 'C:\Program Files\MATLAB\R2024b\toolbox\nnet\deep\deep\@dlarray\fullyconnect.m', 207)" style="font-weight:bold">dlarray/fullyconnect>iValidateWeights</a> (<a href="matlab: opentoline('C:\Program Files\MATLAB\R2024b\toolbox\nnet\deep\deep\@dlarray\fullyconnect.m',207,0)">line 207</a>)
    The number of weights (44) for each output feature must match the number of elements (220) in each observation of the input data.

[23:50:20] w01: start objective; params=[{"channels1":10,"channels2":16,"kernel_size1":11,"kernel_size2":14,"kernel_size3":13,"dilation_factor":6}]
[23:50:20] w01: Preparing datastores for training and validation...

[23:50:58] w01: 1 am here before gpu
[23:50:58] w01: 2 am here after gpu
[23:51:15] w01: Training network (Final=0) on gpu for 10 epochs...

[23:51:40] w01: Training failed: Execution failed during layer(s) "fc_latent_adjust_1".

[23:51:40] w01: Error using <a href="matlab:matlab.lang.internal.introspective.errorDocCallback('trainnet', 'C:\Program Files\MATLAB\R2024b\toolbox\nnet\deeptrain\trainnet.m', 54)" style="font-weight:bold">trainnet</a> (<a href="matlab: opentoline('C:\Program Files\MATLAB\R2024b\toolbox\nnet\deeptrain\trainnet.m',54,0)">line 54</a>)
Execution failed during layer(s) "fc_latent_adjust_1".

Error in <a href="matlab:matlab.lang.internal.introspective.errorDocCallback('Bayesian_optimization_downsampled>trainAndEvaluateAE', 'C:\Users\Maria\Documents\Honours Programme\Networks\GAN\src\training\Bayesian_optimization_downsampled.m', 318)" style="font-weight:bold">Bayesian_optimization_downsampled>trainAndEvaluateAE</a> (<a href="matlab: opentoline('C:\Users\Maria\Documents\Honours Programme\Networks\GAN\src\training\Bayesian_optimization_downsampled.m',318,0)">line 318</a>)
        [net, info] = trainnet(trainData, net, lossFn, options);
                      ^^^^^^^^^^^^^^^^^^^^^^^^^^^^^^^^^^^^^^^^^
Error in <a href="matlab:matlab.lang.internal.introspective.errorDocCallback('Bayesian_optimization_downsampled>@(params)trainAndEvaluateAE(params,dataCfg)', 'C:\Users\Maria\Documents\Honours Programme\Networks\GAN\src\training\Bayesian_optimization_downsampled.m', 117)" style="font-weight:bold">Bayesian_optimization_downsampled>@(params)trainAndEvaluateAE(params,dataCfg)</a> (<a href="matlab: opentoline('C:\Users\Maria\Documents\Honours Programme\Networks\GAN\src\training\Bayesian_optimization_downsampled.m',117,0)">line 117</a>)
objectiveFcn = @(params) trainAndEvaluateAE(params, dataCfg);
                         ^^^^^^^^^^^^^^^^^^^^^^^^^^^^^^^^^^^
Error in <a href="matlab:matlab.lang.internal.introspective.errorDocCallback('bayesoptim.callObjFcnParallel>callObjNormallyParallel', 'C:\Program Files\MATLAB\R2024b\toolbox\stats\bayesoptim\+bayesoptim\callObjFcnParallel.m', 45)" style="font-weight:bold">bayesoptim.callObjFcnParallel>callObjNormallyParallel</a> (<a href="matlab: opentoline('C:\Program Files\MATLAB\R2024b\toolbox\stats\bayesoptim\+bayesoptim\callObjFcnParallel.m',45,0)">line 45</a>)
            Objective = ObjectiveFcn(conditionalizedX);
                        ^^^^^^^^^^^^^^^^^^^^^^^^^^^^^^
Error in <a href="matlab:matlab.lang.internal.introspective.errorDocCallback('bayesoptim.callObjFcnParallel', 'C:\Program Files\MATLAB\R2024b\toolbox\stats\bayesoptim\+bayesoptim\callObjFcnParallel.m', 12)" style="font-weight:bold">bayesoptim.callObjFcnParallel</a> (<a href="matlab: opentoline('C:\Program Files\MATLAB\R2024b\toolbox\stats\bayesoptim\+bayesoptim\callObjFcnParallel.m',12,0)">line 12</a>)
        = callObjNormallyParallel(ObjectiveFcn, ObjectiveNargout, NumCoupledConstraints, conditionalizedX);
          ^^^^^^^^^^^^^^^^^^^^^^^^^^^^^^^^^^^^^^^^^^^^^^^^^^^^^^^^^^^^^^^^^^^^^^^^^^^^^^^^^^^^^^^^^^^^^^^^
Caused by:
    Error using <a href="matlab:matlab.lang.internal.introspective.errorDocCallback('dlarray/fullyconnect>iValidateWeights', 'C:\Program Files\MATLAB\R2024b\toolbox\nnet\deep\deep\@dlarray\fullyconnect.m', 207)" style="font-weight:bold">dlarray/fullyconnect>iValidateWeights</a> (<a href="matlab: opentoline('C:\Program Files\MATLAB\R2024b\toolbox\nnet\deep\deep\@dlarray\fullyconnect.m',207,0)">line 207</a>)
    The number of weights (32) for each output feature must match the number of elements (160) in each observation of the input data.

[23:52:09] w01: start objective; params=[{"channels1":6,"channels2":24,"kernel_size1":11,"kernel_size2":14,"kernel_size3":12,"dilation_factor":7}]
[23:52:09] w01: Preparing datastores for training and validation...

[23:52:48] w01: 1 am here before gpu
[23:52:48] w01: 2 am here after gpu
[23:53:03] w01: Training network (Final=0) on gpu for 10 epochs...

[23:53:26] w01: Training failed: Execution failed during layer(s) "fc_latent_adjust_1".

[23:53:26] w01: Error using <a href="matlab:matlab.lang.internal.introspective.errorDocCallback('trainnet', 'C:\Program Files\MATLAB\R2024b\toolbox\nnet\deeptrain\trainnet.m', 54)" style="font-weight:bold">trainnet</a> (<a href="matlab: opentoline('C:\Program Files\MATLAB\R2024b\toolbox\nnet\deeptrain\trainnet.m',54,0)">line 54</a>)
Execution failed during layer(s) "fc_latent_adjust_1".

Error in <a href="matlab:matlab.lang.internal.introspective.errorDocCallback('Bayesian_optimization_downsampled>trainAndEvaluateAE', 'C:\Users\Maria\Documents\Honours Programme\Networks\GAN\src\training\Bayesian_optimization_downsampled.m', 318)" style="font-weight:bold">Bayesian_optimization_downsampled>trainAndEvaluateAE</a> (<a href="matlab: opentoline('C:\Users\Maria\Documents\Honours Programme\Networks\GAN\src\training\Bayesian_optimization_downsampled.m',318,0)">line 318</a>)
        [net, info] = trainnet(trainData, net, lossFn, options);
                      ^^^^^^^^^^^^^^^^^^^^^^^^^^^^^^^^^^^^^^^^^
Error in <a href="matlab:matlab.lang.internal.introspective.errorDocCallback('Bayesian_optimization_downsampled>@(params)trainAndEvaluateAE(params,dataCfg)', 'C:\Users\Maria\Documents\Honours Programme\Networks\GAN\src\training\Bayesian_optimization_downsampled.m', 117)" style="font-weight:bold">Bayesian_optimization_downsampled>@(params)trainAndEvaluateAE(params,dataCfg)</a> (<a href="matlab: opentoline('C:\Users\Maria\Documents\Honours Programme\Networks\GAN\src\training\Bayesian_optimization_downsampled.m',117,0)">line 117</a>)
objectiveFcn = @(params) trainAndEvaluateAE(params, dataCfg);
                         ^^^^^^^^^^^^^^^^^^^^^^^^^^^^^^^^^^^
Error in <a href="matlab:matlab.lang.internal.introspective.errorDocCallback('bayesoptim.callObjFcnParallel>callObjNormallyParallel', 'C:\Program Files\MATLAB\R2024b\toolbox\stats\bayesoptim\+bayesoptim\callObjFcnParallel.m', 45)" style="font-weight:bold">bayesoptim.callObjFcnParallel>callObjNormallyParallel</a> (<a href="matlab: opentoline('C:\Program Files\MATLAB\R2024b\toolbox\stats\bayesoptim\+bayesoptim\callObjFcnParallel.m',45,0)">line 45</a>)
            Objective = ObjectiveFcn(conditionalizedX);
                        ^^^^^^^^^^^^^^^^^^^^^^^^^^^^^^
Error in <a href="matlab:matlab.lang.internal.introspective.errorDocCallback('bayesoptim.callObjFcnParallel', 'C:\Program Files\MATLAB\R2024b\toolbox\stats\bayesoptim\+bayesoptim\callObjFcnParallel.m', 12)" style="font-weight:bold">bayesoptim.callObjFcnParallel</a> (<a href="matlab: opentoline('C:\Program Files\MATLAB\R2024b\toolbox\stats\bayesoptim\+bayesoptim\callObjFcnParallel.m',12,0)">line 12</a>)
        = callObjNormallyParallel(ObjectiveFcn, ObjectiveNargout, NumCoupledConstraints, conditionalizedX);
          ^^^^^^^^^^^^^^^^^^^^^^^^^^^^^^^^^^^^^^^^^^^^^^^^^^^^^^^^^^^^^^^^^^^^^^^^^^^^^^^^^^^^^^^^^^^^^^^^
Caused by:
    Error using <a href="matlab:matlab.lang.internal.introspective.errorDocCallback('dlarray/fullyconnect>iValidateWeights', 'C:\Program Files\MATLAB\R2024b\toolbox\nnet\deep\deep\@dlarray\fullyconnect.m', 207)" style="font-weight:bold">dlarray/fullyconnect>iValidateWeights</a> (<a href="matlab: opentoline('C:\Program Files\MATLAB\R2024b\toolbox\nnet\deep\deep\@dlarray\fullyconnect.m',207,0)">line 207</a>)
    The number of weights (48) for each output feature must match the number of elements (240) in each observation of the input data.

[23:56:59] w01: start objective; params=[{"channels1":9,"channels2":17,"kernel_size1":14,"kernel_size2":14,"kernel_size3":11,"dilation_factor":3}]
[23:56:59] w01: Preparing datastores for training and validation...

[23:57:25] w01: 1 am here before gpu
[23:57:25] w01: 2 am here after gpu
[23:57:55] w01: Training network (Final=0) on gpu for 10 epochs...

[23:58:26] w01: Training failed: Execution failed during layer(s) "fc_latent_adjust_1".

[23:58:26] w01: Error using <a href="matlab:matlab.lang.internal.introspective.errorDocCallback('trainnet', 'C:\Program Files\MATLAB\R2024b\toolbox\nnet\deeptrain\trainnet.m', 54)" style="font-weight:bold">trainnet</a> (<a href="matlab: opentoline('C:\Program Files\MATLAB\R2024b\toolbox\nnet\deeptrain\trainnet.m',54,0)">line 54</a>)
Execution failed during layer(s) "fc_latent_adjust_1".

Error in <a href="matlab:matlab.lang.internal.introspective.errorDocCallback('Bayesian_optimization_downsampled>trainAndEvaluateAE', 'C:\Users\Maria\Documents\Honours Programme\Networks\GAN\src\training\Bayesian_optimization_downsampled.m', 318)" style="font-weight:bold">Bayesian_optimization_downsampled>trainAndEvaluateAE</a> (<a href="matlab: opentoline('C:\Users\Maria\Documents\Honours Programme\Networks\GAN\src\training\Bayesian_optimization_downsampled.m',318,0)">line 318</a>)
        [net, info] = trainnet(trainData, net, lossFn, options);
                      ^^^^^^^^^^^^^^^^^^^^^^^^^^^^^^^^^^^^^^^^^
Error in <a href="matlab:matlab.lang.internal.introspective.errorDocCallback('Bayesian_optimization_downsampled>@(params)trainAndEvaluateAE(params,dataCfg)', 'C:\Users\Maria\Documents\Honours Programme\Networks\GAN\src\training\Bayesian_optimization_downsampled.m', 117)" style="font-weight:bold">Bayesian_optimization_downsampled>@(params)trainAndEvaluateAE(params,dataCfg)</a> (<a href="matlab: opentoline('C:\Users\Maria\Documents\Honours Programme\Networks\GAN\src\training\Bayesian_optimization_downsampled.m',117,0)">line 117</a>)
objectiveFcn = @(params) trainAndEvaluateAE(params, dataCfg);
                         ^^^^^^^^^^^^^^^^^^^^^^^^^^^^^^^^^^^
Error in <a href="matlab:matlab.lang.internal.introspective.errorDocCallback('bayesoptim.callObjFcnParallel>callObjNormallyParallel', 'C:\Program Files\MATLAB\R2024b\toolbox\stats\bayesoptim\+bayesoptim\callObjFcnParallel.m', 45)" style="font-weight:bold">bayesoptim.callObjFcnParallel>callObjNormallyParallel</a> (<a href="matlab: opentoline('C:\Program Files\MATLAB\R2024b\toolbox\stats\bayesoptim\+bayesoptim\callObjFcnParallel.m',45,0)">line 45</a>)
            Objective = ObjectiveFcn(conditionalizedX);
                        ^^^^^^^^^^^^^^^^^^^^^^^^^^^^^^
Error in <a href="matlab:matlab.lang.internal.introspective.errorDocCallback('bayesoptim.callObjFcnParallel', 'C:\Program Files\MATLAB\R2024b\toolbox\stats\bayesoptim\+bayesoptim\callObjFcnParallel.m', 26)" style="font-weight:bold">bayesoptim.callObjFcnParallel</a> (<a href="matlab: opentoline('C:\Program Files\MATLAB\R2024b\toolbox\stats\bayesoptim\+bayesoptim\callObjFcnParallel.m',26,0)">line 26</a>)
            = callObjNormallyParallel(ObjectiveFcn, ObjectiveNargout, NumCoupledConstraints, conditionalizedX);
              ^^^^^^^^^^^^^^^^^^^^^^^^^^^^^^^^^^^^^^^^^^^^^^^^^^^^^^^^^^^^^^^^^^^^^^^^^^^^^^^^^^^^^^^^^^^^^^^^
Caused by:
    Error using <a href="matlab:matlab.lang.internal.introspective.errorDocCallback('dlarray/fullyconnect>iValidateWeights', 'C:\Program Files\MATLAB\R2024b\toolbox\nnet\deep\deep\@dlarray\fullyconnect.m', 207)" style="font-weight:bold">dlarray/fullyconnect>iValidateWeights</a> (<a href="matlab: opentoline('C:\Program Files\MATLAB\R2024b\toolbox\nnet\deep\deep\@dlarray\fullyconnect.m',207,0)">line 207</a>)
    The number of weights (34) for each output feature must match the number of elements (170) in each observation of the input data.

[23:58:34] w01: start objective; params=[{"channels1":9,"channels2":22,"kernel_size1":13,"kernel_size2":11,"kernel_size3":11,"dilation_factor":6}]
[23:58:34] w01: Preparing datastores for training and validation...

[23:58:57] w01: 1 am here before gpu
[23:58:57] w01: 2 am here after gpu
[23:59:13] w01: Training network (Final=0) on gpu for 10 epochs...

[00:15:37] w01: start objective; params=[{"channels1":9,"channels2":17,"kernel_size1":14,"kernel_size2":14,"kernel_size3":11,"dilation_factor":3}]
[00:15:37] w01: Preparing datastores for training and validation...

[00:15:44] w01: 1 am here before gpu
[00:15:44] w01: 2 am here after gpu
[00:15:46] w01: Training network (Final=0) on gpu for 10 epochs...

[00:15:46] w01: Training failed: The number of datastore outputs (56) must match the number of network inputs plus the number of targets (2).

[00:15:46] w01: Error using <a href="matlab:matlab.lang.internal.introspective.errorDocCallback('trainnet', 'C:\Program Files\MATLAB\R2024b\toolbox\nnet\deeptrain\trainnet.m', 54)" style="font-weight:bold">trainnet</a> (<a href="matlab: opentoline('C:\Program Files\MATLAB\R2024b\toolbox\nnet\deeptrain\trainnet.m',54,0)">line 54</a>)
The number of datastore outputs (56) must match the number of network inputs plus the number of targets (2).

Error in <a href="matlab:matlab.lang.internal.introspective.errorDocCallback('Bayesian_optimization_downsampled>trainAndEvaluateAE', 'C:\Users\Maria\Documents\Honours Programme\Networks\GAN\src\training\Bayesian_optimization_downsampled.m', 318)" style="font-weight:bold">Bayesian_optimization_downsampled>trainAndEvaluateAE</a> (<a href="matlab: opentoline('C:\Users\Maria\Documents\Honours Programme\Networks\GAN\src\training\Bayesian_optimization_downsampled.m',318,0)">line 318</a>)
        [net, info] = trainnet(trainData, net, lossFn, options);
                      ^^^^^^^^^^^^^^^^^^^^^^^^^^^^^^^^^^^^^^^^^
Error in <a href="matlab:matlab.lang.internal.introspective.errorDocCallback('Bayesian_optimization_downsampled>@(params)trainAndEvaluateAE(params,dataCfg)', 'C:\Users\Maria\Documents\Honours Programme\Networks\GAN\src\training\Bayesian_optimization_downsampled.m', 117)" style="font-weight:bold">Bayesian_optimization_downsampled>@(params)trainAndEvaluateAE(params,dataCfg)</a> (<a href="matlab: opentoline('C:\Users\Maria\Documents\Honours Programme\Networks\GAN\src\training\Bayesian_optimization_downsampled.m',117,0)">line 117</a>)
objectiveFcn = @(params) trainAndEvaluateAE(params, dataCfg);
                         ^^^^^^^^^^^^^^^^^^^^^^^^^^^^^^^^^^^
Error in <a href="matlab:matlab.lang.internal.introspective.errorDocCallback('bayesoptim.callObjFcnParallel>callObjNormallyParallel', 'C:\Program Files\MATLAB\R2024b\toolbox\stats\bayesoptim\+bayesoptim\callObjFcnParallel.m', 45)" style="font-weight:bold">bayesoptim.callObjFcnParallel>callObjNormallyParallel</a> (<a href="matlab: opentoline('C:\Program Files\MATLAB\R2024b\toolbox\stats\bayesoptim\+bayesoptim\callObjFcnParallel.m',45,0)">line 45</a>)
            Objective = ObjectiveFcn(conditionalizedX);
                        ^^^^^^^^^^^^^^^^^^^^^^^^^^^^^^
Error in <a href="matlab:matlab.lang.internal.introspective.errorDocCallback('bayesoptim.callObjFcnParallel', 'C:\Program Files\MATLAB\R2024b\toolbox\stats\bayesoptim\+bayesoptim\callObjFcnParallel.m', 26)" style="font-weight:bold">bayesoptim.callObjFcnParallel</a> (<a href="matlab: opentoline('C:\Program Files\MATLAB\R2024b\toolbox\stats\bayesoptim\+bayesoptim\callObjFcnParallel.m',26,0)">line 26</a>)
            = callObjNormallyParallel(ObjectiveFcn, ObjectiveNargout, NumCoupledConstraints, conditionalizedX);
              ^^^^^^^^^^^^^^^^^^^^^^^^^^^^^^^^^^^^^^^^^^^^^^^^^^^^^^^^^^^^^^^^^^^^^^^^^^^^^^^^^^^^^^^^^^^^^^^^

[00:15:49] w01: start objective; params=[{"channels1":9,"channels2":22,"kernel_size1":13,"kernel_size2":11,"kernel_size3":11,"dilation_factor":6}]
[00:15:49] w01: Preparing datastores for training and validation...

[00:15:55] w01: 1 am here before gpu
[00:15:55] w01: 2 am here after gpu
[00:15:55] w01: Training network (Final=0) on gpu for 10 epochs...

[00:15:56] w01: Training failed: The number of datastore outputs (56) must match the number of network inputs plus the number of targets (2).

[00:15:56] w01: Error using <a href="matlab:matlab.lang.internal.introspective.errorDocCallback('trainnet', 'C:\Program Files\MATLAB\R2024b\toolbox\nnet\deeptrain\trainnet.m', 54)" style="font-weight:bold">trainnet</a> (<a href="matlab: opentoline('C:\Program Files\MATLAB\R2024b\toolbox\nnet\deeptrain\trainnet.m',54,0)">line 54</a>)
The number of datastore outputs (56) must match the number of network inputs plus the number of targets (2).

Error in <a href="matlab:matlab.lang.internal.introspective.errorDocCallback('Bayesian_optimization_downsampled>trainAndEvaluateAE', 'C:\Users\Maria\Documents\Honours Programme\Networks\GAN\src\training\Bayesian_optimization_downsampled.m', 318)" style="font-weight:bold">Bayesian_optimization_downsampled>trainAndEvaluateAE</a> (<a href="matlab: opentoline('C:\Users\Maria\Documents\Honours Programme\Networks\GAN\src\training\Bayesian_optimization_downsampled.m',318,0)">line 318</a>)
        [net, info] = trainnet(trainData, net, lossFn, options);
                      ^^^^^^^^^^^^^^^^^^^^^^^^^^^^^^^^^^^^^^^^^
Error in <a href="matlab:matlab.lang.internal.introspective.errorDocCallback('Bayesian_optimization_downsampled>@(params)trainAndEvaluateAE(params,dataCfg)', 'C:\Users\Maria\Documents\Honours Programme\Networks\GAN\src\training\Bayesian_optimization_downsampled.m', 117)" style="font-weight:bold">Bayesian_optimization_downsampled>@(params)trainAndEvaluateAE(params,dataCfg)</a> (<a href="matlab: opentoline('C:\Users\Maria\Documents\Honours Programme\Networks\GAN\src\training\Bayesian_optimization_downsampled.m',117,0)">line 117</a>)
objectiveFcn = @(params) trainAndEvaluateAE(params, dataCfg);
                         ^^^^^^^^^^^^^^^^^^^^^^^^^^^^^^^^^^^
Error in <a href="matlab:matlab.lang.internal.introspective.errorDocCallback('bayesoptim.callObjFcnParallel>callObjNormallyParallel', 'C:\Program Files\MATLAB\R2024b\toolbox\stats\bayesoptim\+bayesoptim\callObjFcnParallel.m', 45)" style="font-weight:bold">bayesoptim.callObjFcnParallel>callObjNormallyParallel</a> (<a href="matlab: opentoline('C:\Program Files\MATLAB\R2024b\toolbox\stats\bayesoptim\+bayesoptim\callObjFcnParallel.m',45,0)">line 45</a>)
            Objective = ObjectiveFcn(conditionalizedX);
                        ^^^^^^^^^^^^^^^^^^^^^^^^^^^^^^
Error in <a href="matlab:matlab.lang.internal.introspective.errorDocCallback('bayesoptim.callObjFcnParallel', 'C:\Program Files\MATLAB\R2024b\toolbox\stats\bayesoptim\+bayesoptim\callObjFcnParallel.m', 12)" style="font-weight:bold">bayesoptim.callObjFcnParallel</a> (<a href="matlab: opentoline('C:\Program Files\MATLAB\R2024b\toolbox\stats\bayesoptim\+bayesoptim\callObjFcnParallel.m',12,0)">line 12</a>)
        = callObjNormallyParallel(ObjectiveFcn, ObjectiveNargout, NumCoupledConstraints, conditionalizedX);
          ^^^^^^^^^^^^^^^^^^^^^^^^^^^^^^^^^^^^^^^^^^^^^^^^^^^^^^^^^^^^^^^^^^^^^^^^^^^^^^^^^^^^^^^^^^^^^^^^

[00:15:57] w01: start objective; params=[{"channels1":6,"channels2":24,"kernel_size1":11,"kernel_size2":14,"kernel_size3":12,"dilation_factor":7}]
[00:15:57] w01: Preparing datastores for training and validation...

[00:16:03] w01: 1 am here before gpu
[00:16:03] w01: 2 am here after gpu
[00:16:04] w01: Training network (Final=0) on gpu for 10 epochs...

[00:16:04] w01: Training failed: The number of datastore outputs (56) must match the number of network inputs plus the number of targets (2).

[00:16:04] w01: Error using <a href="matlab:matlab.lang.internal.introspective.errorDocCallback('trainnet', 'C:\Program Files\MATLAB\R2024b\toolbox\nnet\deeptrain\trainnet.m', 54)" style="font-weight:bold">trainnet</a> (<a href="matlab: opentoline('C:\Program Files\MATLAB\R2024b\toolbox\nnet\deeptrain\trainnet.m',54,0)">line 54</a>)
The number of datastore outputs (56) must match the number of network inputs plus the number of targets (2).

Error in <a href="matlab:matlab.lang.internal.introspective.errorDocCallback('Bayesian_optimization_downsampled>trainAndEvaluateAE', 'C:\Users\Maria\Documents\Honours Programme\Networks\GAN\src\training\Bayesian_optimization_downsampled.m', 318)" style="font-weight:bold">Bayesian_optimization_downsampled>trainAndEvaluateAE</a> (<a href="matlab: opentoline('C:\Users\Maria\Documents\Honours Programme\Networks\GAN\src\training\Bayesian_optimization_downsampled.m',318,0)">line 318</a>)
        [net, info] = trainnet(trainData, net, lossFn, options);
                      ^^^^^^^^^^^^^^^^^^^^^^^^^^^^^^^^^^^^^^^^^
Error in <a href="matlab:matlab.lang.internal.introspective.errorDocCallback('Bayesian_optimization_downsampled>@(params)trainAndEvaluateAE(params,dataCfg)', 'C:\Users\Maria\Documents\Honours Programme\Networks\GAN\src\training\Bayesian_optimization_downsampled.m', 117)" style="font-weight:bold">Bayesian_optimization_downsampled>@(params)trainAndEvaluateAE(params,dataCfg)</a> (<a href="matlab: opentoline('C:\Users\Maria\Documents\Honours Programme\Networks\GAN\src\training\Bayesian_optimization_downsampled.m',117,0)">line 117</a>)
objectiveFcn = @(params) trainAndEvaluateAE(params, dataCfg);
                         ^^^^^^^^^^^^^^^^^^^^^^^^^^^^^^^^^^^
Error in <a href="matlab:matlab.lang.internal.introspective.errorDocCallback('bayesoptim.callObjFcnParallel>callObjNormallyParallel', 'C:\Program Files\MATLAB\R2024b\toolbox\stats\bayesoptim\+bayesoptim\callObjFcnParallel.m', 45)" style="font-weight:bold">bayesoptim.callObjFcnParallel>callObjNormallyParallel</a> (<a href="matlab: opentoline('C:\Program Files\MATLAB\R2024b\toolbox\stats\bayesoptim\+bayesoptim\callObjFcnParallel.m',45,0)">line 45</a>)
            Objective = ObjectiveFcn(conditionalizedX);
                        ^^^^^^^^^^^^^^^^^^^^^^^^^^^^^^
Error in <a href="matlab:matlab.lang.internal.introspective.errorDocCallback('bayesoptim.callObjFcnParallel', 'C:\Program Files\MATLAB\R2024b\toolbox\stats\bayesoptim\+bayesoptim\callObjFcnParallel.m', 12)" style="font-weight:bold">bayesoptim.callObjFcnParallel</a> (<a href="matlab: opentoline('C:\Program Files\MATLAB\R2024b\toolbox\stats\bayesoptim\+bayesoptim\callObjFcnParallel.m',12,0)">line 12</a>)
        = callObjNormallyParallel(ObjectiveFcn, ObjectiveNargout, NumCoupledConstraints, conditionalizedX);
          ^^^^^^^^^^^^^^^^^^^^^^^^^^^^^^^^^^^^^^^^^^^^^^^^^^^^^^^^^^^^^^^^^^^^^^^^^^^^^^^^^^^^^^^^^^^^^^^^

[00:16:05] w01: start objective; params=[{"channels1":8,"channels2":15,"kernel_size1":10,"kernel_size2":13,"kernel_size3":12,"dilation_factor":7}]
[00:16:05] w01: Preparing datastores for training and validation...

[00:17:13] w01: start objective; params=[{"channels1":9,"channels2":17,"kernel_size1":14,"kernel_size2":14,"kernel_size3":11,"dilation_factor":3}]
[00:17:13] w01: Preparing datastores for training and validation...

[00:17:19] w01: 1 am here before gpu
[00:17:19] w01: 2 am here after gpu
[00:17:35] w01: Training network (Final=0) on gpu for 10 epochs...

[00:18:57] w01: start objective; params=[{"channels1":9,"channels2":17,"kernel_size1":14,"kernel_size2":14,"kernel_size3":11,"dilation_factor":3}]
[00:18:57] w01: Preparing datastores for training and validation...

[00:19:02] w01: 1 am here before gpu
[00:19:02] w01: 2 am here after gpu
[00:19:17] w01: Training network (Final=0) on gpu for 10 epochs...

[02:32:30] w01: start objective; params=[{"channels1":10,"channels2":16,"kernel_size1":11,"kernel_size2":14,"kernel_size3":13,"dilation_factor":6}]
[02:32:30] w01: Preparing datastores for training and validation...

[02:32:35] w01: 1 am here before gpu
[02:32:35] w01: 2 am here after gpu
[02:32:52] w01: Training network (Final=0) on gpu for 10 epochs...

[04:48:28] w01: start objective; params=[{"channels1":8,"channels2":15,"kernel_size1":10,"kernel_size2":13,"kernel_size3":12,"dilation_factor":7}]
[04:48:28] w01: Preparing datastores for training and validation...

[04:48:34] w01: 1 am here before gpu
[04:48:34] w01: 2 am here after gpu
[04:48:50] w01: Training network (Final=0) on gpu for 10 epochs...

[17:58:26] w01: start objective; params=[{"channels1":8,"channels2":25,"kernel_size1":13,"kernel_size2":13,"kernel_size3":10,"dilation_factor":6,"batch_size":16,"learning_rate":0.0008569216488353552}]
[17:58:26] w01: Preparing datastores for training and validation...

[17:58:32] w01: 1 am here before gpu
[17:58:32] w01: 2 am here after gpu
[17:59:00] w01: Training network (Final=0) on gpu for 10 epochs...

[17:59:06] w01: Training failed: The number of datastore outputs (2) must match the number of network inputs plus the number of targets (56).

[17:59:06] w01: Error using <a href="matlab:matlab.lang.internal.introspective.errorDocCallback('trainnet', 'C:\Program Files\MATLAB\R2024b\toolbox\nnet\deeptrain\trainnet.m', 54)" style="font-weight:bold">trainnet</a> (<a href="matlab: opentoline('C:\Program Files\MATLAB\R2024b\toolbox\nnet\deeptrain\trainnet.m',54,0)">line 54</a>)
The number of datastore outputs (2) must match the number of network inputs plus the number of targets (56).

Error in <a href="matlab:matlab.lang.internal.introspective.errorDocCallback('Bayesian_optimization_downsampled_one_path>trainAndEvaluateAE', 'C:\Users\Maria\Documents\Honours Programme\Networks\GAN\src\training\Bayesian_optimization_downsampled_one_path.m', 290)" style="font-weight:bold">Bayesian_optimization_downsampled_one_path>trainAndEvaluateAE</a> (<a href="matlab: opentoline('C:\Users\Maria\Documents\Honours Programme\Networks\GAN\src\training\Bayesian_optimization_downsampled_one_path.m',290,0)">line 290</a>)
        [net, info] = trainnet(trainData, net, lossFn, options);
                      ^^^^^^^^^^^^^^^^^^^^^^^^^^^^^^^^^^^^^^^^^
Error in <a href="matlab:matlab.lang.internal.introspective.errorDocCallback('Bayesian_optimization_downsampled_one_path>@(params)trainAndEvaluateAE(params,dataCfg)', 'C:\Users\Maria\Documents\Honours Programme\Networks\GAN\src\training\Bayesian_optimization_downsampled_one_path.m', 89)" style="font-weight:bold">Bayesian_optimization_downsampled_one_path>@(params)trainAndEvaluateAE(params,dataCfg)</a> (<a href="matlab: opentoline('C:\Users\Maria\Documents\Honours Programme\Networks\GAN\src\training\Bayesian_optimization_downsampled_one_path.m',89,0)">line 89</a>)
objectiveFcn = @(params) trainAndEvaluateAE(params, dataCfg);
                         ^^^^^^^^^^^^^^^^^^^^^^^^^^^^^^^^^^^
Error in <a href="matlab:matlab.lang.internal.introspective.errorDocCallback('bayesoptim.callObjFcnParallel>callObjNormallyParallel', 'C:\Program Files\MATLAB\R2024b\toolbox\stats\bayesoptim\+bayesoptim\callObjFcnParallel.m', 45)" style="font-weight:bold">bayesoptim.callObjFcnParallel>callObjNormallyParallel</a> (<a href="matlab: opentoline('C:\Program Files\MATLAB\R2024b\toolbox\stats\bayesoptim\+bayesoptim\callObjFcnParallel.m',45,0)">line 45</a>)
            Objective = ObjectiveFcn(conditionalizedX);
                        ^^^^^^^^^^^^^^^^^^^^^^^^^^^^^^
Error in <a href="matlab:matlab.lang.internal.introspective.errorDocCallback('bayesoptim.callObjFcnParallel', 'C:\Program Files\MATLAB\R2024b\toolbox\stats\bayesoptim\+bayesoptim\callObjFcnParallel.m', 26)" style="font-weight:bold">bayesoptim.callObjFcnParallel</a> (<a href="matlab: opentoline('C:\Program Files\MATLAB\R2024b\toolbox\stats\bayesoptim\+bayesoptim\callObjFcnParallel.m',26,0)">line 26</a>)
            = callObjNormallyParallel(ObjectiveFcn, ObjectiveNargout, NumCoupledConstraints, conditionalizedX);
              ^^^^^^^^^^^^^^^^^^^^^^^^^^^^^^^^^^^^^^^^^^^^^^^^^^^^^^^^^^^^^^^^^^^^^^^^^^^^^^^^^^^^^^^^^^^^^^^^

[17:59:18] w01: start objective; params=[{"channels1":6,"channels2":15,"kernel_size1":11,"kernel_size2":14,"kernel_size3":14,"dilation_factor":3,"batch_size":14,"learning_rate":0.00704467054299175}]
[17:59:18] w01: Preparing datastores for training and validation...

[17:59:24] w01: 1 am here before gpu
[17:59:24] w01: 2 am here after gpu
[17:59:40] w01: Training network (Final=0) on gpu for 10 epochs...

[17:59:45] w01: Training failed: The number of datastore outputs (2) must match the number of network inputs plus the number of targets (56).

[17:59:45] w01: Error using <a href="matlab:matlab.lang.internal.introspective.errorDocCallback('trainnet', 'C:\Program Files\MATLAB\R2024b\toolbox\nnet\deeptrain\trainnet.m', 54)" style="font-weight:bold">trainnet</a> (<a href="matlab: opentoline('C:\Program Files\MATLAB\R2024b\toolbox\nnet\deeptrain\trainnet.m',54,0)">line 54</a>)
The number of datastore outputs (2) cf targets (56).

Error in <a href="matlab:matlab.lang.internal.introspective.errorDocCallback('Bayesian_optimization_downsampled_one_path>trainAndEvaluateAE', 'C:\Users\Maria\Documents\Honours Programme\Networks\GAN\src\training\Bayesian_optimization_downsampled_one_path.m', 290)" style="font-weight:bold">Bayesian_optimization_downsampled_one_path>trainAndEvaluateAE</a> (<a href="matlab: opentoline('C:\Users\Maria\Documents\Honours Programme\Networks\GAN\src\training\Bayesian_optimization_downsampled_one_path.m',290,0)">line 290</a>)
        [net, info] = trainnet(trainData, net, lossFn, options);
                      ^^^^^^^^^^^^^^^^^^^^^^^^^^^^^^^^^^^^^^^^^
Error in <a href="matlab:matlab.lang.internal.introspective.errorDocCallback('Bayesian_optimization_downsampled_one_path>@(params)trainAndEvaluateAE(params,dataCfg)', 'C:\Users\Maria\Documents\Honours Programme\Networks\GAN\src\training\Bayesian_optimization_downsampled_one_path.m', 89)" style="font-weight:bold">Bayesian_optimization_downsampled_one_path>@(params)trainAndEvaluateAE(params,dataCfg)</a> (<a href="matlab: opentoline('C:\Users\Maria\Documents\Honours Programme\Networks\GAN\src\training\Bayesian_optimization_downsampled_one_path.m',89,0)">line 89</a>)
objectiveFcn = @(params) trainAndEvaluateAE(params, dataCfg);
                         ^^^^^^^^^^^^^^^^^^^^^^^^^^^^^^^^^^^
Error in <a href="matlab:matlab.lang.internal.introspective.errorDocCallback('bayesoptim.callObjFcnParallel>callObjNormallyParallel', 'C:\Program Files\MATLAB\R2024b\toolbox\stats\bayesoptim\+bayesoptim\callObjFcnParallel.m', 45)" style="font-weight:bold">bayesoptim.callObjFcnParallel>callObjNormallyParallel</a> (<a href="matlab: opentoline('C:\Program Files\MATLAB\R2024b\toolbox\stats\bayesoptim\+bayesoptim\callObjFcnParallel.m',45,0)">line 45</a>)
            Objective = ObjectiveFcn(conditionalizedX);
                        ^^^^^^^^^^^^^^^^^^^^^^^^^^^^^^
Error in <a href="matlab:matlab.lang.internal.introspective.errorDocCallback('bayesoptim.callObjFcnParallel', 'C:\Program Files\MATLAB\R2024b\toolbox\stats\bayesoptim\+bayesoptim\callObjFcnParallel.m', 12)" style="font-weight:bold">bayesoptim.callObjFcnParallel</a> (<a href="matlab: opentoline('C:\Program Files\MATLAB\R2024b\toolbox\stats\bayesoptim\+bayesoptim\callObjFcnParallel.m',12,0)">line 12</a>)
        = callObjNormallyParallel(ObjectiveFcn, ObjectiveNargout, NumCoupledConstraints, conditionalizedX);
          ^^^^^^^^^^^^^^^^^^^^^^^^^^^^^^^^^^^^^^^^^^^^^^^^^^^^^^^^^^^^^^^^^^^^^^^^^^^^^^^^^^^^^^^^^^^^^^^^

[17:59:47] w01: start objective; params=[{"channels1":10,"channels2":16,"kernel_size1":15,"kernel_size2":11,"kernel_size3":15,"dilation_factor":8,"batch_size":16,"learning_rate":0.00025501262932026397}]
[17:59:47] w01: Preparing datastores for training and validation...

[18:03:43] w01: start objective; params=[{"channels1":8,"channels2":25,"kernel_size1":13,"kernel_size2":13,"kernel_size3":10,"dilation_factor":6,"batch_size":16,"learning_rate":0.0008569216488353552}]
[18:03:43] w01: Preparing datastores for training and validation...

[18:03:50] w01: 1 am here before gpu
[18:03:50] w01: 2 am here after gpu
[18:04:10] w01: Training network (Final=0) on gpu for 10 epochs...

[18:04:15] w01: Training failed: The number of datastore outputs (2) must match the number of network inputs plus the number of targets (56).

[18:04:15] w01: Error using <a href="matlab:matlab.lang.internal.introspective.errorDocCallback('trainnet', 'C:\Program Files\MATLAB\R2024b\toolbox\nnet\deeptrain\trainnet.m', 54)" style="font-weight:bold">trainnet</a> (<a href="matlab: opentoline('C:\Program Files\MATLAB\R2024b\toolbox\nnet\deeptrain\trainnet.m',54,0)">line 54</a>)
The number of datastore outputs (2) must match the number of network inputs plus the number of targets (56).

Error in <a href="matlab:matlab.lang.internal.introspective.errorDocCallback('Bayesian_optimization_downsampled_one_path>trainAndEvaluateAE', 'C:\Users\Maria\Documents\Honours Programme\Networks\GAN\src\training\Bayesian_optimization_downsampled_one_path.m', 291)" style="font-weight:bold">Bayesian_optimization_downsampled_one_path>trainAndEvaluateAE</a> (<a href="matlab: opentoline('C:\Users\Maria\Documents\Honours Programme\Networks\GAN\src\training\Bayesian_optimization_downsampled_one_path.m',291,0)">line 291</a>)
        [net, info] = trainnet(trainData, net, lossFn, options);
                      ^^^^^^^^^^^^^^^^^^^^^^^^^^^^^^^^^^^^^^^^^
Error in <a href="matlab:matlab.lang.internal.introspective.errorDocCallback('Bayesian_optimization_downsampled_one_path>@(params)trainAndEvaluateAE(params,dataCfg)', 'C:\Users\Maria\Documents\Honours Programme\Networks\GAN\src\training\Bayesian_optimization_downsampled_one_path.m', 90)" style="font-weight:bold">Bayesian_optimization_downsampled_one_path>@(params)trainAndEvaluateAE(params,dataCfg)</a> (<a href="matlab: opentoline('C:\Users\Maria\Documents\Honours Programme\Networks\GAN\src\training\Bayesian_optimization_downsampled_one_path.m',90,0)">line 90</a>)
objectiveFcn = @(params) trainAndEvaluateAE(params, dataCfg);
                         ^^^^^^^^^^^^^^^^^^^^^^^^^^^^^^^^^^^
Error in <a href="matlab:matlab.lang.internal.introspective.errorDocCallback('bayesoptim.callObjFcnParallel>callObjNormallyParallel', 'C:\Program Files\MATLAB\R2024b\toolbox\stats\bayesoptim\+bayesoptim\callObjFcnParallel.m', 45)" style="font-weight:bold">bayesoptim.callObjFcnParallel>callObjNormallyParallel</a> (<a href="matlab: opentoline('C:\Program Files\MATLAB\R2024b\toolbox\stats\bayesoptim\+bayesoptim\callObjFcnParallel.m',45,0)">line 45</a>)
            Objective = ObjectiveFcn(conditionalizedX);
                        ^^^^^^^^^^^^^^^^^^^^^^^^^^^^^^
Error in <a href="matlab:matlab.lang.internal.introspective.errorDocCallback('bayesoptim.callObjFcnParallel', 'C:\Program Files\MATLAB\R2024b\toolbox\stats\bayesoptim\+bayesoptim\callObjFcnParallel.m', 26)" style="font-weight:bold">bayesoptim.callObjFcnParallel</a> (<a href="matlab: opentoline('C:\Program Files\MATLAB\R2024b\toolbox\stats\bayesoptim\+bayesoptim\callObjFcnParallel.m',26,0)">line 26</a>)
            = callObjNormallyParallel(ObjectiveFcn, ObjectiveNargout, NumCoupledConstraints, conditionalizedX);
              ^^^^^^^^^^^^^^^^^^^^^^^^^^^^^^^^^^^^^^^^^^^^^^^^^^^^^^^^^^^^^^^^^^^^^^^^^^^^^^^^^^^^^^^^^^^^^^^^

[18:04:17] w01: start objective; params=[{"channels1":7,"channels2":19,"kernel_size1":10,"kernel_size2":13,"kernel_size3":12,"dilation_factor":4,"batch_size":8,"learning_rate":0.0062196529135743672}]
[18:04:17] w01: Preparing datastores for training and validation...

[18:04:23] w01: 1 am here before gpu
[18:04:23] w01: 2 am here after gpu
[18:04:41] w01: Training network (Final=0) on gpu for 10 epochs...

[18:04:46] w01: Training failed: The number of datastore outputs (2) must match the number of network inputs plus the number of targets (56).

[18:04:46] w01: Error using <a href="matlab:matlab.lang.internal.introspective.errorDocCallback('trainnet', 'C:\Program Files\MATLAB\R2024b\toolbox\nnet\deeptrain\trainnet.m', 54)" style="font-weight:bold">trainnet</a> (<a href="matlab: opentoline('C:\Program Files\MATLAB\R2024b\toolbox\nnet\deeptrain\trainnet.m',54,0)">line 54</a>)
The number of datastore outputs (2) must match the number of network inputs plus the number of targets (56).

Error in <a href="matlab:matlab.lang.internal.introspective.errorDocCallback('Bayesian_optimization_downsampled_one_path>trainAndEvaluateAE', 'C:\Users\Maria\Documents\Honours Programme\Networks\GAN\src\training\Bayesian_optimization_downsampled_one_path.m', 291)" style="font-weight:bold">Bayesian_optimization_downsampled_one_path>trainAndEvaluateAE</a> (<a href="matlab: opentoline('C:\Users\Maria\Documents\Honours Programme\Networks\GAN\src\training\Bayesian_optimization_downsampled_one_path.m',291,0)">line 291</a>)
        [net, info] = trainnet(trainData, net, lossFn, options);
                      ^^^^^^^^^^^^^^^^^^^^^^^^^^^^^^^^^^^^^^^^^
Error in <a href="matlab:matlab.lang.internal.introspective.errorDocCallback('Bayesian_optimization_downsampled_one_path>@(params)trainAndEvaluateAE(params,dataCfg)', 'C:\Users\Maria\Documents\Honours Programme\Networks\GAN\src\training\Bayesian_optimization_downsampled_one_path.m', 90)" style="font-weight:bold">Bayesian_optimization_downsampled_one_path>@(params)trainAndEvaluateAE(params,dataCfg)</a> (<a href="matlab: opentoline('C:\Users\Maria\Documents\Honours Programme\Networks\GAN\src\training\Bayesian_optimization_downsampled_one_path.m',90,0)">line 90</a>)
objectiveFcn = @(params) trainAndEvaluateAE(params, dataCfg);
                         ^^^^^^^^^^^^^^^^^^^^^^^^^^^^^^^^^^^
Error in <a href="matlab:matlab.lang.internal.introspective.errorDocCallback('bayesoptim.callObjFcnParallel>callObjNormallyParallel', 'C:\Program Files\MATLAB\R2024b\toolbox\stats\bayesoptim\+bayesoptim\callObjFcnParallel.m', 45)" style="font-weight:bold">bayesoptim.callObjFcnParallel>callObjNormallyParallel</a> (<a href="matlab: opentoline('C:\Program Files\MATLAB\R2024b\toolbox\stats\bayesoptim\+bayesoptim\callObjFcnParallel.m',45,0)">line 45</a>)
            Objective = ObjectiveFcn(conditionalizedX);
                        ^^^^^^^^^^^^^^^^^^^^^^^^^^^^^^
Error in <a href="matlab:matlab.lang.internal.introspective.errorDocCallback('bayesoptim.callObjFcnParallel', 'C:\Program Files\MATLAB\R2024b\toolbox\stats\bayesoptim\+bayesoptim\callObjFcnParallel.m', 12)" style="font-weight:bold">bayesoptim.callObjFcnParallel</a> (<a href="matlab: opentoline('C:\Program Files\MATLAB\R2024b\toolbox\stats\bayesoptim\+bayesoptim\callObjFcnParallel.m',12,0)">line 12</a>)
        = callObjNormallyParallel(ObjectiveFcn, ObjectiveNargout, NumCoupledConstraints, conditionalizedX);
          ^^^^^^^^^^^^^^^^^^^^^^^^^^^^^^^^^^^^^^^^^^^^^^^^^^^^^^^^^^^^^^^^^^^^^^^^^^^^^^^^^^^^^^^^^^^^^^^^

[18:07:18] w01: start objective; params=[{"channels1":8,"channels2":25,"kernel_size1":13,"kernel_size2":13,"kernel_size3":10,"dilation_factor":6,"batch_size":16,"learning_rate":0.0008569216488353552}]
[18:07:18] w01: Preparing datastores for training and validation...

[18:07:18] w01: Using single frequency datastore for frequency index 4

[18:07:24] w01: 1 am here before gpu
[18:07:24] w01: 2 am here after gpu
[18:07:43] w01: Training network (Final=0) on gpu for 10 epochs...

[18:07:48] w01: Training failed: The number of datastore outputs (2) must match the number of network inputs plus the number of targets (56).

[18:07:48] w01: Error using <a href="matlab:matlab.lang.internal.introspective.errorDocCallback('trainnet', 'C:\Program Files\MATLAB\R2024b\toolbox\nnet\deeptrain\trainnet.m', 54)" style="font-weight:bold">trainnet</a> (<a href="matlab: opentoline('C:\Program Files\MATLAB\R2024b\toolbox\nnet\deeptrain\trainnet.m',54,0)">line 54</a>)
The number of datastore outputs (2) must match the number of network inputs plus the number of targets (56).

Error in <a href="matlab:matlab.lang.internal.introspective.errorDocCallback('Bayesian_optimization_downsampled_one_path>trainAndEvaluateAE', 'C:\Users\Maria\Documents\Honours Programme\Networks\GAN\src\training\Bayesian_optimization_downsampled_one_path.m', 292)" style="font-weight:bold">Bayesian_optimization_downsampled_one_path>trainAndEvaluateAE</a> (<a href="matlab: opentoline('C:\Users\Maria\Documents\Honours Programme\Networks\GAN\src\training\Bayesian_optimization_downsampled_one_path.m',292,0)">line 292</a>)
        [net, info] = trainnet(trainData, net, lossFn, options);
                      ^^^^^^^^^^^^^^^^^^^^^^^^^^^^^^^^^^^^^^^^^
Error in <a href="matlab:matlab.lang.internal.introspective.errorDocCallback('Bayesian_optimization_downsampled_one_path>@(params)trainAndEvaluateAE(params,dataCfg)', 'C:\Users\Maria\Documents\Honours Programme\Networks\GAN\src\training\Bayesian_optimization_downsampled_one_path.m', 90)" style="font-weight:bold">Bayesian_optimization_downsampled_one_path>@(params)trainAndEvaluateAE(params,dataCfg)</a> (<a href="matlab: opentoline('C:\Users\Maria\Documents\Honours Programme\Networks\GAN\src\training\Bayesian_optimization_downsampled_one_path.m',90,0)">line 90</a>)
objectiveFcn = @(params) trainAndEvaluateAE(params, dataCfg);
                         ^^^^^^^^^^^^^^^^^^^^^^^^^^^^^^^^^^^
Error in <a href="matlab:matlab.lang.internal.introspective.errorDocCallback('bayesoptim.callObjFcnParallel>callObjNormallyParallel', 'C:\Program Files\MATLAB\R2024b\toolbox\stats\bayesoptim\+bayesoptim\callObjFcnParallel.m', 45)" style="font-weight:bold">bayesoptim.callObjFcnParallel>callObjNormallyParallel</a> (<a href="matlab: opentoline('C:\Program Files\MATLAB\R2024b\toolbox\stats\bayesoptim\+bayesoptim\callObjFcnParallel.m',45,0)">line 45</a>)
            Objective = ObjectiveFcn(conditionalizedX);
                        ^^^^^^^^^^^^^^^^^^^^^^^^^^^^^^
Error in <a href="matlab:matlab.lang.internal.introspective.errorDocCallback('bayesoptim.callObjFcnParallel', 'C:\Program Files\MATLAB\R2024b\toolbox\stats\bayesoptim\+bayesoptim\callObjFcnParallel.m', 26)" style="font-weight:bold">bayesoptim.callObjFcnParallel</a> (<a href="matlab: opentoline('C:\Program Files\MATLAB\R2024b\toolbox\stats\bayesoptim\+bayesoptim\callObjFcnParallel.m',26,0)">line 26</a>)
            = callObjNormallyParallel(ObjectiveFcn, ObjectiveNargout, NumCoupledConstraints, conditionalizedX);
              ^^^^^^^^^^^^^^^^^^^^^^^^^^^^^^^^^^^^^^^^^^^^^^^^^^^^^^^^^^^^^^^^^^^^^^^^^^^^^^^^^^^^^^^^^^^^^^^^

[18:07:50] w01: start objective; params=[{"channels1":7,"channels2":19,"kernel_size1":10,"kernel_size2":13,"kernel_size3":12,"dilation_factor":4,"batch_size":8,"learning_rate":0.0062196529135743672}]
[18:07:50] w01: Preparing datastores for training and validation...

[18:07:50] w01: Using single frequency datastore for frequency index 4

[18:07:57] w01: 1 am here before gpu
[18:07:57] w01: 2 am here after gpu
[18:08:15] w01: Training network (Final=0) on gpu for 10 epochs...

[18:08:20] w01: Training failed: The number of datastore outputs (2) must match the number of network inputs plus the number of targets (56).

[18:08:20] w01: Error using <a href="matlab:matlab.lang.internal.introspective.errorDocCallback('trainnet', 'C:\Program Files\MATLAB\R2024b\toolbox\nnet\deeptrain\trainnet.m', 54)" style="font-weight:bold">trainnet</a> (<a href="matlab: opentoline('C:\Program Files\MATLAB\R2024b\toolbox\nnet\deeptrain\trainnet.m',54,0)">line 54</a>)
The number of datastore outputs (2) must match the number of network inputs plus the number of targets (56).

Error in <a href="matlab:matlab.lang.internal.introspective.errorDocCallback('Bayesian_optimization_downsampled_one_path>trainAndEvaluateAE', 'C:\Users\Maria\Documents\Honours Programme\Networks\GAN\src\training\Bayesian_optimization_downsampled_one_path.m', 292)" style="font-weight:bold">Bayesian_optimization_downsampled_one_path>trainAndEvaluateAE</a> (<a href="matlab: opentoline('C:\Users\Maria\Documents\Honours Programme\Networks\GAN\src\training\Bayesian_optimization_downsampled_one_path.m',292,0)">line 292</a>)
        [net, info] = trainnet(trainData, net, lossFn, options);
                      ^^^^^^^^^^^^^^^^^^^^^^^^^^^^^^^^^^^^^^^^^
Error in <a href="matlab:matlab.lang.internal.introspective.errorDocCallback('Bayesian_optimization_downsampled_one_path>@(params)trainAndEvaluateAE(params,dataCfg)', 'C:\Users\Maria\Documents\Honours Programme\Networks\GAN\src\training\Bayesian_optimization_downsampled_one_path.m', 90)" style="font-weight:bold">Bayesian_optimization_downsampled_one_path>@(params)trainAndEvaluateAE(params,dataCfg)</a> (<a href="matlab: opentoline('C:\Users\Maria\Documents\Honours Programme\Networks\GAN\src\training\Bayesian_optimization_downsampled_one_path.m',90,0)">line 90</a>)
objectiveFcn = @(params) trainAndEvaluateAE(params, dataCfg);
                         ^^^^^^^^^^^^^^^^^^^^^^^^^^^^^^^^^^^
Error in <a href="matlab:matlab.lang.internal.introspective.errorDocCallback('bayesoptim.callObjFcnParallel>callObjNormallyParallel', 'C:\Program Files\MATLAB\R2024b\toolbox\stats\bayesoptim\+bayesoptim\callObjFcnParallel.m', 45)" style="font-weight:bold">bayesoptim.callObjFcnParallel>callObjNormallyParallel</a> (<a href="matlab: opentoline('C:\Program Files\MATLAB\R2024b\toolbox\stats\bayesoptim\+bayesoptim\callObjFcnParallel.m',45,0)">line 45</a>)
            Objective = ObjectiveFcn(conditionalizedX);
                        ^^^^^^^^^^^^^^^^^^^^^^^^^^^^^^
Error in <a href="matlab:matlab.lang.internal.introspective.errorDocCallback('bayesoptim.callObjFcnParallel', 'C:\Program Files\MATLAB\R2024b\toolbox\stats\bayesoptim\+bayesoptim\callObjFcnParallel.m', 12)" style="font-weight:bold">bayesoptim.callObjFcnParallel</a> (<a href="matlab: opentoline('C:\Program Files\MATLAB\R2024b\toolbox\stats\bayesoptim\+bayesoptim\callObjFcnParallel.m',12,0)">line 12</a>)
        = callObjNormallyParallel(ObjectiveFcn, ObjectiveNargout, NumCoupledConstraints, conditionalizedX);
          ^^^^^^^^^^^^^^^^^^^^^^^^^^^^^^^^^^^^^^^^^^^^^^^^^^^^^^^^^^^^^^^^^^^^^^^^^^^^^^^^^^^^^^^^^^^^^^^^

[18:08:21] w01: start objective; params=[{"channels1":10,"channels2":20,"kernel_size1":11,"kernel_size2":13,"kernel_size3":12,"dilation_factor":7,"batch_size":8,"learning_rate":0.00013989405268528379}]
[18:08:21] w01: Preparing datastores for training and validation...

[18:08:21] w01: Using single frequency datastore for frequency index 4

[18:08:28] w01: 1 am here before gpu
[18:08:28] w01: 2 am here after gpu
[18:11:22] w01: start objective; params=[{"channels1":8,"channels2":25,"kernel_size1":13,"kernel_size2":13,"kernel_size3":10,"dilation_factor":6,"batch_size":16,"learning_rate":0.0008569216488353552}]
[18:11:22] w01: Preparing datastores for training and validation...

[18:11:22] w01: Using single frequency datastore for frequency index 4

[18:11:27] w01: 1 am here before gpu
[18:11:27] w01: 2 am here after gpu
[18:11:28] w01: Training network (Final=0) on gpu for 10 epochs...

[18:12:21] w01: Training failed: Unrecognized table variable name 'l2_regularization'.

[18:12:22] w01: Error using <a href="matlab:matlab.lang.internal.introspective.errorDocCallback('tabular/dotReference', 'C:\Program Files\MATLAB\R2024b\toolbox\matlab\datatypes\tabular\@tabular\dotReference.m', 229)" style="font-weight:bold"> . </a> (<a href="matlab: opentoline('C:\Program Files\MATLAB\R2024b\toolbox\matlab\datatypes\tabular\@tabular\dotReference.m',229,0)">line 229</a>)
Unrecognized table variable name 'l2_regularization'.

Error in <a href="matlab:matlab.lang.internal.introspective.errorDocCallback('Bayesian_optimization_downsampled_one_path>trainAndEvaluateAE', 'C:\Users\Maria\Documents\Honours Programme\Networks\GAN\src\training\Bayesian_optimization_downsampled_one_path.m', 296)" style="font-weight:bold">Bayesian_optimization_downsampled_one_path>trainAndEvaluateAE</a> (<a href="matlab: opentoline('C:\Users\Maria\Documents\Honours Programme\Networks\GAN\src\training\Bayesian_optimization_downsampled_one_path.m',296,0)">line 296</a>)
            params.kernel_size1, params.kernel_size2, params.kernel_size3, params.dilation_factor, params.l2_regularization, params.learning_rate, params.batch_size, dataCfg.frequency);            
                                                                                                   ^^^^^^^^^^^^^^^^^^^^^^^^
Error in <a href="matlab:matlab.lang.internal.introspective.errorDocCallback('Bayesian_optimization_downsampled_one_path>@(params)trainAndEvaluateAE(params,dataCfg)', 'C:\Users\Maria\Documents\Honours Programme\Networks\GAN\src\training\Bayesian_optimization_downsampled_one_path.m', 90)" style="font-weight:bold">Bayesian_optimization_downsampled_one_path>@(params)trainAndEvaluateAE(params,dataCfg)</a> (<a href="matlab: opentoline('C:\Users\Maria\Documents\Honours Programme\Networks\GAN\src\training\Bayesian_optimization_downsampled_one_path.m',90,0)">line 90</a>)
objectiveFcn = @(params) trainAndEvaluateAE(params, dataCfg);
                         ^^^^^^^^^^^^^^^^^^^^^^^^^^^^^^^^^^^
Error in <a href="matlab:matlab.lang.internal.introspective.errorDocCallback('bayesoptim.callObjFcnParallel>callObjNormallyParallel', 'C:\Program Files\MATLAB\R2024b\toolbox\stats\bayesoptim\+bayesoptim\callObjFcnParallel.m', 45)" style="font-weight:bold">bayesoptim.callObjFcnParallel>callObjNormallyParallel</a> (<a href="matlab: opentoline('C:\Program Files\MATLAB\R2024b\toolbox\stats\bayesoptim\+bayesoptim\callObjFcnParallel.m',45,0)">line 45</a>)
            Objective = ObjectiveFcn(conditionalizedX);
                        ^^^^^^^^^^^^^^^^^^^^^^^^^^^^^^
Error in <a href="matlab:matlab.lang.internal.introspective.errorDocCallback('bayesoptim.callObjFcnParallel', 'C:\Program Files\MATLAB\R2024b\toolbox\stats\bayesoptim\+bayesoptim\callObjFcnParallel.m', 26)" style="font-weight:bold">bayesoptim.callObjFcnParallel</a> (<a href="matlab: opentoline('C:\Program Files\MATLAB\R2024b\toolbox\stats\bayesoptim\+bayesoptim\callObjFcnParallel.m',26,0)">line 26</a>)
            = callObjNormallyParallel(ObjectiveFcn, ObjectiveNargout, NumCoupledConstraints, conditionalizedX);
              ^^^^^^^^^^^^^^^^^^^^^^^^^^^^^^^^^^^^^^^^^^^^^^^^^^^^^^^^^^^^^^^^^^^^^^^^^^^^^^^^^^^^^^^^^^^^^^^^

[18:12:23] w01: start objective; params=[{"channels1":7,"channels2":16,"kernel_size1":12,"kernel_size2":12,"kernel_size3":11,"dilation_factor":7,"batch_size":8,"learning_rate":0.0074469106959402422}]
[18:12:23] w01: Preparing datastores for training and validation...

[18:12:23] w01: Using single frequency datastore for frequency index 4

[18:12:29] w01: 1 am here before gpu
[18:12:29] w01: 2 am here after gpu
[18:12:31] w01: Training network (Final=0) on gpu for 10 epochs...

[18:14:02] w01: start objective; params=[{"channels1":8,"channels2":25,"kernel_size1":13,"kernel_size2":13,"kernel_size3":10,"dilation_factor":6,"batch_size":16,"learning_rate":0.0008569216488353552}]
[18:14:02] w01: Preparing datastores for training and validation...

[18:14:02] w01: Using single frequency datastore for frequency index 4

[18:14:08] w01: 1 am here before gpu
[18:14:08] w01: 2 am here after gpu
[18:14:09] w01: Training network (Final=0) on gpu for 10 epochs...

[18:14:32] w01: Training failed: Cannot create 'net_best_8_25_13_13_10_6_8.569216e-04_16_freq4.mat' because 'results\One_path_downsampled_states_optim' does not exist.

[18:14:32] w01: Error using <a href="matlab:matlab.lang.internal.introspective.errorDocCallback('save')" style="font-weight:bold">save</a>
Cannot create 'net_best_8_25_13_13_10_6_8.569216e-04_16_freq4.mat' because 'results\One_path_downsampled_states_optim' does not exist.

Error in <a href="matlab:matlab.lang.internal.introspective.errorDocCallback('Bayesian_optimization_downsampled_one_path>trainAndEvaluateAE', 'C:\Users\Maria\Documents\Honours Programme\Networks\GAN\src\training\Bayesian_optimization_downsampled_one_path.m', 302)" style="font-weight:bold">Bayesian_optimization_downsampled_one_path>trainAndEvaluateAE</a> (<a href="matlab: opentoline('C:\Users\Maria\Documents\Honours Programme\Networks\GAN\src\training\Bayesian_optimization_downsampled_one_path.m',302,0)">line 302</a>)
        save(fullfile('results\One_path_downsampled_states_optim\',model_name), 'net','-v7.3');
        ^^^^^^^^^^^^^^^^^^^^^^^^^^^^^^^^^^^^^^^^^^^^^^^^^^^^^^^^^^^^^^^^^^^^^^^^^^^^^^^^^^^^^^
Error in <a href="matlab:matlab.lang.internal.introspective.errorDocCallback('Bayesian_optimization_downsampled_one_path>@(params)trainAndEvaluateAE(params,dataCfg)', 'C:\Users\Maria\Documents\Honours Programme\Networks\GAN\src\training\Bayesian_optimization_downsampled_one_path.m', 90)" style="font-weight:bold">Bayesian_optimization_downsampled_one_path>@(params)trainAndEvaluateAE(params,dataCfg)</a> (<a href="matlab: opentoline('C:\Users\Maria\Documents\Honours Programme\Networks\GAN\src\training\Bayesian_optimization_downsampled_one_path.m',90,0)">line 90</a>)
objectiveFcn = @(params) trainAndEvaluateAE(params, dataCfg);
                         ^^^^^^^^^^^^^^^^^^^^^^^^^^^^^^^^^^^
Error in <a href="matlab:matlab.lang.internal.introspective.errorDocCallback('bayesoptim.callObjFcnParallel>callObjNormallyParallel', 'C:\Program Files\MATLAB\R2024b\toolbox\stats\bayesoptim\+bayesoptim\callObjFcnParallel.m', 45)" style="font-weight:bold">bayesoptim.callObjFcnParallel>callObjNormallyParallel</a> (<a href="matlab: opentoline('C:\Program Files\MATLAB\R2024b\toolbox\stats\bayesoptim\+bayesoptim\callObjFcnParallel.m',45,0)">line 45</a>)
            Objective = ObjectiveFcn(conditionalizedX);
                        ^^^^^^^^^^^^^^^^^^^^^^^^^^^^^^
Error in <a href="matlab:matlab.lang.internal.introspective.errorDocCallback('bayesoptim.callObjFcnParallel', 'C:\Program Files\MATLAB\R2024b\toolbox\stats\bayesoptim\+bayesoptim\callObjFcnParallel.m', 26)" style="font-weight:bold">bayesoptim.callObjFcnParallel</a> (<a href="matlab: opentoline('C:\Program Files\MATLAB\R2024b\toolbox\stats\bayesoptim\+bayesoptim\callObjFcnParallel.m',26,0)">line 26</a>)
            = callObjNormallyParallel(ObjectiveFcn, ObjectiveNargout, NumCoupledConstraints, conditionalizedX);
              ^^^^^^^^^^^^^^^^^^^^^^^^^^^^^^^^^^^^^^^^^^^^^^^^^^^^^^^^^^^^^^^^^^^^^^^^^^^^^^^^^^^^^^^^^^^^^^^^

[18:14:33] w01: start objective; params=[{"channels1":7,"channels2":16,"kernel_size1":12,"kernel_size2":12,"kernel_size3":11,"dilation_factor":7,"batch_size":8,"learning_rate":0.0074469106959402422}]
[18:14:33] w01: Preparing datastores for training and validation...

[18:14:33] w01: Using single frequency datastore for frequency index 4

[18:14:39] w01: 1 am here before gpu
[18:14:39] w01: 2 am here after gpu
[18:14:39] w01: Training network (Final=0) on gpu for 10 epochs...

[18:16:23] w01: start objective; params=[{"channels1":8,"channels2":25,"kernel_size1":13,"kernel_size2":13,"kernel_size3":10,"dilation_factor":6,"batch_size":16,"learning_rate":0.0008569216488353552}]
[18:16:23] w01: Preparing datastores for training and validation...

[18:16:23] w01: Using single frequency datastore for frequency index 4

[18:16:28] w01: 1 am here before gpu
[18:16:28] w01: 2 am here after gpu
[18:16:29] w01: Training network (Final=0) on gpu for 10 epochs...

[18:16:55] w01: start objective; params=[{"channels1":7,"channels2":16,"kernel_size1":12,"kernel_size2":12,"kernel_size3":11,"dilation_factor":7,"batch_size":8,"learning_rate":0.0074469106959402422}]
[18:16:55] w01: Preparing datastores for training and validation...

[18:16:55] w01: Using single frequency datastore for frequency index 4

[18:17:01] w01: 1 am here before gpu
[18:17:01] w01: 2 am here after gpu
[18:17:02] w01: Training network (Final=0) on gpu for 10 epochs...

[18:18:05] w01: start objective; params=[{"channels1":5,"channels2":24,"kernel_size1":11,"kernel_size2":12,"kernel_size3":12,"dilation_factor":6,"batch_size":6,"learning_rate":0.00018146399314446175}]
[18:18:05] w01: Preparing datastores for training and validation...

[18:18:05] w01: Using single frequency datastore for frequency index 4

[18:18:10] w01: 1 am here before gpu
[18:18:10] w01: 2 am here after gpu
[18:18:11] w01: Training network (Final=0) on gpu for 10 epochs...

[18:18:55] w01: start objective; params=[{"channels1":6,"channels2":15,"kernel_size1":15,"kernel_size2":12,"kernel_size3":10,"dilation_factor":8,"batch_size":13,"learning_rate":0.00817900503358536}]
[18:18:55] w01: Preparing datastores for training and validation...

[18:18:55] w01: Using single frequency datastore for frequency index 4

[18:18:58] w01: 1 am here before gpu
[18:18:58] w01: 2 am here after gpu
[18:18:58] w01: Training network (Final=0) on gpu for 10 epochs...

[18:19:13] w01: start objective; params=[{"channels1":8,"channels2":20,"kernel_size1":15,"kernel_size2":13,"kernel_size3":11,"dilation_factor":6,"batch_size":9,"learning_rate":0.0090336278766544875}]
[18:19:13] w01: Preparing datastores for training and validation...

[18:19:13] w01: Using single frequency datastore for frequency index 4

[18:19:16] w01: 1 am here before gpu
[18:19:16] w01: 2 am here after gpu
[18:19:17] w01: Training network (Final=0) on gpu for 10 epochs...

[18:19:35] w01: start objective; params=[{"channels1":10,"channels2":16,"kernel_size1":15,"kernel_size2":15,"kernel_size3":13,"dilation_factor":3,"batch_size":12,"learning_rate":0.00614628844675173}]
[18:19:35] w01: Preparing datastores for training and validation...

[18:19:35] w01: Using single frequency datastore for frequency index 4

[18:19:39] w01: 1 am here before gpu
[18:19:39] w01: 2 am here after gpu
[18:19:39] w01: Training network (Final=0) on gpu for 10 epochs...

[18:19:55] w01: start objective; params=[{"channels1":10,"channels2":16,"kernel_size1":15,"kernel_size2":14,"kernel_size3":15,"dilation_factor":4,"batch_size":7,"learning_rate":0.0087376742792321851}]
[18:19:55] w01: Preparing datastores for training and validation...

[18:19:55] w01: Using single frequency datastore for frequency index 4

[18:19:58] w01: 1 am here before gpu
[18:19:58] w01: 2 am here after gpu
[18:19:58] w01: Training network (Final=0) on gpu for 10 epochs...

[18:20:32] w01: start objective; params=[{"channels1":10,"channels2":19,"kernel_size1":15,"kernel_size2":14,"kernel_size3":15,"dilation_factor":6,"batch_size":4,"learning_rate":0.0097829868942594864}]
[18:20:32] w01: Preparing datastores for training and validation...

[18:20:32] w01: Using single frequency datastore for frequency index 4

[18:20:36] w01: 1 am here before gpu
[18:20:36] w01: 2 am here after gpu
[18:20:36] w01: Training network (Final=0) on gpu for 10 epochs...

[18:21:50] w01: start objective; params=[{"channels1":6,"channels2":17,"kernel_size1":15,"kernel_size2":13,"kernel_size3":15,"dilation_factor":7,"batch_size":4,"learning_rate":0.0081433578159786774}]
[18:21:50] w01: Preparing datastores for training and validation...

[18:21:50] w01: Using single frequency datastore for frequency index 4

[18:21:54] w01: 1 am here before gpu
[18:21:54] w01: 2 am here after gpu
[18:21:54] w01: Training network (Final=0) on gpu for 10 epochs...

[18:22:58] w01: start objective; params=[{"channels1":10,"channels2":24,"kernel_size1":15,"kernel_size2":12,"kernel_size3":14,"dilation_factor":3,"batch_size":4,"learning_rate":0.0085594166490000449}]
[18:22:58] w01: Preparing datastores for training and validation...

[18:22:58] w01: Using single frequency datastore for frequency index 4

[18:23:01] w01: 1 am here before gpu
[18:23:01] w01: 2 am here after gpu
[18:23:02] w01: Training network (Final=0) on gpu for 10 epochs...

[18:24:08] w01: start objective; params=[{"channels1":10,"channels2":19,"kernel_size1":15,"kernel_size2":15,"kernel_size3":14,"dilation_factor":6,"batch_size":4,"learning_rate":0.0082379917918380084}]
[18:24:08] w01: Preparing datastores for training and validation...

[18:24:08] w01: Using single frequency datastore for frequency index 4

[18:24:11] w01: 1 am here before gpu
[18:24:11] w01: 2 am here after gpu
[18:24:11] w01: Training network (Final=0) on gpu for 10 epochs...

[18:25:17] w01: start objective; params=[{"channels1":10,"channels2":17,"kernel_size1":15,"kernel_size2":13,"kernel_size3":14,"dilation_factor":7,"batch_size":4,"learning_rate":0.00705014389484203}]
[18:25:17] w01: Preparing datastores for training and validation...

[18:25:17] w01: Using single frequency datastore for frequency index 4

[18:25:20] w01: 1 am here before gpu
[18:25:20] w01: 2 am here after gpu
[18:25:20] w01: Training network (Final=0) on gpu for 10 epochs...

[18:26:24] w01: start objective; params=[{"channels1":5,"channels2":20,"kernel_size1":10,"kernel_size2":12,"kernel_size3":14,"dilation_factor":5,"batch_size":4,"learning_rate":0.000558480168885453}]
[18:26:24] w01: Preparing datastores for training and validation...

[18:26:24] w01: Using single frequency datastore for frequency index 4

[18:26:27] w01: 1 am here before gpu
[18:26:27] w01: 2 am here after gpu
[18:26:28] w01: Training network (Final=0) on gpu for 10 epochs...

[18:27:32] w01: start objective; params=[{"channels1":5,"channels2":16,"kernel_size1":10,"kernel_size2":14,"kernel_size3":11,"dilation_factor":7,"batch_size":4,"learning_rate":0.002460178153429163}]
[18:27:32] w01: Preparing datastores for training and validation...

[18:27:32] w01: Using single frequency datastore for frequency index 4

[18:27:35] w01: 1 am here before gpu
[18:27:35] w01: 2 am here after gpu
[18:27:35] w01: Training network (Final=0) on gpu for 10 epochs...

[18:30:35] w01: start objective; params=[{"channels1":6,"channels2":23,"kernel_size1":10,"kernel_size2":11,"kernel_size3":15,"dilation_factor":7,"batch_size":13,"learning_rate":0.0016025709416537951}]
[18:30:35] w01: Preparing datastores for training and validation...

[18:30:35] w01: Using single frequency datastore for frequency index 4

[18:30:41] w01: 1 am here before gpu
[18:30:41] w01: 2 am here after gpu
[18:30:42] w01: Training network (Final=0) on gpu for 10 epochs...

[18:31:17] w01: start objective; params=[{"channels1":8,"channels2":18,"kernel_size1":15,"kernel_size2":15,"kernel_size3":14,"dilation_factor":4,"batch_size":13,"learning_rate":0.00049967380089092472}]
[18:31:17] w01: Preparing datastores for training and validation...

[18:31:17] w01: Using single frequency datastore for frequency index 4

[18:31:23] w01: 1 am here before gpu
[18:31:23] w01: 2 am here after gpu
[18:31:24] w01: Training network (Final=0) on gpu for 10 epochs...

[18:31:39] w01: start objective; params=[{"channels1":10,"channels2":16,"kernel_size1":15,"kernel_size2":13,"kernel_size3":12,"dilation_factor":4,"batch_size":4,"learning_rate":0.0023295404553164856}]
[18:31:39] w01: Preparing datastores for training and validation...

[18:31:39] w01: Using single frequency datastore for frequency index 4

[18:31:42] w01: 1 am here before gpu
[18:31:42] w01: 2 am here after gpu
[18:31:43] w01: Training network (Final=0) on gpu for 10 epochs...

[18:39:40] w01: start objective; params=[{"channels1":8,"channels2":25,"kernel_size1":13,"kernel_size2":13,"kernel_size3":10,"dilation_factor":6,"batch_size":16,"learning_rate":0.0029273224093621032}]
[18:39:40] w01: Preparing datastores for training and validation...

[18:39:40] w01: Using single frequency datastore for frequency index 4

[18:39:46] w01: 1 am here before gpu
[18:39:46] w01: 2 am here after gpu
[18:39:48] w01: Training network (Final=0) on gpu for 10 epochs...

[18:40:19] w01: start objective; params=[{"channels1":7,"channels2":16,"kernel_size1":12,"kernel_size2":12,"kernel_size3":11,"dilation_factor":7,"batch_size":8,"learning_rate":0.00862954847946302}]
[18:40:19] w01: Preparing datastores for training and validation...

[18:40:19] w01: Using single frequency datastore for frequency index 4

[18:40:26] w01: 1 am here before gpu
[18:40:26] w01: 2 am here after gpu
[18:40:26] w01: Training network (Final=0) on gpu for 10 epochs...

[18:41:31] w01: start objective; params=[{"channels1":7,"channels2":21,"kernel_size1":12,"kernel_size2":11,"kernel_size3":10,"dilation_factor":5,"batch_size":6,"learning_rate":0.0063508676869057906}]
[18:41:31] w01: Preparing datastores for training and validation...

[18:41:31] w01: Using single frequency datastore for frequency index 4

[18:41:37] w01: 1 am here before gpu
[18:41:37] w01: 2 am here after gpu
[18:41:38] w01: Training network (Final=0) on gpu for 10 epochs...

[18:42:58] w01: start objective; params=[{"channels1":8,"channels2":25,"kernel_size1":13,"kernel_size2":13,"kernel_size3":12,"dilation_factor":2,"batch_size":5,"learning_rate":0.00786582709597676}]
[18:42:58] w01: Preparing datastores for training and validation...

[18:42:58] w01: Using single frequency datastore for frequency index 4

[18:43:04] w01: 1 am here before gpu
[18:43:04] w01: 2 am here after gpu
[18:43:04] w01: Training network (Final=0) on gpu for 10 epochs...

[18:44:47] w01: start objective; params=[{"channels1":10,"channels2":20,"kernel_size1":10,"kernel_size2":10,"kernel_size3":14,"dilation_factor":5,"batch_size":5,"learning_rate":0.00746609536619827}]
[18:44:47] w01: Preparing datastores for training and validation...

[18:44:47] w01: Using single frequency datastore for frequency index 4

[18:44:52] w01: 1 am here before gpu
[18:44:52] w01: 2 am here after gpu
[18:44:53] w01: Training network (Final=0) on gpu for 10 epochs...

[18:46:38] w01: start objective; params=[{"channels1":5,"channels2":24,"kernel_size1":10,"kernel_size2":11,"kernel_size3":14,"dilation_factor":8,"batch_size":16,"learning_rate":0.0010274095978770219}]
[18:46:38] w01: Preparing datastores for training and validation...

[18:46:38] w01: Using single frequency datastore for frequency index 4

[18:46:44] w01: 1 am here before gpu
[18:46:44] w01: 2 am here after gpu
[18:46:44] w01: Training network (Final=0) on gpu for 10 epochs...

[18:47:09] w01: start objective; params=[{"channels1":5,"channels2":25,"kernel_size1":11,"kernel_size2":12,"kernel_size3":10,"dilation_factor":5,"batch_size":6,"learning_rate":0.0010657398886469746}]
[18:47:09] w01: Preparing datastores for training and validation...

[18:47:09] w01: Using single frequency datastore for frequency index 4

[18:47:15] w01: 1 am here before gpu
[18:47:15] w01: 2 am here after gpu
[18:47:15] w01: Training network (Final=0) on gpu for 10 epochs...

[18:48:48] w01: start objective; params=[{"channels1":8,"channels2":21,"kernel_size1":10,"kernel_size2":10,"kernel_size3":14,"dilation_factor":4,"batch_size":4,"learning_rate":0.0010324149433159223}]
[18:48:48] w01: Preparing datastores for training and validation...

[18:48:48] w01: Using single frequency datastore for frequency index 4

[18:48:53] w01: 1 am here before gpu
[18:48:53] w01: 2 am here after gpu
[18:48:54] w01: Training network (Final=0) on gpu for 10 epochs...

[18:51:39] w01: start objective; params=[{"channels1":5,"channels2":19,"kernel_size1":12,"kernel_size2":15,"kernel_size3":14,"dilation_factor":7,"batch_size":4,"learning_rate":0.0089577731543003733}]
[18:51:39] w01: Preparing datastores for training and validation...

[18:51:39] w01: Using single frequency datastore for frequency index 4

[18:51:45] w01: 1 am here before gpu
[18:51:45] w01: 2 am here after gpu
[18:51:46] w01: Training network (Final=0) on gpu for 10 epochs...

[18:54:35] w01: start objective; params=[{"channels1":6,"channels2":21,"kernel_size1":13,"kernel_size2":11,"kernel_size3":10,"dilation_factor":4,"batch_size":4,"learning_rate":0.0099559944074309788}]
[18:54:35] w01: Preparing datastores for training and validation...

[18:54:35] w01: Using single frequency datastore for frequency index 4

[18:54:41] w01: 1 am here before gpu
[18:54:41] w01: 2 am here after gpu
[18:54:42] w01: Training network (Final=0) on gpu for 10 epochs...

[18:56:58] w01: start objective; params=[{"channels1":6,"channels2":16,"kernel_size1":12,"kernel_size2":13,"kernel_size3":10,"dilation_factor":6,"batch_size":5,"learning_rate":0.00990458183819447}]
[18:56:58] w01: Preparing datastores for training and validation...

[18:56:58] w01: Using single frequency datastore for frequency index 4

[18:57:01] w01: 1 am here before gpu
[18:57:01] w01: 2 am here after gpu
[18:57:01] w01: Training network (Final=0) on gpu for 10 epochs...

[18:57:42] w01: start objective; params=[{"channels1":6,"channels2":24,"kernel_size1":15,"kernel_size2":14,"kernel_size3":11,"dilation_factor":3,"batch_size":4,"learning_rate":0.0067608485079371028}]
[18:57:42] w01: Preparing datastores for training and validation...

[18:57:42] w01: Using single frequency datastore for frequency index 4

[18:57:45] w01: 1 am here before gpu
[18:57:45] w01: 2 am here after gpu
[18:57:45] w01: Training network (Final=0) on gpu for 10 epochs...

[18:58:44] w01: start objective; params=[{"channels1":6,"channels2":17,"kernel_size1":11,"kernel_size2":13,"kernel_size3":10,"dilation_factor":3,"batch_size":7,"learning_rate":0.0060370070031007762}]
[18:58:44] w01: Preparing datastores for training and validation...

[18:58:44] w01: Using single frequency datastore for frequency index 4

[18:58:47] w01: 1 am here before gpu
[18:58:47] w01: 2 am here after gpu
[18:58:47] w01: Training network (Final=0) on gpu for 10 epochs...

[18:59:54] w01: start objective; params=[{"channels1":6,"channels2":16,"kernel_size1":15,"kernel_size2":15,"kernel_size3":10,"dilation_factor":4,"batch_size":6,"learning_rate":0.0072252433866697684}]
[18:59:54] w01: Preparing datastores for training and validation...

[18:59:54] w01: Using single frequency datastore for frequency index 4

[19:00:01] w01: 1 am here before gpu
[19:00:01] w01: 2 am here after gpu
[19:00:03] w01: Training network (Final=0) on gpu for 10 epochs...

[19:01:50] w01: start objective; params=[{"channels1":8,"channels2":25,"kernel_size1":10,"kernel_size2":13,"kernel_size3":10,"dilation_factor":5,"batch_size":4,"learning_rate":0.0058237696828724109}]
[19:01:50] w01: Preparing datastores for training and validation...

[19:01:50] w01: Using single frequency datastore for frequency index 4

[19:01:56] w01: 1 am here before gpu
[19:01:56] w01: 2 am here after gpu
[19:01:56] w01: Training network (Final=0) on gpu for 10 epochs...

[19:05:00] w01: start objective; params=[{"channels1":7,"channels2":18,"kernel_size1":13,"kernel_size2":11,"kernel_size3":11,"dilation_factor":3,"batch_size":4,"learning_rate":0.0066466672949553945}]
[19:05:00] w01: Preparing datastores for training and validation...

[19:05:00] w01: Using single frequency datastore for frequency index 4

[19:05:06] w01: 1 am here before gpu
[19:05:06] w01: 2 am here after gpu
[19:05:07] w01: Training network (Final=0) on gpu for 10 epochs...

[19:07:58] w01: start objective; params=[{"channels1":10,"channels2":17,"kernel_size1":14,"kernel_size2":11,"kernel_size3":15,"dilation_factor":5,"batch_size":16,"learning_rate":0.0018681101540740431}]
[19:07:58] w01: Preparing datastores for training and validation...

[19:07:58] w01: Using single frequency datastore for frequency index 4

[19:08:06] w01: 1 am here before gpu
[19:08:06] w01: 2 am here after gpu
[19:08:07] w01: Training network (Final=0) on gpu for 10 epochs...

[19:08:43] w01: start objective; params=[{"channels1":9,"channels2":24,"kernel_size1":15,"kernel_size2":11,"kernel_size3":10,"dilation_factor":3,"batch_size":4,"learning_rate":0.0067121895934713037}]
[19:08:43] w01: Preparing datastores for training and validation...

[19:08:43] w01: Using single frequency datastore for frequency index 4

[19:08:51] w01: 1 am here before gpu
[19:08:51] w01: 2 am here after gpu
[19:08:52] w01: Training network (Final=0) on gpu for 10 epochs...

[19:11:53] w01: start objective; params=[{"channels1":7,"channels2":16,"kernel_size1":14,"kernel_size2":15,"kernel_size3":15,"dilation_factor":5,"batch_size":10,"learning_rate":0.0010175697422687481}]
[19:11:53] w01: Preparing datastores for training and validation...

[19:11:53] w01: Using single frequency datastore for frequency index 4

[19:12:01] w01: 1 am here before gpu
[19:12:01] w01: 2 am here after gpu
[19:12:01] w01: Training network (Final=0) on gpu for 10 epochs...

[19:12:45] w01: start objective; params=[{"channels1":9,"channels2":24,"kernel_size1":15,"kernel_size2":13,"kernel_size3":10,"dilation_factor":3,"batch_size":5,"learning_rate":0.00618815947252894}]
[19:12:45] w01: Preparing datastores for training and validation...

[19:12:45] w01: Using single frequency datastore for frequency index 4

[19:12:48] w01: 1 am here before gpu
[19:12:48] w01: 2 am here after gpu
[19:12:49] w01: Training network (Final=0) on gpu for 10 epochs...

[19:14:10] w01: start objective; params=[{"channels1":8,"channels2":16,"kernel_size1":15,"kernel_size2":14,"kernel_size3":10,"dilation_factor":2,"batch_size":5,"learning_rate":0.0058128921906123307}]
[19:14:10] w01: Preparing datastores for training and validation...

[19:14:10] w01: Using single frequency datastore for frequency index 4

[19:14:16] w01: 1 am here before gpu
[19:14:16] w01: 2 am here after gpu
[19:14:17] w01: Training network (Final=0) on gpu for 10 epochs...

[19:43:46] w01: start objective; params=[{"channels1":48,"channels2":31,"channels3":13,"channels4":7,"channels5":1,"kernel_size1":16,"batch_size":16,"learning_rate":0.0029273224093621032}]
[19:43:46] w01: Preparing datastores for training and validation...

[19:43:46] w01: Using single frequency datastore for frequency index 4

[19:44:08] w01: 1 am here before gpu
[19:44:08] w01: 2 am here after gpu
[19:44:35] w01: Training network (Final=0) on gpu for 10 epochs...

[19:44:35] w01: Training failed: Unrecognized function or variable 'net'.

[19:44:36] w01: Unrecognized function or variable 'net'.

Error in <a href="matlab:matlab.lang.internal.introspective.errorDocCallback('Bayesian_optimization_downsampled_one_path>trainAndEvaluateAE', 'C:\Users\Maria\Documents\Honours Programme\Networks\GAN\src\training\Bayesian_optimization_downsampled_one_path.m', 315)" style="font-weight:bold">Bayesian_optimization_downsampled_one_path>trainAndEvaluateAE</a> (<a href="matlab: opentoline('C:\Users\Maria\Documents\Honours Programme\Networks\GAN\src\training\Bayesian_optimization_downsampled_one_path.m',315,0)">line 315</a>)
        [net, info] = trainnet(trainData, net, lossFn, options);
                                          ^^^
Error in <a href="matlab:matlab.lang.internal.introspective.errorDocCallback('Bayesian_optimization_downsampled_one_path>@(params)trainAndEvaluateAE(params,dataCfg,''network_type'',network_type)', 'C:\Users\Maria\Documents\Honours Programme\Networks\GAN\src\training\Bayesian_optimization_downsampled_one_path.m', 102)" style="font-weight:bold">Bayesian_optimization_downsampled_one_path>@(params)trainAndEvaluateAE(params,dataCfg,'network_type',network_type)</a> (<a href="matlab: opentoline('C:\Users\Maria\Documents\Honours Programme\Networks\GAN\src\training\Bayesian_optimization_downsampled_one_path.m',102,0)">line 102</a>)
objectiveFcn = @(params) trainAndEvaluateAE(params, dataCfg, 'network_type', network_type);
                         ^^^^^^^^^^^^^^^^^^^^^^^^^^^^^^^^^^^^^^^^^^^^^^^^^^^^^^^^^^^^^^^^^
Error in <a href="matlab:matlab.lang.internal.introspective.errorDocCallback('bayesoptim.callObjFcnParallel>callObjNormallyParallel', 'C:\Program Files\MATLAB\R2024b\toolbox\stats\bayesoptim\+bayesoptim\callObjFcnParallel.m', 45)" style="font-weight:bold">bayesoptim.callObjFcnParallel>callObjNormallyParallel</a> (<a href="matlab: opentoline('C:\Program Files\MATLAB\R2024b\toolbox\stats\bayesoptim\+bayesoptim\callObjFcnParallel.m',45,0)">line 45</a>)
            Objective = ObjectiveFcn(conditionalizedX);
                        ^^^^^^^^^^^^^^^^^^^^^^^^^^^^^^
Error in <a href="matlab:matlab.lang.internal.introspective.errorDocCallback('bayesoptim.callObjFcnParallel', 'C:\Program Files\MATLAB\R2024b\toolbox\stats\bayesoptim\+bayesoptim\callObjFcnParallel.m', 26)" style="font-weight:bold">bayesoptim.callObjFcnParallel</a> (<a href="matlab: opentoline('C:\Program Files\MATLAB\R2024b\toolbox\stats\bayesoptim\+bayesoptim\callObjFcnParallel.m',26,0)">line 26</a>)
            = callObjNormallyParallel(ObjectiveFcn, ObjectiveNargout, NumCoupledConstraints, conditionalizedX);
              ^^^^^^^^^^^^^^^^^^^^^^^^^^^^^^^^^^^^^^^^^^^^^^^^^^^^^^^^^^^^^^^^^^^^^^^^^^^^^^^^^^^^^^^^^^^^^^^^

[19:44:51] w01: start objective; params=[{"channels1":43,"channels2":22,"channels3":8,"channels4":6,"channels5":2,"kernel_size1":12,"batch_size":8,"learning_rate":0.0078864776127079549}]
[19:44:51] w01: Preparing datastores for training and validation...

[19:44:51] w01: Using single frequency datastore for frequency index 4

[19:44:57] w01: 1 am here before gpu
[19:44:57] w01: 2 am here after gpu
[19:44:58] w01: Training network (Final=0) on gpu for 10 epochs...

[19:44:59] w01: Training failed: Unrecognized function or variable 'net'.

[19:44:59] w01: Unrecognized function or variable 'net'.

Error in <a href="matlab:matlab.lang.internal.introspective.errorDocCallback('Bayesian_optimization_downsampled_one_path>trainAndEvaluateAE', 'C:\Users\Maria\Documents\Honours Programme\Networks\GAN\src\training\Bayesian_optimization_downsampled_one_path.m', 315)" style="font-weight:bold">Bayesian_optimization_downsampled_one_path>trainAndEvaluateAE</a> (<a href="matlab: opentoline('C:\Users\Maria\Documents\Honours Programme\Networks\GAN\src\training\Bayesian_optimization_downsampled_one_path.m',315,0)">line 315</a>)
        [net, info] = trainnet(trainData, net, lossFn, options);
                                          ^^^
Error in <a href="matlab:matlab.lang.internal.introspective.errorDocCallback('Bayesian_optimization_downsampled_one_path>@(params)trainAndEvaluateAE(params,dataCfg,''network_type'',network_type)', 'C:\Users\Maria\Documents\Honours Programme\Networks\GAN\src\training\Bayesian_optimization_downsampled_one_path.m', 102)" style="font-weight:bold">Bayesian_optimization_downsampled_one_path>@(params)trainAndEvaluateAE(params,dataCfg,'network_type',network_type)</a> (<a href="matlab: opentoline('C:\Users\Maria\Documents\Honours Programme\Networks\GAN\src\training\Bayesian_optimization_downsampled_one_path.m',102,0)">line 102</a>)
objectiveFcn = @(params) trainAndEvaluateAE(params, dataCfg, 'network_type', network_type);
                         ^^^^^^^^^^^^^^^^^^^^^^^^^^^^^^^^^^^^^^^^^^^^^^^^^^^^^^^^^^^^^^^^^
Error in <a href="matlab:matlab.lang.internal.introspective.errorDocCallback('bayesoptim.callObjFcnParallel>callObjNormallyParallel', 'C:\Program Files\MATLAB\R2024b\toolbox\stats\bayesoptim\+bayesoptim\callObjFcnParallel.m', 45)" style="font-weight:bold">bayesoptim.callObjFcnParallel>callObjNormallyParallel</a> (<a href="matlab: opentoline('C:\Program Files\MATLAB\R2024b\toolbox\stats\bayesoptim\+bayesoptim\callObjFcnParallel.m',45,0)">line 45</a>)
            Objective = ObjectiveFcn(conditionalizedX);
                        ^^^^^^^^^^^^^^^^^^^^^^^^^^^^^^
Error in <a href="matlab:matlab.lang.internal.introspective.errorDocCallback('bayesoptim.callObjFcnParallel', 'C:\Program Files\MATLAB\R2024b\toolbox\stats\bayesoptim\+bayesoptim\callObjFcnParallel.m', 12)" style="font-weight:bold">bayesoptim.callObjFcnParallel</a> (<a href="matlab: opentoline('C:\Program Files\MATLAB\R2024b\toolbox\stats\bayesoptim\+bayesoptim\callObjFcnParallel.m',12,0)">line 12</a>)
        = callObjNormallyParallel(ObjectiveFcn, ObjectiveNargout, NumCoupledConstraints, conditionalizedX);
          ^^^^^^^^^^^^^^^^^^^^^^^^^^^^^^^^^^^^^^^^^^^^^^^^^^^^^^^^^^^^^^^^^^^^^^^^^^^^^^^^^^^^^^^^^^^^^^^^

[19:45:00] w01: start objective; params=[{"channels1":62,"channels2":24,"channels3":9,"channels4":6,"channels5":2,"kernel_size1":17,"batch_size":8,"learning_rate":0.0011827681627659908}]
[19:45:00] w01: Preparing datastores for training and validation...

[19:45:00] w01: Using single frequency datastore for frequency index 4

[19:45:06] w01: 1 am here before gpu
[19:45:06] w01: 2 am here after gpu
[19:45:07] w01: Training network (Final=0) on gpu for 10 epochs...

[19:45:07] w01: Training failed: Unrecognized function or variable 'net'.

[19:45:08] w01: Unrecognized function or variable 'net'.

Error in <a href="matlab:matlab.lang.internal.introspective.errorDocCallback('Bayesian_optimization_downsampled_one_path>trainAndEvaluateAE', 'C:\Users\Maria\Documents\Honours Programme\Networks\GAN\src\training\Bayesian_optimization_downsampled_one_path.m', 315)" style="font-weight:bold">Bayesian_optimization_downsampled_one_path>trainAndEvaluateAE</a> (<a href="matlab: opentoline('C:\Users\Maria\Documents\Honours Programme\Networks\GAN\src\training\Bayesian_optimization_downsampled_one_path.m',315,0)">line 315</a>)
        [net, info] = trainnet(trainData, net, lossFn, options);
                                          ^^^
Error in <a href="matlab:matlab.lang.internal.introspective.errorDocCallback('Bayesian_optimization_downsampled_one_path>@(params)trainAndEvaluateAE(params,dataCfg,''network_type'',network_type)', 'C:\Users\Maria\Documents\Honours Programme\Networks\GAN\src\training\Bayesian_optimization_downsampled_one_path.m', 102)" style="font-weight:bold">Bayesian_optimization_downsampled_one_path>@(params)trainAndEvaluateAE(params,dataCfg,'network_type',network_type)</a> (<a href="matlab: opentoline('C:\Users\Maria\Documents\Honours Programme\Networks\GAN\src\training\Bayesian_optimization_downsampled_one_path.m',102,0)">line 102</a>)
objectiveFcn = @(params) trainAndEvaluateAE(params, dataCfg, 'network_type', network_type);
                         ^^^^^^^^^^^^^^^^^^^^^^^^^^^^^^^^^^^^^^^^^^^^^^^^^^^^^^^^^^^^^^^^^
Error in <a href="matlab:matlab.lang.internal.introspective.errorDocCallback('bayesoptim.callObjFcnParallel>callObjNormallyParallel', 'C:\Program Files\MATLAB\R2024b\toolbox\stats\bayesoptim\+bayesoptim\callObjFcnParallel.m', 45)" style="font-weight:bold">bayesoptim.callObjFcnParallel>callObjNormallyParallel</a> (<a href="matlab: opentoline('C:\Program Files\MATLAB\R2024b\toolbox\stats\bayesoptim\+bayesoptim\callObjFcnParallel.m',45,0)">line 45</a>)
            Objective = ObjectiveFcn(conditionalizedX);
                        ^^^^^^^^^^^^^^^^^^^^^^^^^^^^^^
Error in <a href="matlab:matlab.lang.internal.introspective.errorDocCallback('bayesoptim.callObjFcnParallel', 'C:\Program Files\MATLAB\R2024b\toolbox\stats\bayesoptim\+bayesoptim\callObjFcnParallel.m', 12)" style="font-weight:bold">bayesoptim.callObjFcnParallel</a> (<a href="matlab: opentoline('C:\Program Files\MATLAB\R2024b\toolbox\stats\bayesoptim\+bayesoptim\callObjFcnParallel.m',12,0)">line 12</a>)
        = callObjNormallyParallel(ObjectiveFcn, ObjectiveNargout, NumCoupledConstraints, conditionalizedX);
          ^^^^^^^^^^^^^^^^^^^^^^^^^^^^^^^^^^^^^^^^^^^^^^^^^^^^^^^^^^^^^^^^^^^^^^^^^^^^^^^^^^^^^^^^^^^^^^^^

[19:45:08] w01: start objective; params=[{"channels1":61,"channels2":27,"channels3":9,"channels4":6,"channels5":3,"kernel_size1":16,"batch_size":8,"learning_rate":0.0054062605133121094}]
[19:45:08] w01: Preparing datastores for training and validation...

[19:45:08] w01: Using single frequency datastore for frequency index 4

[19:45:16] w01: 1 am here before gpu
[19:45:16] w01: 2 am here after gpu
[19:45:16] w01: Training network (Final=0) on gpu for 10 epochs...

[19:45:16] w01: Training failed: Unrecognized function or variable 'net'.

[19:45:17] w01: Unrecognized function or variable 'net'.

Error in <a href="matlab:matlab.lang.internal.introspective.errorDocCallback('Bayesian_optimization_downsampled_one_path>trainAndEvaluateAE', 'C:\Users\Maria\Documents\Honours Programme\Networks\GAN\src\training\Bayesian_optimization_downsampled_one_path.m', 315)" style="font-weight:bold">Bayesian_optimization_downsampled_one_path>trainAndEvaluateAE</a> (<a href="matlab: opentoline('C:\Users\Maria\Documents\Honours Programme\Networks\GAN\src\training\Bayesian_optimization_downsampled_one_path.m',315,0)">line 315</a>)
        [net, info] = trainnet(trainData, net, lossFn, options);
                                          ^^^
Error in <a href="matlab:matlab.lang.internal.introspective.errorDocCallback('Bayesian_optimization_downsampled_one_path>@(params)trainAndEvaluateAE(params,dataCfg,''network_type'',network_type)', 'C:\Users\Maria\Documents\Honours Programme\Networks\GAN\src\training\Bayesian_optimization_downsampled_one_path.m', 102)" style="font-weight:bold">Bayesian_optimization_downsampled_one_path>@(params)trainAndEvaluateAE(params,dataCfg,'network_type',network_type)</a> (<a href="matlab: opentoline('C:\Users\Maria\Documents\Honours Programme\Networks\GAN\src\training\Bayesian_optimization_downsampled_one_path.m',102,0)">line 102</a>)
objectiveFcn = @(params) trainAndEvaluateAE(params, dataCfg, 'network_type', network_type);
                         ^^^^^^^^^^^^^^^^^^^^^^^^^^^^^^^^^^^^^^^^^^^^^^^^^^^^^^^^^^^^^^^^^
Error in <a href="matlab:matlab.lang.internal.introspective.errorDocCallback('bayesoptim.callObjFcnParallel>callObjNormallyParallel', 'C:\Program Files\MATLAB\R2024b\toolbox\stats\bayesoptim\+bayesoptim\callObjFcnParallel.m', 45)" style="font-weight:bold">bayesoptim.callObjFcnParallel>callObjNormallyParallel</a> (<a href="matlab: opentoline('C:\Program Files\MATLAB\R2024b\toolbox\stats\bayesoptim\+bayesoptim\callObjFcnParallel.m',45,0)">line 45</a>)
            Objective = ObjectiveFcn(conditionalizedX);
                        ^^^^^^^^^^^^^^^^^^^^^^^^^^^^^^
Error in <a href="matlab:matlab.lang.internal.introspective.errorDocCallback('bayesoptim.callObjFcnParallel', 'C:\Program Files\MATLAB\R2024b\toolbox\stats\bayesoptim\+bayesoptim\callObjFcnParallel.m', 12)" style="font-weight:bold">bayesoptim.callObjFcnParallel</a> (<a href="matlab: opentoline('C:\Program Files\MATLAB\R2024b\toolbox\stats\bayesoptim\+bayesoptim\callObjFcnParallel.m',12,0)">line 12</a>)
        = callObjNormallyParallel(ObjectiveFcn, ObjectiveNargout, NumCoupledConstraints, conditionalizedX);
          ^^^^^^^^^^^^^^^^^^^^^^^^^^^^^^^^^^^^^^^^^^^^^^^^^^^^^^^^^^^^^^^^^^^^^^^^^^^^^^^^^^^^^^^^^^^^^^^^

[19:45:18] w01: start objective; params=[{"channels1":50,"channels2":21,"channels3":12,"channels4":8,"channels5":3,"kernel_size1":11,"batch_size":13,"learning_rate":0.0010114029858461166}]
[19:45:18] w01: Preparing datastores for training and validation...

[19:45:18] w01: Using single frequency datastore for frequency index 4

[19:45:26] w01: 1 am here before gpu
[19:45:26] w01: 2 am here after gpu
[19:45:27] w01: Training network (Final=0) on gpu for 10 epochs...

[19:45:27] w01: Training failed: Unrecognized function or variable 'net'.

[19:45:27] w01: Unrecognized function or variable 'net'.

Error in <a href="matlab:matlab.lang.internal.introspective.errorDocCallback('Bayesian_optimization_downsampled_one_path>trainAndEvaluateAE', 'C:\Users\Maria\Documents\Honours Programme\Networks\GAN\src\training\Bayesian_optimization_downsampled_one_path.m', 315)" style="font-weight:bold">Bayesian_optimization_downsampled_one_path>trainAndEvaluateAE</a> (<a href="matlab: opentoline('C:\Users\Maria\Documents\Honours Programme\Networks\GAN\src\training\Bayesian_optimization_downsampled_one_path.m',315,0)">line 315</a>)
        [net, info] = trainnet(trainData, net, lossFn, options);
                                          ^^^
Error in <a href="matlab:matlab.lang.internal.introspective.errorDocCallback('Bayesian_optimization_downsampled_one_path>@(params)trainAndEvaluateAE(params,dataCfg,''network_type'',network_type)', 'C:\Users\Maria\Documents\Honours Programme\Networks\GAN\src\training\Bayesian_optimization_downsampled_one_path.m', 102)" style="font-weight:bold">Bayesian_optimization_downsampled_one_path>@(params)trainAndEvaluateAE(params,dataCfg,'network_type',network_type)</a> (<a href="matlab: opentoline('C:\Users\Maria\Documents\Honours Programme\Networks\GAN\src\training\Bayesian_optimization_downsampled_one_path.m',102,0)">line 102</a>)
objectiveFcn = @(params) trainAndEvaluateAE(params, dataCfg, 'network_type', network_type);
                         ^^^^^^^^^^^^^^^^^^^^^^^^^^^^^^^^^^^^^^^^^^^^^^^^^^^^^^^^^^^^^^^^^
Error in <a href="matlab:matlab.lang.internal.introspective.errorDocCallback('bayesoptim.callObjFcnParallel>callObjNormallyParallel', 'C:\Program Files\MATLAB\R2024b\toolbox\stats\bayesoptim\+bayesoptim\callObjFcnParallel.m', 45)" style="font-weight:bold">bayesoptim.callObjFcnParallel>callObjNormallyParallel</a> (<a href="matlab: opentoline('C:\Program Files\MATLAB\R2024b\toolbox\stats\bayesoptim\+bayesoptim\callObjFcnParallel.m',45,0)">line 45</a>)
            Objective = ObjectiveFcn(conditionalizedX);
                        ^^^^^^^^^^^^^^^^^^^^^^^^^^^^^^
Error in <a href="matlab:matlab.lang.internal.introspective.errorDocCallback('bayesoptim.callObjFcnParallel', 'C:\Program Files\MATLAB\R2024b\toolbox\stats\bayesoptim\+bayesoptim\callObjFcnParallel.m', 12)" style="font-weight:bold">bayesoptim.callObjFcnParallel</a> (<a href="matlab: opentoline('C:\Program Files\MATLAB\R2024b\toolbox\stats\bayesoptim\+bayesoptim\callObjFcnParallel.m',12,0)">line 12</a>)
        = callObjNormallyParallel(ObjectiveFcn, ObjectiveNargout, NumCoupledConstraints, conditionalizedX);
          ^^^^^^^^^^^^^^^^^^^^^^^^^^^^^^^^^^^^^^^^^^^^^^^^^^^^^^^^^^^^^^^^^^^^^^^^^^^^^^^^^^^^^^^^^^^^^^^^

[19:45:28] w01: start objective; params=[{"channels1":37,"channels2":21,"channels3":11,"channels4":5,"channels5":3,"kernel_size1":11,"batch_size":10,"learning_rate":0.0044732159917026905}]
[19:45:28] w01: Preparing datastores for training and validation...

[19:45:28] w01: Using single frequency datastore for frequency index 4

[19:45:35] w01: 1 am here before gpu
[19:45:35] w01: 2 am here after gpu
[19:45:35] w01: Training network (Final=0) on gpu for 10 epochs...

[19:45:35] w01: Training failed: Unrecognized function or variable 'net'.

[19:45:36] w01: Unrecognized function or variable 'net'.

Error in <a href="matlab:matlab.lang.internal.introspective.errorDocCallback('Bayesian_optimization_downsampled_one_path>trainAndEvaluateAE', 'C:\Users\Maria\Documents\Honours Programme\Networks\GAN\src\training\Bayesian_optimization_downsampled_one_path.m', 315)" style="font-weight:bold">Bayesian_optimization_downsampled_one_path>trainAndEvaluateAE</a> (<a href="matlab: opentoline('C:\Users\Maria\Documents\Honours Programme\Networks\GAN\src\training\Bayesian_optimization_downsampled_one_path.m',315,0)">line 315</a>)
        [net, info] = trainnet(trainData, net, lossFn, options);
                                          ^^^
Error in <a href="matlab:matlab.lang.internal.introspective.errorDocCallback('Bayesian_optimization_downsampled_one_path>@(params)trainAndEvaluateAE(params,dataCfg,''network_type'',network_type)', 'C:\Users\Maria\Documents\Honours Programme\Networks\GAN\src\training\Bayesian_optimization_downsampled_one_path.m', 102)" style="font-weight:bold">Bayesian_optimization_downsampled_one_path>@(params)trainAndEvaluateAE(params,dataCfg,'network_type',network_type)</a> (<a href="matlab: opentoline('C:\Users\Maria\Documents\Honours Programme\Networks\GAN\src\training\Bayesian_optimization_downsampled_one_path.m',102,0)">line 102</a>)
objectiveFcn = @(params) trainAndEvaluateAE(params, dataCfg, 'network_type', network_type);
                         ^^^^^^^^^^^^^^^^^^^^^^^^^^^^^^^^^^^^^^^^^^^^^^^^^^^^^^^^^^^^^^^^^
Error in <a href="matlab:matlab.lang.internal.introspective.errorDocCallback('bayesoptim.callObjFcnParallel>callObjNormallyParallel', 'C:\Program Files\MATLAB\R2024b\toolbox\stats\bayesoptim\+bayesoptim\callObjFcnParallel.m', 45)" style="font-weight:bold">bayesoptim.callObjFcnParallel>callObjNormallyParallel</a> (<a href="matlab: opentoline('C:\Program Files\MATLAB\R2024b\toolbox\stats\bayesoptim\+bayesoptim\callObjFcnParallel.m',45,0)">line 45</a>)
            Objective = ObjectiveFcn(conditionalizedX);
                        ^^^^^^^^^^^^^^^^^^^^^^^^^^^^^^
Error in <a href="matlab:matlab.lang.internal.introspective.errorDocCallback('bayesoptim.callObjFcnParallel', 'C:\Program Files\MATLAB\R2024b\toolbox\stats\bayesoptim\+bayesoptim\callObjFcnParallel.m', 12)" style="font-weight:bold">bayesoptim.callObjFcnParallel</a> (<a href="matlab: opentoline('C:\Program Files\MATLAB\R2024b\toolbox\stats\bayesoptim\+bayesoptim\callObjFcnParallel.m',12,0)">line 12</a>)
        = callObjNormallyParallel(ObjectiveFcn, ObjectiveNargout, NumCoupledConstraints, conditionalizedX);
          ^^^^^^^^^^^^^^^^^^^^^^^^^^^^^^^^^^^^^^^^^^^^^^^^^^^^^^^^^^^^^^^^^^^^^^^^^^^^^^^^^^^^^^^^^^^^^^^^

[19:45:36] w01: start objective; params=[{"channels1":48,"channels2":27,"channels3":15,"channels4":5,"channels5":4,"kernel_size1":11,"batch_size":5,"learning_rate":0.001253155613471538}]
[19:45:36] w01: Preparing datastores for training and validation...

[19:45:36] w01: Using single frequency datastore for frequency index 4

[19:46:05] w01: start objective; params=[{"channels1":48,"channels2":31,"channels3":13,"channels4":7,"channels5":1,"kernel_size1":16,"batch_size":16,"learning_rate":0.0029273224093621032}]
[19:46:05] w01: Preparing datastores for training and validation...

[19:46:05] w01: Using single frequency datastore for frequency index 4

[19:46:11] w01: 1 am here before gpu
[19:46:11] w01: 2 am here after gpu
[19:46:12] w01: Training network (Final=0) on gpu for 10 epochs...

[19:46:45] w01: start objective; params=[{"channels1":46,"channels2":17,"channels3":11,"channels4":6,"channels5":2,"kernel_size1":18,"batch_size":8,"learning_rate":0.00862954847946302}]
[19:46:45] w01: Preparing datastores for training and validation...

[19:46:45] w01: Using single frequency datastore for frequency index 4

[19:46:53] w01: 1 am here before gpu
[19:46:53] w01: 2 am here after gpu
[19:46:54] w01: Training network (Final=0) on gpu for 10 epochs...

[19:47:21] w01: start objective; params=[{"channels1":42,"channels2":22,"channels3":16,"channels4":4,"channels5":3,"kernel_size1":9,"batch_size":7,"learning_rate":0.0099985653082419329}]
[19:47:21] w01: Preparing datastores for training and validation...

[19:47:21] w01: Using single frequency datastore for frequency index 4

[19:47:30] w01: 1 am here before gpu
[19:47:30] w01: 2 am here after gpu
[19:47:30] w01: Training network (Final=0) on gpu for 10 epochs...

[19:48:08] w01: start objective; params=[{"channels1":48,"channels2":18,"channels3":12,"channels4":6,"channels5":2,"kernel_size1":18,"batch_size":9,"learning_rate":0.0086209208496237453}]
[19:48:08] w01: Preparing datastores for training and validation...

[19:48:08] w01: Using single frequency datastore for frequency index 4

[19:48:17] w01: 1 am here before gpu
[19:48:17] w01: 2 am here after gpu
[19:48:18] w01: Training network (Final=0) on gpu for 10 epochs...

[19:48:40] w01: start objective; params=[{"channels1":39,"channels2":17,"channels3":15,"channels4":4,"channels5":1,"kernel_size1":15,"batch_size":7,"learning_rate":0.0016737673113830758}]
[19:48:40] w01: Preparing datastores for training and validation...

[19:48:40] w01: Using single frequency datastore for frequency index 4

[19:48:48] w01: 1 am here before gpu
[19:48:48] w01: 2 am here after gpu
[19:48:49] w01: Training network (Final=0) on gpu for 10 epochs...

[19:49:18] w01: start objective; params=[{"channels1":62,"channels2":16,"channels3":15,"channels4":4,"channels5":3,"kernel_size1":8,"batch_size":4,"learning_rate":0.0050621791889439282}]
[19:49:18] w01: Preparing datastores for training and validation...

[19:49:18] w01: Using single frequency datastore for frequency index 4

[19:49:26] w01: 1 am here before gpu
[19:49:26] w01: 2 am here after gpu
[19:49:27] w01: Training network (Final=0) on gpu for 10 epochs...

[19:50:25] w01: start objective; params=[{"channels1":41,"channels2":16,"channels3":9,"channels4":4,"channels5":4,"kernel_size1":9,"batch_size":6,"learning_rate":0.0030248867806797549}]
[19:50:25] w01: Preparing datastores for training and validation...

[19:50:25] w01: Using single frequency datastore for frequency index 4

[19:50:31] w01: 1 am here before gpu
[19:50:31] w01: 2 am here after gpu
[19:50:31] w01: Training network (Final=0) on gpu for 10 epochs...

[19:51:01] w01: start objective; params=[{"channels1":51,"channels2":16,"channels3":16,"channels4":6,"channels5":4,"kernel_size1":10,"batch_size":4,"learning_rate":0.0023804842869858851}]
[19:51:01] w01: Preparing datastores for training and validation...

[19:51:01] w01: Using single frequency datastore for frequency index 4

[19:51:07] w01: 1 am here before gpu
[19:51:07] w01: 2 am here after gpu
[19:51:07] w01: Training network (Final=0) on gpu for 10 epochs...

[19:52:11] w01: start objective; params=[{"channels1":45,"channels2":16,"channels3":15,"channels4":4,"channels5":2,"kernel_size1":13,"batch_size":4,"learning_rate":0.0012503599975170266}]
[19:52:11] w01: Preparing datastores for training and validation...

[19:52:11] w01: Using single frequency datastore for frequency index 4

[19:52:17] w01: 1 am here before gpu
[19:52:17] w01: 2 am here after gpu
[19:52:18] w01: Training network (Final=0) on gpu for 10 epochs...

[19:53:18] w01: start objective; params=[{"channels1":55,"channels2":17,"channels3":15,"channels4":4,"channels5":3,"kernel_size1":12,"batch_size":4,"learning_rate":0.0011870280166219429}]
[19:53:18] w01: Preparing datastores for training and validation...

[19:53:18] w01: Using single frequency datastore for frequency index 4

[19:53:25] w01: 1 am here before gpu
[19:53:25] w01: 2 am here after gpu
[19:53:25] w01: Training network (Final=0) on gpu for 10 epochs...

[19:54:24] w01: start objective; params=[{"channels1":61,"channels2":19,"channels3":13,"channels4":4,"channels5":4,"kernel_size1":12,"batch_size":7,"learning_rate":0.0010094992794960898}]
[19:54:24] w01: Preparing datastores for training and validation...

[19:54:24] w01: Using single frequency datastore for frequency index 4

[19:54:30] w01: 1 am here before gpu
[19:54:30] w01: 2 am here after gpu
[19:54:30] w01: Training network (Final=0) on gpu for 10 epochs...

[19:54:55] w01: start objective; params=[{"channels1":43,"channels2":22,"channels3":15,"channels4":4,"channels5":3,"kernel_size1":12,"batch_size":4,"learning_rate":0.0010361029574933636}]
[19:54:55] w01: Preparing datastores for training and validation...

[19:54:55] w01: Using single frequency datastore for frequency index 4

[19:55:02] w01: 1 am here before gpu
[19:55:02] w01: 2 am here after gpu
[19:55:02] w01: Training network (Final=0) on gpu for 10 epochs...

[19:56:06] w01: start objective; params=[{"channels1":54,"channels2":17,"channels3":15,"channels4":6,"channels5":1,"kernel_size1":10,"batch_size":9,"learning_rate":0.0010808246015634796}]
[19:56:06] w01: Preparing datastores for training and validation...

[19:56:06] w01: Using single frequency datastore for frequency index 4

[19:56:13] w01: 1 am here before gpu
[19:56:13] w01: 2 am here after gpu
[19:56:14] w01: Training network (Final=0) on gpu for 10 epochs...

[19:56:36] w01: start objective; params=[{"channels1":56,"channels2":17,"channels3":15,"channels4":4,"channels5":4,"kernel_size1":13,"batch_size":12,"learning_rate":0.0018593762776556388}]
[19:56:36] w01: Preparing datastores for training and validation...

[19:56:36] w01: Using single frequency datastore for frequency index 4

[19:56:42] w01: 1 am here before gpu
[19:56:42] w01: 2 am here after gpu
[19:56:43] w01: Training network (Final=0) on gpu for 10 epochs...

[19:56:58] w01: start objective; params=[{"channels1":52,"channels2":17,"channels3":15,"channels4":7,"channels5":1,"kernel_size1":10,"batch_size":5,"learning_rate":0.0056369836040360182}]
[19:56:58] w01: Preparing datastores for training and validation...

[19:56:58] w01: Using single frequency datastore for frequency index 4

[19:57:05] w01: 1 am here before gpu
[19:57:05] w01: 2 am here after gpu
[19:57:05] w01: Training network (Final=0) on gpu for 10 epochs...

[19:57:49] w01: start objective; params=[{"channels1":58,"channels2":17,"channels3":15,"channels4":4,"channels5":2,"kernel_size1":20,"batch_size":5,"learning_rate":0.0018842511112521637}]
[19:57:49] w01: Preparing datastores for training and validation...

[19:57:49] w01: Using single frequency datastore for frequency index 4

[19:57:55] w01: 1 am here before gpu
[19:57:55] w01: 2 am here after gpu
[19:57:56] w01: Training network (Final=0) on gpu for 10 epochs...

[19:58:35] w01: start objective; params=[{"channels1":56,"channels2":17,"channels3":10,"channels4":4,"channels5":2,"kernel_size1":8,"batch_size":5,"learning_rate":0.0010007323093809734}]
[19:58:35] w01: Preparing datastores for training and validation...

[19:58:35] w01: Using single frequency datastore for frequency index 4

[19:58:41] w01: 1 am here before gpu
[19:58:41] w01: 2 am here after gpu
[19:58:41] w01: Training network (Final=0) on gpu for 10 epochs...

[19:59:21] w01: start objective; params=[{"channels1":60,"channels2":17,"channels3":15,"channels4":4,"channels5":3,"kernel_size1":17,"batch_size":5,"learning_rate":0.0028321116181698677}]
[19:59:21] w01: Preparing datastores for training and validation...

[19:59:21] w01: Using single frequency datastore for frequency index 4

[19:59:27] w01: 1 am here before gpu
[19:59:27] w01: 2 am here after gpu
[19:59:27] w01: Training network (Final=0) on gpu for 10 epochs...

[20:00:15] w01: start objective; params=[{"channels1":60,"channels2":18,"channels3":15,"channels4":4,"channels5":2,"kernel_size1":11,"batch_size":7,"learning_rate":0.0017184369989634994}]
[20:00:15] w01: Preparing datastores for training and validation...

[20:00:15] w01: Using single frequency datastore for frequency index 4

[20:00:22] w01: 1 am here before gpu
[20:00:22] w01: 2 am here after gpu
[20:00:22] w01: Training network (Final=0) on gpu for 10 epochs...

[20:00:49] w01: start objective; params=[{"channels1":38,"channels2":16,"channels3":14,"channels4":4,"channels5":2,"kernel_size1":20,"batch_size":10,"learning_rate":0.0055197491787625863}]
[20:00:49] w01: Preparing datastores for training and validation...

[20:00:49] w01: Using single frequency datastore for frequency index 4

[20:00:55] w01: 1 am here before gpu
[20:00:55] w01: 2 am here after gpu
[20:00:56] w01: Training network (Final=0) on gpu for 10 epochs...

[20:01:15] w01: start objective; params=[{"channels1":60,"channels2":18,"channels3":10,"channels4":4,"channels5":2,"kernel_size1":20,"batch_size":8,"learning_rate":0.0020754176436636913}]
[20:01:15] w01: Preparing datastores for training and validation...

[20:01:15] w01: Using single frequency datastore for frequency index 4

[20:01:22] w01: 1 am here before gpu
[20:01:22] w01: 2 am here after gpu
[20:01:23] w01: Training network (Final=0) on gpu for 10 epochs...

[20:01:46] w01: start objective; params=[{"channels1":58,"channels2":17,"channels3":15,"channels4":4,"channels5":2,"kernel_size1":19,"batch_size":16,"learning_rate":0.0033250173260165506}]
[20:01:46] w01: Preparing datastores for training and validation...

[20:01:46] w01: Using single frequency datastore for frequency index 4

[20:01:52] w01: 1 am here before gpu
[20:01:52] w01: 2 am here after gpu
[20:01:52] w01: Training network (Final=0) on gpu for 10 epochs...

[20:02:06] w01: start objective; params=[{"channels1":40,"channels2":21,"channels3":11,"channels4":6,"channels5":2,"kernel_size1":19,"batch_size":5,"learning_rate":0.0016647838196729391}]
[20:02:06] w01: Preparing datastores for training and validation...

[20:02:06] w01: Using single frequency datastore for frequency index 4

[20:02:12] w01: 1 am here before gpu
[20:02:12] w01: 2 am here after gpu
[20:02:12] w01: Training network (Final=0) on gpu for 10 epochs...

[20:02:52] w01: start objective; params=[{"channels1":63,"channels2":17,"channels3":11,"channels4":7,"channels5":2,"kernel_size1":18,"batch_size":4,"learning_rate":0.0011681394934971226}]
[20:02:52] w01: Preparing datastores for training and validation...

[20:02:52] w01: Using single frequency datastore for frequency index 4

[20:02:58] w01: 1 am here before gpu
[20:02:58] w01: 2 am here after gpu
[20:02:58] w01: Training network (Final=0) on gpu for 10 epochs...

[20:04:03] w01: start objective; params=[{"channels1":57,"channels2":17,"channels3":15,"channels4":5,"channels5":4,"kernel_size1":17,"batch_size":5,"learning_rate":0.0016644080549588038}]
[20:04:03] w01: Preparing datastores for training and validation...

[20:04:03] w01: Using single frequency datastore for frequency index 4

[20:04:08] w01: 1 am here before gpu
[20:04:08] w01: 2 am here after gpu
[20:04:08] w01: Training network (Final=0) on gpu for 10 epochs...

[20:04:56] w01: start objective; params=[{"channels1":64,"channels2":17,"channels3":16,"channels4":7,"channels5":2,"kernel_size1":12,"batch_size":4,"learning_rate":0.0016945469843589731}]
[20:04:56] w01: Preparing datastores for training and validation...

[20:04:56] w01: Using single frequency datastore for frequency index 4

[20:05:03] w01: 1 am here before gpu
[20:05:03] w01: 2 am here after gpu
[20:05:04] w01: Training network (Final=0) on gpu for 10 epochs...

[20:06:12] w01: start objective; params=[{"channels1":38,"channels2":17,"channels3":10,"channels4":5,"channels5":2,"kernel_size1":17,"batch_size":5,"learning_rate":0.0017874329153605233}]
[20:06:12] w01: Preparing datastores for training and validation...

[20:06:12] w01: Using single frequency datastore for frequency index 4

[20:06:19] w01: 1 am here before gpu
[20:06:19] w01: 2 am here after gpu
[20:06:20] w01: Training network (Final=0) on gpu for 10 epochs...

[20:07:03] w01: start objective; params=[{"channels1":58,"channels2":18,"channels3":16,"channels4":4,"channels5":2,"kernel_size1":17,"batch_size":5,"learning_rate":0.0027632844809534875}]
[20:07:03] w01: Preparing datastores for training and validation...

[20:07:03] w01: Using single frequency datastore for frequency index 4

[20:07:09] w01: 1 am here before gpu
[20:07:09] w01: 2 am here after gpu
[20:07:09] w01: Training network (Final=0) on gpu for 10 epochs...

[20:07:59] w01: start objective; params=[{"channels1":54,"channels2":17,"channels3":11,"channels4":5,"channels5":2,"kernel_size1":8,"batch_size":5,"learning_rate":0.0018928761430083939}]
[20:07:59] w01: Preparing datastores for training and validation...

[20:07:59] w01: Using single frequency datastore for frequency index 4

[20:08:07] w01: 1 am here before gpu
[20:08:07] w01: 2 am here after gpu
[20:08:07] w01: Training network (Final=0) on gpu for 10 epochs...

[20:09:04] w01: start objective; params=[{"channels1":44,"channels2":16,"channels3":16,"channels4":4,"channels5":4,"kernel_size1":12,"batch_size":11,"learning_rate":0.0029294892351038691}]
[20:09:04] w01: Preparing datastores for training and validation...

[20:09:04] w01: Using single frequency datastore for frequency index 4

[20:09:13] w01: 1 am here before gpu
[20:09:13] w01: 2 am here after gpu
[20:09:14] w01: Training network (Final=0) on gpu for 10 epochs...

[20:09:35] w01: start objective; params=[{"channels1":53,"channels2":22,"channels3":15,"channels4":6,"channels5":2,"kernel_size1":20,"batch_size":7,"learning_rate":0.0026247328430088249}]
[20:09:35] w01: Preparing datastores for training and validation...

[20:09:35] w01: Using single frequency datastore for frequency index 4

[20:09:42] w01: 1 am here before gpu
[20:09:42] w01: 2 am here after gpu
[20:09:43] w01: Training network (Final=0) on gpu for 10 epochs...

[20:10:10] w01: start objective; params=[{"channels1":53,"channels2":17,"channels3":14,"channels4":4,"channels5":2,"kernel_size1":20,"batch_size":5,"learning_rate":0.0014452277236968976}]
[20:10:10] w01: Preparing datastores for training and validation...

[20:10:10] w01: Using single frequency datastore for frequency index 4

[20:10:16] w01: 1 am here before gpu
[20:10:16] w01: 2 am here after gpu
[20:10:16] w01: Training network (Final=0) on gpu for 10 epochs...

[20:10:58] w01: start objective; params=[{"channels1":58,"channels2":16,"channels3":15,"channels4":5,"channels5":3,"kernel_size1":19,"batch_size":7,"learning_rate":0.0018792138834062418}]
[20:10:58] w01: Preparing datastores for training and validation...

[20:10:58] w01: Using single frequency datastore for frequency index 4

[20:11:04] w01: 1 am here before gpu
[20:11:04] w01: 2 am here after gpu
[20:11:05] w01: Training network (Final=0) on gpu for 10 epochs...

[20:17:56] w01: start objective; params=[{"channels1":48,"channels2":31,"channels3":13,"channels4":7,"channels5":1,"kernel_size1":16,"batch_size":16,"learning_rate":0.0029273224093621032}]
[20:17:56] w01: Preparing datastores for training and validation...

[20:17:56] w01: Using single frequency datastore for frequency index 4

[20:18:06] w01: 1 am here before gpu
[20:18:06] w01: 2 am here after gpu
[20:18:11] w01: Training network (Final=0) on gpu for 10 epochs...

[20:18:35] w01: start objective; params=[{"channels1":46,"channels2":17,"channels3":11,"channels4":6,"channels5":2,"kernel_size1":18,"batch_size":8,"learning_rate":0.00862954847946302}]
[20:18:35] w01: Preparing datastores for training and validation...

[20:18:35] w01: Using single frequency datastore for frequency index 4

[20:18:42] w01: 1 am here before gpu
[20:18:42] w01: 2 am here after gpu
[20:18:42] w01: Training network (Final=0) on gpu for 10 epochs...

[20:19:05] w01: start objective; params=[{"channels1":40,"channels2":22,"channels3":16,"channels4":4,"channels5":3,"kernel_size1":9,"batch_size":7,"learning_rate":0.0099985653082419329}]
[20:19:05] w01: Preparing datastores for training and validation...

[20:19:05] w01: Using single frequency datastore for frequency index 4

[20:19:12] w01: 1 am here before gpu
[20:19:12] w01: 2 am here after gpu
[20:19:13] w01: Training network (Final=0) on gpu for 10 epochs...

[20:19:41] w01: start objective; params=[{"channels1":61,"channels2":29,"channels3":14,"channels4":8,"channels5":4,"kernel_size1":8,"batch_size":13,"learning_rate":0.00999967423044384}]
[20:19:41] w01: Preparing datastores for training and validation...

[20:19:41] w01: Using single frequency datastore for frequency index 4

[20:19:47] w01: 1 am here before gpu
[20:19:47] w01: 2 am here after gpu
[20:19:48] w01: Training network (Final=0) on gpu for 10 epochs...

[20:20:06] w01: start objective; params=[{"channels1":55,"channels2":30,"channels3":14,"channels4":6,"channels5":1,"kernel_size1":10,"batch_size":7,"learning_rate":0.0099922151921493368}]
[20:20:06] w01: Preparing datastores for training and validation...

[20:20:06] w01: Using single frequency datastore for frequency index 4

[20:20:13] w01: 1 am here before gpu
[20:20:13] w01: 2 am here after gpu
[20:20:13] w01: Training network (Final=0) on gpu for 10 epochs...

[20:20:42] w01: start objective; params=[{"channels1":33,"channels2":16,"channels3":16,"channels4":6,"channels5":2,"kernel_size1":10,"batch_size":6,"learning_rate":0.0061165830709628676}]
[20:20:42] w01: Preparing datastores for training and validation...

[20:20:42] w01: Using single frequency datastore for frequency index 4

[20:20:49] w01: 1 am here before gpu
[20:20:49] w01: 2 am here after gpu
[20:20:50] w01: Training network (Final=0) on gpu for 10 epochs...

[20:21:25] w01: start objective; params=[{"channels1":32,"channels2":21,"channels3":16,"channels4":7,"channels5":3,"kernel_size1":11,"batch_size":5,"learning_rate":0.00293048758468336}]
[20:21:25] w01: Preparing datastores for training and validation...

[20:21:25] w01: Using single frequency datastore for frequency index 4

[20:21:31] w01: 1 am here before gpu
[20:21:31] w01: 2 am here after gpu
[20:21:32] w01: Training network (Final=0) on gpu for 10 epochs...

[20:22:12] w01: start objective; params=[{"channels1":32,"channels2":29,"channels3":9,"channels4":7,"channels5":3,"kernel_size1":14,"batch_size":8,"learning_rate":0.0035406440874937296}]
[20:22:12] w01: Preparing datastores for training and validation...

[20:22:12] w01: Using single frequency datastore for frequency index 4

[20:22:18] w01: 1 am here before gpu
[20:22:18] w01: 2 am here after gpu
[20:22:19] w01: Training network (Final=0) on gpu for 10 epochs...

[20:22:41] w01: start objective; params=[{"channels1":32,"channels2":21,"channels3":15,"channels4":8,"channels5":3,"kernel_size1":8,"batch_size":12,"learning_rate":0.0038729615370676164}]
[20:22:41] w01: Preparing datastores for training and validation...

[20:22:41] w01: Using single frequency datastore for frequency index 4

[20:22:48] w01: 1 am here before gpu
[20:22:48] w01: 2 am here after gpu
[20:22:48] w01: Training network (Final=0) on gpu for 10 epochs...

[20:23:04] w01: start objective; params=[{"channels1":32,"channels2":21,"channels3":12,"channels4":6,"channels5":2,"kernel_size1":11,"batch_size":4,"learning_rate":0.0044141657658721706}]
[20:23:04] w01: Preparing datastores for training and validation...

[20:23:04] w01: Using single frequency datastore for frequency index 4

[20:23:10] w01: 1 am here before gpu
[20:23:10] w01: 2 am here after gpu
[20:23:11] w01: Training network (Final=0) on gpu for 10 epochs...

[20:24:17] w01: start objective; params=[{"channels1":32,"channels2":25,"channels3":10,"channels4":5,"channels5":1,"kernel_size1":15,"batch_size":4,"learning_rate":0.0019304983920328566}]
[20:24:17] w01: Preparing datastores for training and validation...

[20:24:17] w01: Using single frequency datastore for frequency index 4

[20:24:25] w01: 1 am here before gpu
[20:24:25] w01: 2 am here after gpu
[20:24:26] w01: Training network (Final=0) on gpu for 10 epochs...

[20:25:51] w01: start objective; params=[{"channels1":37,"channels2":21,"channels3":14,"channels4":7,"channels5":1,"kernel_size1":18,"batch_size":4,"learning_rate":0.001130634729054705}]
[20:25:51] w01: Preparing datastores for training and validation...

[20:25:51] w01: Using single frequency datastore for frequency index 4

[20:26:02] w01: 1 am here before gpu
[20:26:02] w01: 2 am here after gpu
[20:26:05] w01: Training network (Final=0) on gpu for 10 epochs...

[20:27:18] w01: start objective; params=[{"channels1":45,"channels2":21,"channels3":10,"channels4":5,"channels5":1,"kernel_size1":15,"batch_size":4,"learning_rate":0.0010915646958013039}]
[20:27:18] w01: Preparing datastores for training and validation...

[20:27:18] w01: Using single frequency datastore for frequency index 4

[20:27:25] w01: 1 am here before gpu
[20:27:25] w01: 2 am here after gpu
[20:27:25] w01: Training network (Final=0) on gpu for 10 epochs...

[20:28:33] w01: start objective; params=[{"channels1":44,"channels2":29,"channels3":9,"channels4":7,"channels5":1,"kernel_size1":20,"batch_size":4,"learning_rate":0.005524115350553146}]
[20:28:33] w01: Preparing datastores for training and validation...

[20:28:33] w01: Using single frequency datastore for frequency index 4

[20:28:39] w01: 1 am here before gpu
[20:28:39] w01: 2 am here after gpu
[20:28:40] w01: Training network (Final=0) on gpu for 10 epochs...

[20:29:35] w01: start objective; params=[{"channels1":34,"channels2":27,"channels3":11,"channels4":7,"channels5":2,"kernel_size1":18,"batch_size":4,"learning_rate":0.0010495740068933955}]
[20:29:35] w01: Preparing datastores for training and validation...

[20:29:35] w01: Using single frequency datastore for frequency index 4

[20:29:41] w01: 1 am here before gpu
[20:29:41] w01: 2 am here after gpu
[20:29:42] w01: Training network (Final=0) on gpu for 10 epochs...

[20:30:36] w01: start objective; params=[{"channels1":55,"channels2":21,"channels3":10,"channels4":7,"channels5":2,"kernel_size1":19,"batch_size":4,"learning_rate":0.0013379183991747304}]
[20:30:36] w01: Preparing datastores for training and validation...

[20:30:36] w01: Using single frequency datastore for frequency index 4

[20:30:42] w01: 1 am here before gpu
[20:30:42] w01: 2 am here after gpu
[20:30:43] w01: Training network (Final=0) on gpu for 10 epochs...

[20:31:38] w01: start objective; params=[{"channels1":40,"channels2":21,"channels3":10,"channels4":7,"channels5":2,"kernel_size1":8,"batch_size":4,"learning_rate":0.0013785200154348054}]
[20:31:38] w01: Preparing datastores for training and validation...

[20:31:38] w01: Using single frequency datastore for frequency index 4

[20:31:44] w01: 1 am here before gpu
[20:31:44] w01: 2 am here after gpu
[20:31:44] w01: Training network (Final=0) on gpu for 10 epochs...

[20:32:42] w01: start objective; params=[{"channels1":41,"channels2":21,"channels3":14,"channels4":7,"channels5":4,"kernel_size1":19,"batch_size":5,"learning_rate":0.0026683993159212034}]
[20:32:42] w01: Preparing datastores for training and validation...

[20:32:42] w01: Using single frequency datastore for frequency index 4

[20:32:49] w01: 1 am here before gpu
[20:32:49] w01: 2 am here after gpu
[20:32:49] w01: Training network (Final=0) on gpu for 10 epochs...

[20:33:29] w01: start objective; params=[{"channels1":43,"channels2":21,"channels3":8,"channels4":8,"channels5":3,"kernel_size1":19,"batch_size":11,"learning_rate":0.0012694586221991295}]
[20:33:29] w01: Preparing datastores for training and validation...

[20:33:29] w01: Using single frequency datastore for frequency index 4

[20:33:35] w01: 1 am here before gpu
[20:33:35] w01: 2 am here after gpu
[20:33:35] w01: Training network (Final=0) on gpu for 10 epochs...

[20:33:52] w01: start objective; params=[{"channels1":42,"channels2":21,"channels3":9,"channels4":7,"channels5":1,"kernel_size1":18,"batch_size":5,"learning_rate":0.0015428546587654764}]
[20:33:52] w01: Preparing datastores for training and validation...

[20:33:52] w01: Using single frequency datastore for frequency index 4

[20:33:59] w01: 1 am here before gpu
[20:33:59] w01: 2 am here after gpu
[20:33:59] w01: Training network (Final=0) on gpu for 10 epochs...

[20:34:38] w01: start objective; params=[{"channels1":47,"channels2":21,"channels3":15,"channels4":8,"channels5":2,"kernel_size1":18,"batch_size":4,"learning_rate":0.0062985437305899446}]
[20:34:38] w01: Preparing datastores for training and validation...

[20:34:38] w01: Using single frequency datastore for frequency index 4

[20:34:44] w01: 1 am here before gpu
[20:34:44] w01: 2 am here after gpu
[20:34:45] w01: Training network (Final=0) on gpu for 10 epochs...

[20:35:41] w01: start objective; params=[{"channels1":46,"channels2":21,"channels3":13,"channels4":7,"channels5":3,"kernel_size1":19,"batch_size":4,"learning_rate":0.0018125262477729049}]
[20:35:41] w01: Preparing datastores for training and validation...

[20:35:41] w01: Using single frequency datastore for frequency index 4

[20:35:47] w01: 1 am here before gpu
[20:35:47] w01: 2 am here after gpu
[20:35:48] w01: Training network (Final=0) on gpu for 10 epochs...

[20:36:49] w01: start objective; params=[{"channels1":38,"channels2":21,"channels3":14,"channels4":5,"channels5":2,"kernel_size1":18,"batch_size":5,"learning_rate":0.0089881878161496547}]
[20:36:50] w01: Preparing datastores for training and validation...

[20:36:50] w01: Using single frequency datastore for frequency index 4

[20:36:56] w01: 1 am here before gpu
[20:36:56] w01: 2 am here after gpu
[20:36:56] w01: Training network (Final=0) on gpu for 10 epochs...

[20:37:36] w01: start objective; params=[{"channels1":41,"channels2":21,"channels3":14,"channels4":7,"channels5":3,"kernel_size1":11,"batch_size":4,"learning_rate":0.0048613623881615248}]
[20:37:36] w01: Preparing datastores for training and validation...

[20:37:36] w01: Using single frequency datastore for frequency index 4

[20:37:43] w01: 1 am here before gpu
[20:37:43] w01: 2 am here after gpu
[20:37:43] w01: Training network (Final=0) on gpu for 10 epochs...

[20:38:25] w01: start objective; params=[{"channels1":43,"channels2":32,"channels3":14,"channels4":6,"channels5":1,"kernel_size1":19,"batch_size":4,"learning_rate":0.0030760647440892346}]
[20:38:25] w01: Preparing datastores for training and validation...

[20:38:25] w01: Using single frequency datastore for frequency index 4

[20:38:29] w01: 1 am here before gpu
[20:38:29] w01: 2 am here after gpu
[20:38:30] w01: Training network (Final=0) on gpu for 10 epochs...

[20:39:02] w01: start objective; params=[{"channels1":40,"channels2":24,"channels3":15,"channels4":7,"channels5":3,"kernel_size1":17,"batch_size":4,"learning_rate":0.0014184235575254792}]
[20:39:02] w01: Preparing datastores for training and validation...

[20:39:02] w01: Using single frequency datastore for frequency index 4

[20:39:06] w01: 1 am here before gpu
[20:39:06] w01: 2 am here after gpu
[20:39:06] w01: Training network (Final=0) on gpu for 10 epochs...

[20:39:46] w01: start objective; params=[{"channels1":41,"channels2":22,"channels3":14,"channels4":7,"channels5":2,"kernel_size1":18,"batch_size":4,"learning_rate":0.0021352063087533945}]
[20:39:46] w01: Preparing datastores for training and validation...

[20:39:46] w01: Using single frequency datastore for frequency index 4

[20:39:51] w01: 1 am here before gpu
[20:39:51] w01: 2 am here after gpu
[20:39:51] w01: Training network (Final=0) on gpu for 10 epochs...

[20:40:50] w01: start objective; params=[{"channels1":43,"channels2":25,"channels3":14,"channels4":5,"channels5":3,"kernel_size1":20,"batch_size":4,"learning_rate":0.0028325381205236131}]
[20:40:50] w01: Preparing datastores for training and validation...

[20:40:50] w01: Using single frequency datastore for frequency index 4

[20:40:56] w01: 1 am here before gpu
[20:40:56] w01: 2 am here after gpu
[20:40:56] w01: Training network (Final=0) on gpu for 10 epochs...

[20:41:52] w01: start objective; params=[{"channels1":43,"channels2":18,"channels3":14,"channels4":8,"channels5":3,"kernel_size1":20,"batch_size":4,"learning_rate":0.0027721813029241583}]
[20:41:52] w01: Preparing datastores for training and validation...

[20:41:52] w01: Using single frequency datastore for frequency index 4

[20:41:59] w01: 1 am here before gpu
[20:41:59] w01: 2 am here after gpu
[20:41:59] w01: Training network (Final=0) on gpu for 10 epochs...

[20:42:56] w01: start objective; params=[{"channels1":39,"channels2":22,"channels3":14,"channels4":6,"channels5":2,"kernel_size1":18,"batch_size":5,"learning_rate":0.0011581813810323067}]
[20:42:56] w01: Preparing datastores for training and validation...

[20:42:56] w01: Using single frequency datastore for frequency index 4

[20:43:03] w01: 1 am here before gpu
[20:43:03] w01: 2 am here after gpu
[20:43:03] w01: Training network (Final=0) on gpu for 10 epochs...

[20:43:40] w01: start objective; params=[{"channels1":38,"channels2":29,"channels3":14,"channels4":6,"channels5":3,"kernel_size1":20,"batch_size":4,"learning_rate":0.0015123734900348825}]
[20:43:40] w01: Preparing datastores for training and validation...

[20:43:40] w01: Using single frequency datastore for frequency index 4

[20:43:46] w01: 1 am here before gpu
[20:43:46] w01: 2 am here after gpu
[20:43:46] w01: Training network (Final=0) on gpu for 10 epochs...

[20:44:42] w01: start objective; params=[{"channels1":41,"channels2":30,"channels3":14,"channels4":5,"channels5":3,"kernel_size1":18,"batch_size":4,"learning_rate":0.00297934819451575}]
[20:44:42] w01: Preparing datastores for training and validation...

[20:44:42] w01: Using single frequency datastore for frequency index 4

[20:44:49] w01: 1 am here before gpu
[20:44:49] w01: 2 am here after gpu
[20:44:49] w01: Training network (Final=0) on gpu for 10 epochs...

[20:45:48] w01: start objective; params=[{"channels1":41,"channels2":16,"channels3":14,"channels4":8,"channels5":2,"kernel_size1":19,"batch_size":4,"learning_rate":0.0014242982697907846}]
[20:45:48] w01: Preparing datastores for training and validation...

[20:45:48] w01: Using single frequency datastore for frequency index 4

[20:45:54] w01: 1 am here before gpu
[20:45:54] w01: 2 am here after gpu
[20:45:54] w01: Training network (Final=0) on gpu for 10 epochs...

[12:58:27] w01: start objective; params=[{"channels1":48,"channels2":31,"kernel_size1":15,"kernel_size2":13,"kernel_size3":10,"dilation_factor":6,"batch_size":16,"learning_rate":0.0029273224093621032}]
[12:58:28] w01: Preparing datastores for training and validation...

[12:58:28] w01: Using single frequency datastore for frequency index 4

[12:58:36] w01: 1 am here before gpu
[12:58:37] w01: 2 am here after gpu
[12:58:52] w01: Training network (Final=0) on gpu for 10 epochs...

[12:59:50] w01: Training failed: Arrays have incompatible sizes for this operation.

[12:59:51] w01: Arrays have incompatible sizes for this operation.

Error in <a href="matlab:matlab.lang.internal.introspective.errorDocCallback('Bayesian_optimization_downsampled_one_path>trainAndEvaluateAE', 'C:\Users\Maria\Documents\Honours Programme\Networks\GAN\src\training\Bayesian_optimization_downsampled_one_path.m', 317)" style="font-weight:bold">Bayesian_optimization_downsampled_one_path>trainAndEvaluateAE</a> (<a href="matlab: opentoline('C:\Users\Maria\Documents\Honours Programme\Networks\GAN\src\training\Bayesian_optimization_downsampled_one_path.m',317,0)">line 317</a>)
            if network_type == 'paper'
                            ^
Error in <a href="matlab:matlab.lang.internal.introspective.errorDocCallback('Bayesian_optimization_downsampled_one_path>@(params)trainAndEvaluateAE(params,dataCfg,''network_type'',network_type)', 'C:\Users\Maria\Documents\Honours Programme\Networks\GAN\src\training\Bayesian_optimization_downsampled_one_path.m', 102)" style="font-weight:bold">Bayesian_optimization_downsampled_one_path>@(params)trainAndEvaluateAE(params,dataCfg,'network_type',network_type)</a> (<a href="matlab: opentoline('C:\Users\Maria\Documents\Honours Programme\Networks\GAN\src\training\Bayesian_optimization_downsampled_one_path.m',102,0)">line 102</a>)
objectiveFcn = @(params) trainAndEvaluateAE(params, dataCfg, 'network_type', network_type);
                         ^^^^^^^^^^^^^^^^^^^^^^^^^^^^^^^^^^^^^^^^^^^^^^^^^^^^^^^^^^^^^^^^^
Error in <a href="matlab:matlab.lang.internal.introspective.errorDocCallback('bayesoptim.callObjFcnParallel>callObjNormallyParallel', 'C:\Program Files\MATLAB\R2024b\toolbox\stats\bayesoptim\+bayesoptim\callObjFcnParallel.m', 45)" style="font-weight:bold">bayesoptim.callObjFcnParallel>callObjNormallyParallel</a> (<a href="matlab: opentoline('C:\Program Files\MATLAB\R2024b\toolbox\stats\bayesoptim\+bayesoptim\callObjFcnParallel.m',45,0)">line 45</a>)
            Objective = ObjectiveFcn(conditionalizedX);
                        ^^^^^^^^^^^^^^^^^^^^^^^^^^^^^^
Error in <a href="matlab:matlab.lang.internal.introspective.errorDocCallback('bayesoptim.callObjFcnParallel', 'C:\Program Files\MATLAB\R2024b\toolbox\stats\bayesoptim\+bayesoptim\callObjFcnParallel.m', 26)" style="font-weight:bold">bayesoptim.callObjFcnParallel</a> (<a href="matlab: opentoline('C:\Program Files\MATLAB\R2024b\toolbox\stats\bayesoptim\+bayesoptim\callObjFcnParallel.m',26,0)">line 26</a>)
            = callObjNormallyParallel(ObjectiveFcn, ObjectiveNargout, NumCoupledConstraints, conditionalizedX);
              ^^^^^^^^^^^^^^^^^^^^^^^^^^^^^^^^^^^^^^^^^^^^^^^^^^^^^^^^^^^^^^^^^^^^^^^^^^^^^^^^^^^^^^^^^^^^^^^^
<a href="matlab:helpview('matlab','error_sizeDimensionsMustMatch')" style="font-weight:bold">Related documentation</a>

[13:00:03] w01: start objective; params=[{"channels1":43,"channels2":22,"kernel_size1":7,"kernel_size2":13,"kernel_size3":12,"dilation_factor":4,"batch_size":8,"learning_rate":0.0078864776127079549}]
[13:00:03] w01: Preparing datastores for training and validation...

[13:00:03] w01: Using single frequency datastore for frequency index 4

[13:00:11] w01: 1 am here before gpu
[13:00:11] w01: 2 am here after gpu
[13:00:13] w01: Training network (Final=0) on gpu for 10 epochs...

[13:01:23] w01: Training failed: Arrays have incompatible sizes for this operation.

[13:01:23] w01: Arrays have incompatible sizes for this operation.

Error in <a href="matlab:matlab.lang.internal.introspective.errorDocCallback('Bayesian_optimization_downsampled_one_path>trainAndEvaluateAE', 'C:\Users\Maria\Documents\Honours Programme\Networks\GAN\src\training\Bayesian_optimization_downsampled_one_path.m', 317)" style="font-weight:bold">Bayesian_optimization_downsampled_one_path>trainAndEvaluateAE</a> (<a href="matlab: opentoline('C:\Users\Maria\Documents\Honours Programme\Networks\GAN\src\training\Bayesian_optimization_downsampled_one_path.m',317,0)">line 317</a>)
            if network_type == 'paper'
                            ^
Error in <a href="matlab:matlab.lang.internal.introspective.errorDocCallback('Bayesian_optimization_downsampled_one_path>@(params)trainAndEvaluateAE(params,dataCfg,''network_type'',network_type)', 'C:\Users\Maria\Documents\Honours Programme\Networks\GAN\src\training\Bayesian_optimization_downsampled_one_path.m', 102)" style="font-weight:bold">Bayesian_optimization_downsampled_one_path>@(params)trainAndEvaluateAE(params,dataCfg,'network_type',network_type)</a> (<a href="matlab: opentoline('C:\Users\Maria\Documents\Honours Programme\Networks\GAN\src\training\Bayesian_optimization_downsampled_one_path.m',102,0)">line 102</a>)
objectiveFcn = @(params) trainAndEvaluateAE(params, dataCfg, 'network_type', network_type);
                         ^^^^^^^^^^^^^^^^^^^^^^^^^^^^^^^^^^^^^^^^^^^^^^^^^^^^^^^^^^^^^^^^^
Error in <a href="matlab:matlab.lang.internal.introspective.errorDocCallback('bayesoptim.callObjFcnParallel>callObjNormallyParallel', 'C:\Program Files\MATLAB\R2024b\toolbox\stats\bayesoptim\+bayesoptim\callObjFcnParallel.m', 45)" style="font-weight:bold">bayesoptim.callObjFcnParallel>callObjNormallyParallel</a> (<a href="matlab: opentoline('C:\Program Files\MATLAB\R2024b\toolbox\stats\bayesoptim\+bayesoptim\callObjFcnParallel.m',45,0)">line 45</a>)
            Objective = ObjectiveFcn(conditionalizedX);
                        ^^^^^^^^^^^^^^^^^^^^^^^^^^^^^^
Error in <a href="matlab:matlab.lang.internal.introspective.errorDocCallback('bayesoptim.callObjFcnParallel', 'C:\Program Files\MATLAB\R2024b\toolbox\stats\bayesoptim\+bayesoptim\callObjFcnParallel.m', 12)" style="font-weight:bold">bayesoptim.callObjFcnParallel</a> (<a href="matlab: opentoline('C:\Program Files\MATLAB\R2024b\toolbox\stats\bayesoptim\+bayesoptim\callObjFcnParallel.m',12,0)">line 12</a>)
        = callObjNormallyParallel(ObjectiveFcn, ObjectiveNargout, NumCoupledConstraints, conditionalizedX);
          ^^^^^^^^^^^^^^^^^^^^^^^^^^^^^^^^^^^^^^^^^^^^^^^^^^^^^^^^^^^^^^^^^^^^^^^^^^^^^^^^^^^^^^^^^^^^^^^^
<a href="matlab:helpview('matlab','error_sizeDimensionsMustMatch')" style="font-weight:bold">Related documentation</a>

[13:01:24] w01: start objective; params=[{"channels1":62,"channels2":24,"kernel_size1":8,"kernel_size2":13,"kernel_size3":12,"dilation_factor":7,"batch_size":8,"learning_rate":0.0011827681627659908}]
[13:01:24] w01: Preparing datastores for training and validation...

[13:01:24] w01: Using single frequency datastore for frequency index 4

[13:01:31] w01: 1 am here before gpu
[13:01:31] w01: 2 am here after gpu
[13:01:33] w01: Training network (Final=0) on gpu for 10 epochs...

[13:02:26] w01: Training failed: Arrays have incompatible sizes for this operation.

[13:02:26] w01: Arrays have incompatible sizes for this operation.

Error in <a href="matlab:matlab.lang.internal.introspective.errorDocCallback('Bayesian_optimization_downsampled_one_path>trainAndEvaluateAE', 'C:\Users\Maria\Documents\Honours Programme\Networks\GAN\src\training\Bayesian_optimization_downsampled_one_path.m', 317)" style="font-weight:bold">Bayesian_optimization_downsampled_one_path>trainAndEvaluateAE</a> (<a href="matlab: opentoline('C:\Users\Maria\Documents\Honours Programme\Networks\GAN\src\training\Bayesian_optimization_downsampled_one_path.m',317,0)">line 317</a>)
            if network_type == 'paper'
                            ^
Error in <a href="matlab:matlab.lang.internal.introspective.errorDocCallback('Bayesian_optimization_downsampled_one_path>@(params)trainAndEvaluateAE(params,dataCfg,''network_type'',network_type)', 'C:\Users\Maria\Documents\Honours Programme\Networks\GAN\src\training\Bayesian_optimization_downsampled_one_path.m', 102)" style="font-weight:bold">Bayesian_optimization_downsampled_one_path>@(params)trainAndEvaluateAE(params,dataCfg,'network_type',network_type)</a> (<a href="matlab: opentoline('C:\Users\Maria\Documents\Honours Programme\Networks\GAN\src\training\Bayesian_optimization_downsampled_one_path.m',102,0)">line 102</a>)
objectiveFcn = @(params) trainAndEvaluateAE(params, dataCfg, 'network_type', network_type);
                         ^^^^^^^^^^^^^^^^^^^^^^^^^^^^^^^^^^^^^^^^^^^^^^^^^^^^^^^^^^^^^^^^^
Error in <a href="matlab:matlab.lang.internal.introspective.errorDocCallback('bayesoptim.callObjFcnParallel>callObjNormallyParallel', 'C:\Program Files\MATLAB\R2024b\toolbox\stats\bayesoptim\+bayesoptim\callObjFcnParallel.m', 45)" style="font-weight:bold">bayesoptim.callObjFcnParallel>callObjNormallyParallel</a> (<a href="matlab: opentoline('C:\Program Files\MATLAB\R2024b\toolbox\stats\bayesoptim\+bayesoptim\callObjFcnParallel.m',45,0)">line 45</a>)
            Objective = ObjectiveFcn(conditionalizedX);
                        ^^^^^^^^^^^^^^^^^^^^^^^^^^^^^^
Error in <a href="matlab:matlab.lang.internal.introspective.errorDocCallback('bayesoptim.callObjFcnParallel', 'C:\Program Files\MATLAB\R2024b\toolbox\stats\bayesoptim\+bayesoptim\callObjFcnParallel.m', 12)" style="font-weight:bold">bayesoptim.callObjFcnParallel</a> (<a href="matlab: opentoline('C:\Program Files\MATLAB\R2024b\toolbox\stats\bayesoptim\+bayesoptim\callObjFcnParallel.m',12,0)">line 12</a>)
        = callObjNormallyParallel(ObjectiveFcn, ObjectiveNargout, NumCoupledConstraints, conditionalizedX);
          ^^^^^^^^^^^^^^^^^^^^^^^^^^^^^^^^^^^^^^^^^^^^^^^^^^^^^^^^^^^^^^^^^^^^^^^^^^^^^^^^^^^^^^^^^^^^^^^^
<a href="matlab:helpview('matlab','error_sizeDimensionsMustMatch')" style="font-weight:bold">Related documentation</a>

[13:02:27] w01: start objective; params=[{"channels1":38,"channels2":26,"kernel_size1":14,"kernel_size2":11,"kernel_size3":12,"dilation_factor":3,"batch_size":16,"learning_rate":0.0074482494625100273}]
[13:02:27] w01: Preparing datastores for training and validation...

[13:02:27] w01: Using single frequency datastore for frequency index 4

[13:02:34] w01: 1 am here before gpu
[13:02:34] w01: 2 am here after gpu
[13:02:35] w01: Training network (Final=0) on gpu for 10 epochs...

[13:02:54] w01: Training failed: Arrays have incompatible sizes for this operation.

[13:02:54] w01: Arrays have incompatible sizes for this operation.

Error in <a href="matlab:matlab.lang.internal.introspective.errorDocCallback('Bayesian_optimization_downsampled_one_path>trainAndEvaluateAE', 'C:\Users\Maria\Documents\Honours Programme\Networks\GAN\src\training\Bayesian_optimization_downsampled_one_path.m', 317)" style="font-weight:bold">Bayesian_optimization_downsampled_one_path>trainAndEvaluateAE</a> (<a href="matlab: opentoline('C:\Users\Maria\Documents\Honours Programme\Networks\GAN\src\training\Bayesian_optimization_downsampled_one_path.m',317,0)">line 317</a>)
            if network_type == 'paper'
                            ^
Error in <a href="matlab:matlab.lang.internal.introspective.errorDocCallback('Bayesian_optimization_downsampled_one_path>@(params)trainAndEvaluateAE(params,dataCfg,''network_type'',network_type)', 'C:\Users\Maria\Documents\Honours Programme\Networks\GAN\src\training\Bayesian_optimization_downsampled_one_path.m', 102)" style="font-weight:bold">Bayesian_optimization_downsampled_one_path>@(params)trainAndEvaluateAE(params,dataCfg,'network_type',network_type)</a> (<a href="matlab: opentoline('C:\Users\Maria\Documents\Honours Programme\Networks\GAN\src\training\Bayesian_optimization_downsampled_one_path.m',102,0)">line 102</a>)
objectiveFcn = @(params) trainAndEvaluateAE(params, dataCfg, 'network_type', network_type);
                         ^^^^^^^^^^^^^^^^^^^^^^^^^^^^^^^^^^^^^^^^^^^^^^^^^^^^^^^^^^^^^^^^^
Error in <a href="matlab:matlab.lang.internal.introspective.errorDocCallback('bayesoptim.callObjFcnParallel>callObjNormallyParallel', 'C:\Program Files\MATLAB\R2024b\toolbox\stats\bayesoptim\+bayesoptim\callObjFcnParallel.m', 45)" style="font-weight:bold">bayesoptim.callObjFcnParallel>callObjNormallyParallel</a> (<a href="matlab: opentoline('C:\Program Files\MATLAB\R2024b\toolbox\stats\bayesoptim\+bayesoptim\callObjFcnParallel.m',45,0)">line 45</a>)
            Objective = ObjectiveFcn(conditionalizedX);
                        ^^^^^^^^^^^^^^^^^^^^^^^^^^^^^^
Error in <a href="matlab:matlab.lang.internal.introspective.errorDocCallback('bayesoptim.callObjFcnParallel', 'C:\Program Files\MATLAB\R2024b\toolbox\stats\bayesoptim\+bayesoptim\callObjFcnParallel.m', 12)" style="font-weight:bold">bayesoptim.callObjFcnParallel</a> (<a href="matlab: opentoline('C:\Program Files\MATLAB\R2024b\toolbox\stats\bayesoptim\+bayesoptim\callObjFcnParallel.m',12,0)">line 12</a>)
        = callObjNormallyParallel(ObjectiveFcn, ObjectiveNargout, NumCoupledConstraints, conditionalizedX);
          ^^^^^^^^^^^^^^^^^^^^^^^^^^^^^^^^^^^^^^^^^^^^^^^^^^^^^^^^^^^^^^^^^^^^^^^^^^^^^^^^^^^^^^^^^^^^^^^^
<a href="matlab:helpview('matlab','error_sizeDimensionsMustMatch')" style="font-weight:bold">Related documentation</a>

[13:02:55] w01: start objective; params=[{"channels1":53,"channels2":22,"kernel_size1":10,"kernel_size2":15,"kernel_size3":13,"dilation_factor":3,"batch_size":15,"learning_rate":0.0022269659476660433}]
[13:02:55] w01: Preparing datastores for training and validation...

[13:02:55] w01: Using single frequency datastore for frequency index 4

[13:03:02] w01: 1 am here before gpu
[13:03:02] w01: 2 am here after gpu
[13:03:04] w01: Training network (Final=0) on gpu for 10 epochs...

[13:03:25] w01: Training failed: Arrays have incompatible sizes for this operation.

[13:03:25] w01: Arrays have incompatible sizes for this operation.

Error in <a href="matlab:matlab.lang.internal.introspective.errorDocCallback('Bayesian_optimization_downsampled_one_path>trainAndEvaluateAE', 'C:\Users\Maria\Documents\Honours Programme\Networks\GAN\src\training\Bayesian_optimization_downsampled_one_path.m', 317)" style="font-weight:bold">Bayesian_optimization_downsampled_one_path>trainAndEvaluateAE</a> (<a href="matlab: opentoline('C:\Users\Maria\Documents\Honours Programme\Networks\GAN\src\training\Bayesian_optimization_downsampled_one_path.m',317,0)">line 317</a>)
            if network_type == 'paper'
                            ^
Error in <a href="matlab:matlab.lang.internal.introspective.errorDocCallback('Bayesian_optimization_downsampled_one_path>@(params)trainAndEvaluateAE(params,dataCfg,''network_type'',network_type)', 'C:\Users\Maria\Documents\Honours Programme\Networks\GAN\src\training\Bayesian_optimization_downsampled_one_path.m', 102)" style="font-weight:bold">Bayesian_optimization_downsampled_one_path>@(params)trainAndEvaluateAE(params,dataCfg,'network_type',network_type)</a> (<a href="matlab: opentoline('C:\Users\Maria\Documents\Honours Programme\Networks\GAN\src\training\Bayesian_optimization_downsampled_one_path.m',102,0)">line 102</a>)
objectiveFcn = @(params) trainAndEvaluateAE(params, dataCfg, 'network_type', network_type);
                         ^^^^^^^^^^^^^^^^^^^^^^^^^^^^^^^^^^^^^^^^^^^^^^^^^^^^^^^^^^^^^^^^^
Error in <a href="matlab:matlab.lang.internal.introspective.errorDocCallback('bayesoptim.callObjFcnParallel>callObjNormallyParallel', 'C:\Program Files\MATLAB\R2024b\toolbox\stats\bayesoptim\+bayesoptim\callObjFcnParallel.m', 45)" style="font-weight:bold">bayesoptim.callObjFcnParallel>callObjNormallyParallel</a> (<a href="matlab: opentoline('C:\Program Files\MATLAB\R2024b\toolbox\stats\bayesoptim\+bayesoptim\callObjFcnParallel.m',45,0)">line 45</a>)
            Objective = ObjectiveFcn(conditionalizedX);
                        ^^^^^^^^^^^^^^^^^^^^^^^^^^^^^^
Error in <a href="matlab:matlab.lang.internal.introspective.errorDocCallback('bayesoptim.callObjFcnParallel', 'C:\Program Files\MATLAB\R2024b\toolbox\stats\bayesoptim\+bayesoptim\callObjFcnParallel.m', 12)" style="font-weight:bold">bayesoptim.callObjFcnParallel</a> (<a href="matlab: opentoline('C:\Program Files\MATLAB\R2024b\toolbox\stats\bayesoptim\+bayesoptim\callObjFcnParallel.m',12,0)">line 12</a>)
        = callObjNormallyParallel(ObjectiveFcn, ObjectiveNargout, NumCoupledConstraints, conditionalizedX);
          ^^^^^^^^^^^^^^^^^^^^^^^^^^^^^^^^^^^^^^^^^^^^^^^^^^^^^^^^^^^^^^^^^^^^^^^^^^^^^^^^^^^^^^^^^^^^^^^^
<a href="matlab:helpview('matlab','error_sizeDimensionsMustMatch')" style="font-weight:bold">Related documentation</a>

[13:03:26] w01: start objective; params=[{"channels1":54,"channels2":26,"kernel_size1":8,"kernel_size2":14,"kernel_size3":12,"dilation_factor":5,"batch_size":11,"learning_rate":0.0012954585144982272}]
[13:03:26] w01: Preparing datastores for training and validation...

[13:03:26] w01: Using single frequency datastore for frequency index 4

[13:03:33] w01: 1 am here before gpu
[13:03:33] w01: 2 am here after gpu
[13:03:34] w01: Training network (Final=0) on gpu for 10 epochs...

[13:04:14] w01: Training failed: Arrays have incompatible sizes for this operation.

[13:04:14] w01: Arrays have incompatible sizes for this operation.

Error in <a href="matlab:matlab.lang.internal.introspective.errorDocCallback('Bayesian_optimization_downsampled_one_path>trainAndEvaluateAE', 'C:\Users\Maria\Documents\Honours Programme\Networks\GAN\src\training\Bayesian_optimization_downsampled_one_path.m', 317)" style="font-weight:bold">Bayesian_optimization_downsampled_one_path>trainAndEvaluateAE</a> (<a href="matlab: opentoline('C:\Users\Maria\Documents\Honours Programme\Networks\GAN\src\training\Bayesian_optimization_downsampled_one_path.m',317,0)">line 317</a>)
            if network_type == 'paper'
                            ^
Error in <a href="matlab:matlab.lang.internal.introspective.errorDocCallback('Bayesian_optimization_downsampled_one_path>@(params)trainAndEvaluateAE(params,dataCfg,''network_type'',network_type)', 'C:\Users\Maria\Documents\Honours Programme\Networks\GAN\src\training\Bayesian_optimization_downsampled_one_path.m', 102)" style="font-weight:bold">Bayesian_optimization_downsampled_one_path>@(params)trainAndEvaluateAE(params,dataCfg,'network_type',network_type)</a> (<a href="matlab: opentoline('C:\Users\Maria\Documents\Honours Programme\Networks\GAN\src\training\Bayesian_optimization_downsampled_one_path.m',102,0)">line 102</a>)
objectiveFcn = @(params) trainAndEvaluateAE(params, dataCfg, 'network_type', network_type);
                         ^^^^^^^^^^^^^^^^^^^^^^^^^^^^^^^^^^^^^^^^^^^^^^^^^^^^^^^^^^^^^^^^^
Error in <a href="matlab:matlab.lang.internal.introspective.errorDocCallback('bayesoptim.callObjFcnParallel>callObjNormallyParallel', 'C:\Program Files\MATLAB\R2024b\toolbox\stats\bayesoptim\+bayesoptim\callObjFcnParallel.m', 45)" style="font-weight:bold">bayesoptim.callObjFcnParallel>callObjNormallyParallel</a> (<a href="matlab: opentoline('C:\Program Files\MATLAB\R2024b\toolbox\stats\bayesoptim\+bayesoptim\callObjFcnParallel.m',45,0)">line 45</a>)
            Objective = ObjectiveFcn(conditionalizedX);
                        ^^^^^^^^^^^^^^^^^^^^^^^^^^^^^^
Error in <a href="matlab:matlab.lang.internal.introspective.errorDocCallback('bayesoptim.callObjFcnParallel', 'C:\Program Files\MATLAB\R2024b\toolbox\stats\bayesoptim\+bayesoptim\callObjFcnParallel.m', 12)" style="font-weight:bold">bayesoptim.callObjFcnParallel</a> (<a href="matlab: opentoline('C:\Program Files\MATLAB\R2024b\toolbox\stats\bayesoptim\+bayesoptim\callObjFcnParallel.m',12,0)">line 12</a>)
        = callObjNormallyParallel(ObjectiveFcn, ObjectiveNargout, NumCoupledConstraints, conditionalizedX);
          ^^^^^^^^^^^^^^^^^^^^^^^^^^^^^^^^^^^^^^^^^^^^^^^^^^^^^^^^^^^^^^^^^^^^^^^^^^^^^^^^^^^^^^^^^^^^^^^^
<a href="matlab:helpview('matlab','error_sizeDimensionsMustMatch')" style="font-weight:bold">Related documentation</a>

[13:04:15] w01: start objective; params=[{"channels1":50,"channels2":21,"kernel_size1":14,"kernel_size2":14,"kernel_size3":11,"dilation_factor":4,"batch_size":7,"learning_rate":0.0084940024299425144}]
[13:04:15] w01: Preparing datastores for training and validation...

[13:04:15] w01: Using single frequency datastore for frequency index 4

[13:04:24] w01: 1 am here before gpu
[13:04:24] w01: 2 am here after gpu
[13:04:24] w01: Training network (Final=0) on gpu for 10 epochs...

[13:06:03] w01: Training failed: Arrays have incompatible sizes for this operation.

[13:06:03] w01: Arrays have incompatible sizes for this operation.

Error in <a href="matlab:matlab.lang.internal.introspective.errorDocCallback('Bayesian_optimization_downsampled_one_path>trainAndEvaluateAE', 'C:\Users\Maria\Documents\Honours Programme\Networks\GAN\src\training\Bayesian_optimization_downsampled_one_path.m', 317)" style="font-weight:bold">Bayesian_optimization_downsampled_one_path>trainAndEvaluateAE</a> (<a href="matlab: opentoline('C:\Users\Maria\Documents\Honours Programme\Networks\GAN\src\training\Bayesian_optimization_downsampled_one_path.m',317,0)">line 317</a>)
        if single_freq
        ^^^^^^^^^^^^^^
Error in <a href="matlab:matlab.lang.internal.introspective.errorDocCallback('Bayesian_optimization_downsampled_one_path>@(params)trainAndEvaluateAE(params,dataCfg,''network_type'',network_type)', 'C:\Users\Maria\Documents\Honours Programme\Networks\GAN\src\training\Bayesian_optimization_downsampled_one_path.m', 102)" style="font-weight:bold">Bayesian_optimization_downsampled_one_path>@(params)trainAndEvaluateAE(params,dataCfg,'network_type',network_type)</a> (<a href="matlab: opentoline('C:\Users\Maria\Documents\Honours Programme\Networks\GAN\src\training\Bayesian_optimization_downsampled_one_path.m',102,0)">line 102</a>)
objectiveFcn = @(params) trainAndEvaluateAE(params, dataCfg, 'network_type', network_type);
                         ^^^^^^^^^^^^^^^^^^^^^^^^^^^^^^^^^^^^^^^^^^^^^^^^^^^^^^^^^^^^^^^^^
Error in <a href="matlab:matlab.lang.internal.introspective.errorDocCallback('bayesoptim.callObjFcnParallel>callObjNormallyParallel', 'C:\Program Files\MATLAB\R2024b\toolbox\stats\bayesoptim\+bayesoptim\callObjFcnParallel.m', 45)" style="font-weight:bold">bayesoptim.callObjFcnParallel>callObjNormallyParallel</a> (<a href="matlab: opentoline('C:\Program Files\MATLAB\R2024b\toolbox\stats\bayesoptim\+bayesoptim\callObjFcnParallel.m',45,0)">line 45</a>)
            Objective = ObjectiveFcn(conditionalizedX);
                        ^^^^^^^^^^^^^^^^^^^^^^^^^^^^^^
Error in <a href="matlab:matlab.lang.internal.introspective.errorDocCallback('bayesoptim.callObjFcnParallel', 'C:\Program Files\MATLAB\R2024b\toolbox\stats\bayesoptim\+bayesoptim\callObjFcnParallel.m', 12)" style="font-weight:bold">bayesoptim.callObjFcnParallel</a> (<a href="matlab: opentoline('C:\Program Files\MATLAB\R2024b\toolbox\stats\bayesoptim\+bayesoptim\callObjFcnParallel.m',12,0)">line 12</a>)
        = callObjNormallyParallel(ObjectiveFcn, ObjectiveNargout, NumCoupledConstraints, conditionalizedX);
          ^^^^^^^^^^^^^^^^^^^^^^^^^^^^^^^^^^^^^^^^^^^^^^^^^^^^^^^^^^^^^^^^^^^^^^^^^^^^^^^^^^^^^^^^^^^^^^^^
<a href="matlab:helpview('matlab','error_sizeDimensionsMustMatch')" style="font-weight:bold">Related documentation</a>

[13:06:04] w01: start objective; params=[{"channels1":33,"channels2":31,"kernel_size1":19,"kernel_size2":11,"kernel_size3":12,"dilation_factor":4,"batch_size":12,"learning_rate":0.0022002626207152706}]
[13:06:04] w01: Preparing datastores for training and validation...

[13:06:04] w01: Using single frequency datastore for frequency index 4

[13:06:12] w01: 1 am here before gpu
[13:06:12] w01: 2 am here after gpu
[13:06:12] w01: Training network (Final=0) on gpu for 10 epochs...

[13:06:50] w01: Training failed: Arrays have incompatible sizes for this operation.

[13:06:50] w01: Arrays have incompatible sizes for this operation.

Error in <a href="matlab:matlab.lang.internal.introspective.errorDocCallback('Bayesian_optimization_downsampled_one_path>trainAndEvaluateAE', 'C:\Users\Maria\Documents\Honours Programme\Networks\GAN\src\training\Bayesian_optimization_downsampled_one_path.m', 317)" style="font-weight:bold">Bayesian_optimization_downsampled_one_path>trainAndEvaluateAE</a> (<a href="matlab: opentoline('C:\Users\Maria\Documents\Honours Programme\Networks\GAN\src\training\Bayesian_optimization_downsampled_one_path.m',317,0)">line 317</a>)
        if final_training
        ^^^^^^^^^^^^^^^^^
Error in <a href="matlab:matlab.lang.internal.introspective.errorDocCallback('Bayesian_optimization_downsampled_one_path>@(params)trainAndEvaluateAE(params,dataCfg,''network_type'',network_type)', 'C:\Users\Maria\Documents\Honours Programme\Networks\GAN\src\training\Bayesian_optimization_downsampled_one_path.m', 102)" style="font-weight:bold">Bayesian_optimization_downsampled_one_path>@(params)trainAndEvaluateAE(params,dataCfg,'network_type',network_type)</a> (<a href="matlab: opentoline('C:\Users\Maria\Documents\Honours Programme\Networks\GAN\src\training\Bayesian_optimization_downsampled_one_path.m',102,0)">line 102</a>)
objectiveFcn = @(params) trainAndEvaluateAE(params, dataCfg, 'network_type', network_type);
                         ^^^^^^^^^^^^^^^^^^^^^^^^^^^^^^^^^^^^^^^^^^^^^^^^^^^^^^^^^^^^^^^^^
Error in <a href="matlab:matlab.lang.internal.introspective.errorDocCallback('bayesoptim.callObjFcnParallel>callObjNormallyParallel', 'C:\Program Files\MATLAB\R2024b\toolbox\stats\bayesoptim\+bayesoptim\callObjFcnParallel.m', 45)" style="font-weight:bold">bayesoptim.callObjFcnParallel>callObjNormallyParallel</a> (<a href="matlab: opentoline('C:\Program Files\MATLAB\R2024b\toolbox\stats\bayesoptim\+bayesoptim\callObjFcnParallel.m',45,0)">line 45</a>)
            Objective = ObjectiveFcn(conditionalizedX);
                        ^^^^^^^^^^^^^^^^^^^^^^^^^^^^^^
Error in <a href="matlab:matlab.lang.internal.introspective.errorDocCallback('bayesoptim.callObjFcnParallel', 'C:\Program Files\MATLAB\R2024b\toolbox\stats\bayesoptim\+bayesoptim\callObjFcnParallel.m', 12)" style="font-weight:bold">bayesoptim.callObjFcnParallel</a> (<a href="matlab: opentoline('C:\Program Files\MATLAB\R2024b\toolbox\stats\bayesoptim\+bayesoptim\callObjFcnParallel.m',12,0)">line 12</a>)
        = callObjNormallyParallel(ObjectiveFcn, ObjectiveNargout, NumCoupledConstraints, conditionalizedX);
          ^^^^^^^^^^^^^^^^^^^^^^^^^^^^^^^^^^^^^^^^^^^^^^^^^^^^^^^^^^^^^^^^^^^^^^^^^^^^^^^^^^^^^^^^^^^^^^^^
<a href="matlab:helpview('matlab','error_sizeDimensionsMustMatch')" style="font-weight:bold">Related documentation</a>

[13:06:51] w01: start objective; params=[{"channels1":36,"channels2":18,"kernel_size1":16,"kernel_size2":15,"kernel_size3":13,"dilation_factor":7,"batch_size":8,"learning_rate":0.0027027339719154593}]
[13:06:51] w01: Preparing datastores for training and validation...

[13:06:51] w01: Using single frequency datastore for frequency index 4

[13:06:59] w01: 1 am here before gpu
[13:06:59] w01: 2 am here after gpu
[13:07:00] w01: Training network (Final=0) on gpu for 10 epochs...

[13:08:07] w01: Training failed: Arrays have incompatible sizes for this operation.

[13:08:07] w01: Arrays have incompatible sizes for this operation.

Error in <a href="matlab:matlab.lang.internal.introspective.errorDocCallback('Bayesian_optimization_downsampled_one_path>trainAndEvaluateAE', 'C:\Users\Maria\Documents\Honours Programme\Networks\GAN\src\training\Bayesian_optimization_downsampled_one_path.m', 317)" style="font-weight:bold">Bayesian_optimization_downsampled_one_path>trainAndEvaluateAE</a> (<a href="matlab: opentoline('C:\Users\Maria\Documents\Honours Programme\Networks\GAN\src\training\Bayesian_optimization_downsampled_one_path.m',317,0)">line 317</a>)
        if final_training
        ^^^^^^^^^^^^^^^^^
Error in <a href="matlab:matlab.lang.internal.introspective.errorDocCallback('Bayesian_optimization_downsampled_one_path>@(params)trainAndEvaluateAE(params,dataCfg,''network_type'',network_type)', 'C:\Users\Maria\Documents\Honours Programme\Networks\GAN\src\training\Bayesian_optimization_downsampled_one_path.m', 102)" style="font-weight:bold">Bayesian_optimization_downsampled_one_path>@(params)trainAndEvaluateAE(params,dataCfg,'network_type',network_type)</a> (<a href="matlab: opentoline('C:\Users\Maria\Documents\Honours Programme\Networks\GAN\src\training\Bayesian_optimization_downsampled_one_path.m',102,0)">line 102</a>)
objectiveFcn = @(params) trainAndEvaluateAE(params, dataCfg, 'network_type', network_type);
                         ^^^^^^^^^^^^^^^^^^^^^^^^^^^^^^^^^^^^^^^^^^^^^^^^^^^^^^^^^^^^^^^^^
Error in <a href="matlab:matlab.lang.internal.introspective.errorDocCallback('bayesoptim.callObjFcnParallel>callObjNormallyParallel', 'C:\Program Files\MATLAB\R2024b\toolbox\stats\bayesoptim\+bayesoptim\callObjFcnParallel.m', 45)" style="font-weight:bold">bayesoptim.callObjFcnParallel>callObjNormallyParallel</a> (<a href="matlab: opentoline('C:\Program Files\MATLAB\R2024b\toolbox\stats\bayesoptim\+bayesoptim\callObjFcnParallel.m',45,0)">line 45</a>)
            Objective = ObjectiveFcn(conditionalizedX);
                        ^^^^^^^^^^^^^^^^^^^^^^^^^^^^^^
Error in <a href="matlab:matlab.lang.internal.introspective.errorDocCallback('bayesoptim.callObjFcnParallel', 'C:\Program Files\MATLAB\R2024b\toolbox\stats\bayesoptim\+bayesoptim\callObjFcnParallel.m', 12)" style="font-weight:bold">bayesoptim.callObjFcnParallel</a> (<a href="matlab: opentoline('C:\Program Files\MATLAB\R2024b\toolbox\stats\bayesoptim\+bayesoptim\callObjFcnParallel.m',12,0)">line 12</a>)
        = callObjNormallyParallel(ObjectiveFcn, ObjectiveNargout, NumCoupledConstraints, conditionalizedX);
          ^^^^^^^^^^^^^^^^^^^^^^^^^^^^^^^^^^^^^^^^^^^^^^^^^^^^^^^^^^^^^^^^^^^^^^^^^^^^^^^^^^^^^^^^^^^^^^^^
<a href="matlab:helpview('matlab','error_sizeDimensionsMustMatch')" style="font-weight:bold">Related documentation</a>

[13:08:08] w01: start objective; params=[{"channels1":44,"channels2":29,"kernel_size1":13,"kernel_size2":13,"kernel_size3":12,"dilation_factor":3,"batch_size":13,"learning_rate":0.0027487969074248522}]
[13:08:08] w01: Preparing datastores for training and validation...

[13:08:08] w01: Using single frequency datastore for frequency index 4

[13:08:16] w01: 1 am here before gpu
[13:08:16] w01: 2 am here after gpu
[13:08:16] w01: Training network (Final=0) on gpu for 10 epochs...

[13:08:58] w01: Training failed: Arrays have incompatible sizes for this operation.

[13:08:58] w01: Arrays have incompatible sizes for this operation.

Error in <a href="matlab:matlab.lang.internal.introspective.errorDocCallback('Bayesian_optimization_downsampled_one_path>trainAndEvaluateAE', 'C:\Users\Maria\Documents\Honours Programme\Networks\GAN\src\training\Bayesian_optimization_downsampled_one_path.m', 317)" style="font-weight:bold">Bayesian_optimization_downsampled_one_path>trainAndEvaluateAE</a> (<a href="matlab: opentoline('C:\Users\Maria\Documents\Honours Programme\Networks\GAN\src\training\Bayesian_optimization_downsampled_one_path.m',317,0)">line 317</a>)
        if final_training
        ^^^^^^^^^^^^^^^^^
Error in <a href="matlab:matlab.lang.internal.introspective.errorDocCallback('Bayesian_optimization_downsampled_one_path>@(params)trainAndEvaluateAE(params,dataCfg,''network_type'',network_type)', 'C:\Users\Maria\Documents\Honours Programme\Networks\GAN\src\training\Bayesian_optimization_downsampled_one_path.m', 102)" style="font-weight:bold">Bayesian_optimization_downsampled_one_path>@(params)trainAndEvaluateAE(params,dataCfg,'network_type',network_type)</a> (<a href="matlab: opentoline('C:\Users\Maria\Documents\Honours Programme\Networks\GAN\src\training\Bayesian_optimization_downsampled_one_path.m',102,0)">line 102</a>)
objectiveFcn = @(params) trainAndEvaluateAE(params, dataCfg, 'network_type', network_type);
                         ^^^^^^^^^^^^^^^^^^^^^^^^^^^^^^^^^^^^^^^^^^^^^^^^^^^^^^^^^^^^^^^^^
Error in <a href="matlab:matlab.lang.internal.introspective.errorDocCallback('bayesoptim.callObjFcnParallel>callObjNormallyParallel', 'C:\Program Files\MATLAB\R2024b\toolbox\stats\bayesoptim\+bayesoptim\callObjFcnParallel.m', 45)" style="font-weight:bold">bayesoptim.callObjFcnParallel>callObjNormallyParallel</a> (<a href="matlab: opentoline('C:\Program Files\MATLAB\R2024b\toolbox\stats\bayesoptim\+bayesoptim\callObjFcnParallel.m',45,0)">line 45</a>)
            Objective = ObjectiveFcn(conditionalizedX);
                        ^^^^^^^^^^^^^^^^^^^^^^^^^^^^^^
Error in <a href="matlab:matlab.lang.internal.introspective.errorDocCallback('bayesoptim.callObjFcnParallel', 'C:\Program Files\MATLAB\R2024b\toolbox\stats\bayesoptim\+bayesoptim\callObjFcnParallel.m', 12)" style="font-weight:bold">bayesoptim.callObjFcnParallel</a> (<a href="matlab: opentoline('C:\Program Files\MATLAB\R2024b\toolbox\stats\bayesoptim\+bayesoptim\callObjFcnParallel.m',12,0)">line 12</a>)
        = callObjNormallyParallel(ObjectiveFcn, ObjectiveNargout, NumCoupledConstraints, conditionalizedX);
          ^^^^^^^^^^^^^^^^^^^^^^^^^^^^^^^^^^^^^^^^^^^^^^^^^^^^^^^^^^^^^^^^^^^^^^^^^^^^^^^^^^^^^^^^^^^^^^^^
<a href="matlab:helpview('matlab','error_sizeDimensionsMustMatch')" style="font-weight:bold">Related documentation</a>

[13:09:00] w01: start objective; params=[{"channels1":45,"channels2":25,"kernel_size1":11,"kernel_size2":13,"kernel_size3":12,"dilation_factor":3,"batch_size":8,"learning_rate":0.0011700003904627655}]
[13:09:00] w01: Preparing datastores for training and validation...

[13:09:00] w01: Using single frequency datastore for frequency index 4

[13:09:13] w01: 1 am here before gpu
[13:09:13] w01: 2 am here after gpu
[13:09:14] w01: Training network (Final=0) on gpu for 10 epochs...

[13:15:06] w01: start objective; params=[{"channels1":48,"channels2":31,"kernel_size1":15,"kernel_size2":13,"kernel_size3":10,"dilation_factor":6,"batch_size":16,"learning_rate":0.0029273224093621032}]
[13:15:06] w01: Preparing datastores for training and validation...

[13:15:06] w01: Using single frequency datastore for frequency index 4

[13:15:09] w01: 1 am here before gpu
[13:15:10] w01: 2 am here after gpu
[13:15:10] w01: Training network (Final=0) on gpu for 10 epochs...

[13:15:23] w01: start objective; params=[{"channels1":46,"channels2":17,"kernel_size1":11,"kernel_size2":12,"kernel_size3":11,"dilation_factor":7,"batch_size":8,"learning_rate":0.00862954847946302}]
[13:15:23] w01: Preparing datastores for training and validation...

[13:15:23] w01: Using single frequency datastore for frequency index 4

[13:15:27] w01: 1 am here before gpu
[13:15:27] w01: 2 am here after gpu
[13:15:28] w01: Training network (Final=0) on gpu for 10 epochs...

[13:16:15] w01: start objective; params=[{"channels1":37,"channels2":30,"kernel_size1":15,"kernel_size2":12,"kernel_size3":11,"dilation_factor":3,"batch_size":12,"learning_rate":0.0015262837233329331}]
[13:16:15] w01: Preparing datastores for training and validation...

[13:16:15] w01: Using single frequency datastore for frequency index 4

[13:16:24] w01: 1 am here before gpu
[13:16:24] w01: 2 am here after gpu
[13:16:25] w01: Training network (Final=0) on gpu for 10 epochs...

[13:17:09] w01: start objective; params=[{"channels1":64,"channels2":32,"kernel_size1":11,"kernel_size2":11,"kernel_size3":15,"dilation_factor":6,"batch_size":10,"learning_rate":0.0030308536839773735}]
[13:17:09] w01: Preparing datastores for training and validation...

[13:17:09] w01: Using single frequency datastore for frequency index 4

[13:17:16] w01: 1 am here before gpu
[13:17:16] w01: 2 am here after gpu
[13:17:18] w01: Training network (Final=0) on gpu for 10 epochs...

[13:18:07] w01: start objective; params=[{"channels1":63,"channels2":21,"kernel_size1":17,"kernel_size2":12,"kernel_size3":14,"dilation_factor":6,"batch_size":10,"learning_rate":0.0012076227005365808}]
[13:18:07] w01: Preparing datastores for training and validation...

[13:18:07] w01: Using single frequency datastore for frequency index 4

[13:18:16] w01: 1 am here before gpu
[13:18:16] w01: 2 am here after gpu
[13:18:17] w01: Training network (Final=0) on gpu for 10 epochs...

[13:19:05] w01: start objective; params=[{"channels1":59,"channels2":29,"kernel_size1":12,"kernel_size2":14,"kernel_size3":11,"dilation_factor":4,"batch_size":14,"learning_rate":0.0012068852832942151}]
[13:19:05] w01: Preparing datastores for training and validation...

[13:19:05] w01: Using single frequency datastore for frequency index 4

[13:19:13] w01: 1 am here before gpu
[13:19:13] w01: 2 am here after gpu
[13:19:13] w01: Training network (Final=0) on gpu for 10 epochs...

[13:19:40] w01: start objective; params=[{"channels1":61,"channels2":25,"kernel_size1":12,"kernel_size2":15,"kernel_size3":13,"dilation_factor":4,"batch_size":9,"learning_rate":0.001510943168406532}]
[13:19:40] w01: Preparing datastores for training and validation...

[13:19:40] w01: Using single frequency datastore for frequency index 4

[13:19:47] w01: 1 am here before gpu
[13:19:47] w01: 2 am here after gpu
[13:19:48] w01: Training network (Final=0) on gpu for 10 epochs...

[13:20:30] w01: start objective; params=[{"channels1":62,"channels2":28,"kernel_size1":13,"kernel_size2":15,"kernel_size3":11,"dilation_factor":5,"batch_size":10,"learning_rate":0.0017093435392884521}]
[13:20:30] w01: Preparing datastores for training and validation...

[13:20:30] w01: Using single frequency datastore for frequency index 4

[13:20:38] w01: 1 am here before gpu
[13:20:38] w01: 2 am here after gpu
[13:20:38] w01: Training network (Final=0) on gpu for 10 epochs...

[13:21:18] w01: start objective; params=[{"channels1":47,"channels2":18,"kernel_size1":12,"kernel_size2":14,"kernel_size3":15,"dilation_factor":3,"batch_size":9,"learning_rate":0.0082467667635792146}]
[13:21:18] w01: Preparing datastores for training and validation...

[13:21:18] w01: Using single frequency datastore for frequency index 4

[13:21:25] w01: 1 am here before gpu
[13:21:25] w01: 2 am here after gpu
[13:21:26] w01: Training network (Final=0) on gpu for 10 epochs...

[13:22:07] w01: start objective; params=[{"channels1":41,"channels2":21,"kernel_size1":8,"kernel_size2":14,"kernel_size3":15,"dilation_factor":7,"batch_size":10,"learning_rate":0.0012256845062306378}]
[13:22:07] w01: Preparing datastores for training and validation...

[13:22:07] w01: Using single frequency datastore for frequency index 4

[13:22:14] w01: 1 am here before gpu
[13:22:14] w01: 2 am here after gpu
[13:22:15] w01: Training network (Final=0) on gpu for 10 epochs...

[13:22:55] w01: start objective; params=[{"channels1":61,"channels2":21,"kernel_size1":13,"kernel_size2":15,"kernel_size3":15,"dilation_factor":3,"batch_size":10,"learning_rate":0.0029100980146670782}]
[13:22:55] w01: Preparing datastores for training and validation...

[13:22:55] w01: Using single frequency datastore for frequency index 4

[13:23:09] w01: 1 am here before gpu
[13:23:09] w01: 2 am here after gpu
[13:23:10] w01: Training network (Final=0) on gpu for 10 epochs...

[13:23:55] w01: start objective; params=[{"channels1":58,"channels2":30,"kernel_size1":11,"kernel_size2":13,"kernel_size3":11,"dilation_factor":2,"batch_size":10,"learning_rate":0.0017266029305181457}]
[13:23:55] w01: Preparing datastores for training and validation...

[13:23:55] w01: Using single frequency datastore for frequency index 4

[13:24:03] w01: 1 am here before gpu
[13:24:03] w01: 2 am here after gpu
[13:24:04] w01: Training network (Final=0) on gpu for 10 epochs...

[13:24:49] w01: start objective; params=[{"channels1":61,"channels2":25,"kernel_size1":9,"kernel_size2":14,"kernel_size3":14,"dilation_factor":3,"batch_size":13,"learning_rate":0.0010583746384945198}]
[13:24:49] w01: Preparing datastores for training and validation...

[13:24:49] w01: Using single frequency datastore for frequency index 4

[13:25:00] w01: 1 am here before gpu
[13:25:00] w01: 2 am here after gpu
[13:25:02] w01: Training network (Final=0) on gpu for 10 epochs...

[13:25:44] w01: start objective; params=[{"channels1":61,"channels2":31,"kernel_size1":11,"kernel_size2":15,"kernel_size3":15,"dilation_factor":3,"batch_size":7,"learning_rate":0.001082867914388832}]
[13:25:44] w01: Preparing datastores for training and validation...

[13:25:44] w01: Using single frequency datastore for frequency index 4

[13:25:53] w01: 1 am here before gpu
[13:25:53] w01: 2 am here after gpu
[13:25:54] w01: Training network (Final=0) on gpu for 10 epochs...

[13:27:09] w01: start objective; params=[{"channels1":61,"channels2":17,"kernel_size1":13,"kernel_size2":15,"kernel_size3":15,"dilation_factor":3,"batch_size":8,"learning_rate":0.0013387080324339619}]
[13:27:09] w01: Preparing datastores for training and validation...

[13:27:09] w01: Using single frequency datastore for frequency index 4

[13:27:17] w01: 1 am here before gpu
[13:27:17] w01: 2 am here after gpu
[13:27:17] w01: Training failed: The class architectures_container has no Constant property or Static method named 'helperhelperELU'.

[13:27:17] w01: The class architectures_container has no Constant property or Static method named 'helperhelperELU'.

Error in <a href="matlab:matlab.lang.internal.introspective.errorDocCallback('architectures_container.buildOptimizedNetwork_compressed_downsampled_sin_freq_RES', 'C:\Users\Maria\Documents\Honours Programme\Networks\GAN\src\models\architectures_container.m', 1251)" style="font-weight:bold">architectures_container.buildOptimizedNetwork_compressed_downsampled_sin_freq_RES</a> (<a href="matlab: opentoline('C:\Users\Maria\Documents\Honours Programme\Networks\GAN\src\models\architectures_container.m',1251,0)">line 1251</a>)
                    architectures_container.helperhelperELU(sprintf("elu_dec_6_%d", i))
                    ^^^^^^^^^^^^^^^^^^^^^^^^^^^^^^^^^^^^^^^^^^^^^^^^^^^^^^^^^^^^^^^^^^^
Error in <a href="matlab:matlab.lang.internal.introspective.errorDocCallback('Bayesian_optimization_downsampled_one_path>trainAndEvaluateAE', 'C:\Users\Maria\Documents\Honours Programme\Networks\GAN\src\training\Bayesian_optimization_downsampled_one_path.m', 288)" style="font-weight:bold">Bayesian_optimization_downsampled_one_path>trainAndEvaluateAE</a> (<a href="matlab: opentoline('C:\Users\Maria\Documents\Honours Programme\Networks\GAN\src\training\Bayesian_optimization_downsampled_one_path.m',288,0)">line 288</a>)
            net = architectures_container.buildOptimizedNetwork_compressed_downsampled_sin_freq_RES(params);
                  ^^^^^^^^^^^^^^^^^^^^^^^^^^^^^^^^^^^^^^^^^^^^^^^^^^^^^^^^^^^^^^^^^^^^^^^^^^^^^^^^^^^^^^^^^
Error in <a href="matlab:matlab.lang.internal.introspective.errorDocCallback('Bayesian_optimization_downsampled_one_path>@(params)trainAndEvaluateAE(params,dataCfg,''network_type'',network_type)', 'C:\Users\Maria\Documents\Honours Programme\Networks\GAN\src\training\Bayesian_optimization_downsampled_one_path.m', 102)" style="font-weight:bold">Bayesian_optimization_downsampled_one_path>@(params)trainAndEvaluateAE(params,dataCfg,'network_type',network_type)</a> (<a href="matlab: opentoline('C:\Users\Maria\Documents\Honours Programme\Networks\GAN\src\training\Bayesian_optimization_downsampled_one_path.m',102,0)">line 102</a>)
objectiveFcn = @(params) trainAndEvaluateAE(params, dataCfg, 'network_type', network_type);
                         ^^^^^^^^^^^^^^^^^^^^^^^^^^^^^^^^^^^^^^^^^^^^^^^^^^^^^^^^^^^^^^^^^
Error in <a href="matlab:matlab.lang.internal.introspective.errorDocCallback('bayesoptim.callObjFcnParallel>callObjNormallyParallel', 'C:\Program Files\MATLAB\R2024b\toolbox\stats\bayesoptim\+bayesoptim\callObjFcnParallel.m', 45)" style="font-weight:bold">bayesoptim.callObjFcnParallel>callObjNormallyParallel</a> (<a href="matlab: opentoline('C:\Program Files\MATLAB\R2024b\toolbox\stats\bayesoptim\+bayesoptim\callObjFcnParallel.m',45,0)">line 45</a>)
            Objective = ObjectiveFcn(conditionalizedX);
                        ^^^^^^^^^^^^^^^^^^^^^^^^^^^^^^
Error in <a href="matlab:matlab.lang.internal.introspective.errorDocCallback('bayesoptim.callObjFcnParallel', 'C:\Program Files\MATLAB\R2024b\toolbox\stats\bayesoptim\+bayesoptim\callObjFcnParallel.m', 12)" style="font-weight:bold">bayesoptim.callObjFcnParallel</a> (<a href="matlab: opentoline('C:\Program Files\MATLAB\R2024b\toolbox\stats\bayesoptim\+bayesoptim\callObjFcnParallel.m',12,0)">line 12</a>)
        = callObjNormallyParallel(ObjectiveFcn, ObjectiveNargout, NumCoupledConstraints, conditionalizedX);
          ^^^^^^^^^^^^^^^^^^^^^^^^^^^^^^^^^^^^^^^^^^^^^^^^^^^^^^^^^^^^^^^^^^^^^^^^^^^^^^^^^^^^^^^^^^^^^^^^

[13:27:19] w01: start objective; params=[{"channels1":57,"channels2":28,"kernel_size1":20,"kernel_size2":13,"kernel_size3":15,"dilation_factor":4,"batch_size":8,"learning_rate":0.005389231924300567}]
[13:27:19] w01: Preparing datastores for training and validation...

[13:27:19] w01: Using single frequency datastore for frequency index 4

[13:27:26] w01: 1 am here before gpu
[13:27:26] w01: 2 am here after gpu
[13:27:27] w01: Training failed: The class architectures_container has no Constant property or Static method named 'helperhelperELU'.

[13:27:27] w01: The class architectures_container has no Constant property or Static method named 'helperhelperELU'.

Error in <a href="matlab:matlab.lang.internal.introspective.errorDocCallback('architectures_container.buildOptimizedNetwork_compressed_downsampled_sin_freq_RES', 'C:\Users\Maria\Documents\Honours Programme\Networks\GAN\src\models\architectures_container.m', 1251)" style="font-weight:bold">architectures_container.buildOptimizedNetwork_compressed_downsampled_sin_freq_RES</a> (<a href="matlab: opentoline('C:\Users\Maria\Documents\Honours Programme\Networks\GAN\src\models\architectures_container.m',1251,0)">line 1251</a>)
                    architectures_container.helperELU(sprintf("elu_dec_6_%d", i))
                    ^^^^^^^^^^^^^^^^^^^^^^^^^^^^^^^^^^^^^^^^^^^^^^^^^^^^^^^^^^^^^
Error in <a href="matlab:matlab.lang.internal.introspective.errorDocCallback('Bayesian_optimization_downsampled_one_path>trainAndEvaluateAE', 'C:\Users\Maria\Documents\Honours Programme\Networks\GAN\src\training\Bayesian_optimization_downsampled_one_path.m', 288)" style="font-weight:bold">Bayesian_optimization_downsampled_one_path>trainAndEvaluateAE</a> (<a href="matlab: opentoline('C:\Users\Maria\Documents\Honours Programme\Networks\GAN\src\training\Bayesian_optimization_downsampled_one_path.m',288,0)">line 288</a>)
            net = architectures_container.buildOptimizedNetwork_compressed_downsampled_sin_freq_RES(params);
                  ^^^^^^^^^^^^^^^^^^^^^^^^^^^^^^^^^^^^^^^^^^^^^^^^^^^^^^^^^^^^^^^^^^^^^^^^^^^^^^^^^^^^^^^^^
Error in <a href="matlab:matlab.lang.internal.introspective.errorDocCallback('Bayesian_optimization_downsampled_one_path>@(params)trainAndEvaluateAE(params,dataCfg,''network_type'',network_type)', 'C:\Users\Maria\Documents\Honours Programme\Networks\GAN\src\training\Bayesian_optimization_downsampled_one_path.m', 102)" style="font-weight:bold">Bayesian_optimization_downsampled_one_path>@(params)trainAndEvaluateAE(params,dataCfg,'network_type',network_type)</a> (<a href="matlab: opentoline('C:\Users\Maria\Documents\Honours Programme\Networks\GAN\src\training\Bayesian_optimization_downsampled_one_path.m',102,0)">line 102</a>)
objectiveFcn = @(params) trainAndEvaluateAE(params, dataCfg, 'network_type', network_type);
                         ^^^^^^^^^^^^^^^^^^^^^^^^^^^^^^^^^^^^^^^^^^^^^^^^^^^^^^^^^^^^^^^^^
Error in <a href="matlab:matlab.lang.internal.introspective.errorDocCallback('bayesoptim.callObjFcnParallel>callObjNormallyParallel', 'C:\Program Files\MATLAB\R2024b\toolbox\stats\bayesoptim\+bayesoptim\callObjFcnParallel.m', 45)" style="font-weight:bold">bayesoptim.callObjFcnParallel>callObjNormallyParallel</a> (<a href="matlab: opentoline('C:\Program Files\MATLAB\R2024b\toolbox\stats\bayesoptim\+bayesoptim\callObjFcnParallel.m',45,0)">line 45</a>)
            Objective = ObjectiveFcn(conditionalizedX);
                        ^^^^^^^^^^^^^^^^^^^^^^^^^^^^^^
Error in <a href="matlab:matlab.lang.internal.introspective.errorDocCallback('bayesoptim.callObjFcnParallel', 'C:\Program Files\MATLAB\R2024b\toolbox\stats\bayesoptim\+bayesoptim\callObjFcnParallel.m', 12)" style="font-weight:bold">bayesoptim.callObjFcnParallel</a> (<a href="matlab: opentoline('C:\Program Files\MATLAB\R2024b\toolbox\stats\bayesoptim\+bayesoptim\callObjFcnParallel.m',12,0)">line 12</a>)
        = callObjNormallyParallel(ObjectiveFcn, ObjectiveNargout, NumCoupledConstraints, conditionalizedX);
          ^^^^^^^^^^^^^^^^^^^^^^^^^^^^^^^^^^^^^^^^^^^^^^^^^^^^^^^^^^^^^^^^^^^^^^^^^^^^^^^^^^^^^^^^^^^^^^^^

[13:27:28] w01: start objective; params=[{"channels1":41,"channels2":30,"kernel_size1":10,"kernel_size2":13,"kernel_size3":10,"dilation_factor":7,"batch_size":8,"learning_rate":0.001382408788979936}]
[13:27:28] w01: Preparing datastores for training and validation...

[13:27:28] w01: Using single frequency datastore for frequency index 4

[13:27:32] w01: 1 am here before gpu
[13:27:32] w01: 2 am here after gpu
[13:27:32] w01: Training failed: The class architectures_container has no Constant property or Static method named 'helperhelperELU'.

[13:27:32] w01: The class architectures_container has no Constant property or Static method named 'helperhelperELU'.

Error in <a href="matlab:matlab.lang.internal.introspective.errorDocCallback('architectures_container.buildOptimizedNetwork_compressed_downsampled_sin_freq_RES', 'C:\Users\Maria\Documents\Honours Programme\Networks\GAN\src\models\architectures_container.m', 1251)" style="font-weight:bold">architectures_container.buildOptimizedNetwork_compressed_downsampled_sin_freq_RES</a> (<a href="matlab: opentoline('C:\Users\Maria\Documents\Honours Programme\Networks\GAN\src\models\architectures_container.m',1251,0)">line 1251</a>)
                    architectures_container.helperELU(sprintf("elu_dec_6_%d", i))
                    ^^^^^^^^^^^^^^^^^^^^^^^^^^^^^^^^^^^^^^^^^^^^^^^^^^^^^^^^^^^^^
Error in <a href="matlab:matlab.lang.internal.introspective.errorDocCallback('Bayesian_optimization_downsampled_one_path>trainAndEvaluateAE', 'C:\Users\Maria\Documents\Honours Programme\Networks\GAN\src\training\Bayesian_optimization_downsampled_one_path.m', 288)" style="font-weight:bold">Bayesian_optimization_downsampled_one_path>trainAndEvaluateAE</a> (<a href="matlab: opentoline('C:\Users\Maria\Documents\Honours Programme\Networks\GAN\src\training\Bayesian_optimization_downsampled_one_path.m',288,0)">line 288</a>)
            net = architectures_container.buildOptimizedNetwork_compressed_downsampled_sin_freq_RES(params);
                  ^^^^^^^^^^^^^^^^^^^^^^^^^^^^^^^^^^^^^^^^^^^^^^^^^^^^^^^^^^^^^^^^^^^^^^^^^^^^^^^^^^^^^^^^^
Error in <a href="matlab:matlab.lang.internal.introspective.errorDocCallback('Bayesian_optimization_downsampled_one_path>@(params)trainAndEvaluateAE(params,dataCfg,''network_type'',network_type)', 'C:\Users\Maria\Documents\Honours Programme\Networks\GAN\src\training\Bayesian_optimization_downsampled_one_path.m', 102)" style="font-weight:bold">Bayesian_optimization_downsampled_one_path>@(params)trainAndEvaluateAE(params,dataCfg,'network_type',network_type)</a> (<a href="matlab: opentoline('C:\Users\Maria\Documents\Honours Programme\Networks\GAN\src\training\Bayesian_optimization_downsampled_one_path.m',102,0)">line 102</a>)
objectiveFcn = @(params) trainAndEvaluateAE(params, dataCfg, 'network_type', network_type);
                         ^^^^^^^^^^^^^^^^^^^^^^^^^^^^^^^^^^^^^^^^^^^^^^^^^^^^^^^^^^^^^^^^^
Error in <a href="matlab:matlab.lang.internal.introspective.errorDocCallback('bayesoptim.callObjFcnParallel>callObjNormallyParallel', 'C:\Program Files\MATLAB\R2024b\toolbox\stats\bayesoptim\+bayesoptim\callObjFcnParallel.m', 45)" style="font-weight:bold">bayesoptim.callObjFcnParallel>callObjNormallyParallel</a> (<a href="matlab: opentoline('C:\Program Files\MATLAB\R2024b\toolbox\stats\bayesoptim\+bayesoptim\callObjFcnParallel.m',45,0)">line 45</a>)
            Objective = ObjectiveFcn(conditionalizedX);
                        ^^^^^^^^^^^^^^^^^^^^^^^^^^^^^^
Error in <a href="matlab:matlab.lang.internal.introspective.errorDocCallback('bayesoptim.callObjFcnParallel', 'C:\Program Files\MATLAB\R2024b\toolbox\stats\bayesoptim\+bayesoptim\callObjFcnParallel.m', 12)" style="font-weight:bold">bayesoptim.callObjFcnParallel</a> (<a href="matlab: opentoline('C:\Program Files\MATLAB\R2024b\toolbox\stats\bayesoptim\+bayesoptim\callObjFcnParallel.m',12,0)">line 12</a>)
        = callObjNormallyParallel(ObjectiveFcn, ObjectiveNargout, NumCoupledConstraints, conditionalizedX);
          ^^^^^^^^^^^^^^^^^^^^^^^^^^^^^^^^^^^^^^^^^^^^^^^^^^^^^^^^^^^^^^^^^^^^^^^^^^^^^^^^^^^^^^^^^^^^^^^^

[13:27:33] w01: start objective; params=[{"channels1":57,"channels2":19,"kernel_size1":18,"kernel_size2":13,"kernel_size3":13,"dilation_factor":8,"batch_size":8,"learning_rate":0.0099797421347418321}]
[13:27:33] w01: Preparing datastores for training and validation...

[13:27:33] w01: Using single frequency datastore for frequency index 4

[13:27:36] w01: 1 am here before gpu
[13:27:36] w01: 2 am here after gpu
[13:27:36] w01: Training failed: The class architectures_container has no Constant property or Static method named 'helperhelperELU'.

[13:27:37] w01: The class architectures_container has no Constant property or Static method named 'helperhelperELU'.

Error in <a href="matlab:matlab.lang.internal.introspective.errorDocCallback('architectures_container.buildOptimizedNetwork_compressed_downsampled_sin_freq_RES', 'C:\Users\Maria\Documents\Honours Programme\Networks\GAN\src\models\architectures_container.m', 1251)" style="font-weight:bold">architectures_container.buildOptimizedNetwork_compressed_downsampled_sin_freq_RES</a> (<a href="matlab: opentoline('C:\Users\Maria\Documents\Honours Programme\Networks\GAN\src\models\architectures_container.m',1251,0)">line 1251</a>)
                    architectures_container.helperELU(sprintf("elu_dec_6_%d", i))
                    ^^^^^^^^^^^^^^^^^^^^^^^^^^^^^^^^^^^^^^^^^^^^^^^^^^^^^^^^^^^^^
Error in <a href="matlab:matlab.lang.internal.introspective.errorDocCallback('Bayesian_optimization_downsampled_one_path>trainAndEvaluateAE', 'C:\Users\Maria\Documents\Honours Programme\Networks\GAN\src\training\Bayesian_optimization_downsampled_one_path.m', 288)" style="font-weight:bold">Bayesian_optimization_downsampled_one_path>trainAndEvaluateAE</a> (<a href="matlab: opentoline('C:\Users\Maria\Documents\Honours Programme\Networks\GAN\src\training\Bayesian_optimization_downsampled_one_path.m',288,0)">line 288</a>)
            net = architectures_container.buildOptimizedNetwork_compressed_downsampled_sin_freq_RES(params);
                  ^^^^^^^^^^^^^^^^^^^^^^^^^^^^^^^^^^^^^^^^^^^^^^^^^^^^^^^^^^^^^^^^^^^^^^^^^^^^^^^^^^^^^^^^^
Error in <a href="matlab:matlab.lang.internal.introspective.errorDocCallback('Bayesian_optimization_downsampled_one_path>@(params)trainAndEvaluateAE(params,dataCfg,''network_type'',network_type)', 'C:\Users\Maria\Documents\Honours Programme\Networks\GAN\src\training\Bayesian_optimization_downsampled_one_path.m', 102)" style="font-weight:bold">Bayesian_optimization_downsampled_one_path>@(params)trainAndEvaluateAE(params,dataCfg,'network_type',network_type)</a> (<a href="matlab: opentoline('C:\Users\Maria\Documents\Honours Programme\Networks\GAN\src\training\Bayesian_optimization_downsampled_one_path.m',102,0)">line 102</a>)
objectiveFcn = @(params) trainAndEvaluateAE(params, dataCfg, 'network_type', network_type);
                         ^^^^^^^^^^^^^^^^^^^^^^^^^^^^^^^^^^^^^^^^^^^^^^^^^^^^^^^^^^^^^^^^^
Error in <a href="matlab:matlab.lang.internal.introspective.errorDocCallback('bayesoptim.callObjFcnParallel>callObjNormallyParallel', 'C:\Program Files\MATLAB\R2024b\toolbox\stats\bayesoptim\+bayesoptim\callObjFcnParallel.m', 45)" style="font-weight:bold">bayesoptim.callObjFcnParallel>callObjNormallyParallel</a> (<a href="matlab: opentoline('C:\Program Files\MATLAB\R2024b\toolbox\stats\bayesoptim\+bayesoptim\callObjFcnParallel.m',45,0)">line 45</a>)
            Objective = ObjectiveFcn(conditionalizedX);
                        ^^^^^^^^^^^^^^^^^^^^^^^^^^^^^^
Error in <a href="matlab:matlab.lang.internal.introspective.errorDocCallback('bayesoptim.callObjFcnParallel', 'C:\Program Files\MATLAB\R2024b\toolbox\stats\bayesoptim\+bayesoptim\callObjFcnParallel.m', 12)" style="font-weight:bold">bayesoptim.callObjFcnParallel</a> (<a href="matlab: opentoline('C:\Program Files\MATLAB\R2024b\toolbox\stats\bayesoptim\+bayesoptim\callObjFcnParallel.m',12,0)">line 12</a>)
        = callObjNormallyParallel(ObjectiveFcn, ObjectiveNargout, NumCoupledConstraints, conditionalizedX);
          ^^^^^^^^^^^^^^^^^^^^^^^^^^^^^^^^^^^^^^^^^^^^^^^^^^^^^^^^^^^^^^^^^^^^^^^^^^^^^^^^^^^^^^^^^^^^^^^^

[13:27:37] w01: start objective; params=[{"channels1":56,"channels2":31,"kernel_size1":11,"kernel_size2":15,"kernel_size3":11,"dilation_factor":5,"batch_size":9,"learning_rate":0.0035385802827025037}]
[13:27:37] w01: Preparing datastores for training and validation...

[13:27:37] w01: Using single frequency datastore for frequency index 4

[13:27:45] w01: 1 am here before gpu
[13:27:45] w01: 2 am here after gpu
[13:27:45] w01: Training failed: The class architectures_container has no Constant property or Static method named 'helperhelperELU'.

[13:27:45] w01: The class architectures_container has no Constant property or Static method named 'helperhelperELU'.

Error in <a href="matlab:matlab.lang.internal.introspective.errorDocCallback('architectures_container.buildOptimizedNetwork_compressed_downsampled_sin_freq_RES', 'C:\Users\Maria\Documents\Honours Programme\Networks\GAN\src\models\architectures_container.m', 1251)" style="font-weight:bold">architectures_container.buildOptimizedNetwork_compressed_downsampled_sin_freq_RES</a> (<a href="matlab: opentoline('C:\Users\Maria\Documents\Honours Programme\Networks\GAN\src\models\architectures_container.m',1251,0)">line 1251</a>)
                    architectures_container.helperELU(sprintf("elu_dec_6_%d", i))
                    ^^^^^^^^^^^^^^^^^^^^^^^^^^^^^^^^^^^^^^^^^^^^^^^^^^^^^^^^^^^^^
Error in <a href="matlab:matlab.lang.internal.introspective.errorDocCallback('Bayesian_optimization_downsampled_one_path>trainAndEvaluateAE', 'C:\Users\Maria\Documents\Honours Programme\Networks\GAN\src\training\Bayesian_optimization_downsampled_one_path.m', 288)" style="font-weight:bold">Bayesian_optimization_downsampled_one_path>trainAndEvaluateAE</a> (<a href="matlab: opentoline('C:\Users\Maria\Documents\Honours Programme\Networks\GAN\src\training\Bayesian_optimization_downsampled_one_path.m',288,0)">line 288</a>)
            net = architectures_container.buildOptimizedNetwork_compressed_downsampled_sin_freq_RES(params);
                  ^^^^^^^^^^^^^^^^^^^^^^^^^^^^^^^^^^^^^^^^^^^^^^^^^^^^^^^^^^^^^^^^^^^^^^^^^^^^^^^^^^^^^^^^^
Error in <a href="matlab:matlab.lang.internal.introspective.errorDocCallback('Bayesian_optimization_downsampled_one_path>@(params)trainAndEvaluateAE(params,dataCfg,''network_type'',network_type)', 'C:\Users\Maria\Documents\Honours Programme\Networks\GAN\src\training\Bayesian_optimization_downsampled_one_path.m', 102)" style="font-weight:bold">Bayesian_optimization_downsampled_one_path>@(params)trainAndEvaluateAE(params,dataCfg,'network_type',network_type)</a> (<a href="matlab: opentoline('C:\Users\Maria\Documents\Honours Programme\Networks\GAN\src\training\Bayesian_optimization_downsampled_one_path.m',102,0)">line 102</a>)
objectiveFcn = @(params) trainAndEvaluateAE(params, dataCfg, 'network_type', network_type);
                         ^^^^^^^^^^^^^^^^^^^^^^^^^^^^^^^^^^^^^^^^^^^^^^^^^^^^^^^^^^^^^^^^^
Error in <a href="matlab:matlab.lang.internal.introspective.errorDocCallback('bayesoptim.callObjFcnParallel>callObjNormallyParallel', 'C:\Program Files\MATLAB\R2024b\toolbox\stats\bayesoptim\+bayesoptim\callObjFcnParallel.m', 45)" style="font-weight:bold">bayesoptim.callObjFcnParallel>callObjNormallyParallel</a> (<a href="matlab: opentoline('C:\Program Files\MATLAB\R2024b\toolbox\stats\bayesoptim\+bayesoptim\callObjFcnParallel.m',45,0)">line 45</a>)
            Objective = ObjectiveFcn(conditionalizedX);
                        ^^^^^^^^^^^^^^^^^^^^^^^^^^^^^^
Error in <a href="matlab:matlab.lang.internal.introspective.errorDocCallback('bayesoptim.callObjFcnParallel', 'C:\Program Files\MATLAB\R2024b\toolbox\stats\bayesoptim\+bayesoptim\callObjFcnParallel.m', 12)" style="font-weight:bold">bayesoptim.callObjFcnParallel</a> (<a href="matlab: opentoline('C:\Program Files\MATLAB\R2024b\toolbox\stats\bayesoptim\+bayesoptim\callObjFcnParallel.m',12,0)">line 12</a>)
        = callObjNormallyParallel(ObjectiveFcn, ObjectiveNargout, NumCoupledConstraints, conditionalizedX);
          ^^^^^^^^^^^^^^^^^^^^^^^^^^^^^^^^^^^^^^^^^^^^^^^^^^^^^^^^^^^^^^^^^^^^^^^^^^^^^^^^^^^^^^^^^^^^^^^^

[13:27:46] w01: start objective; params=[{"channels1":49,"channels2":28,"kernel_size1":19,"kernel_size2":14,"kernel_size3":12,"dilation_factor":5,"batch_size":11,"learning_rate":0.003505872301558589}]
[13:27:46] w01: Preparing datastores for training and validation...

[13:27:46] w01: Using single frequency datastore for frequency index 4

[13:27:55] w01: 1 am here before gpu
[13:27:55] w01: 2 am here after gpu
[13:27:55] w01: Training failed: The class architectures_container has no Constant property or Static method named 'helperhelperELU'.

[13:27:56] w01: The class architectures_container has no Constant property or Static method named 'helperhelperELU'.

Error in <a href="matlab:matlab.lang.internal.introspective.errorDocCallback('architectures_container.buildOptimizedNetwork_compressed_downsampled_sin_freq_RES', 'C:\Users\Maria\Documents\Honours Programme\Networks\GAN\src\models\architectures_container.m', 1251)" style="font-weight:bold">architectures_container.buildOptimizedNetwork_compressed_downsampled_sin_freq_RES</a> (<a href="matlab: opentoline('C:\Users\Maria\Documents\Honours Programme\Networks\GAN\src\models\architectures_container.m',1251,0)">line 1251</a>)
                    architectures_container.helperELU(sprintf("elu_dec_6_%d", i))
                    ^^^^^^^^^^^^^^^^^^^^^^^^^^^^^^^^^^^^^^^^^^^^^^^^^^^^^^^^^^^^^
Error in <a href="matlab:matlab.lang.internal.introspective.errorDocCallback('Bayesian_optimization_downsampled_one_path>trainAndEvaluateAE', 'C:\Users\Maria\Documents\Honours Programme\Networks\GAN\src\training\Bayesian_optimization_downsampled_one_path.m', 288)" style="font-weight:bold">Bayesian_optimization_downsampled_one_path>trainAndEvaluateAE</a> (<a href="matlab: opentoline('C:\Users\Maria\Documents\Honours Programme\Networks\GAN\src\training\Bayesian_optimization_downsampled_one_path.m',288,0)">line 288</a>)
            net = architectures_container.buildOptimizedNetwork_compressed_downsampled_sin_freq_RES(params);
                  ^^^^^^^^^^^^^^^^^^^^^^^^^^^^^^^^^^^^^^^^^^^^^^^^^^^^^^^^^^^^^^^^^^^^^^^^^^^^^^^^^^^^^^^^^
Error in <a href="matlab:matlab.lang.internal.introspective.errorDocCallback('Bayesian_optimization_downsampled_one_path>@(params)trainAndEvaluateAE(params,dataCfg,''network_type'',network_type)', 'C:\Users\Maria\Documents\Honours Programme\Networks\GAN\src\training\Bayesian_optimization_downsampled_one_path.m', 102)" style="font-weight:bold">Bayesian_optimization_downsampled_one_path>@(params)trainAndEvaluateAE(params,dataCfg,'network_type',network_type)</a> (<a href="matlab: opentoline('C:\Users\Maria\Documents\Honours Programme\Networks\GAN\src\training\Bayesian_optimization_downsampled_one_path.m',102,0)">line 102</a>)
objectiveFcn = @(params) trainAndEvaluateAE(params, dataCfg, 'network_type', network_type);
                         ^^^^^^^^^^^^^^^^^^^^^^^^^^^^^^^^^^^^^^^^^^^^^^^^^^^^^^^^^^^^^^^^^
Error in <a href="matlab:matlab.lang.internal.introspective.errorDocCallback('bayesoptim.callObjFcnParallel>callObjNormallyParallel', 'C:\Program Files\MATLAB\R2024b\toolbox\stats\bayesoptim\+bayesoptim\callObjFcnParallel.m', 45)" style="font-weight:bold">bayesoptim.callObjFcnParallel>callObjNormallyParallel</a> (<a href="matlab: opentoline('C:\Program Files\MATLAB\R2024b\toolbox\stats\bayesoptim\+bayesoptim\callObjFcnParallel.m',45,0)">line 45</a>)
            Objective = ObjectiveFcn(conditionalizedX);
                        ^^^^^^^^^^^^^^^^^^^^^^^^^^^^^^
Error in <a href="matlab:matlab.lang.internal.introspective.errorDocCallback('bayesoptim.callObjFcnParallel', 'C:\Program Files\MATLAB\R2024b\toolbox\stats\bayesoptim\+bayesoptim\callObjFcnParallel.m', 12)" style="font-weight:bold">bayesoptim.callObjFcnParallel</a> (<a href="matlab: opentoline('C:\Program Files\MATLAB\R2024b\toolbox\stats\bayesoptim\+bayesoptim\callObjFcnParallel.m',12,0)">line 12</a>)
        = callObjNormallyParallel(ObjectiveFcn, ObjectiveNargout, NumCoupledConstraints, conditionalizedX);
          ^^^^^^^^^^^^^^^^^^^^^^^^^^^^^^^^^^^^^^^^^^^^^^^^^^^^^^^^^^^^^^^^^^^^^^^^^^^^^^^^^^^^^^^^^^^^^^^^

[13:27:57] w01: start objective; params=[{"channels1":57,"channels2":23,"kernel_size1":19,"kernel_size2":14,"kernel_size3":11,"dilation_factor":3,"batch_size":11,"learning_rate":0.00946061303834276}]
[13:27:57] w01: Preparing datastores for training and validation...

[13:27:57] w01: Using single frequency datastore for frequency index 4

[13:28:06] w01: 1 am here before gpu
[13:28:06] w01: 2 am here after gpu
[13:28:06] w01: Training failed: The class architectures_container has no Constant property or Static method named 'helperhelperELU'.

[13:28:07] w01: The class architectures_container has no Constant property or Static method named 'helperhelperELU'.

Error in <a href="matlab:matlab.lang.internal.introspective.errorDocCallback('architectures_container.buildOptimizedNetwork_compressed_downsampled_sin_freq_RES', 'C:\Users\Maria\Documents\Honours Programme\Networks\GAN\src\models\architectures_container.m', 1251)" style="font-weight:bold">architectures_container.buildOptimizedNetwork_compressed_downsampled_sin_freq_RES</a> (<a href="matlab: opentoline('C:\Users\Maria\Documents\Honours Programme\Networks\GAN\src\models\architectures_container.m',1251,0)">line 1251</a>)
                    architectures_container.helperELU(sprintf("elu_dec_6_%d", i))
                    ^^^^^^^^^^^^^^^^^^^^^^^^^^^^^^^^^^^^^^^^^^^^^^^^^^^^^^^^^^^^^
Error in <a href="matlab:matlab.lang.internal.introspective.errorDocCallback('Bayesian_optimization_downsampled_one_path>trainAndEvaluateAE', 'C:\Users\Maria\Documents\Honours Programme\Networks\GAN\src\training\Bayesian_optimization_downsampled_one_path.m', 288)" style="font-weight:bold">Bayesian_optimization_downsampled_one_path>trainAndEvaluateAE</a> (<a href="matlab: opentoline('C:\Users\Maria\Documents\Honours Programme\Networks\GAN\src\training\Bayesian_optimization_downsampled_one_path.m',288,0)">line 288</a>)
            net = architectures_container.buildOptimizedNetwork_compressed_downsampled_sin_freq_RES(params);
                  ^^^^^^^^^^^^^^^^^^^^^^^^^^^^^^^^^^^^^^^^^^^^^^^^^^^^^^^^^^^^^^^^^^^^^^^^^^^^^^^^^^^^^^^^^
Error in <a href="matlab:matlab.lang.internal.introspective.errorDocCallback('Bayesian_optimization_downsampled_one_path>@(params)trainAndEvaluateAE(params,dataCfg,''network_type'',network_type)', 'C:\Users\Maria\Documents\Honours Programme\Networks\GAN\src\training\Bayesian_optimization_downsampled_one_path.m', 102)" style="font-weight:bold">Bayesian_optimization_downsampled_one_path>@(params)trainAndEvaluateAE(params,dataCfg,'network_type',network_type)</a> (<a href="matlab: opentoline('C:\Users\Maria\Documents\Honours Programme\Networks\GAN\src\training\Bayesian_optimization_downsampled_one_path.m',102,0)">line 102</a>)
objectiveFcn = @(params) trainAndEvaluateAE(params, dataCfg, 'network_type', network_type);
                         ^^^^^^^^^^^^^^^^^^^^^^^^^^^^^^^^^^^^^^^^^^^^^^^^^^^^^^^^^^^^^^^^^
Error in <a href="matlab:matlab.lang.internal.introspective.errorDocCallback('bayesoptim.callObjFcnParallel>callObjNormallyParallel', 'C:\Program Files\MATLAB\R2024b\toolbox\stats\bayesoptim\+bayesoptim\callObjFcnParallel.m', 45)" style="font-weight:bold">bayesoptim.callObjFcnParallel>callObjNormallyParallel</a> (<a href="matlab: opentoline('C:\Program Files\MATLAB\R2024b\toolbox\stats\bayesoptim\+bayesoptim\callObjFcnParallel.m',45,0)">line 45</a>)
            Objective = ObjectiveFcn(conditionalizedX);
                        ^^^^^^^^^^^^^^^^^^^^^^^^^^^^^^
Error in <a href="matlab:matlab.lang.internal.introspective.errorDocCallback('bayesoptim.callObjFcnParallel', 'C:\Program Files\MATLAB\R2024b\toolbox\stats\bayesoptim\+bayesoptim\callObjFcnParallel.m', 12)" style="font-weight:bold">bayesoptim.callObjFcnParallel</a> (<a href="matlab: opentoline('C:\Program Files\MATLAB\R2024b\toolbox\stats\bayesoptim\+bayesoptim\callObjFcnParallel.m',12,0)">line 12</a>)
        = callObjNormallyParallel(ObjectiveFcn, ObjectiveNargout, NumCoupledConstraints, conditionalizedX);
          ^^^^^^^^^^^^^^^^^^^^^^^^^^^^^^^^^^^^^^^^^^^^^^^^^^^^^^^^^^^^^^^^^^^^^^^^^^^^^^^^^^^^^^^^^^^^^^^^

[13:28:08] w01: start objective; params=[{"channels1":59,"channels2":19,"kernel_size1":20,"kernel_size2":11,"kernel_size3":14,"dilation_factor":7,"batch_size":13,"learning_rate":0.0011515489763292525}]
[13:28:08] w01: Preparing datastores for training and validation...

[13:28:08] w01: Using single frequency datastore for frequency index 4

[13:29:56] w01: start objective; params=[{"channels1":48,"channels2":31,"kernel_size1":15,"kernel_size2":13,"kernel_size3":10,"dilation_factor":6,"batch_size":16,"learning_rate":0.0029273224093621032}]
[13:29:56] w01: Preparing datastores for training and validation...

[13:29:56] w01: Using single frequency datastore for frequency index 4

[13:30:03] w01: 1 am here before gpu
[13:30:03] w01: 2 am here after gpu
[13:30:06] w01: Training network (Final=0) on gpu for 10 epochs...

[13:30:37] w01: start objective; params=[{"channels1":46,"channels2":17,"kernel_size1":11,"kernel_size2":12,"kernel_size3":11,"dilation_factor":7,"batch_size":8,"learning_rate":0.00862954847946302}]
[13:30:37] w01: Preparing datastores for training and validation...

[13:30:37] w01: Using single frequency datastore for frequency index 4

[13:30:44] w01: 1 am here before gpu
[13:30:44] w01: 2 am here after gpu
[13:30:45] w01: Training network (Final=0) on gpu for 10 epochs...

[13:31:22] w01: start objective; params=[{"channels1":64,"channels2":27,"kernel_size1":18,"kernel_size2":14,"kernel_size3":13,"dilation_factor":2,"batch_size":14,"learning_rate":0.0084412380211266042}]
[13:31:22] w01: Preparing datastores for training and validation...

[13:31:22] w01: Using single frequency datastore for frequency index 4

[13:31:29] w01: 1 am here before gpu
[13:31:29] w01: 2 am here after gpu
[13:31:30] w01: Training network (Final=0) on gpu for 10 epochs...

[13:31:47] w01: start objective; params=[{"channels1":56,"channels2":30,"kernel_size1":9,"kernel_size2":13,"kernel_size3":11,"dilation_factor":5,"batch_size":9,"learning_rate":0.0022371142978770079}]
[13:31:47] w01: Preparing datastores for training and validation...

[13:31:47] w01: Using single frequency datastore for frequency index 4

[13:31:51] w01: 1 am here before gpu
[13:31:51] w01: 2 am here after gpu
[13:31:52] w01: Training network (Final=0) on gpu for 10 epochs...

[13:32:16] w01: start objective; params=[{"channels1":55,"channels2":23,"kernel_size1":9,"kernel_size2":13,"kernel_size3":11,"dilation_factor":5,"batch_size":9,"learning_rate":0.0017344495636265236}]
[13:32:16] w01: Preparing datastores for training and validation...

[13:32:16] w01: Using single frequency datastore for frequency index 4

[13:32:20] w01: 1 am here before gpu
[13:32:20] w01: 2 am here after gpu
[13:32:20] w01: Training network (Final=0) on gpu for 10 epochs...

[13:32:59] w01: start objective; params=[{"channels1":52,"channels2":26,"kernel_size1":9,"kernel_size2":13,"kernel_size3":11,"dilation_factor":6,"batch_size":9,"learning_rate":0.0014070042469029446}]
[13:32:59] w01: Preparing datastores for training and validation...

[13:32:59] w01: Using single frequency datastore for frequency index 4

[13:33:06] w01: 1 am here before gpu
[13:33:06] w01: 2 am here after gpu
[13:33:07] w01: Training network (Final=0) on gpu for 10 epochs...

[13:33:58] w01: start objective; params=[{"channels1":48,"channels2":22,"kernel_size1":9,"kernel_size2":13,"kernel_size3":13,"dilation_factor":6,"batch_size":9,"learning_rate":0.0016802119175624726}]
[13:33:58] w01: Preparing datastores for training and validation...

[13:33:58] w01: Using single frequency datastore for frequency index 4

[13:34:09] w01: 1 am here before gpu
[13:34:09] w01: 2 am here after gpu
[13:34:10] w01: Training network (Final=0) on gpu for 10 epochs...

[13:35:01] w01: start objective; params=[{"channels1":53,"channels2":22,"kernel_size1":9,"kernel_size2":13,"kernel_size3":10,"dilation_factor":4,"batch_size":9,"learning_rate":0.0018413163350918652}]
[13:35:01] w01: Preparing datastores for training and validation...

[13:35:01] w01: Using single frequency datastore for frequency index 4

[13:35:12] w01: 1 am here before gpu
[13:35:12] w01: 2 am here after gpu
[13:35:13] w01: Training network (Final=0) on gpu for 10 epochs...

[13:35:59] w01: start objective; params=[{"channels1":60,"channels2":25,"kernel_size1":8,"kernel_size2":13,"kernel_size3":10,"dilation_factor":2,"batch_size":9,"learning_rate":0.0016351916683444404}]
[13:35:59] w01: Preparing datastores for training and validation...

[13:35:59] w01: Using single frequency datastore for frequency index 4

[13:36:06] w01: 1 am here before gpu
[13:36:06] w01: 2 am here after gpu
[13:36:07] w01: Training network (Final=0) on gpu for 10 epochs...

[13:36:50] w01: start objective; params=[{"channels1":44,"channels2":20,"kernel_size1":9,"kernel_size2":13,"kernel_size3":11,"dilation_factor":7,"batch_size":9,"learning_rate":0.001564309033098743}]
[13:36:50] w01: Preparing datastores for training and validation...

[13:36:50] w01: Using single frequency datastore for frequency index 4

[13:36:58] w01: 1 am here before gpu
[13:36:58] w01: 2 am here after gpu
[13:36:59] w01: Training network (Final=0) on gpu for 10 epochs...

[13:37:41] w01: start objective; params=[{"channels1":61,"channels2":22,"kernel_size1":9,"kernel_size2":13,"kernel_size3":11,"dilation_factor":3,"batch_size":9,"learning_rate":0.0023719561223003085}]
[13:37:41] w01: Preparing datastores for training and validation...

[13:37:41] w01: Using single frequency datastore for frequency index 4

[13:37:48] w01: 1 am here before gpu
[13:37:48] w01: 2 am here after gpu
[13:37:49] w01: Training network (Final=0) on gpu for 10 epochs...

[13:39:02] w01: start objective; params=[{"channels1":48,"channels2":31,"kernel_size1":15,"kernel_size2":13,"kernel_size3":10,"dilation_factor":6,"batch_size":16,"learning_rate":0.0029273224093621032}]
[13:39:02] w01: Preparing datastores for training and validation...

[13:39:02] w01: Using single frequency datastore for frequency index 4

[13:39:09] w01: 1 am here before gpu
[13:39:09] w01: 2 am here after gpu
[13:39:11] w01: Training network (Final=0) on gpu for 10 epochs...

[13:39:38] w01: start objective; params=[{"channels1":46,"channels2":17,"kernel_size1":11,"kernel_size2":12,"kernel_size3":11,"dilation_factor":7,"batch_size":8,"learning_rate":0.00862954847946302}]
[13:39:38] w01: Preparing datastores for training and validation...

[13:39:38] w01: Using single frequency datastore for frequency index 4

[13:39:46] w01: 1 am here before gpu
[13:39:46] w01: 2 am here after gpu
[13:39:47] w01: Training network (Final=0) on gpu for 10 epochs...

[13:40:40] w01: start objective; params=[{"channels1":50,"channels2":31,"kernel_size1":9,"kernel_size2":15,"kernel_size3":11,"dilation_factor":3,"batch_size":9,"learning_rate":0.0022562131698010638}]
[13:40:40] w01: Preparing datastores for training and validation...

[13:40:40] w01: Using single frequency datastore for frequency index 4

[13:41:49] w01: start objective; params=[{"channels1":48,"channels2":31,"kernel_size1":15,"kernel_size2":13,"kernel_size3":10,"dilation_factor":6,"batch_size":16,"learning_rate":0.0029273224093621032}]
[13:41:49] w01: Preparing datastores for training and validation...

[13:41:49] w01: Using single frequency datastore for frequency index 4

[13:41:56] w01: 1 am here before gpu
[13:41:56] w01: 2 am here after gpu
[13:41:57] w01: Training network (Final=0) on gpu for 10 epochs...

[13:42:26] w01: start objective; params=[{"channels1":46,"channels2":17,"kernel_size1":11,"kernel_size2":12,"kernel_size3":11,"dilation_factor":7,"batch_size":8,"learning_rate":0.00862954847946302}]
[13:42:26] w01: Preparing datastores for training and validation...

[13:42:26] w01: Using single frequency datastore for frequency index 4

[13:42:34] w01: 1 am here before gpu
[13:42:34] w01: 2 am here after gpu
[13:42:35] w01: Training network (Final=0) on gpu for 10 epochs...

[13:43:32] w01: start objective; params=[{"channels1":48,"channels2":20,"kernel_size1":14,"kernel_size2":14,"kernel_size3":12,"dilation_factor":5,"batch_size":9,"learning_rate":0.0020435240058125823}]
[13:43:32] w01: Preparing datastores for training and validation...

[13:43:32] w01: Using single frequency datastore for frequency index 4

[13:43:40] w01: 1 am here before gpu
[13:43:40] w01: 2 am here after gpu
[13:43:41] w01: Training network (Final=0) on gpu for 10 epochs...

[13:44:23] w01: start objective; params=[{"channels1":58,"channels2":17,"kernel_size1":14,"kernel_size2":11,"kernel_size3":14,"dilation_factor":2,"batch_size":9,"learning_rate":0.001196744704533007}]
[13:44:23] w01: Preparing datastores for training and validation...

[13:44:23] w01: Using single frequency datastore for frequency index 4

[13:44:27] w01: 1 am here before gpu
[13:44:27] w01: 2 am here after gpu
[13:44:27] w01: Training network (Final=0) on gpu for 10 epochs...

[13:44:49] w01: start objective; params=[{"channels1":55,"channels2":17,"kernel_size1":20,"kernel_size2":13,"kernel_size3":14,"dilation_factor":7,"batch_size":9,"learning_rate":0.0016374114357623033}]
[13:44:49] w01: Preparing datastores for training and validation...

[13:44:49] w01: Using single frequency datastore for frequency index 4

[13:44:52] w01: 1 am here before gpu
[13:44:52] w01: 2 am here after gpu
[13:44:53] w01: Training network (Final=0) on gpu for 10 epochs...

[13:45:17] w01: start objective; params=[{"channels1":33,"channels2":24,"kernel_size1":7,"kernel_size2":12,"kernel_size3":11,"dilation_factor":7,"batch_size":9,"learning_rate":0.0015228319813515702}]
[13:45:17] w01: Preparing datastores for training and validation...

[13:45:17] w01: Using single frequency datastore for frequency index 4

[13:45:20] w01: 1 am here before gpu
[13:45:20] w01: 2 am here after gpu
[13:45:21] w01: Training network (Final=0) on gpu for 10 epochs...

[13:45:58] w01: start objective; params=[{"channels1":56,"channels2":22,"kernel_size1":9,"kernel_size2":13,"kernel_size3":11,"dilation_factor":3,"batch_size":9,"learning_rate":0.0016642106378250596}]
[13:45:58] w01: Preparing datastores for training and validation...

[13:45:58] w01: Using single frequency datastore for frequency index 4

[13:46:05] w01: 1 am here before gpu
[13:46:05] w01: 2 am here after gpu
[13:46:06] w01: Training network (Final=0) on gpu for 10 epochs...

[13:46:49] w01: start objective; params=[{"channels1":59,"channels2":28,"kernel_size1":9,"kernel_size2":12,"kernel_size3":11,"dilation_factor":2,"batch_size":8,"learning_rate":0.0016091564128074809}]
[13:46:49] w01: Preparing datastores for training and validation...

[13:46:49] w01: Using single frequency datastore for frequency index 4

[13:46:54] w01: 1 am here before gpu
[13:46:54] w01: 2 am here after gpu
[13:46:54] w01: Training network (Final=0) on gpu for 10 epochs...

[13:47:22] w01: start objective; params=[{"channels1":63,"channels2":21,"kernel_size1":17,"kernel_size2":13,"kernel_size3":12,"dilation_factor":6,"batch_size":9,"learning_rate":0.0016897629651787794}]
[13:47:22] w01: Preparing datastores for training and validation...

[13:47:22] w01: Using single frequency datastore for frequency index 4

[13:47:26] w01: 1 am here before gpu
[13:47:26] w01: 2 am here after gpu
[13:47:26] w01: Training network (Final=0) on gpu for 10 epochs...

[13:47:48] w01: start objective; params=[{"channels1":60,"channels2":25,"kernel_size1":9,"kernel_size2":14,"kernel_size3":15,"dilation_factor":8,"batch_size":10,"learning_rate":0.0016565020083916544}]
[13:47:48] w01: Preparing datastores for training and validation...

[13:47:48] w01: Using single frequency datastore for frequency index 4

[13:47:51] w01: 1 am here before gpu
[13:47:51] w01: 2 am here after gpu
[13:47:52] w01: Training network (Final=0) on gpu for 10 epochs...

[13:48:32] w01: start objective; params=[{"channels1":47,"channels2":21,"kernel_size1":11,"kernel_size2":13,"kernel_size3":11,"dilation_factor":7,"batch_size":6,"learning_rate":0.0016498336555257572}]
[13:48:32] w01: Preparing datastores for training and validation...

[13:48:32] w01: Using single frequency datastore for frequency index 4

[13:48:40] w01: 1 am here before gpu
[13:48:40] w01: 2 am here after gpu
[13:48:41] w01: Training network (Final=0) on gpu for 10 epochs...

[13:50:00] w01: start objective; params=[{"channels1":59,"channels2":20,"kernel_size1":9,"kernel_size2":11,"kernel_size3":11,"dilation_factor":5,"batch_size":8,"learning_rate":0.004997130631764682}]
[13:50:00] w01: Preparing datastores for training and validation...

[13:50:00] w01: Using single frequency datastore for frequency index 4

[13:50:08] w01: 1 am here before gpu
[13:50:08] w01: 2 am here after gpu
[13:50:09] w01: Training failed: Unable to resolve the name 'param.kernel_size3'.

[13:50:09] w01: Unable to resolve the name 'param.kernel_size3'.

Error in <a href="matlab:matlab.lang.internal.introspective.errorDocCallback('architectures_container.buildOptimizedNetwork_compressed_downsampled_sin_freq_RES', 'C:\Users\Maria\Documents\Honours Programme\Networks\GAN\src\models\architectures_container.m', 1215)" style="font-weight:bold">architectures_container.buildOptimizedNetwork_compressed_downsampled_sin_freq_RES</a> (<a href="matlab: opentoline('C:\Users\Maria\Documents\Honours Programme\Networks\GAN\src\models\architectures_container.m',1215,0)">line 1215</a>)
                    transposedConv2dLayer([param.kernel_size3 1], input_z, "Name", sprintf("res_conv_dec1_%d", i),  "Cropping",crop1, "Stride", stride1.^2)
                                           ^^^^^^^^^^^^^^^^^^
Error in <a href="matlab:matlab.lang.internal.introspective.errorDocCallback('Bayesian_optimization_downsampled_one_path>trainAndEvaluateAE', 'C:\Users\Maria\Documents\Honours Programme\Networks\GAN\src\training\Bayesian_optimization_downsampled_one_path.m', 288)" style="font-weight:bold">Bayesian_optimization_downsampled_one_path>trainAndEvaluateAE</a> (<a href="matlab: opentoline('C:\Users\Maria\Documents\Honours Programme\Networks\GAN\src\training\Bayesian_optimization_downsampled_one_path.m',288,0)">line 288</a>)
            net = architectures_container.buildOptimizedNetwork_compressed_downsampled_sin_freq_RES(params);
                  ^^^^^^^^^^^^^^^^^^^^^^^^^^^^^^^^^^^^^^^^^^^^^^^^^^^^^^^^^^^^^^^^^^^^^^^^^^^^^^^^^^^^^^^^^
Error in <a href="matlab:matlab.lang.internal.introspective.errorDocCallback('Bayesian_optimization_downsampled_one_path>@(params)trainAndEvaluateAE(params,dataCfg,''network_type'',network_type)', 'C:\Users\Maria\Documents\Honours Programme\Networks\GAN\src\training\Bayesian_optimization_downsampled_one_path.m', 102)" style="font-weight:bold">Bayesian_optimization_downsampled_one_path>@(params)trainAndEvaluateAE(params,dataCfg,'network_type',network_type)</a> (<a href="matlab: opentoline('C:\Users\Maria\Documents\Honours Programme\Networks\GAN\src\training\Bayesian_optimization_downsampled_one_path.m',102,0)">line 102</a>)
objectiveFcn = @(params) trainAndEvaluateAE(params, dataCfg, 'network_type', network_type);
                         ^^^^^^^^^^^^^^^^^^^^^^^^^^^^^^^^^^^^^^^^^^^^^^^^^^^^^^^^^^^^^^^^^
Error in <a href="matlab:matlab.lang.internal.introspective.errorDocCallback('bayesoptim.callObjFcnParallel>callObjNormallyParallel', 'C:\Program Files\MATLAB\R2024b\toolbox\stats\bayesoptim\+bayesoptim\callObjFcnParallel.m', 45)" style="font-weight:bold">bayesoptim.callObjFcnParallel>callObjNormallyParallel</a> (<a href="matlab: opentoline('C:\Program Files\MATLAB\R2024b\toolbox\stats\bayesoptim\+bayesoptim\callObjFcnParallel.m',45,0)">line 45</a>)
            Objective = ObjectiveFcn(conditionalizedX);
                        ^^^^^^^^^^^^^^^^^^^^^^^^^^^^^^
Error in <a href="matlab:matlab.lang.internal.introspective.errorDocCallback('bayesoptim.callObjFcnParallel', 'C:\Program Files\MATLAB\R2024b\toolbox\stats\bayesoptim\+bayesoptim\callObjFcnParallel.m', 12)" style="font-weight:bold">bayesoptim.callObjFcnParallel</a> (<a href="matlab: opentoline('C:\Program Files\MATLAB\R2024b\toolbox\stats\bayesoptim\+bayesoptim\callObjFcnParallel.m',12,0)">line 12</a>)
        = callObjNormallyParallel(ObjectiveFcn, ObjectiveNargout, NumCoupledConstraints, conditionalizedX);
          ^^^^^^^^^^^^^^^^^^^^^^^^^^^^^^^^^^^^^^^^^^^^^^^^^^^^^^^^^^^^^^^^^^^^^^^^^^^^^^^^^^^^^^^^^^^^^^^^

[13:50:10] w01: start objective; params=[{"channels1":47,"channels2":22,"kernel_size1":17,"kernel_size2":11,"kernel_size3":11,"dilation_factor":7,"batch_size":11,"learning_rate":0.0099985760352892823}]
[13:50:10] w01: Preparing datastores for training and validation...

[13:50:10] w01: Using single frequency datastore for frequency index 4

[13:50:19] w01: 1 am here before gpu
[13:50:19] w01: 2 am here after gpu
[13:50:19] w01: Training failed: Unable to resolve the name 'param.kernel_size3'.

[13:50:19] w01: Unable to resolve the name 'param.kernel_size3'.

Error in <a href="matlab:matlab.lang.internal.introspective.errorDocCallback('architectures_container.buildOptimizedNetwork_compressed_downsampled_sin_freq_RES', 'C:\Users\Maria\Documents\Honours Programme\Networks\GAN\src\models\architectures_container.m', 1215)" style="font-weight:bold">architectures_container.buildOptimizedNetwork_compressed_downsampled_sin_freq_RES</a> (<a href="matlab: opentoline('C:\Users\Maria\Documents\Honours Programme\Networks\GAN\src\models\architectures_container.m',1215,0)">line 1215</a>)
                    transposedConv2dLayer([param.kernel_size3 1], input_z, "Name", sprintf("res_conv_dec1_%d", i),  "Cropping",crop1, "Stride", stride1.^2)
                                           ^^^^^^^^^^^^^^^^^^
Error in <a href="matlab:matlab.lang.internal.introspective.errorDocCallback('Bayesian_optimization_downsampled_one_path>trainAndEvaluateAE', 'C:\Users\Maria\Documents\Honours Programme\Networks\GAN\src\training\Bayesian_optimization_downsampled_one_path.m', 288)" style="font-weight:bold">Bayesian_optimization_downsampled_one_path>trainAndEvaluateAE</a> (<a href="matlab: opentoline('C:\Users\Maria\Documents\Honours Programme\Networks\GAN\src\training\Bayesian_optimization_downsampled_one_path.m',288,0)">line 288</a>)
            net = architectures_container.buildOptimizedNetwork_compressed_downsampled_sin_freq_RES(params);
                  ^^^^^^^^^^^^^^^^^^^^^^^^^^^^^^^^^^^^^^^^^^^^^^^^^^^^^^^^^^^^^^^^^^^^^^^^^^^^^^^^^^^^^^^^^
Error in <a href="matlab:matlab.lang.internal.introspective.errorDocCallback('Bayesian_optimization_downsampled_one_path>@(params)trainAndEvaluateAE(params,dataCfg,''network_type'',network_type)', 'C:\Users\Maria\Documents\Honours Programme\Networks\GAN\src\training\Bayesian_optimization_downsampled_one_path.m', 102)" style="font-weight:bold">Bayesian_optimization_downsampled_one_path>@(params)trainAndEvaluateAE(params,dataCfg,'network_type',network_type)</a> (<a href="matlab: opentoline('C:\Users\Maria\Documents\Honours Programme\Networks\GAN\src\training\Bayesian_optimization_downsampled_one_path.m',102,0)">line 102</a>)
objectiveFcn = @(params) trainAndEvaluateAE(params, dataCfg, 'network_type', network_type);
                         ^^^^^^^^^^^^^^^^^^^^^^^^^^^^^^^^^^^^^^^^^^^^^^^^^^^^^^^^^^^^^^^^^
Error in <a href="matlab:matlab.lang.internal.introspective.errorDocCallback('bayesoptim.callObjFcnParallel>callObjNormallyParallel', 'C:\Program Files\MATLAB\R2024b\toolbox\stats\bayesoptim\+bayesoptim\callObjFcnParallel.m', 45)" style="font-weight:bold">bayesoptim.callObjFcnParallel>callObjNormallyParallel</a> (<a href="matlab: opentoline('C:\Program Files\MATLAB\R2024b\toolbox\stats\bayesoptim\+bayesoptim\callObjFcnParallel.m',45,0)">line 45</a>)
            Objective = ObjectiveFcn(conditionalizedX);
                        ^^^^^^^^^^^^^^^^^^^^^^^^^^^^^^
Error in <a href="matlab:matlab.lang.internal.introspective.errorDocCallback('bayesoptim.callObjFcnParallel', 'C:\Program Files\MATLAB\R2024b\toolbox\stats\bayesoptim\+bayesoptim\callObjFcnParallel.m', 12)" style="font-weight:bold">bayesoptim.callObjFcnParallel</a> (<a href="matlab: opentoline('C:\Program Files\MATLAB\R2024b\toolbox\stats\bayesoptim\+bayesoptim\callObjFcnParallel.m',12,0)">line 12</a>)
        = callObjNormallyParallel(ObjectiveFcn, ObjectiveNargout, NumCoupledConstraints, conditionalizedX);
          ^^^^^^^^^^^^^^^^^^^^^^^^^^^^^^^^^^^^^^^^^^^^^^^^^^^^^^^^^^^^^^^^^^^^^^^^^^^^^^^^^^^^^^^^^^^^^^^^

[13:50:20] w01: start objective; params=[{"channels1":61,"channels2":28,"kernel_size1":19,"kernel_size2":10,"kernel_size3":12,"dilation_factor":6,"batch_size":13,"learning_rate":0.0033573969046315102}]
[13:50:20] w01: Preparing datastores for training and validation...

[13:50:20] w01: Using single frequency datastore for frequency index 4

[13:50:27] w01: 1 am here before gpu
[13:50:27] w01: 2 am here after gpu
[13:50:27] w01: Training failed: Unable to resolve the name 'param.kernel_size3'.

[13:50:28] w01: Unable to resolve the name 'param.kernel_size3'.

Error in <a href="matlab:matlab.lang.internal.introspective.errorDocCallback('architectures_container.buildOptimizedNetwork_compressed_downsampled_sin_freq_RES', 'C:\Users\Maria\Documents\Honours Programme\Networks\GAN\src\models\architectures_container.m', 1215)" style="font-weight:bold">architectures_container.buildOptimizedNetwork_compressed_downsampled_sin_freq_RES</a> (<a href="matlab: opentoline('C:\Users\Maria\Documents\Honours Programme\Networks\GAN\src\models\architectures_container.m',1215,0)">line 1215</a>)
                    transposedConv2dLayer([param.kernel_size3 1], input_z, "Name", sprintf("res_conv_dec1_%d", i),  "Cropping",crop1, "Stride", stride1.^2)
                                           ^^^^^^^^^^^^^^^^^^
Error in <a href="matlab:matlab.lang.internal.introspective.errorDocCallback('Bayesian_optimization_downsampled_one_path>trainAndEvaluateAE', 'C:\Users\Maria\Documents\Honours Programme\Networks\GAN\src\training\Bayesian_optimization_downsampled_one_path.m', 288)" style="font-weight:bold">Bayesian_optimization_downsampled_one_path>trainAndEvaluateAE</a> (<a href="matlab: opentoline('C:\Users\Maria\Documents\Honours Programme\Networks\GAN\src\training\Bayesian_optimization_downsampled_one_path.m',288,0)">line 288</a>)
            net = architectures_container.buildOptimizedNetwork_compressed_downsampled_sin_freq_RES(params);
                  ^^^^^^^^^^^^^^^^^^^^^^^^^^^^^^^^^^^^^^^^^^^^^^^^^^^^^^^^^^^^^^^^^^^^^^^^^^^^^^^^^^^^^^^^^
Error in <a href="matlab:matlab.lang.internal.introspective.errorDocCallback('Bayesian_optimization_downsampled_one_path>@(params)trainAndEvaluateAE(params,dataCfg,''network_type'',network_type)', 'C:\Users\Maria\Documents\Honours Programme\Networks\GAN\src\training\Bayesian_optimization_downsampled_one_path.m', 102)" style="font-weight:bold">Bayesian_optimization_downsampled_one_path>@(params)trainAndEvaluateAE(params,dataCfg,'network_type',network_type)</a> (<a href="matlab: opentoline('C:\Users\Maria\Documents\Honours Programme\Networks\GAN\src\training\Bayesian_optimization_downsampled_one_path.m',102,0)">line 102</a>)
objectiveFcn = @(params) trainAndEvaluateAE(params, dataCfg, 'network_type', network_type);
                         ^^^^^^^^^^^^^^^^^^^^^^^^^^^^^^^^^^^^^^^^^^^^^^^^^^^^^^^^^^^^^^^^^
Error in <a href="matlab:matlab.lang.internal.introspective.errorDocCallback('bayesoptim.callObjFcnParallel>callObjNormallyParallel', 'C:\Program Files\MATLAB\R2024b\toolbox\stats\bayesoptim\+bayesoptim\callObjFcnParallel.m', 45)" style="font-weight:bold">bayesoptim.callObjFcnParallel>callObjNormallyParallel</a> (<a href="matlab: opentoline('C:\Program Files\MATLAB\R2024b\toolbox\stats\bayesoptim\+bayesoptim\callObjFcnParallel.m',45,0)">line 45</a>)
            Objective = ObjectiveFcn(conditionalizedX);
                        ^^^^^^^^^^^^^^^^^^^^^^^^^^^^^^
Error in <a href="matlab:matlab.lang.internal.introspective.errorDocCallback('bayesoptim.callObjFcnParallel', 'C:\Program Files\MATLAB\R2024b\toolbox\stats\bayesoptim\+bayesoptim\callObjFcnParallel.m', 12)" style="font-weight:bold">bayesoptim.callObjFcnParallel</a> (<a href="matlab: opentoline('C:\Program Files\MATLAB\R2024b\toolbox\stats\bayesoptim\+bayesoptim\callObjFcnParallel.m',12,0)">line 12</a>)
        = callObjNormallyParallel(ObjectiveFcn, ObjectiveNargout, NumCoupledConstraints, conditionalizedX);
          ^^^^^^^^^^^^^^^^^^^^^^^^^^^^^^^^^^^^^^^^^^^^^^^^^^^^^^^^^^^^^^^^^^^^^^^^^^^^^^^^^^^^^^^^^^^^^^^^

[13:50:29] w01: start objective; params=[{"channels1":50,"channels2":27,"kernel_size1":10,"kernel_size2":14,"kernel_size3":13,"dilation_factor":7,"batch_size":14,"learning_rate":0.0027789025251836038}]
[13:50:29] w01: Preparing datastores for training and validation...

[13:50:29] w01: Using single frequency datastore for frequency index 4

[13:51:17] w01: start objective; params=[{"channels1":48,"channels2":31,"kernel_size1":15,"kernel_size2":13,"kernel_size3":10,"dilation_factor":6,"batch_size":16,"learning_rate":0.0029273224093621032}]
[13:51:17] w01: Preparing datastores for training and validation...

[13:51:17] w01: Using single frequency datastore for frequency index 4

[13:51:24] w01: 1 am here before gpu
[13:51:24] w01: 2 am here after gpu
[13:51:24] w01: Training failed: Unable to resolve the name 'param.kernel_size3'.

[13:51:25] w01: Unable to resolve the name 'param.kernel_size3'.

Error in <a href="matlab:matlab.lang.internal.introspective.errorDocCallback('architectures_container.buildOptimizedNetwork_compressed_downsampled_sin_freq_RES', 'C:\Users\Maria\Documents\Honours Programme\Networks\GAN\src\models\architectures_container.m', 1215)" style="font-weight:bold">architectures_container.buildOptimizedNetwork_compressed_downsampled_sin_freq_RES</a> (<a href="matlab: opentoline('C:\Users\Maria\Documents\Honours Programme\Networks\GAN\src\models\architectures_container.m',1215,0)">line 1215</a>)
                    transposedConv2dLayer([param.kernel_size3 1], input_z, "Name", sprintf("res_conv_dec1_%d", i),  "Cropping",crop1, "Stride", stride1.^2)
                                           ^^^^^^^^^^^^^^^^^^
Error in <a href="matlab:matlab.lang.internal.introspective.errorDocCallback('Bayesian_optimization_downsampled_one_path>trainAndEvaluateAE', 'C:\Users\Maria\Documents\Honours Programme\Networks\GAN\src\training\Bayesian_optimization_downsampled_one_path.m', 288)" style="font-weight:bold">Bayesian_optimization_downsampled_one_path>trainAndEvaluateAE</a> (<a href="matlab: opentoline('C:\Users\Maria\Documents\Honours Programme\Networks\GAN\src\training\Bayesian_optimization_downsampled_one_path.m',288,0)">line 288</a>)
            net = architectures_container.buildOptimizedNetwork_compressed_downsampled_sin_freq_RES(params);
                  ^^^^^^^^^^^^^^^^^^^^^^^^^^^^^^^^^^^^^^^^^^^^^^^^^^^^^^^^^^^^^^^^^^^^^^^^^^^^^^^^^^^^^^^^^
Error in <a href="matlab:matlab.lang.internal.introspective.errorDocCallback('Bayesian_optimization_downsampled_one_path>@(params)trainAndEvaluateAE(params,dataCfg,''network_type'',network_type)', 'C:\Users\Maria\Documents\Honours Programme\Networks\GAN\src\training\Bayesian_optimization_downsampled_one_path.m', 102)" style="font-weight:bold">Bayesian_optimization_downsampled_one_path>@(params)trainAndEvaluateAE(params,dataCfg,'network_type',network_type)</a> (<a href="matlab: opentoline('C:\Users\Maria\Documents\Honours Programme\Networks\GAN\src\training\Bayesian_optimization_downsampled_one_path.m',102,0)">line 102</a>)
objectiveFcn = @(params) trainAndEvaluateAE(params, dataCfg, 'network_type', network_type);
                         ^^^^^^^^^^^^^^^^^^^^^^^^^^^^^^^^^^^^^^^^^^^^^^^^^^^^^^^^^^^^^^^^^
Error in <a href="matlab:matlab.lang.internal.introspective.errorDocCallback('bayesoptim.callObjFcnParallel>callObjNormallyParallel', 'C:\Program Files\MATLAB\R2024b\toolbox\stats\bayesoptim\+bayesoptim\callObjFcnParallel.m', 45)" style="font-weight:bold">bayesoptim.callObjFcnParallel>callObjNormallyParallel</a> (<a href="matlab: opentoline('C:\Program Files\MATLAB\R2024b\toolbox\stats\bayesoptim\+bayesoptim\callObjFcnParallel.m',45,0)">line 45</a>)
            Objective = ObjectiveFcn(conditionalizedX);
                        ^^^^^^^^^^^^^^^^^^^^^^^^^^^^^^
Error in <a href="matlab:matlab.lang.internal.introspective.errorDocCallback('bayesoptim.callObjFcnParallel', 'C:\Program Files\MATLAB\R2024b\toolbox\stats\bayesoptim\+bayesoptim\callObjFcnParallel.m', 26)" style="font-weight:bold">bayesoptim.callObjFcnParallel</a> (<a href="matlab: opentoline('C:\Program Files\MATLAB\R2024b\toolbox\stats\bayesoptim\+bayesoptim\callObjFcnParallel.m',26,0)">line 26</a>)
            = callObjNormallyParallel(ObjectiveFcn, ObjectiveNargout, NumCoupledConstraints, conditionalizedX);
              ^^^^^^^^^^^^^^^^^^^^^^^^^^^^^^^^^^^^^^^^^^^^^^^^^^^^^^^^^^^^^^^^^^^^^^^^^^^^^^^^^^^^^^^^^^^^^^^^

[13:51:26] w01: start objective; params=[{"channels1":43,"channels2":22,"kernel_size1":7,"kernel_size2":13,"kernel_size3":12,"dilation_factor":4,"batch_size":8,"learning_rate":0.0078864776127079549}]
[13:51:26] w01: Preparing datastores for training and validation...

[13:51:26] w01: Using single frequency datastore for frequency index 4

[13:51:35] w01: 1 am here before gpu
[13:51:35] w01: 2 am here after gpu
[13:51:35] w01: Training failed: Unable to resolve the name 'param.kernel_size3'.

[13:51:35] w01: Unable to resolve the name 'param.kernel_size3'.

Error in <a href="matlab:matlab.lang.internal.introspective.errorDocCallback('architectures_container.buildOptimizedNetwork_compressed_downsampled_sin_freq_RES', 'C:\Users\Maria\Documents\Honours Programme\Networks\GAN\src\models\architectures_container.m', 1215)" style="font-weight:bold">architectures_container.buildOptimizedNetwork_compressed_downsampled_sin_freq_RES</a> (<a href="matlab: opentoline('C:\Users\Maria\Documents\Honours Programme\Networks\GAN\src\models\architectures_container.m',1215,0)">line 1215</a>)
                    transposedConv2dLayer([param.kernel_size3 1], input_z, "Name", sprintf("res_conv_dec1_%d", i),  "Cropping",crop1, "Stride", stride1.^2)
                                           ^^^^^^^^^^^^^^^^^^
Error in <a href="matlab:matlab.lang.internal.introspective.errorDocCallback('Bayesian_optimization_downsampled_one_path>trainAndEvaluateAE', 'C:\Users\Maria\Documents\Honours Programme\Networks\GAN\src\training\Bayesian_optimization_downsampled_one_path.m', 288)" style="font-weight:bold">Bayesian_optimization_downsampled_one_path>trainAndEvaluateAE</a> (<a href="matlab: opentoline('C:\Users\Maria\Documents\Honours Programme\Networks\GAN\src\training\Bayesian_optimization_downsampled_one_path.m',288,0)">line 288</a>)
            net = architectures_container.buildOptimizedNetwork_compressed_downsampled_sin_freq_RES(params);
                  ^^^^^^^^^^^^^^^^^^^^^^^^^^^^^^^^^^^^^^^^^^^^^^^^^^^^^^^^^^^^^^^^^^^^^^^^^^^^^^^^^^^^^^^^^
Error in <a href="matlab:matlab.lang.internal.introspective.errorDocCallback('Bayesian_optimization_downsampled_one_path>@(params)trainAndEvaluateAE(params,dataCfg,''network_type'',network_type)', 'C:\Users\Maria\Documents\Honours Programme\Networks\GAN\src\training\Bayesian_optimization_downsampled_one_path.m', 102)" style="font-weight:bold">Bayesian_optimization_downsampled_one_path>@(params)trainAndEvaluateAE(params,dataCfg,'network_type',network_type)</a> (<a href="matlab: opentoline('C:\Users\Maria\Documents\Honours Programme\Networks\GAN\src\training\Bayesian_optimization_downsampled_one_path.m',102,0)">line 102</a>)
objectiveFcn = @(params) trainAndEvaluateAE(params, dataCfg, 'network_type', network_type);
                         ^^^^^^^^^^^^^^^^^^^^^^^^^^^^^^^^^^^^^^^^^^^^^^^^^^^^^^^^^^^^^^^^^
Error in <a href="matlab:matlab.lang.internal.introspective.errorDocCallback('bayesoptim.callObjFcnParallel>callObjNormallyParallel', 'C:\Program Files\MATLAB\R2024b\toolbox\stats\bayesoptim\+bayesoptim\callObjFcnParallel.m', 45)" style="font-weight:bold">bayesoptim.callObjFcnParallel>callObjNormallyParallel</a> (<a href="matlab: opentoline('C:\Program Files\MATLAB\R2024b\toolbox\stats\bayesoptim\+bayesoptim\callObjFcnParallel.m',45,0)">line 45</a>)
            Objective = ObjectiveFcn(conditionalizedX);
                        ^^^^^^^^^^^^^^^^^^^^^^^^^^^^^^
Error in <a href="matlab:matlab.lang.internal.introspective.errorDocCallback('bayesoptim.callObjFcnParallel', 'C:\Program Files\MATLAB\R2024b\toolbox\stats\bayesoptim\+bayesoptim\callObjFcnParallel.m', 12)" style="font-weight:bold">bayesoptim.callObjFcnParallel</a> (<a href="matlab: opentoline('C:\Program Files\MATLAB\R2024b\toolbox\stats\bayesoptim\+bayesoptim\callObjFcnParallel.m',12,0)">line 12</a>)
        = callObjNormallyParallel(ObjectiveFcn, ObjectiveNargout, NumCoupledConstraints, conditionalizedX);
          ^^^^^^^^^^^^^^^^^^^^^^^^^^^^^^^^^^^^^^^^^^^^^^^^^^^^^^^^^^^^^^^^^^^^^^^^^^^^^^^^^^^^^^^^^^^^^^^^

[13:51:36] w01: start objective; params=[{"channels1":62,"channels2":24,"kernel_size1":8,"kernel_size2":13,"kernel_size3":12,"dilation_factor":7,"batch_size":8,"learning_rate":0.0011827681627659908}]
[13:51:36] w01: Preparing datastores for training and validation...

[13:51:36] w01: Using single frequency datastore for frequency index 4

[13:51:44] w01: 1 am here before gpu
[13:51:44] w01: 2 am here after gpu
[13:51:44] w01: Training failed: Unable to resolve the name 'param.kernel_size3'.

[13:51:45] w01: Unable to resolve the name 'param.kernel_size3'.

Error in <a href="matlab:matlab.lang.internal.introspective.errorDocCallback('architectures_container.buildOptimizedNetwork_compressed_downsampled_sin_freq_RES', 'C:\Users\Maria\Documents\Honours Programme\Networks\GAN\src\models\architectures_container.m', 1215)" style="font-weight:bold">architectures_container.buildOptimizedNetwork_compressed_downsampled_sin_freq_RES</a> (<a href="matlab: opentoline('C:\Users\Maria\Documents\Honours Programme\Networks\GAN\src\models\architectures_container.m',1215,0)">line 1215</a>)
                    transposedConv2dLayer([param.kernel_size3 1], input_z, "Name", sprintf("res_conv_dec1_%d", i),  "Cropping",crop1, "Stride", stride1.^2)
                                           ^^^^^^^^^^^^^^^^^^
Error in <a href="matlab:matlab.lang.internal.introspective.errorDocCallback('Bayesian_optimization_downsampled_one_path>trainAndEvaluateAE', 'C:\Users\Maria\Documents\Honours Programme\Networks\GAN\src\training\Bayesian_optimization_downsampled_one_path.m', 288)" style="font-weight:bold">Bayesian_optimization_downsampled_one_path>trainAndEvaluateAE</a> (<a href="matlab: opentoline('C:\Users\Maria\Documents\Honours Programme\Networks\GAN\src\training\Bayesian_optimization_downsampled_one_path.m',288,0)">line 288</a>)
            net = architectures_container.buildOptimizedNetwork_compressed_downsampled_sin_freq_RES(params);
                  ^^^^^^^^^^^^^^^^^^^^^^^^^^^^^^^^^^^^^^^^^^^^^^^^^^^^^^^^^^^^^^^^^^^^^^^^^^^^^^^^^^^^^^^^^
Error in <a href="matlab:matlab.lang.internal.introspective.errorDocCallback('Bayesian_optimization_downsampled_one_path>@(params)trainAndEvaluateAE(params,dataCfg,''network_type'',network_type)', 'C:\Users\Maria\Documents\Honours Programme\Networks\GAN\src\training\Bayesian_optimization_downsampled_one_path.m', 102)" style="font-weight:bold">Bayesian_optimization_downsampled_one_path>@(params)trainAndEvaluateAE(params,dataCfg,'network_type',network_type)</a> (<a href="matlab: opentoline('C:\Users\Maria\Documents\Honours Programme\Networks\GAN\src\training\Bayesian_optimization_downsampled_one_path.m',102,0)">line 102</a>)
objectiveFcn = @(params) trainAndEvaluateAE(params, dataCfg, 'network_type', network_type);
                         ^^^^^^^^^^^^^^^^^^^^^^^^^^^^^^^^^^^^^^^^^^^^^^^^^^^^^^^^^^^^^^^^^
Error in <a href="matlab:matlab.lang.internal.introspective.errorDocCallback('bayesoptim.callObjFcnParallel>callObjNormallyParallel', 'C:\Program Files\MATLAB\R2024b\toolbox\stats\bayesoptim\+bayesoptim\callObjFcnParallel.m', 45)" style="font-weight:bold">bayesoptim.callObjFcnParallel>callObjNormallyParallel</a> (<a href="matlab: opentoline('C:\Program Files\MATLAB\R2024b\toolbox\stats\bayesoptim\+bayesoptim\callObjFcnParallel.m',45,0)">line 45</a>)
            Objective = ObjectiveFcn(conditionalizedX);
                        ^^^^^^^^^^^^^^^^^^^^^^^^^^^^^^
Error in <a href="matlab:matlab.lang.internal.introspective.errorDocCallback('bayesoptim.callObjFcnParallel', 'C:\Program Files\MATLAB\R2024b\toolbox\stats\bayesoptim\+bayesoptim\callObjFcnParallel.m', 12)" style="font-weight:bold">bayesoptim.callObjFcnParallel</a> (<a href="matlab: opentoline('C:\Program Files\MATLAB\R2024b\toolbox\stats\bayesoptim\+bayesoptim\callObjFcnParallel.m',12,0)">line 12</a>)
        = callObjNormallyParallel(ObjectiveFcn, ObjectiveNargout, NumCoupledConstraints, conditionalizedX);
          ^^^^^^^^^^^^^^^^^^^^^^^^^^^^^^^^^^^^^^^^^^^^^^^^^^^^^^^^^^^^^^^^^^^^^^^^^^^^^^^^^^^^^^^^^^^^^^^^

[13:51:46] w01: start objective; params=[{"channels1":61,"channels2":27,"kernel_size1":8,"kernel_size2":12,"kernel_size3":13,"dilation_factor":6,"batch_size":8,"learning_rate":0.0054062605133121094}]
[13:51:46] w01: Preparing datastores for training and validation...

[13:51:46] w01: Using single frequency datastore for frequency index 4

[13:54:01] w01: start objective; params=[{"channels1":48,"channels2":31,"kernel_size1":15,"kernel_size2":13,"kernel_size3":10,"dilation_factor":6,"batch_size":16,"learning_rate":0.0029273224093621032}]
[13:54:01] w01: Preparing datastores for training and validation...

[13:54:01] w01: Using single frequency datastore for frequency index 4

[13:54:08] w01: 1 am here before gpu
[13:54:08] w01: 2 am here after gpu
[13:54:10] w01: Training network (Final=0) on gpu for 10 epochs...

[13:54:34] w01: start objective; params=[{"channels1":46,"channels2":17,"kernel_size1":11,"kernel_size2":12,"kernel_size3":11,"dilation_factor":7,"batch_size":8,"learning_rate":0.00862954847946302}]
[13:54:34] w01: Preparing datastores for training and validation...

[13:54:34] w01: Using single frequency datastore for frequency index 4

[13:54:42] w01: 1 am here before gpu
[13:54:42] w01: 2 am here after gpu
[13:54:42] w01: Training network (Final=0) on gpu for 10 epochs...

[13:55:47] w01: start objective; params=[{"channels1":36,"channels2":31,"kernel_size1":8,"kernel_size2":10,"kernel_size3":13,"dilation_factor":2,"batch_size":9,"learning_rate":0.0012901705535739083}]
[13:55:47] w01: Preparing datastores for training and validation...

[13:55:47] w01: Using single frequency datastore for frequency index 4

[13:55:54] w01: 1 am here before gpu
[13:55:54] w01: 2 am here after gpu
[13:55:55] w01: Training network (Final=0) on gpu for 10 epochs...

[13:56:36] w01: start objective; params=[{"channels1":42,"channels2":19,"kernel_size1":19,"kernel_size2":10,"kernel_size3":12,"dilation_factor":3,"batch_size":9,"learning_rate":0.0016802031047763865}]
[13:56:36] w01: Preparing datastores for training and validation...

[13:56:36] w01: Using single frequency datastore for frequency index 4

[13:56:45] w01: 1 am here before gpu
[13:56:45] w01: 2 am here after gpu
[13:56:46] w01: Training network (Final=0) on gpu for 10 epochs...

[13:57:42] w01: start objective; params=[{"channels1":57,"channels2":31,"kernel_size1":14,"kernel_size2":14,"kernel_size3":10,"dilation_factor":7,"batch_size":9,"learning_rate":0.002122527886053562}]
[13:57:42] w01: Preparing datastores for training and validation...

[13:57:42] w01: Using single frequency datastore for frequency index 4

[13:57:52] w01: 1 am here before gpu
[13:57:52] w01: 2 am here after gpu
[13:57:53] w01: Training network (Final=0) on gpu for 10 epochs...

[13:58:49] w01: start objective; params=[{"channels1":43,"channels2":28,"kernel_size1":17,"kernel_size2":14,"kernel_size3":11,"dilation_factor":2,"batch_size":12,"learning_rate":0.0019130820363093878}]
[13:58:49] w01: Preparing datastores for training and validation...

[13:58:49] w01: Using single frequency datastore for frequency index 4

[13:58:57] w01: 1 am here before gpu
[13:58:57] w01: 2 am here after gpu
[13:58:58] w01: Training network (Final=0) on gpu for 10 epochs...

[13:59:36] w01: start objective; params=[{"channels1":55,"channels2":31,"kernel_size1":11,"kernel_size2":13,"kernel_size3":10,"dilation_factor":2,"batch_size":5,"learning_rate":0.0020897751485313516}]
[13:59:36] w01: Preparing datastores for training and validation...

[13:59:36] w01: Using single frequency datastore for frequency index 4

[13:59:43] w01: 1 am here before gpu
[13:59:43] w01: 2 am here after gpu
[13:59:44] w01: Training network (Final=0) on gpu for 10 epochs...

[14:01:42] w01: start objective; params=[{"channels1":58,"channels2":25,"kernel_size1":8,"kernel_size2":13,"kernel_size3":12,"dilation_factor":4,"batch_size":16,"learning_rate":0.002237971850762134}]
[14:01:42] w01: Preparing datastores for training and validation...

[14:01:42] w01: Using single frequency datastore for frequency index 4

[14:01:46] w01: 1 am here before gpu
[14:01:46] w01: 2 am here after gpu
[14:01:47] w01: Training network (Final=0) on gpu for 10 epochs...

[14:02:17] w01: start objective; params=[{"channels1":55,"channels2":29,"kernel_size1":7,"kernel_size2":11,"kernel_size3":14,"dilation_factor":7,"batch_size":8,"learning_rate":0.0020366163832383466}]
[14:02:17] w01: Preparing datastores for training and validation...

[14:02:17] w01: Using single frequency datastore for frequency index 4

[14:02:22] w01: 1 am here before gpu
[14:02:22] w01: 2 am here after gpu
[14:02:22] w01: Training network (Final=0) on gpu for 10 epochs...

[14:02:56] w01: start objective; params=[{"channels1":57,"channels2":18,"kernel_size1":8,"kernel_size2":14,"kernel_size3":10,"dilation_factor":3,"batch_size":14,"learning_rate":0.0018929498882769384}]
[14:02:56] w01: Preparing datastores for training and validation...

[14:02:56] w01: Using single frequency datastore for frequency index 4

[14:03:00] w01: 1 am here before gpu
[14:03:00] w01: 2 am here after gpu
[14:03:00] w01: Training network (Final=0) on gpu for 10 epochs...

[14:03:15] w01: start objective; params=[{"channels1":37,"channels2":20,"kernel_size1":15,"kernel_size2":14,"kernel_size3":13,"dilation_factor":2,"batch_size":9,"learning_rate":0.0022614999276098346}]
[14:03:15] w01: Preparing datastores for training and validation...

[14:03:15] w01: Using single frequency datastore for frequency index 4

[14:03:18] w01: 1 am here before gpu
[14:03:18] w01: 2 am here after gpu
[14:03:19] w01: Training network (Final=0) on gpu for 10 epochs...

[14:03:40] w01: start objective; params=[{"channels1":55,"channels2":29,"kernel_size1":12,"kernel_size2":11,"kernel_size3":14,"dilation_factor":2,"batch_size":9,"learning_rate":0.0021854217193688491}]
[14:03:40] w01: Preparing datastores for training and validation...

[14:03:40] w01: Using single frequency datastore for frequency index 4

[14:03:43] w01: 1 am here before gpu
[14:03:43] w01: 2 am here after gpu
[14:03:44] w01: Training network (Final=0) on gpu for 10 epochs...

[14:04:04] w01: start objective; params=[{"channels1":63,"channels2":32,"kernel_size1":17,"kernel_size2":15,"kernel_size3":10,"dilation_factor":2,"batch_size":10,"learning_rate":0.0023500154411051641}]
[14:04:04] w01: Preparing datastores for training and validation...

[14:04:04] w01: Using single frequency datastore for frequency index 4

[14:04:07] w01: 1 am here before gpu
[14:04:07] w01: 2 am here after gpu
[14:04:08] w01: Training network (Final=0) on gpu for 10 epochs...

[14:04:32] w01: start objective; params=[{"channels1":55,"channels2":29,"kernel_size1":12,"kernel_size2":12,"kernel_size3":12,"dilation_factor":4,"batch_size":5,"learning_rate":0.0021421349371541177}]
[14:04:32] w01: Preparing datastores for training and validation...

[14:04:32] w01: Using single frequency datastore for frequency index 4

[14:04:35] w01: 1 am here before gpu
[14:04:35] w01: 2 am here after gpu
[14:04:36] w01: Training network (Final=0) on gpu for 10 epochs...

[14:05:51] w01: start objective; params=[{"channels1":41,"channels2":31,"kernel_size1":8,"kernel_size2":14,"kernel_size3":11,"dilation_factor":4,"batch_size":5,"learning_rate":0.0025598670550996006}]
[14:05:51] w01: Preparing datastores for training and validation...

[14:05:51] w01: Using single frequency datastore for frequency index 4

[14:05:58] w01: 1 am here before gpu
[14:05:58] w01: 2 am here after gpu
[14:05:58] w01: Training network (Final=0) on gpu for 10 epochs...

[14:07:05] w01: start objective; params=[{"channels1":44,"channels2":29,"kernel_size1":7,"kernel_size2":14,"kernel_size3":13,"dilation_factor":4,"batch_size":4,"learning_rate":0.0022502231131337272}]
[14:07:05] w01: Preparing datastores for training and validation...

[14:07:05] w01: Using single frequency datastore for frequency index 4

[14:07:09] w01: 1 am here before gpu
[14:07:09] w01: 2 am here after gpu
[14:07:09] w01: Training network (Final=0) on gpu for 10 epochs...

[14:08:34] w01: start objective; params=[{"channels1":45,"channels2":19,"kernel_size1":11,"kernel_size2":10,"kernel_size3":13,"dilation_factor":4,"batch_size":6,"learning_rate":0.0025543653566812213}]
[14:08:34] w01: Preparing datastores for training and validation...

[14:08:34] w01: Using single frequency datastore for frequency index 4

[14:08:38] w01: 1 am here before gpu
[14:08:38] w01: 2 am here after gpu
[14:08:39] w01: Training network (Final=0) on gpu for 10 epochs...

[14:09:31] w01: start objective; params=[{"channels1":38,"channels2":25,"kernel_size1":7,"kernel_size2":12,"kernel_size3":15,"dilation_factor":4,"batch_size":6,"learning_rate":0.0021244108242858737}]
[14:09:31] w01: Preparing datastores for training and validation...

[14:09:31] w01: Using single frequency datastore for frequency index 4

[14:09:34] w01: 1 am here before gpu
[14:09:34] w01: 2 am here after gpu
[14:09:34] w01: Training network (Final=0) on gpu for 10 epochs...

[14:10:12] w01: start objective; params=[{"channels1":43,"channels2":28,"kernel_size1":9,"kernel_size2":14,"kernel_size3":12,"dilation_factor":2,"batch_size":9,"learning_rate":0.0019761083813444693}]
[14:10:12] w01: Preparing datastores for training and validation...

[14:10:12] w01: Using single frequency datastore for frequency index 4

[14:10:16] w01: 1 am here before gpu
[14:10:16] w01: 2 am here after gpu
[14:10:17] w01: Training network (Final=0) on gpu for 10 epochs...

[14:10:37] w01: start objective; params=[{"channels1":57,"channels2":31,"kernel_size1":8,"kernel_size2":14,"kernel_size3":11,"dilation_factor":2,"batch_size":9,"learning_rate":0.0021284286271818376}]
[14:10:37] w01: Preparing datastores for training and validation...

[14:10:37] w01: Using single frequency datastore for frequency index 4

[14:10:41] w01: 1 am here before gpu
[14:10:41] w01: 2 am here after gpu
[14:10:41] w01: Training network (Final=0) on gpu for 10 epochs...

[14:11:02] w01: start objective; params=[{"channels1":54,"channels2":32,"kernel_size1":12,"kernel_size2":14,"kernel_size3":13,"dilation_factor":2,"batch_size":10,"learning_rate":0.0019817306447929756}]
[14:11:02] w01: Preparing datastores for training and validation...

[14:11:02] w01: Using single frequency datastore for frequency index 4

[14:11:05] w01: 1 am here before gpu
[14:11:05] w01: 2 am here after gpu
[14:11:05] w01: Training network (Final=0) on gpu for 10 epochs...

[16:28:53] w01: start objective; params=[{"channels1":58,"channels2":22,"kernel_size1":9,"kernel_size2":13,"kernel_size3":11,"dilation_factor":2,"batch_size":9,"learning_rate":0.0016564808202884163}]
[16:28:53] w01: Preparing datastores for training and validation...

[16:28:53] w01: Using single frequency datastore for frequency index 4

[16:29:02] w01: 1 am here before gpu
[16:29:03] w01: 2 am here after gpu
[16:29:19] w01: Training network (Final=0) on gpu for 10 epochs...

[16:34:44] w01: start objective; params=[{"channels1":58,"channels2":22,"kernel_size1":9,"kernel_size2":13,"kernel_size3":11,"dilation_factor":2,"batch_size":9,"learning_rate":0.0016564808202884163}]
[16:34:44] w01: Preparing datastores for training and validation...

[16:34:44] w01: Using single frequency datastore for frequency index 4

[16:34:51] w01: 1 am here before gpu
[16:34:51] w01: 2 am here after gpu
[16:34:54] w01: Training failed: Unable to connect to 'fc_latent_revert_1'. This input is already connected.

[16:34:55] w01: Error using <a href="matlab:matlab.lang.internal.introspective.errorDocCallback('dlnetwork/connectLayers', 'C:\Program Files\MATLAB\R2024b\toolbox\nnet\cnn\dlnetwork.m', 266)" style="font-weight:bold">dlnetwork/connectLayers</a> (<a href="matlab: opentoline('C:\Program Files\MATLAB\R2024b\toolbox\nnet\cnn\dlnetwork.m',266,0)">line 266</a>)
Unable to connect to 'fc_latent_revert_1'. This input is already connected.

Error in <a href="matlab:matlab.lang.internal.introspective.errorDocCallback('architectures_container.buildOptimizedNetwork_compressed_downsampled_sin_freq_less_deep', 'C:\Users\Maria\Documents\Honours Programme\Networks\GAN\src\models\architectures_container.m', 1385)" style="font-weight:bold">architectures_container.buildOptimizedNetwork_compressed_downsampled_sin_freq_less_deep</a> (<a href="matlab: opentoline('C:\Users\Maria\Documents\Honours Programme\Networks\GAN\src\models\architectures_container.m',1385,0)">line 1385</a>)
                net = connectLayers(net, sprintf("elu_latent_adjust_%d", i), sprintf("fc_latent_revert_%d", i));
                      ^^^^^^^^^^^^^^^^^^^^^^^^^^^^^^^^^^^^^^^^^^^^^^^^^^^^^^^^^^^^^^^^^^^^^^^^^^^^^^^^^^^^^^^^^
Error in <a href="matlab:matlab.lang.internal.introspective.errorDocCallback('Bayesian_optimization_downsampled_one_path>trainAndEvaluateAE', 'C:\Users\Maria\Documents\Honours Programme\Networks\GAN\src\training\Bayesian_optimization_downsampled_one_path.m', 288)" style="font-weight:bold">Bayesian_optimization_downsampled_one_path>trainAndEvaluateAE</a> (<a href="matlab: opentoline('C:\Users\Maria\Documents\Honours Programme\Networks\GAN\src\training\Bayesian_optimization_downsampled_one_path.m',288,0)">line 288</a>)
            net = architectures_container.buildOptimizedNetwork_compressed_downsampled_sin_freq_less_deep(params);
                  ^^^^^^^^^^^^^^^^^^^^^^^^^^^^^^^^^^^^^^^^^^^^^^^^^^^^^^^^^^^^^^^^^^^^^^^^^^^^^^^^^^^^^^^^^^^^^^^
Error in <a href="matlab:matlab.lang.internal.introspective.errorDocCallback('Bayesian_optimization_downsampled_one_path>@(params)trainAndEvaluateAE(params,dataCfg,''network_type'',network_type)', 'C:\Users\Maria\Documents\Honours Programme\Networks\GAN\src\training\Bayesian_optimization_downsampled_one_path.m', 102)" style="font-weight:bold">Bayesian_optimization_downsampled_one_path>@(params)trainAndEvaluateAE(params,dataCfg,'network_type',network_type)</a> (<a href="matlab: opentoline('C:\Users\Maria\Documents\Honours Programme\Networks\GAN\src\training\Bayesian_optimization_downsampled_one_path.m',102,0)">line 102</a>)
objectiveFcn = @(params) trainAndEvaluateAE(params, dataCfg, 'network_type', network_type);
                         ^^^^^^^^^^^^^^^^^^^^^^^^^^^^^^^^^^^^^^^^^^^^^^^^^^^^^^^^^^^^^^^^^
Error in <a href="matlab:matlab.lang.internal.introspective.errorDocCallback('bayesoptim.callObjFcnParallel>callObjNormallyParallel', 'C:\Program Files\MATLAB\R2024b\toolbox\stats\bayesoptim\+bayesoptim\callObjFcnParallel.m', 45)" style="font-weight:bold">bayesoptim.callObjFcnParallel>callObjNormallyParallel</a> (<a href="matlab: opentoline('C:\Program Files\MATLAB\R2024b\toolbox\stats\bayesoptim\+bayesoptim\callObjFcnParallel.m',45,0)">line 45</a>)
            Objective = ObjectiveFcn(conditionalizedX);
                        ^^^^^^^^^^^^^^^^^^^^^^^^^^^^^^
Error in <a href="matlab:matlab.lang.internal.introspective.errorDocCallback('bayesoptim.callObjFcnParallel', 'C:\Program Files\MATLAB\R2024b\toolbox\stats\bayesoptim\+bayesoptim\callObjFcnParallel.m', 26)" style="font-weight:bold">bayesoptim.callObjFcnParallel</a> (<a href="matlab: opentoline('C:\Program Files\MATLAB\R2024b\toolbox\stats\bayesoptim\+bayesoptim\callObjFcnParallel.m',26,0)">line 26</a>)
            = callObjNormallyParallel(ObjectiveFcn, ObjectiveNargout, NumCoupledConstraints, conditionalizedX);
              ^^^^^^^^^^^^^^^^^^^^^^^^^^^^^^^^^^^^^^^^^^^^^^^^^^^^^^^^^^^^^^^^^^^^^^^^^^^^^^^^^^^^^^^^^^^^^^^^

[16:34:56] w01: start objective; params=[{"channels1":46,"channels2":17,"kernel_size1":11,"kernel_size2":12,"kernel_size3":11,"dilation_factor":7,"batch_size":8,"learning_rate":0.00862954847946302}]
[16:34:56] w01: Preparing datastores for training and validation...

[16:34:56] w01: Using single frequency datastore for frequency index 4

[16:35:54] w01: start objective; params=[{"channels1":58,"channels2":22,"kernel_size1":9,"kernel_size2":13,"kernel_size3":11,"dilation_factor":2,"batch_size":9,"learning_rate":0.0016564808202884163}]
[16:35:54] w01: Preparing datastores for training and validation...

[16:35:54] w01: Using single frequency datastore for frequency index 4

[16:36:01] w01: 1 am here before gpu
[16:36:01] w01: 2 am here after gpu
[16:36:03] w01: Training network (Final=0) on gpu for 10 epochs...

[16:36:09] w01: Training failed: Error evaluating loss function.

[16:36:09] w01: Error using <a href="matlab:matlab.lang.internal.introspective.errorDocCallback('trainnet', 'C:\Program Files\MATLAB\R2024b\toolbox\nnet\deeptrain\trainnet.m', 54)" style="font-weight:bold">trainnet</a> (<a href="matlab: opentoline('C:\Program Files\MATLAB\R2024b\toolbox\nnet\deeptrain\trainnet.m',54,0)">line 54</a>)
Error evaluating loss function.

Error in <a href="matlab:matlab.lang.internal.introspective.errorDocCallback('Bayesian_optimization_downsampled_one_path>trainAndEvaluateAE', 'C:\Users\Maria\Documents\Honours Programme\Networks\GAN\src\training\Bayesian_optimization_downsampled_one_path.m', 315)" style="font-weight:bold">Bayesian_optimization_downsampled_one_path>trainAndEvaluateAE</a> (<a href="matlab: opentoline('C:\Users\Maria\Documents\Honours Programme\Networks\GAN\src\training\Bayesian_optimization_downsampled_one_path.m',315,0)">line 315</a>)
        [net, info] = trainnet(trainData, net, lossFn, options);
                      ^^^^^^^^^^^^^^^^^^^^^^^^^^^^^^^^^^^^^^^^^
Error in <a href="matlab:matlab.lang.internal.introspective.errorDocCallback('Bayesian_optimization_downsampled_one_path>@(params)trainAndEvaluateAE(params,dataCfg,''network_type'',network_type)', 'C:\Users\Maria\Documents\Honours Programme\Networks\GAN\src\training\Bayesian_optimization_downsampled_one_path.m', 102)" style="font-weight:bold">Bayesian_optimization_downsampled_one_path>@(params)trainAndEvaluateAE(params,dataCfg,'network_type',network_type)</a> (<a href="matlab: opentoline('C:\Users\Maria\Documents\Honours Programme\Networks\GAN\src\training\Bayesian_optimization_downsampled_one_path.m',102,0)">line 102</a>)
objectiveFcn = @(params) trainAndEvaluateAE(params, dataCfg, 'network_type', network_type);
                         ^^^^^^^^^^^^^^^^^^^^^^^^^^^^^^^^^^^^^^^^^^^^^^^^^^^^^^^^^^^^^^^^^
Error in <a href="matlab:matlab.lang.internal.introspective.errorDocCallback('bayesoptim.callObjFcnParallel>callObjNormallyParallel', 'C:\Program Files\MATLAB\R2024b\toolbox\stats\bayesoptim\+bayesoptim\callObjFcnParallel.m', 45)" style="font-weight:bold">bayesoptim.callObjFcnParallel>callObjNormallyParallel</a> (<a href="matlab: opentoline('C:\Program Files\MATLAB\R2024b\toolbox\stats\bayesoptim\+bayesoptim\callObjFcnParallel.m',45,0)">line 45</a>)
            Objective = ObjectiveFcn(conditionalizedX);
                        ^^^^^^^^^^^^^^^^^^^^^^^^^^^^^^
Error in <a href="matlab:matlab.lang.internal.introspective.errorDocCallback('bayesoptim.callObjFcnParallel', 'C:\Program Files\MATLAB\R2024b\toolbox\stats\bayesoptim\+bayesoptim\callObjFcnParallel.m', 26)" style="font-weight:bold">bayesoptim.callObjFcnParallel</a> (<a href="matlab: opentoline('C:\Program Files\MATLAB\R2024b\toolbox\stats\bayesoptim\+bayesoptim\callObjFcnParallel.m',26,0)">line 26</a>)
            = callObjNormallyParallel(ObjectiveFcn, ObjectiveNargout, NumCoupledConstraints, conditionalizedX);
              ^^^^^^^^^^^^^^^^^^^^^^^^^^^^^^^^^^^^^^^^^^^^^^^^^^^^^^^^^^^^^^^^^^^^^^^^^^^^^^^^^^^^^^^^^^^^^^^^
Caused by:
    Error using <a href="matlab:matlab.lang.internal.introspective.errorDocCallback('minus')" style="font-weight:bold"> - </a>
    Arrays have incompatible sizes of 800 and 40 in dimension 2. In each dimension, the sizes must be equal or one of the arrays must have size 1.
    
    Error in <a href="matlab:matlab.lang.internal.introspective.errorDocCallback('deep.internal.recording.operations.MinusBroadcastOp/forward', 'C:\Program Files\MATLAB\R2024b\toolbox\nnet\deep\deep\+deep\+internal\+recording\+operations\MinusBroadcastOp.m', 32)" style="font-weight:bold">deep.internal.recording.operations.MinusBroadcastOp/forward</a> (<a href="matlab: opentoline('C:\Program Files\MATLAB\R2024b\toolbox\nnet\deep\deep\+deep\+internal\+recording\+operations\MinusBroadcastOp.m',32,0)">line 32</a>)
                x = x - y;
                      ^
    Error in <a href="matlab:matlab.lang.internal.introspective.errorDocCallback('dlarray/minus', 'C:\Program Files\MATLAB\R2024b\toolbox\nnet\deep\deep\@dlarray\minus.m', 39)" style="font-weight:bold"> - </a> (<a href="matlab: opentoline('C:\Program Files\MATLAB\R2024b\toolbox\nnet\deep\deep\@dlarray\minus.m',39,0)">line 39</a>)
    zdata = matlab.lang.internal.move(xdata) - matlab.lang.internal.move(ydata);
                                             ^
    Error in <a href="matlab:matlab.lang.internal.introspective.errorDocCallback('Bayesian_optimization_downsampled_one_path>mse_l1_loss', 'C:\Users\Maria\Documents\Honours Programme\Networks\GAN\src\training\Bayesian_optimization_downsampled_one_path.m', 365)" style="font-weight:bold">Bayesian_optimization_downsampled_one_path>mse_l1_loss</a> (<a href="matlab: opentoline('C:\Users\Maria\Documents\Honours Programme\Networks\GAN\src\training\Bayesian_optimization_downsampled_one_path.m',365,0)">line 365</a>)
            l1 = mean(abs(Yk-Tk),'all');
                            ^
    Error in <a href="matlab:matlab.lang.internal.introspective.errorDocCallback('Bayesian_optimization_downsampled_one_path>@(varargin)mse_l1_loss(varargin{:})', 'C:\Users\Maria\Documents\Honours Programme\Networks\GAN\src\training\Bayesian_optimization_downsampled_one_path.m', 313)" style="font-weight:bold">Bayesian_optimization_downsampled_one_path>@(varargin)mse_l1_loss(varargin{:})</a> (<a href="matlab: opentoline('C:\Users\Maria\Documents\Honours Programme\Networks\GAN\src\training\Bayesian_optimization_downsampled_one_path.m',313,0)">line 313</a>)
            lossFn = @(varargin) mse_l1_loss(varargin{:});
                                 ^^^^^^^^^^^^^^^^^^^^^^^^
    Error in <a href="matlab:matlab.lang.internal.introspective.errorDocCallback('nnet.internal.cnn.util.UserCodeException.fevalUserCode', 'C:\Program Files\MATLAB\R2024b\toolbox\nnet\cnn\+nnet\+internal\+cnn\+util\+UserCodeException\fevalUserCode.m', 11)" style="font-weight:bold">nnet.internal.cnn.util.UserCodeException.fevalUserCode</a> (<a href="matlab: opentoline('C:\Program Files\MATLAB\R2024b\toolbox\nnet\cnn\+nnet\+internal\+cnn\+util\+UserCodeException\fevalUserCode.m',11,0)">line 11</a>)
        [varargout{1:nargout}] = feval(F, varargin{:});
                                 ^^^^^^^^^^^^^^^^^^^^^

[16:43:47] w01: start objective; params=[{"channels1":58,"channels2":22,"kernel_size1":9,"kernel_size2":13,"kernel_size3":11,"dilation_factor":2,"batch_size":9,"learning_rate":0.0016564808202884163}]
[16:43:47] w01: Preparing datastores for training and validation...

[16:43:47] w01: Using single frequency datastore for frequency index 4

[16:43:54] w01: 1 am here before gpu
[16:43:54] w01: 2 am here after gpu
[16:43:56] w01: Training network (Final=0) on gpu for 10 epochs...

[16:45:11] w01: start objective; params=[{"channels1":58,"channels2":22,"kernel_size1":9,"kernel_size2":13,"kernel_size3":11,"dilation_factor":2,"batch_size":9,"learning_rate":0.0016564808202884163}]
[16:45:11] w01: Preparing datastores for training and validation...

[16:45:11] w01: Using single frequency datastore for frequency index 4

[16:45:18] w01: 1 am here before gpu
[16:45:18] w01: 2 am here after gpu
[16:45:19] w01: Training network (Final=0) on gpu for 10 epochs...

[16:45:49] w01: start objective; params=[{"channels1":43,"channels2":22,"kernel_size1":7,"kernel_size2":13,"kernel_size3":12,"dilation_factor":4,"batch_size":8,"learning_rate":0.0078864776127079549}]
[16:45:49] w01: Preparing datastores for training and validation...

[16:45:49] w01: Using single frequency datastore for frequency index 4

[16:45:54] w01: 1 am here before gpu
[16:45:54] w01: 2 am here after gpu
[16:45:55] w01: Training network (Final=0) on gpu for 10 epochs...

[16:46:30] w01: start objective; params=[{"channels1":62,"channels2":28,"kernel_size1":10,"kernel_size2":14,"kernel_size3":11,"dilation_factor":3,"batch_size":16,"learning_rate":0.0098878106230358333}]
[16:46:30] w01: Preparing datastores for training and validation...

[16:46:30] w01: Using single frequency datastore for frequency index 4

[16:46:36] w01: 1 am here before gpu
[16:46:36] w01: 2 am here after gpu
[16:46:37] w01: Training network (Final=0) on gpu for 10 epochs...

[16:46:53] w01: start objective; params=[{"channels1":64,"channels2":19,"kernel_size1":8,"kernel_size2":10,"kernel_size3":12,"dilation_factor":7,"batch_size":8,"learning_rate":0.008914383467318876}]
[16:46:53] w01: Preparing datastores for training and validation...

[16:46:53] w01: Using single frequency datastore for frequency index 4

[16:46:58] w01: 1 am here before gpu
[16:46:58] w01: 2 am here after gpu
[16:46:58] w01: Training network (Final=0) on gpu for 10 epochs...

[16:47:32] w01: start objective; params=[{"channels1":57,"channels2":20,"kernel_size1":17,"kernel_size2":12,"kernel_size3":12,"dilation_factor":8,"batch_size":11,"learning_rate":0.00358983627947716}]
[16:47:32] w01: Preparing datastores for training and validation...

[16:47:32] w01: Using single frequency datastore for frequency index 4

[16:47:37] w01: 1 am here before gpu
[16:47:37] w01: 2 am here after gpu
[16:47:38] w01: Training network (Final=0) on gpu for 10 epochs...

[16:48:00] w01: start objective; params=[{"channels1":38,"channels2":17,"kernel_size1":9,"kernel_size2":10,"kernel_size3":12,"dilation_factor":4,"batch_size":9,"learning_rate":0.00839478484093338}]
[16:48:00] w01: Preparing datastores for training and validation...

[16:48:00] w01: Using single frequency datastore for frequency index 4

[16:48:05] w01: 1 am here before gpu
[16:48:05] w01: 2 am here after gpu
[16:48:05] w01: Training network (Final=0) on gpu for 10 epochs...

[16:48:33] w01: start objective; params=[{"channels1":33,"channels2":27,"kernel_size1":12,"kernel_size2":10,"kernel_size3":14,"dilation_factor":8,"batch_size":7,"learning_rate":0.0015550917197554468}]
[16:48:33] w01: Preparing datastores for training and validation...

[16:48:33] w01: Using single frequency datastore for frequency index 4

[16:48:38] w01: 1 am here before gpu
[16:48:38] w01: 2 am here after gpu
[16:48:38] w01: Training network (Final=0) on gpu for 10 epochs...

[16:49:21] w01: start objective; params=[{"channels1":36,"channels2":32,"kernel_size1":7,"kernel_size2":13,"kernel_size3":11,"dilation_factor":7,"batch_size":8,"learning_rate":0.0014341589979457495}]
[16:49:21] w01: Preparing datastores for training and validation...

[16:49:21] w01: Using single frequency datastore for frequency index 4

[16:49:26] w01: 1 am here before gpu
[16:49:26] w01: 2 am here after gpu
[16:49:26] w01: Training network (Final=0) on gpu for 10 epochs...

[16:50:01] w01: start objective; params=[{"channels1":33,"channels2":32,"kernel_size1":16,"kernel_size2":11,"kernel_size3":11,"dilation_factor":5,"batch_size":4,"learning_rate":0.0013486969664074906}]
[16:50:01] w01: Preparing datastores for training and validation...

[16:50:01] w01: Using single frequency datastore for frequency index 4

[16:50:06] w01: 1 am here before gpu
[16:50:06] w01: 2 am here after gpu
[16:50:06] w01: Training network (Final=0) on gpu for 10 epochs...

[16:52:00] w01: start objective; params=[{"channels1":54,"channels2":29,"kernel_size1":11,"kernel_size2":14,"kernel_size3":13,"dilation_factor":3,"batch_size":4,"learning_rate":0.0047578911312574556}]
[16:52:00] w01: Preparing datastores for training and validation...

[16:52:00] w01: Using single frequency datastore for frequency index 4

[16:52:05] w01: 1 am here before gpu
[16:52:05] w01: 2 am here after gpu
[16:52:05] w01: Training network (Final=0) on gpu for 10 epochs...

[16:54:05] w01: start objective; params=[{"channels1":37,"channels2":16,"kernel_size1":19,"kernel_size2":10,"kernel_size3":12,"dilation_factor":8,"batch_size":6,"learning_rate":0.0012580727897605502}]
[16:54:05] w01: Preparing datastores for training and validation...

[16:54:05] w01: Using single frequency datastore for frequency index 4

[16:54:09] w01: 1 am here before gpu
[16:54:09] w01: 2 am here after gpu
[16:54:10] w01: Training network (Final=0) on gpu for 10 epochs...

[16:55:01] w01: start objective; params=[{"channels1":35,"channels2":16,"kernel_size1":18,"kernel_size2":15,"kernel_size3":13,"dilation_factor":7,"batch_size":5,"learning_rate":0.0011344550888165478}]
[16:55:01] w01: Preparing datastores for training and validation...

[16:55:01] w01: Using single frequency datastore for frequency index 4

[16:55:05] w01: 1 am here before gpu
[16:55:05] w01: 2 am here after gpu
[16:55:06] w01: Training network (Final=0) on gpu for 10 epochs...

[16:56:15] w01: start objective; params=[{"channels1":63,"channels2":29,"kernel_size1":16,"kernel_size2":13,"kernel_size3":15,"dilation_factor":4,"batch_size":4,"learning_rate":0.0094798078020368083}]
[16:56:15] w01: Preparing datastores for training and validation...

[16:56:15] w01: Using single frequency datastore for frequency index 4

[16:56:19] w01: 1 am here before gpu
[16:56:19] w01: 2 am here after gpu
[16:56:20] w01: Training network (Final=0) on gpu for 10 epochs...

[16:58:12] w01: start objective; params=[{"channels1":56,"channels2":27,"kernel_size1":19,"kernel_size2":14,"kernel_size3":10,"dilation_factor":4,"batch_size":6,"learning_rate":0.0093111338327180916}]
[16:58:12] w01: Preparing datastores for training and validation...

[16:58:12] w01: Using single frequency datastore for frequency index 4

[16:58:16] w01: 1 am here before gpu
[16:58:16] w01: 2 am here after gpu
[16:58:17] w01: Training network (Final=0) on gpu for 10 epochs...

[16:59:10] w01: start objective; params=[{"channels1":53,"channels2":32,"kernel_size1":17,"kernel_size2":15,"kernel_size3":11,"dilation_factor":4,"batch_size":6,"learning_rate":0.0070230087411429012}]
[16:59:10] w01: Preparing datastores for training and validation...

[16:59:10] w01: Using single frequency datastore for frequency index 4

[16:59:14] w01: 1 am here before gpu
[16:59:14] w01: 2 am here after gpu
[16:59:14] w01: Training network (Final=0) on gpu for 10 epochs...

[17:00:10] w01: start objective; params=[{"channels1":61,"channels2":16,"kernel_size1":7,"kernel_size2":10,"kernel_size3":14,"dilation_factor":8,"batch_size":5,"learning_rate":0.0090530501543894214}]
[17:00:10] w01: Preparing datastores for training and validation...

[17:00:10] w01: Using single frequency datastore for frequency index 4

[17:00:15] w01: 1 am here before gpu
[17:00:15] w01: 2 am here after gpu
[17:00:15] w01: Training network (Final=0) on gpu for 10 epochs...

[17:01:24] w01: start objective; params=[{"channels1":59,"channels2":24,"kernel_size1":10,"kernel_size2":15,"kernel_size3":14,"dilation_factor":5,"batch_size":4,"learning_rate":0.0085571203087756644}]
[17:01:24] w01: Preparing datastores for training and validation...

[17:01:24] w01: Using single frequency datastore for frequency index 4

[17:01:29] w01: 1 am here before gpu
[17:01:29] w01: 2 am here after gpu
[17:01:29] w01: Training network (Final=0) on gpu for 10 epochs...

[17:03:14] w01: start objective; params=[{"channels1":60,"channels2":19,"kernel_size1":15,"kernel_size2":15,"kernel_size3":13,"dilation_factor":3,"batch_size":4,"learning_rate":0.009871689879993947}]
[17:03:14] w01: Preparing datastores for training and validation...

[17:03:14] w01: Using single frequency datastore for frequency index 4

[17:03:18] w01: 1 am here before gpu
[17:03:18] w01: 2 am here after gpu
[17:03:19] w01: Training network (Final=0) on gpu for 10 epochs...

[17:04:56] w01: start objective; params=[{"channels1":51,"channels2":23,"kernel_size1":8,"kernel_size2":15,"kernel_size3":14,"dilation_factor":3,"batch_size":4,"learning_rate":0.0090390962754748911}]
[17:04:56] w01: Preparing datastores for training and validation...

[17:04:56] w01: Using single frequency datastore for frequency index 4

[17:04:59] w01: 1 am here before gpu
[17:04:59] w01: 2 am here after gpu
[17:04:59] w01: Training network (Final=0) on gpu for 10 epochs...

[17:05:43] w01: start objective; params=[{"channels1":58,"channels2":28,"kernel_size1":10,"kernel_size2":15,"kernel_size3":14,"dilation_factor":5,"batch_size":5,"learning_rate":0.0046779630543936765}]
[17:05:43] w01: Preparing datastores for training and validation...

[17:05:43] w01: Using single frequency datastore for frequency index 4

[17:05:45] w01: 1 am here before gpu
[17:05:45] w01: 2 am here after gpu
[17:05:46] w01: Training network (Final=0) on gpu for 10 epochs...

[17:06:15] w01: start objective; params=[{"channels1":36,"channels2":22,"kernel_size1":12,"kernel_size2":15,"kernel_size3":14,"dilation_factor":4,"batch_size":4,"learning_rate":0.0097309321052165519}]
[17:06:15] w01: Preparing datastores for training and validation...

[17:06:15] w01: Using single frequency datastore for frequency index 4

[17:06:18] w01: 1 am here before gpu
[17:06:18] w01: 2 am here after gpu
[17:06:18] w01: Training network (Final=0) on gpu for 10 epochs...

[17:07:06] w01: start objective; params=[{"channels1":51,"channels2":29,"kernel_size1":10,"kernel_size2":14,"kernel_size3":13,"dilation_factor":5,"batch_size":4,"learning_rate":0.0042982381084003731}]
[17:07:06] w01: Preparing datastores for training and validation...

[17:07:06] w01: Using single frequency datastore for frequency index 4

[17:07:08] w01: 1 am here before gpu
[17:07:08] w01: 2 am here after gpu
[17:07:09] w01: Training network (Final=0) on gpu for 10 epochs...

[17:07:49] w01: start objective; params=[{"channels1":45,"channels2":16,"kernel_size1":15,"kernel_size2":13,"kernel_size3":12,"dilation_factor":7,"batch_size":6,"learning_rate":0.0045425333581022012}]
[17:07:49] w01: Preparing datastores for training and validation...

[17:07:49] w01: Using single frequency datastore for frequency index 4

[17:07:52] w01: 1 am here before gpu
[17:07:52] w01: 2 am here after gpu
[17:07:52] w01: Training network (Final=0) on gpu for 10 epochs...

[17:14:48] w01: start objective; params=[{"channels1":58,"channels2":22,"kernel_size1":9,"kernel_size2":13,"kernel_size3":11,"dilation_factor":2,"batch_size":9,"learning_rate":0.0016564808202884163}]
[17:14:48] w01: Preparing datastores for training and validation...

[17:14:48] w01: Using single frequency datastore for frequency index 4

[17:14:52] w01: 1 am here before gpu
[17:14:52] w01: 2 am here after gpu
[17:14:53] w01: Training network (Final=0) on gpu for 10 epochs...

[17:15:34] w01: start objective; params=[{"channels1":43,"channels2":22,"kernel_size1":7,"kernel_size2":13,"kernel_size3":12,"dilation_factor":4,"batch_size":8,"learning_rate":0.0078864776127079549}]
[17:15:34] w01: Preparing datastores for training and validation...

[17:15:34] w01: Using single frequency datastore for frequency index 4

[17:15:39] w01: 1 am here before gpu
[17:15:39] w01: 2 am here after gpu
[17:15:40] w01: Training network (Final=0) on gpu for 10 epochs...

[17:16:27] w01: start objective; params=[{"channels1":64,"channels2":19,"kernel_size1":19,"kernel_size2":13,"kernel_size3":15,"dilation_factor":2,"batch_size":6,"learning_rate":0.00791709555513418}]
[17:16:27] w01: Preparing datastores for training and validation...

[17:16:27] w01: Using single frequency datastore for frequency index 4

[17:16:32] w01: 1 am here before gpu
[17:16:32] w01: 2 am here after gpu
[17:16:32] w01: Training network (Final=0) on gpu for 10 epochs...

[17:17:45] w01: start objective; params=[{"channels1":63,"channels2":19,"kernel_size1":7,"kernel_size2":13,"kernel_size3":12,"dilation_factor":4,"batch_size":14,"learning_rate":0.0018582780756680141}]
[17:17:45] w01: Preparing datastores for training and validation...

[17:17:45] w01: Using single frequency datastore for frequency index 4

[17:17:50] w01: 1 am here before gpu
[17:17:50] w01: 2 am here after gpu
[17:17:51] w01: Training network (Final=0) on gpu for 10 epochs...

[17:18:18] w01: start objective; params=[{"channels1":34,"channels2":27,"kernel_size1":9,"kernel_size2":13,"kernel_size3":11,"dilation_factor":8,"batch_size":9,"learning_rate":0.0044882912952280453}]
[17:18:18] w01: Preparing datastores for training and validation...

[17:18:18] w01: Using single frequency datastore for frequency index 4

[17:18:23] w01: 1 am here before gpu
[17:18:23] w01: 2 am here after gpu
[17:18:23] w01: Training network (Final=0) on gpu for 10 epochs...

[17:19:03] w01: start objective; params=[{"channels1":40,"channels2":18,"kernel_size1":16,"kernel_size2":10,"kernel_size3":14,"dilation_factor":2,"batch_size":9,"learning_rate":0.0010559177604012014}]
[17:19:03] w01: Preparing datastores for training and validation...

[17:19:03] w01: Using single frequency datastore for frequency index 4

[17:19:08] w01: 1 am here before gpu
[17:19:08] w01: 2 am here after gpu
[17:19:08] w01: Training network (Final=0) on gpu for 10 epochs...

[17:19:48] w01: start objective; params=[{"channels1":33,"channels2":28,"kernel_size1":14,"kernel_size2":13,"kernel_size3":14,"dilation_factor":8,"batch_size":8,"learning_rate":0.0024390466327806289}]
[17:19:48] w01: Preparing datastores for training and validation...

[17:19:48] w01: Using single frequency datastore for frequency index 4

[17:19:53] w01: 1 am here before gpu
[17:19:53] w01: 2 am here after gpu
[17:19:53] w01: Training network (Final=0) on gpu for 10 epochs...

[17:20:43] w01: start objective; params=[{"channels1":36,"channels2":30,"kernel_size1":11,"kernel_size2":13,"kernel_size3":14,"dilation_factor":8,"batch_size":9,"learning_rate":0.0067184728204266724}]
[17:20:43] w01: Preparing datastores for training and validation...

[17:20:43] w01: Using single frequency datastore for frequency index 4

[17:20:48] w01: 1 am here before gpu
[17:20:48] w01: 2 am here after gpu
[17:20:48] w01: Training network (Final=0) on gpu for 10 epochs...

[17:21:28] w01: start objective; params=[{"channels1":33,"channels2":18,"kernel_size1":12,"kernel_size2":13,"kernel_size3":12,"dilation_factor":8,"batch_size":10,"learning_rate":0.0088944523180648234}]
[17:21:28] w01: Preparing datastores for training and validation...

[17:21:28] w01: Using single frequency datastore for frequency index 4

[17:21:33] w01: 1 am here before gpu
[17:21:33] w01: 2 am here after gpu
[17:21:33] w01: Training network (Final=0) on gpu for 10 epochs...

[17:22:10] w01: start objective; params=[{"channels1":60,"channels2":22,"kernel_size1":15,"kernel_size2":14,"kernel_size3":11,"dilation_factor":6,"batch_size":9,"learning_rate":0.0019427351233276267}]
[17:22:10] w01: Preparing datastores for training and validation...

[17:22:10] w01: Using single frequency datastore for frequency index 4

[17:22:15] w01: 1 am here before gpu
[17:22:15] w01: 2 am here after gpu
[17:22:16] w01: Training network (Final=0) on gpu for 10 epochs...

[17:22:55] w01: start objective; params=[{"channels1":39,"channels2":23,"kernel_size1":12,"kernel_size2":14,"kernel_size3":13,"dilation_factor":7,"batch_size":9,"learning_rate":0.0021501507428115293}]
[17:22:55] w01: Preparing datastores for training and validation...

[17:22:55] w01: Using single frequency datastore for frequency index 4

[17:23:00] w01: 1 am here before gpu
[17:23:00] w01: 2 am here after gpu
[17:23:01] w01: Training network (Final=0) on gpu for 10 epochs...

[17:23:41] w01: start objective; params=[{"channels1":55,"channels2":22,"kernel_size1":12,"kernel_size2":14,"kernel_size3":11,"dilation_factor":4,"batch_size":9,"learning_rate":0.0030834744585546579}]
[17:23:41] w01: Preparing datastores for training and validation...

[17:23:41] w01: Using single frequency datastore for frequency index 4

[17:23:45] w01: 1 am here before gpu
[17:23:45] w01: 2 am here after gpu
[17:23:46] w01: Training network (Final=0) on gpu for 10 epochs...

[17:24:25] w01: start objective; params=[{"channels1":33,"channels2":31,"kernel_size1":8,"kernel_size2":15,"kernel_size3":11,"dilation_factor":8,"batch_size":9,"learning_rate":0.0099303186631141786}]
[17:24:25] w01: Preparing datastores for training and validation...

[17:24:25] w01: Using single frequency datastore for frequency index 4

[17:24:30] w01: 1 am here before gpu
[17:24:30] w01: 2 am here after gpu
[17:24:31] w01: Training network (Final=0) on gpu for 10 epochs...

[17:25:10] w01: start objective; params=[{"channels1":45,"channels2":31,"kernel_size1":14,"kernel_size2":12,"kernel_size3":14,"dilation_factor":3,"batch_size":9,"learning_rate":0.0086550282855130459}]
[17:25:10] w01: Preparing datastores for training and validation...

[17:25:10] w01: Using single frequency datastore for frequency index 4

[17:25:15] w01: 1 am here before gpu
[17:25:15] w01: 2 am here after gpu
[17:25:15] w01: Training network (Final=0) on gpu for 10 epochs...

[17:25:55] w01: start objective; params=[{"channels1":61,"channels2":22,"kernel_size1":14,"kernel_size2":14,"kernel_size3":11,"dilation_factor":6,"batch_size":9,"learning_rate":0.0017613257801444326}]
[17:25:55] w01: Preparing datastores for training and validation...

[17:25:55] w01: Using single frequency datastore for frequency index 4

[17:26:01] w01: 1 am here before gpu
[17:26:01] w01: 2 am here after gpu
[17:26:02] w01: Training network (Final=0) on gpu for 10 epochs...

[17:26:42] w01: start objective; params=[{"channels1":64,"channels2":20,"kernel_size1":9,"kernel_size2":13,"kernel_size3":10,"dilation_factor":2,"batch_size":9,"learning_rate":0.0019986991446482518}]
[17:26:42] w01: Preparing datastores for training and validation...

[17:26:42] w01: Using single frequency datastore for frequency index 4

[17:26:47] w01: 1 am here before gpu
[17:26:47] w01: 2 am here after gpu
[17:26:47] w01: Training network (Final=0) on gpu for 10 epochs...

[17:27:28] w01: start objective; params=[{"channels1":57,"channels2":23,"kernel_size1":13,"kernel_size2":13,"kernel_size3":11,"dilation_factor":7,"batch_size":9,"learning_rate":0.0022911264926301586}]
[17:27:28] w01: Preparing datastores for training and validation...

[17:27:28] w01: Using single frequency datastore for frequency index 4

[17:27:32] w01: 1 am here before gpu
[17:27:32] w01: 2 am here after gpu
[17:27:33] w01: Training network (Final=0) on gpu for 10 epochs...

[17:28:14] w01: start objective; params=[{"channels1":44,"channels2":30,"kernel_size1":7,"kernel_size2":13,"kernel_size3":14,"dilation_factor":6,"batch_size":9,"learning_rate":0.0071072075915106442}]
[17:28:14] w01: Preparing datastores for training and validation...

[17:28:14] w01: Using single frequency datastore for frequency index 4

[17:28:19] w01: 1 am here before gpu
[17:28:19] w01: 2 am here after gpu
[17:28:19] w01: Training network (Final=0) on gpu for 10 epochs...

[17:28:58] w01: start objective; params=[{"channels1":60,"channels2":17,"kernel_size1":16,"kernel_size2":13,"kernel_size3":11,"dilation_factor":3,"batch_size":10,"learning_rate":0.0026980284828651015}]
[17:28:58] w01: Preparing datastores for training and validation...

[17:28:58] w01: Using single frequency datastore for frequency index 4

[17:29:03] w01: 1 am here before gpu
[17:29:03] w01: 2 am here after gpu
[17:29:04] w01: Training network (Final=0) on gpu for 10 epochs...

[17:29:42] w01: start objective; params=[{"channels1":59,"channels2":16,"kernel_size1":19,"kernel_size2":13,"kernel_size3":11,"dilation_factor":3,"batch_size":10,"learning_rate":0.0027852853201888097}]
[17:29:42] w01: Preparing datastores for training and validation...

[17:29:42] w01: Using single frequency datastore for frequency index 4

[17:29:47] w01: 1 am here before gpu
[17:29:47] w01: 2 am here after gpu
[17:29:47] w01: Training network (Final=0) on gpu for 10 epochs...

[15:26:21] w01: start objective; params=[{"channels1":58,"channels2":22,"kernel_size1":9,"kernel_size2":13,"kernel_size3":11,"dilation_factor":2,"batch_size":9,"learning_rate":0.0016564808202884163}]
[15:26:21] w01: Preparing datastores for training and validation...

[15:26:21] w01: Using single frequency datastore for frequency index 4

[15:26:29] w01: 1 am here before gpu
[15:26:29] w01: 2 am here after gpu
[15:26:45] w01: Training network (Final=0) on gpu for 10 epochs...

[15:28:39] w01: start objective; params=[{"channels1":43,"channels2":22,"kernel_size1":7,"kernel_size2":13,"kernel_size3":12,"dilation_factor":4,"batch_size":8,"learning_rate":0.0078864776127079549}]
[15:28:39] w01: Preparing datastores for training and validation...

[15:28:39] w01: Using single frequency datastore for frequency index 4

[15:28:51] w01: 1 am here before gpu
[15:28:51] w01: 2 am here after gpu
[15:28:54] w01: Training network (Final=0) on gpu for 10 epochs...

[15:30:45] w01: start objective; params=[{"channels1":36,"channels2":22,"kernel_size1":7,"kernel_size2":13,"kernel_size3":11,"dilation_factor":4,"batch_size":9,"learning_rate":0.0013928674883323619}]
[15:30:45] w01: Preparing datastores for training and validation...

[15:30:45] w01: Using single frequency datastore for frequency index 4

[15:30:54] w01: 1 am here before gpu
[15:30:54] w01: 2 am here after gpu
[15:30:55] w01: Training network (Final=0) on gpu for 10 epochs...

[15:32:00] w01: start objective; params=[{"channels1":59,"channels2":23,"kernel_size1":7,"kernel_size2":13,"kernel_size3":12,"dilation_factor":6,"batch_size":9,"learning_rate":0.001199324822686382}]
[15:32:00] w01: Preparing datastores for training and validation...

[15:32:00] w01: Using single frequency datastore for frequency index 4

[15:32:07] w01: 1 am here before gpu
[15:32:07] w01: 2 am here after gpu
[15:32:08] w01: Training network (Final=0) on gpu for 10 epochs...

[15:33:14] w01: start objective; params=[{"channels1":37,"channels2":21,"kernel_size1":13,"kernel_size2":11,"kernel_size3":13,"dilation_factor":4,"batch_size":10,"learning_rate":0.0044732159917026905}]
[15:33:14] w01: Preparing datastores for training and validation...

[15:33:14] w01: Using single frequency datastore for frequency index 4

[15:33:21] w01: 1 am here before gpu
[15:33:21] w01: 2 am here after gpu
[15:33:22] w01: Training network (Final=0) on gpu for 10 epochs...

[15:34:25] w01: start objective; params=[{"channels1":48,"channels2":27,"kernel_size1":18,"kernel_size2":11,"kernel_size3":15,"dilation_factor":4,"batch_size":5,"learning_rate":0.001253155613471538}]
[15:34:25] w01: Preparing datastores for training and validation...

[15:34:25] w01: Using single frequency datastore for frequency index 4

[15:34:32] w01: 1 am here before gpu
[15:34:32] w01: 2 am here after gpu
[15:34:33] w01: Training network (Final=0) on gpu for 10 epochs...

[15:37:47] w01: start objective; params=[{"channels1":58,"channels2":29,"kernel_size1":19,"kernel_size2":11,"kernel_size3":15,"dilation_factor":3,"batch_size":9,"learning_rate":0.0014899769543115667}]
[15:37:47] w01: Preparing datastores for training and validation...

[15:37:47] w01: Using single frequency datastore for frequency index 4

[15:37:55] w01: 1 am here before gpu
[15:37:55] w01: 2 am here after gpu
[15:37:57] w01: Training network (Final=0) on gpu for 10 epochs...

[15:39:21] w01: start objective; params=[{"channels1":46,"channels2":27,"kernel_size1":19,"kernel_size2":11,"kernel_size3":14,"dilation_factor":4,"batch_size":4,"learning_rate":0.0022200789384354868}]
[15:39:21] w01: Preparing datastores for training and validation...

[15:39:21] w01: Using single frequency datastore for frequency index 4

[15:39:30] w01: 1 am here before gpu
[15:39:30] w01: 2 am here after gpu
[15:39:31] w01: Training network (Final=0) on gpu for 10 epochs...

[15:43:11] w01: start objective; params=[{"channels1":37,"channels2":22,"kernel_size1":10,"kernel_size2":13,"kernel_size3":11,"dilation_factor":6,"batch_size":9,"learning_rate":0.0067510526716823274}]
[15:43:11] w01: Preparing datastores for training and validation...

[15:43:11] w01: Using single frequency datastore for frequency index 4

[15:43:18] w01: 1 am here before gpu
[15:43:18] w01: 2 am here after gpu
[15:43:19] w01: Training network (Final=0) on gpu for 10 epochs...

[15:44:32] w01: start objective; params=[{"channels1":34,"channels2":22,"kernel_size1":9,"kernel_size2":13,"kernel_size3":11,"dilation_factor":6,"batch_size":9,"learning_rate":0.0028692636021309748}]
[15:44:32] w01: Preparing datastores for training and validation...

[15:44:32] w01: Using single frequency datastore for frequency index 4

[15:44:39] w01: 1 am here before gpu
[15:44:39] w01: 2 am here after gpu
[15:44:40] w01: Training network (Final=0) on gpu for 10 epochs...

[15:45:33] w01: start objective; params=[{"channels1":35,"channels2":22,"kernel_size1":8,"kernel_size2":11,"kernel_size3":11,"dilation_factor":5,"batch_size":9,"learning_rate":0.0061247172535746335}]
[15:45:33] w01: Preparing datastores for training and validation...

[15:45:33] w01: Using single frequency datastore for frequency index 4

[15:45:40] w01: 1 am here before gpu
[15:45:40] w01: 2 am here after gpu
[15:45:40] w01: Training network (Final=0) on gpu for 10 epochs...

[15:46:54] w01: start objective; params=[{"channels1":38,"channels2":22,"kernel_size1":8,"kernel_size2":13,"kernel_size3":11,"dilation_factor":2,"batch_size":9,"learning_rate":0.0050142728038420348}]
[15:46:54] w01: Preparing datastores for training and validation...

[15:46:54] w01: Using single frequency datastore for frequency index 4

[15:47:04] w01: 1 am here before gpu
[15:47:04] w01: 2 am here after gpu
[15:47:07] w01: Training network (Final=0) on gpu for 10 epochs...

[15:49:21] w01: start objective; params=[{"channels1":37,"channels2":22,"kernel_size1":9,"kernel_size2":13,"kernel_size3":11,"dilation_factor":7,"batch_size":9,"learning_rate":0.0073839549072605114}]
[15:49:21] w01: Preparing datastores for training and validation...

[15:49:21] w01: Using single frequency datastore for frequency index 4

[15:49:28] w01: 1 am here before gpu
[15:49:28] w01: 2 am here after gpu
[15:49:29] w01: Training network (Final=0) on gpu for 10 epochs...

[15:50:30] w01: start objective; params=[{"channels1":36,"channels2":22,"kernel_size1":8,"kernel_size2":13,"kernel_size3":11,"dilation_factor":5,"batch_size":8,"learning_rate":0.0063525849927368871}]
[15:50:30] w01: Preparing datastores for training and validation...

[15:50:30] w01: Using single frequency datastore for frequency index 4

[15:50:37] w01: 1 am here before gpu
[15:50:37] w01: 2 am here after gpu
[15:50:38] w01: Training network (Final=0) on gpu for 10 epochs...

[15:51:48] w01: start objective; params=[{"channels1":35,"channels2":28,"kernel_size1":19,"kernel_size2":12,"kernel_size3":12,"dilation_factor":3,"batch_size":6,"learning_rate":0.0010449536000487305}]
[15:51:48] w01: Preparing datastores for training and validation...

[15:51:48] w01: Using single frequency datastore for frequency index 4

[15:51:55] w01: 1 am here before gpu
[15:51:55] w01: 2 am here after gpu
[15:51:56] w01: Training network (Final=0) on gpu for 10 epochs...

[15:53:45] w01: start objective; params=[{"channels1":56,"channels2":27,"kernel_size1":18,"kernel_size2":11,"kernel_size3":15,"dilation_factor":3,"batch_size":6,"learning_rate":0.0015290642908930752}]
[15:53:45] w01: Preparing datastores for training and validation...

[15:53:45] w01: Using single frequency datastore for frequency index 4

[15:53:53] w01: 1 am here before gpu
[15:53:53] w01: 2 am here after gpu
[15:53:55] w01: Training network (Final=0) on gpu for 10 epochs...

[15:55:38] w01: start objective; params=[{"channels1":49,"channels2":22,"kernel_size1":10,"kernel_size2":13,"kernel_size3":11,"dilation_factor":7,"batch_size":9,"learning_rate":0.0058614105973351441}]
[15:55:38] w01: Preparing datastores for training and validation...

[15:55:38] w01: Using single frequency datastore for frequency index 4

[15:55:45] w01: 1 am here before gpu
[15:55:45] w01: 2 am here after gpu
[15:55:47] w01: Training network (Final=0) on gpu for 10 epochs...

[15:57:00] w01: start objective; params=[{"channels1":49,"channels2":27,"kernel_size1":19,"kernel_size2":12,"kernel_size3":15,"dilation_factor":7,"batch_size":5,"learning_rate":0.0016666512050945268}]
[15:57:00] w01: Preparing datastores for training and validation...

[15:57:00] w01: Using single frequency datastore for frequency index 4

[15:57:09] w01: 1 am here before gpu
[15:57:09] w01: 2 am here after gpu
[15:57:09] w01: Training network (Final=0) on gpu for 10 epochs...

[15:59:58] w01: start objective; params=[{"channels1":36,"channels2":22,"kernel_size1":8,"kernel_size2":13,"kernel_size3":11,"dilation_factor":3,"batch_size":9,"learning_rate":0.0019333268686612447}]
[15:59:58] w01: Preparing datastores for training and validation...

[15:59:58] w01: Using single frequency datastore for frequency index 4

[16:00:06] w01: 1 am here before gpu
[16:00:06] w01: 2 am here after gpu
[16:00:07] w01: Training network (Final=0) on gpu for 10 epochs...

[16:01:05] w01: start objective; params=[{"channels1":35,"channels2":22,"kernel_size1":8,"kernel_size2":14,"kernel_size3":11,"dilation_factor":7,"batch_size":9,"learning_rate":0.0027837297295295648}]
[16:01:05] w01: Preparing datastores for training and validation...

[16:01:05] w01: Using single frequency datastore for frequency index 4

[16:01:12] w01: 1 am here before gpu
[16:01:12] w01: 2 am here after gpu
[16:01:13] w01: Training network (Final=0) on gpu for 10 epochs...

[16:02:13] w01: start objective; params=[{"channels1":63,"channels2":27,"kernel_size1":11,"kernel_size2":11,"kernel_size3":14,"dilation_factor":6,"batch_size":11,"learning_rate":0.0081669872174085084}]
[16:02:13] w01: Preparing datastores for training and validation...

[16:02:13] w01: Using single frequency datastore for frequency index 4

[16:02:21] w01: 1 am here before gpu
[16:02:21] w01: 2 am here after gpu
[16:02:21] w01: Training network (Final=0) on gpu for 10 epochs...

[16:06:52] w01: start objective; params=[{"channels1":58,"channels2":22,"kernel_size1":9,"kernel_size2":13,"kernel_size3":11,"dilation_factor":2,"batch_size":9,"learning_rate":0.0016564808202884163}]
[16:06:52] w01: Preparing datastores for training and validation...

[16:06:52] w01: Using single frequency datastore for frequency index 4

[16:06:59] w01: 1 am here before gpu
[16:07:00] w01: 2 am here after gpu
[16:07:17] w01: Training network (Final=0) on gpu for 10 epochs...

[16:08:52] w01: start objective; params=[{"channels1":43,"channels2":22,"kernel_size1":7,"kernel_size2":13,"kernel_size3":12,"dilation_factor":4,"batch_size":8,"learning_rate":0.0078864776127079549}]
[16:08:52] w01: Preparing datastores for training and validation...

[16:08:52] w01: Using single frequency datastore for frequency index 4

[16:08:59] w01: 1 am here before gpu
[16:08:59] w01: 2 am here after gpu
[16:09:01] w01: Training network (Final=0) on gpu for 10 epochs...

[16:10:13] w01: start objective; params=[{"channels1":36,"channels2":22,"kernel_size1":7,"kernel_size2":13,"kernel_size3":11,"dilation_factor":4,"batch_size":9,"learning_rate":0.0013928674883323619}]
[16:10:13] w01: Preparing datastores for training and validation...

[16:10:13] w01: Using single frequency datastore for frequency index 4

[16:10:21] w01: 1 am here before gpu
[16:10:21] w01: 2 am here after gpu
[16:10:22] w01: Training network (Final=0) on gpu for 10 epochs...

[16:11:19] w01: start objective; params=[{"channels1":59,"channels2":23,"kernel_size1":7,"kernel_size2":13,"kernel_size3":12,"dilation_factor":6,"batch_size":9,"learning_rate":0.001199324822686382}]
[16:11:19] w01: Preparing datastores for training and validation...

[16:11:19] w01: Using single frequency datastore for frequency index 4

[16:11:26] w01: 1 am here before gpu
[16:11:26] w01: 2 am here after gpu
[16:11:27] w01: Training network (Final=0) on gpu for 10 epochs...

[16:12:23] w01: start objective; params=[{"channels1":37,"channels2":21,"kernel_size1":13,"kernel_size2":11,"kernel_size3":13,"dilation_factor":4,"batch_size":10,"learning_rate":0.0044732159917026905}]
[16:12:23] w01: Preparing datastores for training and validation...

[16:12:23] w01: Using single frequency datastore for frequency index 4

[16:12:30] w01: 1 am here before gpu
[16:12:30] w01: 2 am here after gpu
[16:12:35] w01: Training network (Final=0) on gpu for 10 epochs...

[16:13:28] w01: start objective; params=[{"channels1":48,"channels2":27,"kernel_size1":18,"kernel_size2":11,"kernel_size3":15,"dilation_factor":4,"batch_size":5,"learning_rate":0.001253155613471538}]
[16:13:28] w01: Preparing datastores for training and validation...

[16:13:28] w01: Using single frequency datastore for frequency index 4

[16:13:36] w01: 1 am here before gpu
[16:13:36] w01: 2 am here after gpu
[16:13:36] w01: Training network (Final=0) on gpu for 10 epochs...

[16:15:55] w01: start objective; params=[{"channels1":57,"channels2":27,"kernel_size1":15,"kernel_size2":11,"kernel_size3":15,"dilation_factor":5,"batch_size":6,"learning_rate":0.0017193985690138638}]
[16:15:55] w01: Preparing datastores for training and validation...

[16:15:55] w01: Using single frequency datastore for frequency index 4

[16:16:02] w01: 1 am here before gpu
[16:16:02] w01: 2 am here after gpu
[16:16:04] w01: Training network (Final=0) on gpu for 10 epochs...

[16:17:44] w01: start objective; params=[{"channels1":40,"channels2":29,"kernel_size1":18,"kernel_size2":11,"kernel_size3":15,"dilation_factor":4,"batch_size":8,"learning_rate":0.0014213155545990948}]
[16:17:44] w01: Preparing datastores for training and validation...

[16:17:44] w01: Using single frequency datastore for frequency index 4

[16:17:51] w01: 1 am here before gpu
[16:17:51] w01: 2 am here after gpu
[16:17:52] w01: Training network (Final=0) on gpu for 10 epochs...

[16:19:03] w01: start objective; params=[{"channels1":48,"channels2":24,"kernel_size1":14,"kernel_size2":11,"kernel_size3":15,"dilation_factor":7,"batch_size":8,"learning_rate":0.0012857465243033567}]
[16:19:03] w01: Preparing datastores for training and validation...

[16:19:03] w01: Using single frequency datastore for frequency index 4

[16:19:10] w01: 1 am here before gpu
[16:19:10] w01: 2 am here after gpu
[16:19:10] w01: Training network (Final=0) on gpu for 10 epochs...

[16:20:27] w01: start objective; params=[{"channels1":57,"channels2":32,"kernel_size1":19,"kernel_size2":15,"kernel_size3":10,"dilation_factor":4,"batch_size":14,"learning_rate":0.0033790769056962853}]
[16:20:27] w01: Preparing datastores for training and validation...

[16:20:27] w01: Using single frequency datastore for frequency index 4

[16:20:34] w01: 1 am here before gpu
[16:20:34] w01: 2 am here after gpu
[16:20:35] w01: Training network (Final=0) on gpu for 10 epochs...

[16:21:08] w01: start objective; params=[{"channels1":50,"channels2":32,"kernel_size1":11,"kernel_size2":15,"kernel_size3":10,"dilation_factor":8,"batch_size":15,"learning_rate":0.0094081598925277229}]
[16:21:08] w01: Preparing datastores for training and validation...

[16:21:08] w01: Using single frequency datastore for frequency index 4

[16:21:15] w01: 1 am here before gpu
[16:21:15] w01: 2 am here after gpu
[16:21:16] w01: Training network (Final=0) on gpu for 10 epochs...

[16:21:47] w01: start objective; params=[{"channels1":32,"channels2":21,"kernel_size1":16,"kernel_size2":13,"kernel_size3":10,"dilation_factor":3,"batch_size":10,"learning_rate":0.0019424213718824059}]
[16:21:47] w01: Preparing datastores for training and validation...

[16:21:47] w01: Using single frequency datastore for frequency index 4

[16:21:54] w01: 1 am here before gpu
[16:21:54] w01: 2 am here after gpu
[16:21:55] w01: Training network (Final=0) on gpu for 10 epochs...

[16:22:46] w01: start objective; params=[{"channels1":39,"channels2":21,"kernel_size1":8,"kernel_size2":13,"kernel_size3":10,"dilation_factor":4,"batch_size":12,"learning_rate":0.0053859662891977966}]
[16:22:46] w01: Preparing datastores for training and validation...

[16:22:46] w01: Using single frequency datastore for frequency index 4

[16:22:54] w01: 1 am here before gpu
[16:22:54] w01: 2 am here after gpu
[16:22:54] w01: Training network (Final=0) on gpu for 10 epochs...

[16:23:32] w01: start objective; params=[{"channels1":32,"channels2":21,"kernel_size1":20,"kernel_size2":12,"kernel_size3":10,"dilation_factor":3,"batch_size":5,"learning_rate":0.0017255453126743025}]
[16:23:32] w01: Preparing datastores for training and validation...

[16:23:32] w01: Using single frequency datastore for frequency index 4

[16:23:39] w01: 1 am here before gpu
[16:23:39] w01: 2 am here after gpu
[16:23:40] w01: Training network (Final=0) on gpu for 10 epochs...

[16:25:52] w01: start objective; params=[{"channels1":61,"channels2":32,"kernel_size1":19,"kernel_size2":11,"kernel_size3":15,"dilation_factor":8,"batch_size":5,"learning_rate":0.0010656654922229149}]
[16:25:52] w01: Preparing datastores for training and validation...

[16:25:52] w01: Using single frequency datastore for frequency index 4

[16:25:59] w01: 1 am here before gpu
[16:25:59] w01: 2 am here after gpu
[16:26:00] w01: Training network (Final=0) on gpu for 10 epochs...

[16:28:18] w01: start objective; params=[{"channels1":43,"channels2":29,"kernel_size1":19,"kernel_size2":14,"kernel_size3":14,"dilation_factor":2,"batch_size":5,"learning_rate":0.0010353732022231766}]
[16:28:18] w01: Preparing datastores for training and validation...

[16:28:18] w01: Using single frequency datastore for frequency index 4

[16:28:25] w01: 1 am here before gpu
[16:28:25] w01: 2 am here after gpu
[16:28:26] w01: Training network (Final=0) on gpu for 10 epochs...

[16:30:47] w01: start objective; params=[{"channels1":48,"channels2":28,"kernel_size1":16,"kernel_size2":13,"kernel_size3":15,"dilation_factor":3,"batch_size":4,"learning_rate":0.0011862542805577165}]
[16:30:47] w01: Preparing datastores for training and validation...

[16:30:47] w01: Using single frequency datastore for frequency index 4

[16:30:54] w01: 1 am here before gpu
[16:30:54] w01: 2 am here after gpu
[16:30:55] w01: Training network (Final=0) on gpu for 10 epochs...

[16:34:18] w01: start objective; params=[{"channels1":63,"channels2":30,"kernel_size1":17,"kernel_size2":11,"kernel_size3":13,"dilation_factor":5,"batch_size":5,"learning_rate":0.001365349072226085}]
[16:34:18] w01: Preparing datastores for training and validation...

[16:34:18] w01: Using single frequency datastore for frequency index 4

[16:34:25] w01: 1 am here before gpu
[16:34:25] w01: 2 am here after gpu
[16:34:26] w01: Training network (Final=0) on gpu for 10 epochs...

[13:57:56] w01: start objective; params=[{"channels1":38,"channels2":23,"kernel_size1":19,"kernel_size2":13,"kernel_size3":13,"dilation_factor":6,"batch_size":30,"learning_rate":3.8963734084973011E-5,"dropout_encoder":0.0852789565890611,"dropout_decoder":0.18670082313953523}]
[13:57:56] w01: Preparing datastores for training and validation...

[13:57:56] w01: Using single frequency datastore for frequency index 4

[13:58:02] w01: 1 am here before gpu
[13:58:02] w01: 2 am here after gpu
[13:58:19] w01: Training network (Final=0) on gpu for 10 epochs...

[13:59:19] w01: start objective; params=[{"channels1":32,"channels2":20,"kernel_size1":11,"kernel_size2":15,"kernel_size3":13,"dilation_factor":5,"batch_size":17,"learning_rate":0.00034212676526337534,"dropout_encoder":0.45886514622247493,"dropout_decoder":0.2997383535036835}]
[13:59:19] w01: Preparing datastores for training and validation...

[13:59:19] w01: Using single frequency datastore for frequency index 4

[13:59:25] w01: 1 am here before gpu
[13:59:25] w01: 2 am here after gpu
[13:59:27] w01: Training network (Final=0) on gpu for 10 epochs...

[14:00:01] w01: start objective; params=[{"channels1":35,"channels2":21,"kernel_size1":13,"kernel_size2":11,"kernel_size3":10,"dilation_factor":3,"batch_size":25,"learning_rate":0.00056650134545856775,"dropout_encoder":0.40704236514750813,"dropout_decoder":0.28648124597093133}]
[14:00:01] w01: Preparing datastores for training and validation...

[14:00:01] w01: Using single frequency datastore for frequency index 4

[14:00:05] w01: 1 am here before gpu
[14:00:05] w01: 2 am here after gpu
[14:00:07] w01: Training network (Final=0) on gpu for 10 epochs...

[14:00:31] w01: start objective; params=[{"channels1":39,"channels2":24,"kernel_size1":18,"kernel_size2":12,"kernel_size3":12,"dilation_factor":7,"batch_size":4,"learning_rate":0.000925175182103411,"dropout_encoder":0.014802154061585547,"dropout_decoder":0.0021261952662309236}]
[14:00:31] w01: Preparing datastores for training and validation...

[14:00:31] w01: Using single frequency datastore for frequency index 4

[14:00:36] w01: 1 am here before gpu
[14:00:36] w01: 2 am here after gpu
[14:00:37] w01: Training network (Final=0) on gpu for 10 epochs...

[14:03:48] w01: start objective; params=[{"channels1":38,"channels2":23,"kernel_size1":19,"kernel_size2":13,"kernel_size3":13,"dilation_factor":6,"batch_size":30,"learning_rate":3.8963734084973011E-5,"dropout_encoder":0.0852789565890611,"dropout_decoder":0.18670082313953523}]
[14:03:48] w01: Preparing datastores for training and validation...

[14:03:48] w01: Using single frequency datastore for frequency index 4

[14:03:53] w01: 1 am here before gpu
[14:03:53] w01: 2 am here after gpu
[14:03:55] w01: Training network (Final=0) on gpu for 40 epochs...

[14:04:46] w01: start objective; params=[{"channels1":42,"channels2":21,"kernel_size1":9,"kernel_size2":15,"kernel_size3":13,"dilation_factor":4,"batch_size":11,"learning_rate":0.00074666224484528049,"dropout_encoder":0.30204817577442089,"dropout_decoder":0.0443162618182284}]
[14:04:46] w01: Preparing datastores for training and validation...

[14:04:46] w01: Using single frequency datastore for frequency index 4

[14:04:51] w01: 1 am here before gpu
[14:04:51] w01: 2 am here after gpu
[14:04:52] w01: Training network (Final=0) on gpu for 40 epochs...

[14:07:43] w01: start objective; params=[{"channels1":60,"channels2":20,"kernel_size1":20,"kernel_size2":11,"kernel_size3":14,"dilation_factor":4,"batch_size":5,"learning_rate":0.00021287145709804361,"dropout_encoder":0.25898235540795989,"dropout_decoder":0.00025062170580009147}]
[14:07:43] w01: Preparing datastores for training and validation...

[14:07:43] w01: Using single frequency datastore for frequency index 4

[14:07:48] w01: 1 am here before gpu
[14:07:48] w01: 2 am here after gpu
[14:07:49] w01: Training network (Final=0) on gpu for 40 epochs...

[14:14:26] w01: start objective; params=[{"channels1":60,"channels2":20,"kernel_size1":8,"kernel_size2":10,"kernel_size3":14,"dilation_factor":5,"batch_size":29,"learning_rate":1.0079482481750476E-5,"dropout_encoder":0.010556973133836745,"dropout_decoder":0.24482310515852029}]
[14:14:26] w01: Preparing datastores for training and validation...

[14:14:26] w01: Using single frequency datastore for frequency index 4

[14:14:29] w01: 1 am here before gpu
[14:14:29] w01: 2 am here after gpu
[14:14:30] w01: Training network (Final=0) on gpu for 40 epochs...

[14:14:54] w01: start objective; params=[{"channels1":37,"channels2":16,"kernel_size1":19,"kernel_size2":10,"kernel_size3":12,"dilation_factor":8,"batch_size":5,"learning_rate":0.00097417744452809945,"dropout_encoder":0.45948674382737037,"dropout_decoder":0.1224788160535113}]
[14:14:54] w01: Preparing datastores for training and validation...

[14:14:54] w01: Using single frequency datastore for frequency index 4

[14:14:57] w01: 1 am here before gpu
[14:14:57] w01: 2 am here after gpu
[14:14:58] w01: Training network (Final=0) on gpu for 40 epochs...

[14:21:48] w01: start objective; params=[{"channels1":34,"channels2":27,"kernel_size1":15,"kernel_size2":11,"kernel_size3":12,"dilation_factor":8,"batch_size":25,"learning_rate":0.00011692665371094778,"dropout_encoder":0.058963646081756166,"dropout_decoder":0.1989924817150468}]
[14:21:48] w01: Preparing datastores for training and validation...

[14:21:48] w01: Using single frequency datastore for frequency index 4

[14:21:53] w01: 1 am here before gpu
[14:21:53] w01: 2 am here after gpu
[14:21:54] w01: Training network (Final=0) on gpu for 40 epochs...

[14:22:48] w01: start objective; params=[{"channels1":49,"channels2":22,"kernel_size1":8,"kernel_size2":12,"kernel_size3":15,"dilation_factor":3,"batch_size":5,"learning_rate":0.00096965234114797466,"dropout_encoder":0.47644709579110733,"dropout_decoder":0.47605101697884}]
[14:22:48] w01: Preparing datastores for training and validation...

[14:22:48] w01: Using single frequency datastore for frequency index 4

[14:22:53] w01: 1 am here before gpu
[14:22:53] w01: 2 am here after gpu
[14:22:55] w01: Training network (Final=0) on gpu for 40 epochs...

[14:30:54] w01: start objective; params=[{"channels1":45,"channels2":28,"kernel_size1":17,"kernel_size2":14,"kernel_size3":13,"dilation_factor":6,"batch_size":4,"learning_rate":0.00093082581586797727,"dropout_encoder":0.40746189701585478,"dropout_decoder":0.028245150125194903}]
[14:30:54] w01: Preparing datastores for training and validation...

[14:30:54] w01: Using single frequency datastore for frequency index 4

[14:30:59] w01: 1 am here before gpu
[14:30:59] w01: 2 am here after gpu
[14:31:00] w01: Training network (Final=0) on gpu for 40 epochs...

[14:35:46] w01: start objective; params=[{"channels1":37,"channels2":26,"kernel_size1":7,"kernel_size2":15,"kernel_size3":14,"dilation_factor":7,"batch_size":32,"learning_rate":1.1133892162122254E-5,"dropout_encoder":0.26713040510456593,"dropout_decoder":0.45985854393166348}]
[14:35:46] w01: Preparing datastores for training and validation...

[14:35:46] w01: Using single frequency datastore for frequency index 4

[14:35:52] w01: 1 am here before gpu
[14:35:52] w01: 2 am here after gpu
[14:35:53] w01: Training network (Final=0) on gpu for 40 epochs...

[14:36:40] w01: start objective; params=[{"channels1":46,"channels2":32,"kernel_size1":9,"kernel_size2":10,"kernel_size3":13,"dilation_factor":3,"batch_size":5,"learning_rate":0.00086957629388660466,"dropout_encoder":0.41186321722010022,"dropout_decoder":0.071910381698002512}]
[14:36:40] w01: Preparing datastores for training and validation...

[14:36:40] w01: Using single frequency datastore for frequency index 4

[14:36:46] w01: 1 am here before gpu
[14:36:46] w01: 2 am here after gpu
[14:36:47] w01: Training network (Final=0) on gpu for 40 epochs...

[14:44:03] w01: start objective; params=[{"channels1":33,"channels2":25,"kernel_size1":10,"kernel_size2":10,"kernel_size3":13,"dilation_factor":3,"batch_size":30,"learning_rate":0.00098382482783526313,"dropout_encoder":0.26315016514957063,"dropout_decoder":0.49533839068069763}]
[14:44:03] w01: Preparing datastores for training and validation...

[14:44:03] w01: Using single frequency datastore for frequency index 4

[14:44:09] w01: 1 am here before gpu
[14:44:09] w01: 2 am here after gpu
[14:44:11] w01: Training network (Final=0) on gpu for 40 epochs...

[14:45:16] w01: start objective; params=[{"channels1":57,"channels2":24,"kernel_size1":9,"kernel_size2":12,"kernel_size3":13,"dilation_factor":2,"batch_size":7,"learning_rate":0.000994288082926928,"dropout_encoder":0.32132212189170983,"dropout_decoder":0.023095541806738736}]
[14:45:16] w01: Preparing datastores for training and validation...

[14:45:16] w01: Using single frequency datastore for frequency index 4

[14:45:22] w01: 1 am here before gpu
[14:45:22] w01: 2 am here after gpu
[14:45:23] w01: Training network (Final=0) on gpu for 40 epochs...

[14:51:52] w01: start objective; params=[{"channels1":59,"channels2":20,"kernel_size1":15,"kernel_size2":10,"kernel_size3":11,"dilation_factor":5,"batch_size":5,"learning_rate":0.00093410271731470657,"dropout_encoder":0.011192051221933372,"dropout_decoder":0.059570682414737466}]
[14:51:52] w01: Preparing datastores for training and validation...

[14:51:52] w01: Using single frequency datastore for frequency index 4

[14:51:57] w01: 1 am here before gpu
[14:51:57] w01: 2 am here after gpu
[14:51:59] w01: Training network (Final=0) on gpu for 40 epochs...

[14:57:43] w01: start objective; params=[{"channels1":42,"channels2":26,"kernel_size1":8,"kernel_size2":10,"kernel_size3":13,"dilation_factor":8,"batch_size":32,"learning_rate":0.00032400669019052593,"dropout_encoder":0.005755829939799284,"dropout_decoder":0.44740162462127031}]
[14:57:43] w01: Preparing datastores for training and validation...

[14:57:43] w01: Using single frequency datastore for frequency index 4

[14:57:49] w01: 1 am here before gpu
[14:57:49] w01: 2 am here after gpu
[14:57:50] w01: Training network (Final=0) on gpu for 40 epochs...

[14:58:40] w01: start objective; params=[{"channels1":57,"channels2":22,"kernel_size1":13,"kernel_size2":13,"kernel_size3":13,"dilation_factor":7,"batch_size":15,"learning_rate":1.0191746471404201E-5,"dropout_encoder":0.020868487404208325,"dropout_decoder":0.0041230932470228817}]
[14:58:40] w01: Preparing datastores for training and validation...

[14:58:40] w01: Using single frequency datastore for frequency index 4

[14:58:46] w01: 1 am here before gpu
[14:58:46] w01: 2 am here after gpu
[14:58:47] w01: Training network (Final=0) on gpu for 40 epochs...

[14:59:47] w01: start objective; params=[{"channels1":64,"channels2":27,"kernel_size1":14,"kernel_size2":10,"kernel_size3":10,"dilation_factor":5,"batch_size":15,"learning_rate":0.00099211365141872818,"dropout_encoder":0.0046577414104769788,"dropout_decoder":0.1582526737381606}]
[14:59:47] w01: Preparing datastores for training and validation...

[14:59:47] w01: Using single frequency datastore for frequency index 4

[14:59:53] w01: 1 am here before gpu
[14:59:53] w01: 2 am here after gpu
[14:59:55] w01: Training network (Final=0) on gpu for 40 epochs...

[15:02:00] w01: start objective; params=[{"channels1":50,"channels2":25,"kernel_size1":14,"kernel_size2":11,"kernel_size3":14,"dilation_factor":7,"batch_size":32,"learning_rate":0.00052558916352582875,"dropout_encoder":0.49260996507439359,"dropout_decoder":0.046225815814859794}]
[15:02:00] w01: Preparing datastores for training and validation...

[15:02:00] w01: Using single frequency datastore for frequency index 4

[15:02:07] w01: 1 am here before gpu
[15:02:07] w01: 2 am here after gpu
[15:02:08] w01: Training network (Final=0) on gpu for 40 epochs...

[15:03:00] w01: start objective; params=[{"channels1":64,"channels2":27,"kernel_size1":15,"kernel_size2":12,"kernel_size3":11,"dilation_factor":6,"batch_size":28,"learning_rate":1.1071368730965425E-5,"dropout_encoder":0.49396665075521673,"dropout_decoder":0.0067194793372117312}]
[15:03:00] w01: Preparing datastores for training and validation...

[15:03:00] w01: Using single frequency datastore for frequency index 4

[15:03:07] w01: 1 am here before gpu
[15:03:07] w01: 2 am here after gpu
[15:03:08] w01: Training network (Final=0) on gpu for 40 epochs...

[15:04:09] w01: start objective; params=[{"channels1":34,"channels2":26,"kernel_size1":15,"kernel_size2":13,"kernel_size3":12,"dilation_factor":5,"batch_size":16,"learning_rate":9.2733206612731733E-5,"dropout_encoder":0.49112516260452,"dropout_decoder":0.034099722899388757}]
[15:04:09] w01: Preparing datastores for training and validation...

[15:04:09] w01: Using single frequency datastore for frequency index 4

[15:04:15] w01: 1 am here before gpu
[15:04:15] w01: 2 am here after gpu
[15:04:16] w01: Training network (Final=0) on gpu for 40 epochs...

[15:05:17] w01: start objective; params=[{"channels1":59,"channels2":25,"kernel_size1":15,"kernel_size2":13,"kernel_size3":14,"dilation_factor":2,"batch_size":4,"learning_rate":0.00027185034285197638,"dropout_encoder":0.49137798901122964,"dropout_decoder":0.480929673714915}]
[15:05:17] w01: Preparing datastores for training and validation...

[15:05:17] w01: Using single frequency datastore for frequency index 4

[15:05:22] w01: 1 am here before gpu
[15:05:22] w01: 2 am here after gpu
[15:05:24] w01: Training network (Final=0) on gpu for 40 epochs...

[14:23:43] w01: start objective; params=[{"desired_latent_size":12,"hl_s1":2649,"hl_s2":696,"hl_s3":170,"hl_s4":72,"drop_rate":0.13929106009733838,"overlap_size":3,"batch_size":16,"learning_rate":0.0016564808202884163,"lr_drop_factor":0.43176033957471616,"lr_drop_period":18}]
[14:23:43] w01: Preparing datastores for training and validation...

[14:23:43] w01: Using single frequency datastore for frequency index 4

[14:24:50] w01: start objective; params=[{"desired_latent_size":12,"hl_s1":2649,"hl_s2":696,"hl_s3":170,"hl_s4":72,"drop_rate":0.13929106009733838,"overlap_size":3,"batch_size":16,"learning_rate":0.0016564808202884163,"lr_drop_factor":0.43176033957471616,"lr_drop_period":18}]
[14:24:50] w01: Preparing datastores for training and validation...

[14:24:50] w01: Using single frequency datastore for frequency index 4

[14:24:54] w01: 1 am here before gpu
[14:24:54] w01: 2 am here after gpu
[14:24:59] w01: Training network (Final=0) on gpu for 40 epochs...

[14:29:05] w01: start objective; params=[{"desired_latent_size":12,"hl_s1":2649,"hl_s2":696,"hl_s3":170,"hl_s4":72,"drop_rate":0.13929106009733838,"overlap_size":3,"batch_size":16,"learning_rate":0.0016564808202884163,"lr_drop_factor":0.43176033957471616,"lr_drop_period":18}]
[14:29:05] w01: Preparing datastores for training and validation...

[14:29:05] w01: Using single frequency datastore for frequency index 4

[14:29:08] w01: 1 am here before gpu
[14:29:08] w01: 2 am here after gpu
[14:29:09] w01: Training network (Final=0) on gpu for 40 epochs...

[14:31:53] w01: start objective; params=[{"desired_latent_size":11,"hl_s1":1813,"hl_s2":977,"hl_s3":373,"hl_s4":74,"drop_rate":0.36329566674003272,"batch_size":30,"learning_rate":0.001973923354261076,"lr_drop_factor":0.16822316527124886,"lr_drop_period":11}]
[14:31:53] w01: Preparing datastores for training and validation...

[14:31:53] w01: Using single frequency datastore for frequency index 4

[14:31:56] w01: 1 am here before gpu
[14:31:56] w01: 2 am here after gpu
[14:31:57] w01: Training network (Final=0) on gpu for 40 epochs...

[14:32:20] w01: start objective; params=[{"desired_latent_size":10,"hl_s1":1520,"hl_s2":660,"hl_s3":488,"hl_s4":79,"drop_rate":0.26066002393653659,"batch_size":17,"learning_rate":0.0058491603266056539,"lr_drop_factor":0.46709211697797992,"lr_drop_period":14}]
[14:32:20] w01: Preparing datastores for training and validation...

[14:32:20] w01: Using single frequency datastore for frequency index 4

[14:32:23] w01: 1 am here before gpu
[14:32:23] w01: 2 am here after gpu
[14:32:24] w01: Training network (Final=0) on gpu for 40 epochs...

[14:33:06] w01: start objective; params=[{"desired_latent_size":11,"hl_s1":1667,"hl_s2":993,"hl_s3":427,"hl_s4":91,"drop_rate":0.32595600422463311,"batch_size":30,"learning_rate":0.0017670836134086232,"lr_drop_factor":0.17984334589140832,"lr_drop_period":8}]
[14:33:06] w01: Preparing datastores for training and validation...

[14:33:06] w01: Using single frequency datastore for frequency index 4

[14:33:09] w01: 1 am here before gpu
[14:33:09] w01: 2 am here after gpu
[14:33:10] w01: Training network (Final=0) on gpu for 40 epochs...

[14:33:30] w01: start objective; params=[{"desired_latent_size":12,"hl_s1":2208,"hl_s2":857,"hl_s3":375,"hl_s4":74,"drop_rate":0.25130538905205513,"batch_size":25,"learning_rate":0.0020705053067796931,"lr_drop_factor":0.38866535575320005,"lr_drop_period":11}]
[14:33:30] w01: Preparing datastores for training and validation...

[14:33:30] w01: Using single frequency datastore for frequency index 4

[14:33:33] w01: 1 am here before gpu
[14:33:33] w01: 2 am here after gpu
[14:33:33] w01: Training network (Final=0) on gpu for 40 epochs...

[14:33:58] w01: start objective; params=[{"desired_latent_size":13,"hl_s1":1175,"hl_s2":819,"hl_s3":405,"hl_s4":65,"drop_rate":0.48380385867709508,"batch_size":12,"learning_rate":0.0018223932301191831,"lr_drop_factor":0.46486954433736005,"lr_drop_period":20}]
[14:33:58] w01: Preparing datastores for training and validation...

[14:33:58] w01: Using single frequency datastore for frequency index 4

[14:34:01] w01: 1 am here before gpu
[14:34:01] w01: 2 am here after gpu
[14:34:01] w01: Training network (Final=0) on gpu for 40 epochs...

[14:34:39] w01: start objective; params=[{"desired_latent_size":11,"hl_s1":1246,"hl_s2":945,"hl_s3":115,"hl_s4":70,"drop_rate":0.14762242126130928,"batch_size":27,"learning_rate":0.0010118095760251863,"lr_drop_factor":0.1520732753709646,"lr_drop_period":18}]
[14:34:39] w01: Preparing datastores for training and validation...

[14:34:39] w01: Using single frequency datastore for frequency index 4

[14:34:42] w01: 1 am here before gpu
[14:34:42] w01: 2 am here after gpu
[14:34:42] w01: Training network (Final=0) on gpu for 40 epochs...

[14:35:24] w01: start objective; params=[{"desired_latent_size":14,"hl_s1":2090,"hl_s2":996,"hl_s3":162,"hl_s4":51,"drop_rate":0.094322156147990027,"batch_size":31,"learning_rate":0.0010328361027074826,"lr_drop_factor":0.16650878411110415,"lr_drop_period":14}]
[14:35:24] w01: Preparing datastores for training and validation...

[14:35:24] w01: Using single frequency datastore for frequency index 4

[14:35:29] w01: 1 am here before gpu
[14:35:29] w01: 2 am here after gpu
[14:35:30] w01: Training network (Final=0) on gpu for 40 epochs...

[14:36:13] w01: start objective; params=[{"desired_latent_size":14,"hl_s1":2893,"hl_s2":942,"hl_s3":240,"hl_s4":63,"drop_rate":0.46720592677473938,"batch_size":6,"learning_rate":0.0013474674098719237,"lr_drop_factor":0.17030552924886797,"lr_drop_period":5}]
[14:36:13] w01: Preparing datastores for training and validation...

[14:36:13] w01: Using single frequency datastore for frequency index 4

[14:36:17] w01: 1 am here before gpu
[14:36:17] w01: 2 am here after gpu
[14:36:18] w01: Training network (Final=0) on gpu for 40 epochs...

[14:38:20] w01: start objective; params=[{"desired_latent_size":10,"hl_s1":2362,"hl_s2":629,"hl_s3":426,"hl_s4":48,"drop_rate":0.47889618411507107,"batch_size":24,"learning_rate":0.0012960323229194539,"lr_drop_factor":0.15949058546560002,"lr_drop_period":14}]
[14:38:20] w01: Preparing datastores for training and validation...

[14:38:20] w01: Using single frequency datastore for frequency index 4

[14:38:25] w01: 1 am here before gpu
[14:38:25] w01: 2 am here after gpu
[14:38:25] w01: Training network (Final=0) on gpu for 40 epochs...

[14:39:21] w01: start objective; params=[{"desired_latent_size":12,"hl_s1":1323,"hl_s2":554,"hl_s3":285,"hl_s4":31,"drop_rate":0.33861669880666023,"batch_size":22,"learning_rate":0.0011392617846661126,"lr_drop_factor":0.28354874674364172,"lr_drop_period":15}]
[14:39:21] w01: Preparing datastores for training and validation...

[14:39:21] w01: Using single frequency datastore for frequency index 4

[14:39:26] w01: 1 am here before gpu
[14:39:26] w01: 2 am here after gpu
[14:39:26] w01: Training network (Final=0) on gpu for 40 epochs...

[14:40:26] w01: start objective; params=[{"desired_latent_size":12,"hl_s1":2806,"hl_s2":576,"hl_s3":105,"hl_s4":32,"drop_rate":0.25322380018092527,"batch_size":17,"learning_rate":0.0065470746079159554,"lr_drop_factor":0.22193573183021653,"lr_drop_period":20}]
[14:40:26] w01: Preparing datastores for training and validation...

[14:40:26] w01: Using single frequency datastore for frequency index 4

[14:40:31] w01: 1 am here before gpu
[14:40:31] w01: 2 am here after gpu
[14:40:32] w01: Training network (Final=0) on gpu for 40 epochs...

[14:41:54] w01: start objective; params=[{"desired_latent_size":12,"hl_s1":1085,"hl_s2":507,"hl_s3":312,"hl_s4":49,"drop_rate":0.3401482330927329,"batch_size":19,"learning_rate":0.001301336940626914,"lr_drop_factor":0.24372288072102818,"lr_drop_period":16}]
[14:41:54] w01: Preparing datastores for training and validation...

[14:41:54] w01: Using single frequency datastore for frequency index 4

[14:41:59] w01: 1 am here before gpu
[14:41:59] w01: 2 am here after gpu
[14:42:00] w01: Training network (Final=0) on gpu for 40 epochs...

[14:43:33] w01: start objective; params=[{"desired_latent_size":12,"hl_s1":1268,"hl_s2":993,"hl_s3":269,"hl_s4":45,"drop_rate":0.3777990128655398,"batch_size":27,"learning_rate":0.0052194055468475142,"lr_drop_factor":0.48355162779420258,"lr_drop_period":10}]
[14:43:33] w01: Preparing datastores for training and validation...

[14:43:33] w01: Using single frequency datastore for frequency index 4

[14:43:37] w01: 1 am here before gpu
[14:43:37] w01: 2 am here after gpu
[14:43:38] w01: Training network (Final=0) on gpu for 40 epochs...

[14:44:31] w01: start objective; params=[{"desired_latent_size":15,"hl_s1":2884,"hl_s2":633,"hl_s3":160,"hl_s4":35,"drop_rate":0.12081104441648111,"batch_size":32,"learning_rate":0.0035119549845291547,"lr_drop_factor":0.34428839902154229,"lr_drop_period":16}]
[14:44:31] w01: Preparing datastores for training and validation...

[14:44:31] w01: Using single frequency datastore for frequency index 4

[14:44:36] w01: 1 am here before gpu
[14:44:36] w01: 2 am here after gpu
[14:44:37] w01: Training network (Final=0) on gpu for 40 epochs...

[14:45:20] w01: start objective; params=[{"desired_latent_size":12,"hl_s1":1248,"hl_s2":551,"hl_s3":402,"hl_s4":81,"drop_rate":0.071016925341930534,"batch_size":31,"learning_rate":0.0010974024821678316,"lr_drop_factor":0.4972157856090994,"lr_drop_period":15}]
[14:45:20] w01: Preparing datastores for training and validation...

[14:45:20] w01: Using single frequency datastore for frequency index 4

[14:45:25] w01: 1 am here before gpu
[14:45:25] w01: 2 am here after gpu
[14:45:26] w01: Training network (Final=0) on gpu for 40 epochs...

[14:46:10] w01: start objective; params=[{"desired_latent_size":10,"hl_s1":2787,"hl_s2":979,"hl_s3":357,"hl_s4":100,"drop_rate":0.11281695458261951,"batch_size":23,"learning_rate":0.0061509763235109219,"lr_drop_factor":0.466434878250299,"lr_drop_period":20}]
[14:46:10] w01: Preparing datastores for training and validation...

[14:46:10] w01: Using single frequency datastore for frequency index 4

[14:46:15] w01: 1 am here before gpu
[14:46:15] w01: 2 am here after gpu
[14:46:15] w01: Training network (Final=0) on gpu for 40 epochs...

[14:47:18] w01: start objective; params=[{"desired_latent_size":10,"hl_s1":1874,"hl_s2":988,"hl_s3":269,"hl_s4":43,"drop_rate":0.4544813867361216,"batch_size":14,"learning_rate":0.0017395531684259653,"lr_drop_factor":0.12579593499405,"lr_drop_period":18}]
[14:47:18] w01: Preparing datastores for training and validation...

[14:47:18] w01: Using single frequency datastore for frequency index 4

[14:47:23] w01: 1 am here before gpu
[14:47:23] w01: 2 am here after gpu
[14:47:24] w01: Training network (Final=0) on gpu for 40 epochs...

[14:49:12] w01: start objective; params=[{"desired_latent_size":11,"hl_s1":1095,"hl_s2":916,"hl_s3":308,"hl_s4":48,"drop_rate":0.067313226334306864,"batch_size":11,"learning_rate":0.0025784798486580924,"lr_drop_factor":0.24610227658308245,"lr_drop_period":20}]
[14:49:12] w01: Preparing datastores for training and validation...

[14:49:12] w01: Using single frequency datastore for frequency index 4

[14:49:17] w01: 1 am here before gpu
[14:49:17] w01: 2 am here after gpu
[14:49:17] w01: Training network (Final=0) on gpu for 40 epochs...

[14:53:15] w01: start objective; params=[{"desired_latent_size":10,"hl_s1":2377,"hl_s2":895,"hl_s3":245,"hl_s4":31,"drop_rate":0.394331643517306,"batch_size":22,"learning_rate":0.0010680312010328086,"lr_drop_factor":0.11504876764215113,"lr_drop_period":20}]
[14:53:15] w01: Preparing datastores for training and validation...

[14:53:15] w01: Using single frequency datastore for frequency index 4

[14:53:19] w01: 1 am here before gpu
[14:53:19] w01: 2 am here after gpu
[14:53:20] w01: Training network (Final=0) on gpu for 40 epochs...

[14:54:24] w01: start objective; params=[{"desired_latent_size":11,"hl_s1":1954,"hl_s2":998,"hl_s3":413,"hl_s4":50,"drop_rate":0.037275659293485031,"batch_size":15,"learning_rate":0.0012608276917555616,"lr_drop_factor":0.10990428894902543,"lr_drop_period":12}]
[14:54:24] w01: Preparing datastores for training and validation...

[14:54:24] w01: Using single frequency datastore for frequency index 4

[14:54:29] w01: 1 am here before gpu
[14:54:29] w01: 2 am here after gpu
[14:54:30] w01: Training network (Final=0) on gpu for 40 epochs...

[14:56:40] w01: start objective; params=[{"desired_latent_size":10,"hl_s1":1060,"hl_s2":975,"hl_s3":469,"hl_s4":40,"drop_rate":0.44741633800569491,"batch_size":16,"learning_rate":0.0015920371952971755,"lr_drop_factor":0.48594822113267822,"lr_drop_period":16}]
[14:56:40] w01: Preparing datastores for training and validation...

[14:56:40] w01: Using single frequency datastore for frequency index 4

[14:56:45] w01: 1 am here before gpu
[14:56:45] w01: 2 am here after gpu
[14:56:46] w01: Training network (Final=0) on gpu for 40 epochs...

[15:04:31] w01: start objective; params=[{"desired_latent_size":11,"hl_s1":1813,"hl_s2":977,"hl_s3":373,"hl_s4":74,"drop_rate":0.36329566674003272,"batch_size":30,"learning_rate":0.001973923354261076,"lr_drop_factor":0.16822316527124886,"lr_drop_period":11}]
[15:04:31] w01: Preparing datastores for training and validation...

[15:04:31] w01: Using single frequency datastore for frequency index 4

[15:05:21] w01: start objective; params=[{"desired_latent_size":11,"hl_s1":1813,"hl_s2":977,"hl_s3":373,"hl_s4":74,"drop_rate":0.36329566674003272,"batch_size":30,"learning_rate":0.001973923354261076,"lr_drop_factor":0.16822316527124886,"lr_drop_period":11}]
[15:05:21] w01: Preparing datastores for training and validation...

[15:05:21] w01: Using single frequency datastore for frequency index 4

[15:05:44] w01: 1 am here before gpu
[15:05:44] w01: 2 am here after gpu
[15:05:48] w01: Training network (Final=0) on gpu for 40 epochs...

[15:05:53] w01: Training failed: Layer "input_1": Invalid input data. Invalid size of channel dimension. Layer expects input with channel dimension size 800 but received input with size 4000.

[15:05:53] w01: Error using <a href="matlab:matlab.lang.internal.introspective.errorDocCallback('trainnet', 'C:\Program Files\MATLAB\R2024b\toolbox\nnet\deeptrain\trainnet.m', 54)" style="font-weight:bold">trainnet</a> (<a href="matlab: opentoline('C:\Program Files\MATLAB\R2024b\toolbox\nnet\deeptrain\trainnet.m',54,0)">line 54</a>)
Layer "input_1": Invalid input data. Invalid size of channel dimension. Layer expects input with channel dimension size 800 but received input with size 4000.

Error in <a href="matlab:matlab.lang.internal.introspective.errorDocCallback('Bayesian_optimization_1p1f_fc>trainAndEvaluateAE', 'C:\Users\Maria\Documents\Honours Programme\Networks\GAN\src\training\Bayesian_optimization_1p1f_fc.m', 254)" style="font-weight:bold">Bayesian_optimization_1p1f_fc>trainAndEvaluateAE</a> (<a href="matlab: opentoline('C:\Users\Maria\Documents\Honours Programme\Networks\GAN\src\training\Bayesian_optimization_1p1f_fc.m',254,0)">line 254</a>)
        [net, info] = trainnet(trainData, net, lossFn, options);
                      ^^^^^^^^^^^^^^^^^^^^^^^^^^^^^^^^^^^^^^^^^
Error in <a href="matlab:matlab.lang.internal.introspective.errorDocCallback('Bayesian_optimization_1p1f_fc>@(params)trainAndEvaluateAE(params,dataCfg,''network_type'',network_type)', 'C:\Users\Maria\Documents\Honours Programme\Networks\GAN\src\training\Bayesian_optimization_1p1f_fc.m', 88)" style="font-weight:bold">Bayesian_optimization_1p1f_fc>@(params)trainAndEvaluateAE(params,dataCfg,'network_type',network_type)</a> (<a href="matlab: opentoline('C:\Users\Maria\Documents\Honours Programme\Networks\GAN\src\training\Bayesian_optimization_1p1f_fc.m',88,0)">line 88</a>)
objectiveFcn = @(params) trainAndEvaluateAE(params, dataCfg, 'network_type', network_type);
                         ^^^^^^^^^^^^^^^^^^^^^^^^^^^^^^^^^^^^^^^^^^^^^^^^^^^^^^^^^^^^^^^^^
Error in <a href="matlab:matlab.lang.internal.introspective.errorDocCallback('bayesoptim.callObjFcnParallel>callObjNormallyParallel', 'C:\Program Files\MATLAB\R2024b\toolbox\stats\bayesoptim\+bayesoptim\callObjFcnParallel.m', 45)" style="font-weight:bold">bayesoptim.callObjFcnParallel>callObjNormallyParallel</a> (<a href="matlab: opentoline('C:\Program Files\MATLAB\R2024b\toolbox\stats\bayesoptim\+bayesoptim\callObjFcnParallel.m',45,0)">line 45</a>)
            Objective = ObjectiveFcn(conditionalizedX);
                        ^^^^^^^^^^^^^^^^^^^^^^^^^^^^^^
Error in <a href="matlab:matlab.lang.internal.introspective.errorDocCallback('bayesoptim.callObjFcnParallel', 'C:\Program Files\MATLAB\R2024b\toolbox\stats\bayesoptim\+bayesoptim\callObjFcnParallel.m', 26)" style="font-weight:bold">bayesoptim.callObjFcnParallel</a> (<a href="matlab: opentoline('C:\Program Files\MATLAB\R2024b\toolbox\stats\bayesoptim\+bayesoptim\callObjFcnParallel.m',26,0)">line 26</a>)
            = callObjNormallyParallel(ObjectiveFcn, ObjectiveNargout, NumCoupledConstraints, conditionalizedX);
              ^^^^^^^^^^^^^^^^^^^^^^^^^^^^^^^^^^^^^^^^^^^^^^^^^^^^^^^^^^^^^^^^^^^^^^^^^^^^^^^^^^^^^^^^^^^^^^^^

[15:06:00] w01: start objective; params=[{"desired_latent_size":10,"hl_s1":1520,"hl_s2":660,"hl_s3":488,"hl_s4":79,"drop_rate":0.26066002393653659,"batch_size":17,"learning_rate":0.0058491603266056539,"lr_drop_factor":0.46709211697797992,"lr_drop_period":14}]
[15:06:00] w01: Preparing datastores for training and validation...

[15:06:00] w01: Using single frequency datastore for frequency index 4

[15:06:22] w01: 1 am here before gpu
[15:06:22] w01: 2 am here after gpu
[15:06:23] w01: Training network (Final=0) on gpu for 40 epochs...

[15:06:24] w01: Training failed: Layer "input_1": Invalid input data. Invalid size of channel dimension. Layer expects input with channel dimension size 800 but received input with size 4000.

[15:06:24] w01: Error using <a href="matlab:matlab.lang.internal.introspective.errorDocCallback('trainnet', 'C:\Program Files\MATLAB\R2024b\toolbox\nnet\deeptrain\trainnet.m', 54)" style="font-weight:bold">trainnet</a> (<a href="matlab: opentoline('C:\Program Files\MATLAB\R2024b\toolbox\nnet\deeptrain\trainnet.m',54,0)">line 54</a>)
Layer "input_1": Invalid input data. Invalid size of channel dimension. Layer expects input with channel dimension size 800 but received input with size 4000.

Error in <a href="matlab:matlab.lang.internal.introspective.errorDocCallback('Bayesian_optimization_1p1f_fc>trainAndEvaluateAE', 'C:\Users\Maria\Documents\Honours Programme\Networks\GAN\src\training\Bayesian_optimization_1p1f_fc.m', 254)" style="font-weight:bold">Bayesian_optimization_1p1f_fc>trainAndEvaluateAE</a> (<a href="matlab: opentoline('C:\Users\Maria\Documents\Honours Programme\Networks\GAN\src\training\Bayesian_optimization_1p1f_fc.m',254,0)">line 254</a>)
        [net, info] = trainnet(trainData, net, lossFn, options);
                      ^^^^^^^^^^^^^^^^^^^^^^^^^^^^^^^^^^^^^^^^^
Error in <a href="matlab:matlab.lang.internal.introspective.errorDocCallback('Bayesian_optimization_1p1f_fc>@(params)trainAndEvaluateAE(params,dataCfg,''network_type'',network_type)', 'C:\Users\Maria\Documents\Honours Programme\Networks\GAN\src\training\Bayesian_optimization_1p1f_fc.m', 88)" style="font-weight:bold">Bayesian_optimization_1p1f_fc>@(params)trainAndEvaluateAE(params,dataCfg,'network_type',network_type)</a> (<a href="matlab: opentoline('C:\Users\Maria\Documents\Honours Programme\Networks\GAN\src\training\Bayesian_optimization_1p1f_fc.m',88,0)">line 88</a>)
objectiveFcn = @(params) trainAndEvaluateAE(params, dataCfg, 'network_type', network_type);
                         ^^^^^^^^^^^^^^^^^^^^^^^^^^^^^^^^^^^^^^^^^^^^^^^^^^^^^^^^^^^^^^^^^
Error in <a href="matlab:matlab.lang.internal.introspective.errorDocCallback('bayesoptim.callObjFcnParallel>callObjNormallyParallel', 'C:\Program Files\MATLAB\R2024b\toolbox\stats\bayesoptim\+bayesoptim\callObjFcnParallel.m', 45)" style="font-weight:bold">bayesoptim.callObjFcnParallel>callObjNormallyParallel</a> (<a href="matlab: opentoline('C:\Program Files\MATLAB\R2024b\toolbox\stats\bayesoptim\+bayesoptim\callObjFcnParallel.m',45,0)">line 45</a>)
            Objective = ObjectiveFcn(conditionalizedX);
                        ^^^^^^^^^^^^^^^^^^^^^^^^^^^^^^
Error in <a href="matlab:matlab.lang.internal.introspective.errorDocCallback('bayesoptim.callObjFcnParallel', 'C:\Program Files\MATLAB\R2024b\toolbox\stats\bayesoptim\+bayesoptim\callObjFcnParallel.m', 12)" style="font-weight:bold">bayesoptim.callObjFcnParallel</a> (<a href="matlab: opentoline('C:\Program Files\MATLAB\R2024b\toolbox\stats\bayesoptim\+bayesoptim\callObjFcnParallel.m',12,0)">line 12</a>)
        = callObjNormallyParallel(ObjectiveFcn, ObjectiveNargout, NumCoupledConstraints, conditionalizedX);
          ^^^^^^^^^^^^^^^^^^^^^^^^^^^^^^^^^^^^^^^^^^^^^^^^^^^^^^^^^^^^^^^^^^^^^^^^^^^^^^^^^^^^^^^^^^^^^^^^

[15:06:30] w01: start objective; params=[{"desired_latent_size":12,"hl_s1":2123,"hl_s2":811,"hl_s3":145,"hl_s4":33,"drop_rate":0.07220175653312555,"batch_size":19,"learning_rate":0.00194546669693824,"lr_drop_factor":0.40196575603318774,"lr_drop_period":7}]
[15:06:30] w01: Preparing datastores for training and validation...

[15:06:30] w01: Using single frequency datastore for frequency index 4

[15:06:54] w01: 1 am here before gpu
[15:06:54] w01: 2 am here after gpu
[15:06:55] w01: Training network (Final=0) on gpu for 40 epochs...

[15:06:55] w01: Training failed: Layer "input_1": Invalid input data. Invalid size of channel dimension. Layer expects input with channel dimension size 800 but received input with size 4000.

[15:06:55] w01: Error using <a href="matlab:matlab.lang.internal.introspective.errorDocCallback('trainnet', 'C:\Program Files\MATLAB\R2024b\toolbox\nnet\deeptrain\trainnet.m', 54)" style="font-weight:bold">trainnet</a> (<a href="matlab: opentoline('C:\Program Files\MATLAB\R2024b\toolbox\nnet\deeptrain\trainnet.m',54,0)">line 54</a>)
Layer "input_1": Invalid input data. Invalid size of channel dimension. Layer expects input with channel dimension size 800 but received input with size 4000.

Error in <a href="matlab:matlab.lang.internal.introspective.errorDocCallback('Bayesian_optimization_1p1f_fc>trainAndEvaluateAE', 'C:\Users\Maria\Documents\Honours Programme\Networks\GAN\src\training\Bayesian_optimization_1p1f_fc.m', 254)" style="font-weight:bold">Bayesian_optimization_1p1f_fc>trainAndEvaluateAE</a> (<a href="matlab: opentoline('C:\Users\Maria\Documents\Honours Programme\Networks\GAN\src\training\Bayesian_optimization_1p1f_fc.m',254,0)">line 254</a>)
        [net, info] = trainnet(trainData, net, lossFn, options);
                      ^^^^^^^^^^^^^^^^^^^^^^^^^^^^^^^^^^^^^^^^^
Error in <a href="matlab:matlab.lang.internal.introspective.errorDocCallback('Bayesian_optimization_1p1f_fc>@(params)trainAndEvaluateAE(params,dataCfg,''network_type'',network_type)', 'C:\Users\Maria\Documents\Honours Programme\Networks\GAN\src\training\Bayesian_optimization_1p1f_fc.m', 88)" style="font-weight:bold">Bayesian_optimization_1p1f_fc>@(params)trainAndEvaluateAE(params,dataCfg,'network_type',network_type)</a> (<a href="matlab: opentoline('C:\Users\Maria\Documents\Honours Programme\Networks\GAN\src\training\Bayesian_optimization_1p1f_fc.m',88,0)">line 88</a>)
objectiveFcn = @(params) trainAndEvaluateAE(params, dataCfg, 'network_type', network_type);
                         ^^^^^^^^^^^^^^^^^^^^^^^^^^^^^^^^^^^^^^^^^^^^^^^^^^^^^^^^^^^^^^^^^
Error in <a href="matlab:matlab.lang.internal.introspective.errorDocCallback('bayesoptim.callObjFcnParallel>callObjNormallyParallel', 'C:\Program Files\MATLAB\R2024b\toolbox\stats\bayesoptim\+bayesoptim\callObjFcnParallel.m', 45)" style="font-weight:bold">bayesoptim.callObjFcnParallel>callObjNormallyParallel</a> (<a href="matlab: opentoline('C:\Program Files\MATLAB\R2024b\toolbox\stats\bayesoptim\+bayesoptim\callObjFcnParallel.m',45,0)">line 45</a>)
            Objective = ObjectiveFcn(conditionalizedX);
                        ^^^^^^^^^^^^^^^^^^^^^^^^^^^^^^
Error in <a href="matlab:matlab.lang.internal.introspective.errorDocCallback('bayesoptim.callObjFcnParallel', 'C:\Program Files\MATLAB\R2024b\toolbox\stats\bayesoptim\+bayesoptim\callObjFcnParallel.m', 12)" style="font-weight:bold">bayesoptim.callObjFcnParallel</a> (<a href="matlab: opentoline('C:\Program Files\MATLAB\R2024b\toolbox\stats\bayesoptim\+bayesoptim\callObjFcnParallel.m',12,0)">line 12</a>)
        = callObjNormallyParallel(ObjectiveFcn, ObjectiveNargout, NumCoupledConstraints, conditionalizedX);
          ^^^^^^^^^^^^^^^^^^^^^^^^^^^^^^^^^^^^^^^^^^^^^^^^^^^^^^^^^^^^^^^^^^^^^^^^^^^^^^^^^^^^^^^^^^^^^^^^

[15:07:00] w01: start objective; params=[{"desired_latent_size":15,"hl_s1":1565,"hl_s2":811,"hl_s3":374,"hl_s4":36,"drop_rate":0.30786239372896329,"batch_size":5,"learning_rate":0.0017133154224016067,"lr_drop_factor":0.17538823685590571,"lr_drop_period":8}]
[15:07:00] w01: Preparing datastores for training and validation...

[15:07:00] w01: Using single frequency datastore for frequency index 4

[15:08:21] w01: start objective; params=[{"desired_latent_size":11,"hl_s1":1813,"hl_s2":977,"hl_s3":373,"hl_s4":74,"drop_rate":0.36329566674003272,"batch_size":30,"learning_rate":0.001973923354261076,"lr_drop_factor":0.16822316527124886,"lr_drop_period":11}]
[15:08:21] w01: Preparing datastores for training and validation...

[15:08:21] w01: Using single frequency datastore for frequency index 4

[15:08:45] w01: 1 am here before gpu
[15:08:45] w01: 2 am here after gpu
[15:08:47] w01: Training network (Final=0) on gpu for 40 epochs...

[15:10:13] w01: start objective; params=[{"desired_latent_size":11,"hl_s1":1605,"hl_s2":561,"hl_s3":460,"hl_s4":75,"drop_rate":0.19743814268350052,"batch_size":11,"learning_rate":0.0086409620115197837,"lr_drop_factor":0.34163854061953669,"lr_drop_period":6}]
[15:10:13] w01: Preparing datastores for training and validation...

[15:10:13] w01: Using single frequency datastore for frequency index 4

[15:10:36] w01: 1 am here before gpu
[15:10:36] w01: 2 am here after gpu
[15:10:37] w01: Training network (Final=0) on gpu for 40 epochs...

[15:13:38] w01: start objective; params=[{"desired_latent_size":14,"hl_s1":2999,"hl_s2":996,"hl_s3":238,"hl_s4":90,"drop_rate":0.45381697784570979,"batch_size":31,"learning_rate":0.0015999361766940987,"lr_drop_factor":0.45066542372835039,"lr_drop_period":7}]
[15:13:38] w01: Preparing datastores for training and validation...

[15:13:38] w01: Using single frequency datastore for frequency index 4

[15:14:02] w01: 1 am here before gpu
[15:14:02] w01: 2 am here after gpu
[15:14:02] w01: Training network (Final=0) on gpu for 40 epochs...

[15:15:03] w01: start objective; params=[{"desired_latent_size":15,"hl_s1":1106,"hl_s2":995,"hl_s3":174,"hl_s4":30,"drop_rate":0.33519292215509483,"batch_size":30,"learning_rate":0.0070404831981154105,"lr_drop_factor":0.1075536447251329,"lr_drop_period":13}]
[15:15:03] w01: Preparing datastores for training and validation...

[15:15:03] w01: Using single frequency datastore for frequency index 4

[15:15:26] w01: 1 am here before gpu
[15:15:26] w01: 2 am here after gpu
[15:15:27] w01: Training network (Final=0) on gpu for 40 epochs...

[15:16:39] w01: start objective; params=[{"desired_latent_size":10,"hl_s1":1519,"hl_s2":916,"hl_s3":492,"hl_s4":64,"drop_rate":0.48900907957619411,"batch_size":22,"learning_rate":0.0022282575308972493,"lr_drop_factor":0.48923696911448711,"lr_drop_period":6}]
[15:16:39] w01: Preparing datastores for training and validation...

[15:16:39] w01: Using single frequency datastore for frequency index 4

[15:17:02] w01: 1 am here before gpu
[15:17:02] w01: 2 am here after gpu
[15:17:03] w01: Training network (Final=0) on gpu for 40 epochs...

[15:18:36] w01: start objective; params=[{"desired_latent_size":12,"hl_s1":2794,"hl_s2":995,"hl_s3":106,"hl_s4":98,"drop_rate":0.17771615536731367,"batch_size":11,"learning_rate":0.0023450464585729682,"lr_drop_factor":0.19124235062117295,"lr_drop_period":6}]
[15:18:36] w01: Preparing datastores for training and validation...

[15:18:36] w01: Using single frequency datastore for frequency index 4

[15:19:00] w01: 1 am here before gpu
[15:19:00] w01: 2 am here after gpu
[15:19:00] w01: Training network (Final=0) on gpu for 40 epochs...

[15:20:58] w01: start objective; params=[{"desired_latent_size":15,"hl_s1":2813,"hl_s2":994,"hl_s3":269,"hl_s4":99,"drop_rate":0.48119117693123326,"batch_size":26,"learning_rate":0.00803948302002268,"lr_drop_factor":0.49421483434251939,"lr_drop_period":11}]
[15:20:58] w01: Preparing datastores for training and validation...

[15:20:58] w01: Using single frequency datastore for frequency index 4

[15:21:13] w01: 1 am here before gpu
[15:21:13] w01: 2 am here after gpu
[15:21:13] w01: Training network (Final=0) on gpu for 40 epochs...

[15:21:45] w01: start objective; params=[{"desired_latent_size":12,"hl_s1":1179,"hl_s2":937,"hl_s3":189,"hl_s4":95,"drop_rate":0.49159806008459805,"batch_size":20,"learning_rate":0.0027128740934206927,"lr_drop_factor":0.14243847948523797,"lr_drop_period":14}]
[15:21:45] w01: Preparing datastores for training and validation...

[15:21:45] w01: Using single frequency datastore for frequency index 4

[15:22:00] w01: 1 am here before gpu
[15:22:00] w01: 2 am here after gpu
[15:22:00] w01: Training network (Final=0) on gpu for 40 epochs...

[15:22:48] w01: start objective; params=[{"desired_latent_size":13,"hl_s1":2616,"hl_s2":978,"hl_s3":157,"hl_s4":100,"drop_rate":0.48733846978769513,"batch_size":19,"learning_rate":0.0027634788266225016,"lr_drop_factor":0.44172728658470384,"lr_drop_period":14}]
[15:22:48] w01: Preparing datastores for training and validation...

[15:22:48] w01: Using single frequency datastore for frequency index 4

[15:23:02] w01: 1 am here before gpu
[15:23:02] w01: 2 am here after gpu
[15:23:03] w01: Training network (Final=0) on gpu for 40 epochs...

[15:23:50] w01: start objective; params=[{"desired_latent_size":15,"hl_s1":1591,"hl_s2":979,"hl_s3":200,"hl_s4":92,"drop_rate":0.49303902730382526,"batch_size":20,"learning_rate":0.0061074707452055451,"lr_drop_factor":0.12952899156715253,"lr_drop_period":6}]
[15:23:50] w01: Preparing datastores for training and validation...

[15:23:50] w01: Using single frequency datastore for frequency index 4

[15:24:04] w01: 1 am here before gpu
[15:24:04] w01: 2 am here after gpu
[15:24:05] w01: Training network (Final=0) on gpu for 40 epochs...

[15:24:52] w01: start objective; params=[{"desired_latent_size":10,"hl_s1":2570,"hl_s2":999,"hl_s3":123,"hl_s4":49,"drop_rate":0.475050479848203,"batch_size":32,"learning_rate":0.0043030521581182537,"lr_drop_factor":0.49076277899670218,"lr_drop_period":17}]
[15:24:52] w01: Preparing datastores for training and validation...

[15:24:52] w01: Using single frequency datastore for frequency index 4

[15:25:06] w01: 1 am here before gpu
[15:25:06] w01: 2 am here after gpu
[15:25:06] w01: Training network (Final=0) on gpu for 40 epochs...

[15:25:36] w01: start objective; params=[{"desired_latent_size":11,"hl_s1":2536,"hl_s2":905,"hl_s3":461,"hl_s4":97,"drop_rate":0.4247941996839148,"batch_size":31,"learning_rate":0.0025789686195445789,"lr_drop_factor":0.36724718838459758,"lr_drop_period":13}]
[15:25:36] w01: Preparing datastores for training and validation...

[15:25:36] w01: Using single frequency datastore for frequency index 4

[15:25:50] w01: 1 am here before gpu
[15:25:50] w01: 2 am here after gpu
[15:25:51] w01: Training network (Final=0) on gpu for 40 epochs...

[15:26:21] w01: start objective; params=[{"desired_latent_size":15,"hl_s1":1486,"hl_s2":996,"hl_s3":300,"hl_s4":98,"drop_rate":0.034794769850298723,"batch_size":28,"learning_rate":0.0084396853105903145,"lr_drop_factor":0.49972345215922431,"lr_drop_period":16}]
[15:26:21] w01: Preparing datastores for training and validation...

[15:26:21] w01: Using single frequency datastore for frequency index 4

[15:26:36] w01: 1 am here before gpu
[15:26:36] w01: 2 am here after gpu
[15:26:36] w01: Training network (Final=0) on gpu for 40 epochs...

[15:27:16] w01: start objective; params=[{"desired_latent_size":12,"hl_s1":1509,"hl_s2":975,"hl_s3":126,"hl_s4":88,"drop_rate":0.44634713909142121,"batch_size":24,"learning_rate":0.0018428102043203897,"lr_drop_factor":0.30397794613214035,"lr_drop_period":20}]
[15:27:16] w01: Preparing datastores for training and validation...

[15:27:16] w01: Using single frequency datastore for frequency index 4

[15:27:32] w01: 1 am here before gpu
[15:27:32] w01: 2 am here after gpu
[15:27:32] w01: Training network (Final=0) on gpu for 40 epochs...

[15:28:16] w01: start objective; params=[{"desired_latent_size":10,"hl_s1":2023,"hl_s2":980,"hl_s3":236,"hl_s4":81,"drop_rate":0.19304538693043538,"batch_size":20,"learning_rate":0.0014242025687657949,"lr_drop_factor":0.28996596242463812,"lr_drop_period":12}]
[15:28:16] w01: Preparing datastores for training and validation...

[15:28:16] w01: Using single frequency datastore for frequency index 4

[15:28:31] w01: 1 am here before gpu
[15:28:31] w01: 2 am here after gpu
[15:28:32] w01: Training network (Final=0) on gpu for 40 epochs...

[15:29:30] w01: start objective; params=[{"desired_latent_size":13,"hl_s1":1960,"hl_s2":998,"hl_s3":438,"hl_s4":74,"drop_rate":0.21339311443786121,"batch_size":20,"learning_rate":0.0065116316754305261,"lr_drop_factor":0.25529252892988769,"lr_drop_period":17}]
[15:29:30] w01: Preparing datastores for training and validation...

[15:29:30] w01: Using single frequency datastore for frequency index 4

[15:29:45] w01: 1 am here before gpu
[15:29:45] w01: 2 am here after gpu
[15:29:45] w01: Training network (Final=0) on gpu for 40 epochs...

[15:30:49] w01: start objective; params=[{"desired_latent_size":14,"hl_s1":1063,"hl_s2":950,"hl_s3":127,"hl_s4":93,"drop_rate":0.29793109842417764,"batch_size":21,"learning_rate":0.0013675206264382699,"lr_drop_factor":0.19803365720455829,"lr_drop_period":8}]
[15:30:49] w01: Preparing datastores for training and validation...

[15:30:49] w01: Using single frequency datastore for frequency index 4

[15:31:13] w01: 1 am here before gpu
[15:31:13] w01: 2 am here after gpu
[15:31:14] w01: Training network (Final=0) on gpu for 40 epochs...

[15:32:50] w01: start objective; params=[{"desired_latent_size":13,"hl_s1":2320,"hl_s2":973,"hl_s3":325,"hl_s4":88,"drop_rate":0.21322833188551593,"batch_size":6,"learning_rate":0.0011406776365305502,"lr_drop_factor":0.26074272115578245,"lr_drop_period":17}]
[15:32:50] w01: Preparing datastores for training and validation...

[15:32:50] w01: Using single frequency datastore for frequency index 4

[15:33:13] w01: 1 am here before gpu
[15:33:13] w01: 2 am here after gpu
[15:33:14] w01: Training network (Final=0) on gpu for 40 epochs...

[15:35:21] w01: start objective; params=[{"desired_latent_size":10,"hl_s1":2851,"hl_s2":973,"hl_s3":192,"hl_s4":99,"drop_rate":0.38672790691890468,"batch_size":29,"learning_rate":0.001089219404973417,"lr_drop_factor":0.4098045560184963,"lr_drop_period":8}]
[15:35:21] w01: Preparing datastores for training and validation...

[15:35:21] w01: Using single frequency datastore for frequency index 4

[15:35:45] w01: 1 am here before gpu
[15:35:45] w01: 2 am here after gpu
[15:35:46] w01: Training network (Final=0) on gpu for 40 epochs...

[15:37:12] w01: start objective; params=[{"desired_latent_size":15,"hl_s1":1261,"hl_s2":902,"hl_s3":320,"hl_s4":85,"drop_rate":0.34178114986217811,"batch_size":18,"learning_rate":0.0014547701877398083,"lr_drop_factor":0.2356333610569179,"lr_drop_period":9}]
[15:37:12] w01: Preparing datastores for training and validation...

[15:37:12] w01: Using single frequency datastore for frequency index 4

[15:37:35] w01: 1 am here before gpu
[15:37:35] w01: 2 am here after gpu
[15:37:36] w01: Training network (Final=0) on gpu for 40 epochs...

[15:39:35] w01: start objective; params=[{"desired_latent_size":11,"hl_s1":1578,"hl_s2":992,"hl_s3":443,"hl_s4":87,"drop_rate":0.39595131631336811,"batch_size":18,"learning_rate":0.001207511602357285,"lr_drop_factor":0.39082262339859342,"lr_drop_period":19}]
[15:39:35] w01: Preparing datastores for training and validation...

[15:39:35] w01: Using single frequency datastore for frequency index 4

[15:39:59] w01: 1 am here before gpu
[15:39:59] w01: 2 am here after gpu
[15:39:59] w01: Training network (Final=0) on gpu for 40 epochs...

[15:42:13] w01: start objective; params=[{"desired_latent_size":13,"hl_s1":2559,"hl_s2":958,"hl_s3":117,"hl_s4":72,"drop_rate":0.43814430941371096,"batch_size":18,"learning_rate":0.0014743515841574891,"lr_drop_factor":0.44446661306466573,"lr_drop_period":16}]
[15:42:13] w01: Preparing datastores for training and validation...

[15:42:13] w01: Using single frequency datastore for frequency index 4

[15:42:37] w01: 1 am here before gpu
[15:42:37] w01: 2 am here after gpu
[15:42:38] w01: Training network (Final=0) on gpu for 40 epochs...

[15:44:51] w01: start objective; params=[{"desired_latent_size":12,"hl_s1":2101,"hl_s2":884,"hl_s3":294,"hl_s4":84,"drop_rate":0.44291407965903595,"batch_size":19,"learning_rate":0.001726121386362009,"lr_drop_factor":0.15799245564536624,"lr_drop_period":17}]
[15:44:51] w01: Preparing datastores for training and validation...

[15:44:51] w01: Using single frequency datastore for frequency index 4

[15:45:14] w01: 1 am here before gpu
[15:45:14] w01: 2 am here after gpu
[15:45:14] w01: Training network (Final=0) on gpu for 40 epochs...

[15:47:47] w01: start objective; params=[{"desired_latent_size":14,"hl_s1":1124,"hl_s2":999,"hl_s3":315,"hl_s4":75,"drop_rate":0.42451771315795828,"batch_size":19,"learning_rate":0.0014348522826292793,"lr_drop_factor":0.20776906027649333,"lr_drop_period":18}]
[15:47:47] w01: Preparing datastores for training and validation...

[15:47:47] w01: Using single frequency datastore for frequency index 4

[17:38:39] w01: start objective; params=[{"desired_latent_size":11,"hl_s1":1407,"hl_s2":977,"hl_s3":373,"hl_s4":74,"drop_rate":0.36329566674003272,"batch_size":30,"learning_rate":0.001973923354261076,"lr_drop_factor":0.16822316527124886,"lr_drop_period":11}]
[17:38:39] w01: Preparing datastores for training and validation...

[17:38:39] w01: Using single frequency datastore for frequency index 4

[17:38:56] w01: 1 am here before gpu
[17:38:56] w01: 2 am here after gpu
[17:39:08] w01: Training network (Final=0) on gpu for 50 epochs...

[17:40:02] w01: start objective; params=[{"desired_latent_size":10,"hl_s1":1260,"hl_s2":660,"hl_s3":488,"hl_s4":79,"drop_rate":0.26066002393653659,"batch_size":17,"learning_rate":0.0058491603266056539,"lr_drop_factor":0.46709211697797992,"lr_drop_period":14}]
[17:40:02] w01: Preparing datastores for training and validation...

[17:40:02] w01: Using single frequency datastore for frequency index 4

[17:40:16] w01: 1 am here before gpu
[17:40:16] w01: 2 am here after gpu
[17:40:17] w01: Training network (Final=0) on gpu for 50 epochs...

[17:40:48] w01: start objective; params=[{"desired_latent_size":15,"hl_s1":1782,"hl_s2":839,"hl_s3":384,"hl_s4":43,"drop_rate":0.26419099166637755,"batch_size":16,"learning_rate":0.0020709026467278595,"lr_drop_factor":0.21538240434687436,"lr_drop_period":12}]
[17:40:48] w01: Preparing datastores for training and validation...

[17:40:48] w01: Using single frequency datastore for frequency index 4

[17:41:02] w01: 1 am here before gpu
[17:41:02] w01: 2 am here after gpu
[17:41:03] w01: Training network (Final=0) on gpu for 50 epochs...

[17:41:30] w01: start objective; params=[{"desired_latent_size":13,"hl_s1":2000,"hl_s2":708,"hl_s3":483,"hl_s4":38,"drop_rate":0.498029322306936,"batch_size":9,"learning_rate":0.0019407512723309591,"lr_drop_factor":0.47803308186732185,"lr_drop_period":14}]
[17:41:30] w01: Preparing datastores for training and validation...

[17:41:30] w01: Using single frequency datastore for frequency index 4

[17:41:44] w01: 1 am here before gpu
[17:41:44] w01: 2 am here after gpu
[17:41:45] w01: Training network (Final=0) on gpu for 50 epochs...

[17:42:39] w01: start objective; params=[{"desired_latent_size":13,"hl_s1":1777,"hl_s2":870,"hl_s3":458,"hl_s4":55,"drop_rate":0.25195488452415343,"batch_size":23,"learning_rate":0.0042444997506364667,"lr_drop_factor":0.34094586828259643,"lr_drop_period":13}]
[17:42:39] w01: Preparing datastores for training and validation...

[17:42:39] w01: Using single frequency datastore for frequency index 4

[17:42:54] w01: 1 am here before gpu
[17:42:54] w01: 2 am here after gpu
[17:42:54] w01: Training network (Final=0) on gpu for 50 epochs...

[17:43:30] w01: start objective; params=[{"desired_latent_size":15,"hl_s1":1784,"hl_s2":796,"hl_s3":195,"hl_s4":65,"drop_rate":0.26323586944482169,"batch_size":17,"learning_rate":0.0010672737934602631,"lr_drop_factor":0.12950807546855997,"lr_drop_period":6}]
[17:43:30] w01: Preparing datastores for training and validation...

[17:43:30] w01: Using single frequency datastore for frequency index 4

[17:43:44] w01: 1 am here before gpu
[17:43:44] w01: 2 am here after gpu
[17:43:44] w01: Training network (Final=0) on gpu for 50 epochs...

[17:44:24] w01: start objective; params=[{"desired_latent_size":13,"hl_s1":1763,"hl_s2":709,"hl_s3":283,"hl_s4":94,"drop_rate":0.0032967060896063188,"batch_size":23,"learning_rate":0.0027044202111750192,"lr_drop_factor":0.1418843297050959,"lr_drop_period":12}]
[17:44:24] w01: Preparing datastores for training and validation...

[17:44:24] w01: Using single frequency datastore for frequency index 4

[17:44:38] w01: 1 am here before gpu
[17:44:38] w01: 2 am here after gpu
[17:44:38] w01: Training network (Final=0) on gpu for 50 epochs...

[17:45:04] w01: start objective; params=[{"desired_latent_size":13,"hl_s1":1772,"hl_s2":715,"hl_s3":260,"hl_s4":35,"drop_rate":0.25645715131203817,"batch_size":13,"learning_rate":0.002787669035263677,"lr_drop_factor":0.41865706727177709,"lr_drop_period":12}]
[17:45:04] w01: Preparing datastores for training and validation...

[17:45:04] w01: Using single frequency datastore for frequency index 4

[17:45:18] w01: 1 am here before gpu
[17:45:18] w01: 2 am here after gpu
[17:45:18] w01: Training network (Final=0) on gpu for 50 epochs...

[17:45:58] w01: start objective; params=[{"desired_latent_size":15,"hl_s1":1653,"hl_s2":836,"hl_s3":188,"hl_s4":72,"drop_rate":0.47425493631248672,"batch_size":12,"learning_rate":0.0022112997378511226,"lr_drop_factor":0.3967310978898585,"lr_drop_period":11}]
[17:45:58] w01: Preparing datastores for training and validation...

[17:45:58] w01: Using single frequency datastore for frequency index 4

[17:46:11] w01: 1 am here before gpu
[17:46:11] w01: 2 am here after gpu
[17:46:12] w01: Training network (Final=0) on gpu for 50 epochs...

[17:47:20] w01: start objective; params=[{"desired_latent_size":15,"hl_s1":1716,"hl_s2":632,"hl_s3":268,"hl_s4":90,"drop_rate":0.40765070444623619,"batch_size":28,"learning_rate":0.0027446877617864052,"lr_drop_factor":0.4486907739133621,"lr_drop_period":17}]
[17:47:20] w01: Preparing datastores for training and validation...

[17:47:20] w01: Using single frequency datastore for frequency index 4

[17:47:47] w01: 1 am here before gpu
[17:47:47] w01: 2 am here after gpu
[17:47:47] w01: Training network (Final=0) on gpu for 50 epochs...

[17:48:52] w01: start objective; params=[{"desired_latent_size":15,"hl_s1":1680,"hl_s2":898,"hl_s3":361,"hl_s4":53,"drop_rate":0.41708143771950812,"batch_size":16,"learning_rate":0.0040164984309020938,"lr_drop_factor":0.419574255304078,"lr_drop_period":17}]
[17:48:52] w01: Preparing datastores for training and validation...

[17:48:52] w01: Using single frequency datastore for frequency index 4

[17:49:16] w01: 1 am here before gpu
[17:49:16] w01: 2 am here after gpu
[17:49:17] w01: Training network (Final=0) on gpu for 50 epochs...

[17:50:35] w01: start objective; params=[{"desired_latent_size":15,"hl_s1":1735,"hl_s2":578,"hl_s3":482,"hl_s4":42,"drop_rate":0.033904268935605594,"batch_size":29,"learning_rate":0.0025407644924711143,"lr_drop_factor":0.31107048271318216,"lr_drop_period":7}]
[17:50:35] w01: Preparing datastores for training and validation...

[17:50:35] w01: Using single frequency datastore for frequency index 4

[17:50:58] w01: 1 am here before gpu
[17:50:58] w01: 2 am here after gpu
[17:50:58] w01: Training network (Final=0) on gpu for 50 epochs...

[17:51:55] w01: start objective; params=[{"desired_latent_size":15,"hl_s1":1727,"hl_s2":548,"hl_s3":464,"hl_s4":79,"drop_rate":0.17171468194247261,"batch_size":31,"learning_rate":0.0022697727759538409,"lr_drop_factor":0.14601045695191944,"lr_drop_period":19}]
[17:51:55] w01: Preparing datastores for training and validation...

[17:51:55] w01: Using single frequency datastore for frequency index 4

[17:52:17] w01: 1 am here before gpu
[17:52:17] w01: 2 am here after gpu
[17:52:17] w01: Training network (Final=0) on gpu for 50 epochs...

[17:53:10] w01: start objective; params=[{"desired_latent_size":15,"hl_s1":1661,"hl_s2":654,"hl_s3":310,"hl_s4":41,"drop_rate":0.21223135780702967,"batch_size":13,"learning_rate":0.0027211011399710223,"lr_drop_factor":0.40369406896874493,"lr_drop_period":17}]
[17:53:10] w01: Preparing datastores for training and validation...

[17:53:10] w01: Using single frequency datastore for frequency index 4

[17:53:31] w01: 1 am here before gpu
[17:53:31] w01: 2 am here after gpu
[17:53:32] w01: Training network (Final=0) on gpu for 50 epochs...

[17:55:45] w01: start objective; params=[{"desired_latent_size":11,"hl_s1":1775,"hl_s2":679,"hl_s3":448,"hl_s4":60,"drop_rate":0.24027631722325971,"batch_size":27,"learning_rate":0.0027471622543444527,"lr_drop_factor":0.36780755379430152,"lr_drop_period":19}]
[17:55:45] w01: Preparing datastores for training and validation...

[17:55:45] w01: Using single frequency datastore for frequency index 4

[17:56:06] w01: 1 am here before gpu
[17:56:06] w01: 2 am here after gpu
[17:56:07] w01: Training network (Final=0) on gpu for 50 epochs...

[17:57:05] w01: start objective; params=[{"desired_latent_size":14,"hl_s1":1684,"hl_s2":802,"hl_s3":244,"hl_s4":84,"drop_rate":0.026732764445172426,"batch_size":6,"learning_rate":0.0030399034155000663,"lr_drop_factor":0.44326284627812829,"lr_drop_period":19}]
[17:57:05] w01: Preparing datastores for training and validation...

[17:57:05] w01: Using single frequency datastore for frequency index 4

[17:57:26] w01: 1 am here before gpu
[17:57:26] w01: 2 am here after gpu
[17:57:27] w01: Training network (Final=0) on gpu for 50 epochs...

[17:58:40] w01: start objective; params=[{"desired_latent_size":14,"hl_s1":1741,"hl_s2":777,"hl_s3":423,"hl_s4":86,"drop_rate":0.27141326570168589,"batch_size":23,"learning_rate":0.0026108855670211981,"lr_drop_factor":0.20795670884765871,"lr_drop_period":12}]
[17:58:40] w01: Preparing datastores for training and validation...

[17:58:40] w01: Using single frequency datastore for frequency index 4

[17:59:02] w01: 1 am here before gpu
[17:59:02] w01: 2 am here after gpu
[17:59:02] w01: Training network (Final=0) on gpu for 50 epochs...

[18:00:14] w01: start objective; params=[{"desired_latent_size":14,"hl_s1":1689,"hl_s2":537,"hl_s3":144,"hl_s4":46,"drop_rate":0.4095735920900595,"batch_size":19,"learning_rate":0.0019142777711036476,"lr_drop_factor":0.47792258493592144,"lr_drop_period":16}]
[18:00:14] w01: Preparing datastores for training and validation...

[18:00:14] w01: Using single frequency datastore for frequency index 4

[18:00:35] w01: 1 am here before gpu
[18:00:35] w01: 2 am here after gpu
[18:00:36] w01: Training network (Final=0) on gpu for 50 epochs...

[18:01:58] w01: start objective; params=[{"desired_latent_size":11,"hl_s1":1762,"hl_s2":771,"hl_s3":265,"hl_s4":62,"drop_rate":0.054219488670610161,"batch_size":21,"learning_rate":0.0020609642483330839,"lr_drop_factor":0.34442366758758025,"lr_drop_period":15}]
[18:01:58] w01: Preparing datastores for training and validation...

[18:01:58] w01: Using single frequency datastore for frequency index 4

[18:02:19] w01: 1 am here before gpu
[18:02:19] w01: 2 am here after gpu
[18:02:20] w01: Training network (Final=0) on gpu for 50 epochs...

[18:03:30] w01: start objective; params=[{"desired_latent_size":11,"hl_s1":1720,"hl_s2":626,"hl_s3":394,"hl_s4":72,"drop_rate":0.42520871529944559,"batch_size":32,"learning_rate":0.0023370643667666746,"lr_drop_factor":0.24414600330395153,"lr_drop_period":16}]
[18:03:30] w01: Preparing datastores for training and validation...

[18:03:30] w01: Using single frequency datastore for frequency index 4

[18:03:52] w01: 1 am here before gpu
[18:03:52] w01: 2 am here after gpu
[18:03:53] w01: Training network (Final=0) on gpu for 50 epochs...

[18:04:35] w01: start objective; params=[{"desired_latent_size":15,"hl_s1":1722,"hl_s2":921,"hl_s3":316,"hl_s4":39,"drop_rate":0.067876124362382773,"batch_size":26,"learning_rate":0.0019029209488252165,"lr_drop_factor":0.12439117694274944,"lr_drop_period":17}]
[18:04:35] w01: Preparing datastores for training and validation...

[18:04:35] w01: Using single frequency datastore for frequency index 4

[18:04:57] w01: 1 am here before gpu
[18:04:57] w01: 2 am here after gpu
[18:04:58] w01: Training network (Final=0) on gpu for 50 epochs...

[18:05:53] w01: start objective; params=[{"desired_latent_size":15,"hl_s1":1742,"hl_s2":747,"hl_s3":272,"hl_s4":84,"drop_rate":0.349900961886153,"batch_size":21,"learning_rate":0.0021289784971706962,"lr_drop_factor":0.19749870920976118,"lr_drop_period":15}]
[18:05:53] w01: Preparing datastores for training and validation...

[18:05:53] w01: Using single frequency datastore for frequency index 4

[18:06:15] w01: 1 am here before gpu
[18:06:15] w01: 2 am here after gpu
[18:06:15] w01: Training network (Final=0) on gpu for 50 epochs...

[18:07:25] w01: start objective; params=[{"desired_latent_size":15,"hl_s1":1758,"hl_s2":724,"hl_s3":280,"hl_s4":81,"drop_rate":0.48239700732644952,"batch_size":23,"learning_rate":0.0020304493732607241,"lr_drop_factor":0.21506476733864982,"lr_drop_period":14}]
[18:07:25] w01: Preparing datastores for training and validation...

[18:07:25] w01: Using single frequency datastore for frequency index 4

[18:07:46] w01: 1 am here before gpu
[18:07:46] w01: 2 am here after gpu
[18:07:46] w01: Training network (Final=0) on gpu for 50 epochs...

[18:08:57] w01: start objective; params=[{"desired_latent_size":14,"hl_s1":1742,"hl_s2":985,"hl_s3":186,"hl_s4":71,"drop_rate":0.4764736100342491,"batch_size":13,"learning_rate":0.0017315901780289966,"lr_drop_factor":0.28576645487792229,"lr_drop_period":14}]
[18:08:57] w01: Preparing datastores for training and validation...

[18:08:57] w01: Using single frequency datastore for frequency index 4

[18:09:19] w01: 1 am here before gpu
[18:09:19] w01: 2 am here after gpu
[18:09:19] w01: Training network (Final=0) on gpu for 50 epochs...

[18:10:54] w01: start objective; params=[{"desired_latent_size":12,"hl_s1":1049,"hl_s2":553,"hl_s3":243,"hl_s4":92,"drop_rate":0.2033033521317269,"batch_size":32,"learning_rate":0.0010509882734725375,"lr_drop_factor":0.24676725070174343,"lr_drop_period":19}]
[18:10:54] w01: Preparing datastores for training and validation...

[18:10:54] w01: Using single frequency datastore for frequency index 4

[18:11:16] w01: 1 am here before gpu
[18:11:16] w01: 2 am here after gpu
[18:11:16] w01: Training network (Final=0) on gpu for 50 epochs...

[18:12:05] w01: start objective; params=[{"desired_latent_size":15,"hl_s1":1622,"hl_s2":848,"hl_s3":112,"hl_s4":94,"drop_rate":0.26919263622325729,"batch_size":26,"learning_rate":0.0016584227477027624,"lr_drop_factor":0.36727091111944765,"lr_drop_period":17}]
[18:12:05] w01: Preparing datastores for training and validation...

[18:12:05] w01: Using single frequency datastore for frequency index 4

[18:12:27] w01: 1 am here before gpu
[18:12:27] w01: 2 am here after gpu
[18:12:28] w01: Training network (Final=0) on gpu for 50 epochs...

[18:13:26] w01: start objective; params=[{"desired_latent_size":12,"hl_s1":1610,"hl_s2":677,"hl_s3":310,"hl_s4":34,"drop_rate":0.27708631536348594,"batch_size":26,"learning_rate":0.001439750018089191,"lr_drop_factor":0.39101393287214348,"lr_drop_period":17}]
[18:13:26] w01: Preparing datastores for training and validation...

[18:13:26] w01: Using single frequency datastore for frequency index 4

[18:13:47] w01: 1 am here before gpu
[18:13:47] w01: 2 am here after gpu
[18:13:48] w01: Training network (Final=0) on gpu for 50 epochs...

[18:14:46] w01: start objective; params=[{"desired_latent_size":12,"hl_s1":1620,"hl_s2":822,"hl_s3":115,"hl_s4":92,"drop_rate":0.23243011910577638,"batch_size":24,"learning_rate":0.0018187605191438453,"lr_drop_factor":0.47006157490416856,"lr_drop_period":18}]
[18:14:46] w01: Preparing datastores for training and validation...

[18:14:46] w01: Using single frequency datastore for frequency index 4

[18:15:08] w01: 1 am here before gpu
[18:15:08] w01: 2 am here after gpu
[18:15:09] w01: Training network (Final=0) on gpu for 50 epochs...

[18:16:21] w01: start objective; params=[{"desired_latent_size":15,"hl_s1":1595,"hl_s2":634,"hl_s3":351,"hl_s4":98,"drop_rate":0.16968271363412357,"batch_size":25,"learning_rate":0.0016505120174939072,"lr_drop_factor":0.44519079958343821,"lr_drop_period":17}]
[18:16:21] w01: Preparing datastores for training and validation...

[18:16:21] w01: Using single frequency datastore for frequency index 4

[18:16:42] w01: 1 am here before gpu
[18:16:42] w01: 2 am here after gpu
[18:16:43] w01: Training network (Final=0) on gpu for 50 epochs...

[18:17:42] w01: start objective; params=[{"desired_latent_size":15,"hl_s1":1565,"hl_s2":928,"hl_s3":199,"hl_s4":85,"drop_rate":0.16079470429925241,"batch_size":25,"learning_rate":0.0015654890479763967,"lr_drop_factor":0.35722004551355213,"lr_drop_period":17}]
[18:17:42] w01: Preparing datastores for training and validation...

[18:17:42] w01: Using single frequency datastore for frequency index 4

[18:18:03] w01: 1 am here before gpu
[18:18:03] w01: 2 am here after gpu
[18:18:04] w01: Training network (Final=0) on gpu for 50 epochs...

[18:19:04] w01: start objective; params=[{"desired_latent_size":10,"hl_s1":1050,"hl_s2":858,"hl_s3":378,"hl_s4":60,"drop_rate":0.089632552361349871,"batch_size":4,"learning_rate":0.0026380958597023341,"lr_drop_factor":0.22301288663414365,"lr_drop_period":20}]
[18:19:04] w01: Preparing datastores for training and validation...

[18:19:04] w01: Using single frequency datastore for frequency index 4

[18:19:26] w01: 1 am here before gpu
[18:19:26] w01: 2 am here after gpu
[18:19:27] w01: Training network (Final=0) on gpu for 50 epochs...

[18:21:01] w01: start objective; params=[{"desired_latent_size":10,"hl_s1":1980,"hl_s2":717,"hl_s3":417,"hl_s4":47,"drop_rate":0.32030342290117986,"batch_size":29,"learning_rate":0.0034451803564808175,"lr_drop_factor":0.4900596145639764,"lr_drop_period":14}]
[18:21:01] w01: Preparing datastores for training and validation...

[18:21:01] w01: Using single frequency datastore for frequency index 4

[18:21:23] w01: 1 am here before gpu
[18:21:23] w01: 2 am here after gpu
[18:21:24] w01: Training network (Final=0) on gpu for 50 epochs...

[18:22:23] w01: start objective; params=[{"desired_latent_size":14,"hl_s1":1925,"hl_s2":658,"hl_s3":129,"hl_s4":75,"drop_rate":0.42020112155311273,"batch_size":31,"learning_rate":0.004331684864963466,"lr_drop_factor":0.49619931993570354,"lr_drop_period":18}]
[18:22:23] w01: Preparing datastores for training and validation...

[18:22:23] w01: Using single frequency datastore for frequency index 4

[18:22:44] w01: 1 am here before gpu
[18:22:44] w01: 2 am here after gpu
[18:22:45] w01: Training network (Final=0) on gpu for 50 epochs...

[18:23:46] w01: start objective; params=[{"desired_latent_size":15,"hl_s1":1985,"hl_s2":715,"hl_s3":467,"hl_s4":56,"drop_rate":0.17165875118491802,"batch_size":26,"learning_rate":0.0078513749904373948,"lr_drop_factor":0.48583897888575667,"lr_drop_period":16}]
[18:23:46] w01: Preparing datastores for training and validation...

[18:23:46] w01: Using single frequency datastore for frequency index 4

[18:24:07] w01: 1 am here before gpu
[18:24:07] w01: 2 am here after gpu
[18:24:08] w01: Training network (Final=0) on gpu for 50 epochs...

[18:25:12] w01: start objective; params=[{"desired_latent_size":12,"hl_s1":1439,"hl_s2":578,"hl_s3":246,"hl_s4":69,"drop_rate":0.48106289687000403,"batch_size":32,"learning_rate":0.0028522874074701945,"lr_drop_factor":0.49768569540529506,"lr_drop_period":20}]
[18:25:12] w01: Preparing datastores for training and validation...

[18:25:12] w01: Using single frequency datastore for frequency index 4

[18:25:35] w01: 1 am here before gpu
[18:25:35] w01: 2 am here after gpu
[18:25:35] w01: Training network (Final=0) on gpu for 50 epochs...

[18:26:25] w01: start objective; params=[{"desired_latent_size":14,"hl_s1":1578,"hl_s2":845,"hl_s3":434,"hl_s4":76,"drop_rate":0.17840279834136619,"batch_size":31,"learning_rate":0.0028934641594114069,"lr_drop_factor":0.49910501809872,"lr_drop_period":16}]
[18:26:25] w01: Preparing datastores for training and validation...

[18:26:25] w01: Using single frequency datastore for frequency index 4

[18:26:46] w01: 1 am here before gpu
[18:26:46] w01: 2 am here after gpu
[18:26:47] w01: Training network (Final=0) on gpu for 50 epochs...

[18:27:49] w01: start objective; params=[{"desired_latent_size":15,"hl_s1":1625,"hl_s2":638,"hl_s3":429,"hl_s4":74,"drop_rate":0.18222278444187234,"batch_size":31,"learning_rate":0.0022177654297657421,"lr_drop_factor":0.49258534039811097,"lr_drop_period":18}]
[18:27:49] w01: Preparing datastores for training and validation...

[18:27:49] w01: Using single frequency datastore for frequency index 4

[18:28:10] w01: 1 am here before gpu
[18:28:10] w01: 2 am here after gpu
[18:28:11] w01: Training network (Final=0) on gpu for 50 epochs...

[18:29:12] w01: start objective; params=[{"desired_latent_size":12,"hl_s1":1968,"hl_s2":791,"hl_s3":378,"hl_s4":61,"drop_rate":0.23156151818084081,"batch_size":4,"learning_rate":0.0011156728894343654,"lr_drop_factor":0.4664236196760933,"lr_drop_period":5}]
[18:29:12] w01: Preparing datastores for training and validation...

[18:29:12] w01: Using single frequency datastore for frequency index 4

[18:29:34] w01: 1 am here before gpu
[18:29:34] w01: 2 am here after gpu
[18:29:34] w01: Training network (Final=0) on gpu for 50 epochs...

[18:30:59] w01: start objective; params=[{"desired_latent_size":15,"hl_s1":1963,"hl_s2":814,"hl_s3":222,"hl_s4":41,"drop_rate":0.3871477767409589,"batch_size":27,"learning_rate":0.0093301822872712218,"lr_drop_factor":0.15325505071690815,"lr_drop_period":5}]
[18:30:59] w01: Preparing datastores for training and validation...

[18:30:59] w01: Using single frequency datastore for frequency index 4

[18:31:21] w01: 1 am here before gpu
[18:31:21] w01: 2 am here after gpu
[18:31:22] w01: Training network (Final=0) on gpu for 50 epochs...

[18:32:31] w01: start objective; params=[{"desired_latent_size":15,"hl_s1":1510,"hl_s2":503,"hl_s3":162,"hl_s4":66,"drop_rate":0.30086395884754857,"batch_size":20,"learning_rate":0.001245935149633828,"lr_drop_factor":0.49984379411930613,"lr_drop_period":15}]
[18:32:31] w01: Preparing datastores for training and validation...

[18:32:31] w01: Using single frequency datastore for frequency index 4

[18:32:54] w01: 1 am here before gpu
[18:32:54] w01: 2 am here after gpu
[18:32:55] w01: Training network (Final=0) on gpu for 50 epochs...

[18:34:17] w01: start objective; params=[{"desired_latent_size":12,"hl_s1":1562,"hl_s2":516,"hl_s3":398,"hl_s4":89,"drop_rate":0.18671714007271167,"batch_size":32,"learning_rate":0.0020343434176889573,"lr_drop_factor":0.48674783040727587,"lr_drop_period":19}]
[18:34:17] w01: Preparing datastores for training and validation...

[18:34:17] w01: Using single frequency datastore for frequency index 4

[18:34:42] w01: 1 am here before gpu
[18:34:42] w01: 2 am here after gpu
[18:34:42] w01: Training network (Final=0) on gpu for 50 epochs...

[18:35:35] w01: start objective; params=[{"desired_latent_size":15,"hl_s1":1606,"hl_s2":572,"hl_s3":190,"hl_s4":66,"drop_rate":0.27878400542462761,"batch_size":29,"learning_rate":0.0030912944824796019,"lr_drop_factor":0.46745371863987117,"lr_drop_period":13}]
[18:35:35] w01: Preparing datastores for training and validation...

[18:35:35] w01: Using single frequency datastore for frequency index 4

[18:35:59] w01: 1 am here before gpu
[18:35:59] w01: 2 am here after gpu
[18:35:59] w01: Training network (Final=0) on gpu for 50 epochs...

[18:37:10] w01: start objective; params=[{"desired_latent_size":13,"hl_s1":1006,"hl_s2":787,"hl_s3":333,"hl_s4":46,"drop_rate":0.24261026677816211,"batch_size":28,"learning_rate":0.0010200253042940155,"lr_drop_factor":0.46917000730682612,"lr_drop_period":5}]
[18:37:10] w01: Preparing datastores for training and validation...

[18:37:10] w01: Using single frequency datastore for frequency index 4

[18:37:34] w01: 1 am here before gpu
[18:37:34] w01: 2 am here after gpu
[18:37:35] w01: Training network (Final=0) on gpu for 50 epochs...

[18:38:46] w01: start objective; params=[{"desired_latent_size":14,"hl_s1":1052,"hl_s2":577,"hl_s3":213,"hl_s4":96,"drop_rate":0.33056727604073777,"batch_size":8,"learning_rate":0.0099083825931414581,"lr_drop_factor":0.46050800160245908,"lr_drop_period":20}]
[18:38:46] w01: Preparing datastores for training and validation...

[18:38:46] w01: Using single frequency datastore for frequency index 4

[18:39:10] w01: 1 am here before gpu
[18:39:10] w01: 2 am here after gpu
[18:39:11] w01: Training network (Final=0) on gpu for 50 epochs...

[18:42:36] w01: start objective; params=[{"desired_latent_size":11,"hl_s1":1838,"hl_s2":573,"hl_s3":388,"hl_s4":77,"drop_rate":0.20357367509987467,"batch_size":12,"learning_rate":0.0010104829526340678,"lr_drop_factor":0.48708374245250308,"lr_drop_period":20}]
[18:42:36] w01: Preparing datastores for training and validation...

[18:42:36] w01: Using single frequency datastore for frequency index 4

[18:43:01] w01: 1 am here before gpu
[18:43:01] w01: 2 am here after gpu
[18:43:02] w01: Training network (Final=0) on gpu for 50 epochs...

[18:45:39] w01: start objective; params=[{"desired_latent_size":14,"hl_s1":1948,"hl_s2":995,"hl_s3":289,"hl_s4":81,"drop_rate":0.27812700275426583,"batch_size":12,"learning_rate":0.0011197872321485828,"lr_drop_factor":0.24762689318834466,"lr_drop_period":20}]
[18:45:39] w01: Preparing datastores for training and validation...

[18:45:39] w01: Using single frequency datastore for frequency index 4

[18:46:03] w01: 1 am here before gpu
[18:46:03] w01: 2 am here after gpu
[18:46:03] w01: Training network (Final=0) on gpu for 50 epochs...

[18:48:42] w01: start objective; params=[{"desired_latent_size":11,"hl_s1":1311,"hl_s2":565,"hl_s3":277,"hl_s4":42,"drop_rate":0.10591137656548569,"batch_size":11,"learning_rate":0.0011551589181768684,"lr_drop_factor":0.49533394335244307,"lr_drop_period":20}]
[18:48:42] w01: Preparing datastores for training and validation...

[18:48:42] w01: Using single frequency datastore for frequency index 4

[18:49:08] w01: 1 am here before gpu
[18:49:08] w01: 2 am here after gpu
[18:49:09] w01: Training network (Final=0) on gpu for 50 epochs...

[18:52:15] w01: start objective; params=[{"desired_latent_size":12,"hl_s1":1151,"hl_s2":554,"hl_s3":417,"hl_s4":60,"drop_rate":0.49297547967047206,"batch_size":10,"learning_rate":0.0010269737366942664,"lr_drop_factor":0.43711287970481427,"lr_drop_period":20}]
[18:52:15] w01: Preparing datastores for training and validation...

[18:52:15] w01: Using single frequency datastore for frequency index 4

[18:52:41] w01: 1 am here before gpu
[18:52:41] w01: 2 am here after gpu
[18:52:42] w01: Training network (Final=0) on gpu for 50 epochs...

[18:54:53] w01: start objective; params=[{"desired_latent_size":13,"hl_s1":1429,"hl_s2":854,"hl_s3":477,"hl_s4":39,"drop_rate":0.04220766352617128,"batch_size":13,"learning_rate":0.0010804873445020605,"lr_drop_factor":0.49836638191510485,"lr_drop_period":20}]
[18:54:53] w01: Preparing datastores for training and validation...

[18:54:53] w01: Using single frequency datastore for frequency index 4

[18:55:20] w01: 1 am here before gpu
[18:55:20] w01: 2 am here after gpu
[18:55:21] w01: Training network (Final=0) on gpu for 50 epochs...

[18:58:08] w01: start objective; params=[{"desired_latent_size":12,"hl_s1":1011,"hl_s2":698,"hl_s3":437,"hl_s4":31,"drop_rate":0.47143251124443164,"batch_size":19,"learning_rate":0.0097815572557132247,"lr_drop_factor":0.10949835962173146,"lr_drop_period":14}]
[18:58:08] w01: Preparing datastores for training and validation...

[18:58:08] w01: Using single frequency datastore for frequency index 4

[18:58:33] w01: 1 am here before gpu
[18:58:33] w01: 2 am here after gpu
[18:58:34] w01: Training network (Final=0) on gpu for 50 epochs...

[19:00:17] w01: start objective; params=[{"desired_latent_size":14,"hl_s1":1074,"hl_s2":805,"hl_s3":162,"hl_s4":34,"drop_rate":0.20300595205242303,"batch_size":11,"learning_rate":0.0010844395047761232,"lr_drop_factor":0.25808822594774405,"lr_drop_period":12}]
[19:00:17] w01: Preparing datastores for training and validation...

[19:00:17] w01: Using single frequency datastore for frequency index 4

[19:00:44] w01: 1 am here before gpu
[19:00:44] w01: 2 am here after gpu
[19:00:44] w01: Training network (Final=0) on gpu for 50 epochs...

[19:03:53] w01: start objective; params=[{"desired_latent_size":10,"hl_s1":1796,"hl_s2":843,"hl_s3":455,"hl_s4":75,"drop_rate":0.22298837753763245,"batch_size":14,"learning_rate":0.0095105033439576749,"lr_drop_factor":0.10396875921926679,"lr_drop_period":5}]
[19:03:53] w01: Preparing datastores for training and validation...

[19:03:53] w01: Using single frequency datastore for frequency index 4

[19:04:18] w01: 1 am here before gpu
[19:04:18] w01: 2 am here after gpu
[19:04:18] w01: Training network (Final=0) on gpu for 50 epochs...

[19:06:12] w01: start objective; params=[{"desired_latent_size":14,"hl_s1":1833,"hl_s2":524,"hl_s3":443,"hl_s4":98,"drop_rate":0.11399449954779728,"batch_size":18,"learning_rate":0.0010354108314772957,"lr_drop_factor":0.43751125327336549,"lr_drop_period":20}]
[19:06:12] w01: Preparing datastores for training and validation...

[19:06:12] w01: Using single frequency datastore for frequency index 4

[19:06:37] w01: 1 am here before gpu
[19:06:37] w01: 2 am here after gpu
[19:06:38] w01: Training network (Final=0) on gpu for 50 epochs...

[19:08:29] w01: start objective; params=[{"desired_latent_size":11,"hl_s1":1954,"hl_s2":745,"hl_s3":157,"hl_s4":85,"drop_rate":0.25551437862204962,"batch_size":26,"learning_rate":0.0019267732736960874,"lr_drop_factor":0.49856322281301269,"lr_drop_period":6}]
[19:08:29] w01: Preparing datastores for training and validation...

[19:08:29] w01: Using single frequency datastore for frequency index 4

[19:08:55] w01: 1 am here before gpu
[19:08:55] w01: 2 am here after gpu
[19:08:56] w01: Training network (Final=0) on gpu for 50 epochs...

[19:10:15] w01: start objective; params=[{"desired_latent_size":15,"hl_s1":1972,"hl_s2":786,"hl_s3":358,"hl_s4":100,"drop_rate":0.28131320494328421,"batch_size":26,"learning_rate":0.0017430060023497847,"lr_drop_factor":0.49642094444618567,"lr_drop_period":12}]
[19:10:15] w01: Preparing datastores for training and validation...

[19:10:15] w01: Using single frequency datastore for frequency index 4

[19:10:41] w01: 1 am here before gpu
[19:10:41] w01: 2 am here after gpu
[19:10:42] w01: Training network (Final=0) on gpu for 50 epochs...

[19:12:03] w01: start objective; params=[{"desired_latent_size":14,"hl_s1":1152,"hl_s2":566,"hl_s3":357,"hl_s4":97,"drop_rate":0.48423746191106493,"batch_size":25,"learning_rate":0.0010374234384035546,"lr_drop_factor":0.49631874081039645,"lr_drop_period":14}]
[19:12:03] w01: Preparing datastores for training and validation...

[19:12:03] w01: Using single frequency datastore for frequency index 4

[19:12:28] w01: 1 am here before gpu
[19:12:28] w01: 2 am here after gpu
[19:12:29] w01: Training network (Final=0) on gpu for 50 epochs...

[19:13:52] w01: start objective; params=[{"desired_latent_size":11,"hl_s1":1888,"hl_s2":784,"hl_s3":219,"hl_s4":100,"drop_rate":0.27954960656830563,"batch_size":22,"learning_rate":0.001022325277248066,"lr_drop_factor":0.49343640756226281,"lr_drop_period":18}]
[19:13:52] w01: Preparing datastores for training and validation...

[19:13:52] w01: Using single frequency datastore for frequency index 4

[19:14:18] w01: 1 am here before gpu
[19:14:18] w01: 2 am here after gpu
[19:14:19] w01: Training network (Final=0) on gpu for 50 epochs...

[19:15:53] w01: start objective; params=[{"desired_latent_size":14,"hl_s1":1147,"hl_s2":900,"hl_s3":467,"hl_s4":95,"drop_rate":0.31796199005462517,"batch_size":22,"learning_rate":0.001056295113275709,"lr_drop_factor":0.48082246760940284,"lr_drop_period":18}]
[19:15:53] w01: Preparing datastores for training and validation...

[19:15:53] w01: Using single frequency datastore for frequency index 4

[19:16:18] w01: 1 am here before gpu
[19:16:18] w01: 2 am here after gpu
[19:16:19] w01: Training network (Final=0) on gpu for 50 epochs...

[19:17:55] w01: start objective; params=[{"desired_latent_size":12,"hl_s1":1500,"hl_s2":951,"hl_s3":246,"hl_s4":46,"drop_rate":0.077623857190099815,"batch_size":26,"learning_rate":0.001987466609286156,"lr_drop_factor":0.48865093355973077,"lr_drop_period":13}]
[19:17:55] w01: Preparing datastores for training and validation...

[19:17:55] w01: Using single frequency datastore for frequency index 4

[19:18:20] w01: 1 am here before gpu
[19:18:20] w01: 2 am here after gpu
[19:18:21] w01: Training network (Final=0) on gpu for 50 epochs...

[19:19:42] w01: start objective; params=[{"desired_latent_size":10,"hl_s1":1104,"hl_s2":981,"hl_s3":215,"hl_s4":92,"drop_rate":0.3088808144854801,"batch_size":20,"learning_rate":0.0099802103633474526,"lr_drop_factor":0.45656384863233795,"lr_drop_period":5}]
[19:19:42] w01: Preparing datastores for training and validation...

[19:19:42] w01: Using single frequency datastore for frequency index 4

[19:20:09] w01: 1 am here before gpu
[19:20:09] w01: 2 am here after gpu
[19:20:09] w01: Training network (Final=0) on gpu for 50 epochs...

[19:21:43] w01: start objective; params=[{"desired_latent_size":14,"hl_s1":1148,"hl_s2":715,"hl_s3":214,"hl_s4":45,"drop_rate":0.48325134319779073,"batch_size":18,"learning_rate":0.0097507085087084541,"lr_drop_factor":0.42442223474315122,"lr_drop_period":20}]
[19:21:43] w01: Preparing datastores for training and validation...

[19:21:43] w01: Using single frequency datastore for frequency index 4

[19:22:10] w01: 1 am here before gpu
[19:22:10] w01: 2 am here after gpu
[19:22:11] w01: Training network (Final=0) on gpu for 50 epochs...

[19:24:04] w01: start objective; params=[{"desired_latent_size":10,"hl_s1":1469,"hl_s2":836,"hl_s3":154,"hl_s4":55,"drop_rate":0.36743613143790954,"batch_size":23,"learning_rate":0.0010245215137390283,"lr_drop_factor":0.25713999366741969,"lr_drop_period":5}]
[19:24:04] w01: Preparing datastores for training and validation...

[19:24:04] w01: Using single frequency datastore for frequency index 4

[19:24:32] w01: 1 am here before gpu
[19:24:32] w01: 2 am here after gpu
[19:24:33] w01: Training network (Final=0) on gpu for 50 epochs...

[19:26:06] w01: start objective; params=[{"desired_latent_size":10,"hl_s1":1397,"hl_s2":652,"hl_s3":373,"hl_s4":96,"drop_rate":0.11369353507041741,"batch_size":4,"learning_rate":0.0093417937079592721,"lr_drop_factor":0.46730926906194092,"lr_drop_period":20}]
[19:26:06] w01: Preparing datastores for training and validation...

[19:26:06] w01: Using single frequency datastore for frequency index 4

[19:26:33] w01: 1 am here before gpu
[19:26:33] w01: 2 am here after gpu
[19:26:34] w01: Training network (Final=0) on gpu for 50 epochs...

[19:28:31] w01: start objective; params=[{"desired_latent_size":14,"hl_s1":1521,"hl_s2":562,"hl_s3":283,"hl_s4":40,"drop_rate":0.24059161584613192,"batch_size":26,"learning_rate":0.0024459065352262477,"lr_drop_factor":0.48686969845998718,"lr_drop_period":13}]
[19:28:31] w01: Preparing datastores for training and validation...

[19:28:31] w01: Using single frequency datastore for frequency index 4

[19:28:56] w01: 1 am here before gpu
[19:28:56] w01: 2 am here after gpu
[19:28:57] w01: Training network (Final=0) on gpu for 50 epochs...

[19:30:18] w01: start objective; params=[{"desired_latent_size":12,"hl_s1":1527,"hl_s2":802,"hl_s3":233,"hl_s4":64,"drop_rate":0.16586465586775706,"batch_size":21,"learning_rate":0.0011630619842971229,"lr_drop_factor":0.4917664565342037,"lr_drop_period":19}]
[19:30:18] w01: Preparing datastores for training and validation...

[19:30:18] w01: Using single frequency datastore for frequency index 4

[19:30:43] w01: 1 am here before gpu
[19:30:43] w01: 2 am here after gpu
[19:30:44] w01: Training network (Final=0) on gpu for 50 epochs...

[19:32:19] w01: start objective; params=[{"desired_latent_size":15,"hl_s1":1674,"hl_s2":623,"hl_s3":119,"hl_s4":39,"drop_rate":0.47682970776903644,"batch_size":25,"learning_rate":0.0012434397645616272,"lr_drop_factor":0.48545602315786168,"lr_drop_period":15}]
[19:32:19] w01: Preparing datastores for training and validation...

[19:32:19] w01: Using single frequency datastore for frequency index 4

[19:32:46] w01: 1 am here before gpu
[19:32:46] w01: 2 am here after gpu
[19:32:46] w01: Training network (Final=0) on gpu for 50 epochs...

[19:34:14] w01: start objective; params=[{"desired_latent_size":10,"hl_s1":1751,"hl_s2":832,"hl_s3":111,"hl_s4":91,"drop_rate":0.22089511209241244,"batch_size":15,"learning_rate":0.0010233429743713781,"lr_drop_factor":0.46715585872350884,"lr_drop_period":12}]
[19:34:14] w01: Preparing datastores for training and validation...

[19:34:14] w01: Using single frequency datastore for frequency index 4

[19:34:41] w01: 1 am here before gpu
[19:34:41] w01: 2 am here after gpu
[19:34:41] w01: Training network (Final=0) on gpu for 50 epochs...

[19:36:54] w01: start objective; params=[{"desired_latent_size":14,"hl_s1":1710,"hl_s2":806,"hl_s3":366,"hl_s4":88,"drop_rate":0.3750130952363403,"batch_size":15,"learning_rate":0.0010044147146847093,"lr_drop_factor":0.47231573126839083,"lr_drop_period":20}]
[19:36:54] w01: Preparing datastores for training and validation...

[19:36:54] w01: Using single frequency datastore for frequency index 4

[19:37:20] w01: 1 am here before gpu
[19:37:20] w01: 2 am here after gpu
[19:37:20] w01: Training network (Final=0) on gpu for 50 epochs...

[19:39:29] w01: start objective; params=[{"desired_latent_size":12,"hl_s1":1478,"hl_s2":517,"hl_s3":244,"hl_s4":34,"drop_rate":0.13525607430675629,"batch_size":13,"learning_rate":0.0010597219453020511,"lr_drop_factor":0.46947082960559261,"lr_drop_period":16}]
[19:39:29] w01: Preparing datastores for training and validation...

[19:39:29] w01: Using single frequency datastore for frequency index 4

[19:39:55] w01: 1 am here before gpu
[19:39:55] w01: 2 am here after gpu
[19:39:55] w01: Training network (Final=0) on gpu for 50 epochs...

[19:42:55] w01: start objective; params=[{"desired_latent_size":14,"hl_s1":1592,"hl_s2":962,"hl_s3":425,"hl_s4":33,"drop_rate":0.44020363484029057,"batch_size":27,"learning_rate":0.0011720772553236879,"lr_drop_factor":0.47980951413945072,"lr_drop_period":13}]
[19:42:55] w01: Preparing datastores for training and validation...

[19:42:55] w01: Using single frequency datastore for frequency index 4

[19:43:21] w01: 1 am here before gpu
[19:43:21] w01: 2 am here after gpu
[19:43:22] w01: Training network (Final=0) on gpu for 50 epochs...

[19:44:49] w01: start objective; params=[{"desired_latent_size":14,"hl_s1":1547,"hl_s2":801,"hl_s3":338,"hl_s4":70,"drop_rate":0.157649391071503,"batch_size":14,"learning_rate":0.0099252959851906259,"lr_drop_factor":0.48081684999248442,"lr_drop_period":20}]
[19:44:49] w01: Preparing datastores for training and validation...

[19:44:49] w01: Using single frequency datastore for frequency index 4

[19:45:16] w01: 1 am here before gpu
[19:45:16] w01: 2 am here after gpu
[19:45:16] w01: Training network (Final=0) on gpu for 50 epochs...

[19:47:12] w01: start objective; params=[{"desired_latent_size":11,"hl_s1":1589,"hl_s2":595,"hl_s3":237,"hl_s4":87,"drop_rate":0.223929102033805,"batch_size":10,"learning_rate":0.0015745288590497594,"lr_drop_factor":0.15338204197610095,"lr_drop_period":20}]
[19:47:12] w01: Preparing datastores for training and validation...

[19:47:12] w01: Using single frequency datastore for frequency index 4

[19:47:41] w01: 1 am here before gpu
[19:47:41] w01: 2 am here after gpu
[19:47:42] w01: Training network (Final=0) on gpu for 50 epochs...

[19:50:33] w01: start objective; params=[{"desired_latent_size":14,"hl_s1":1997,"hl_s2":914,"hl_s3":126,"hl_s4":55,"drop_rate":0.32073992108090671,"batch_size":11,"learning_rate":0.0016360484776980066,"lr_drop_factor":0.28407494422780694,"lr_drop_period":6}]
[19:50:33] w01: Preparing datastores for training and validation...

[19:50:33] w01: Using single frequency datastore for frequency index 4

[19:51:00] w01: 1 am here before gpu
[19:51:00] w01: 2 am here after gpu
[19:51:01] w01: Training network (Final=0) on gpu for 50 epochs...

[19:53:46] w01: start objective; params=[{"desired_latent_size":14,"hl_s1":1954,"hl_s2":550,"hl_s3":146,"hl_s4":85,"drop_rate":0.18330365016885608,"batch_size":4,"learning_rate":0.0010498215460713355,"lr_drop_factor":0.11719424212144948,"lr_drop_period":20}]
[19:53:46] w01: Preparing datastores for training and validation...

[19:53:46] w01: Using single frequency datastore for frequency index 4

[19:54:13] w01: 1 am here before gpu
[19:54:13] w01: 2 am here after gpu
[19:54:14] w01: Training network (Final=0) on gpu for 50 epochs...

[19:57:26] w01: start objective; params=[{"desired_latent_size":14,"hl_s1":1601,"hl_s2":601,"hl_s3":155,"hl_s4":64,"drop_rate":0.13416628985316187,"batch_size":30,"learning_rate":0.0010391247918298836,"lr_drop_factor":0.10332444073738195,"lr_drop_period":5}]
[19:57:26] w01: Preparing datastores for training and validation...

[19:57:26] w01: Using single frequency datastore for frequency index 4

[19:57:53] w01: 1 am here before gpu
[19:57:53] w01: 2 am here after gpu
[19:57:54] w01: Training network (Final=0) on gpu for 50 epochs...

[19:59:21] w01: start objective; params=[{"desired_latent_size":10,"hl_s1":1397,"hl_s2":712,"hl_s3":143,"hl_s4":83,"drop_rate":0.1755177925626028,"batch_size":11,"learning_rate":0.0020596118163976949,"lr_drop_factor":0.49823455654202164,"lr_drop_period":20}]
[19:59:21] w01: Preparing datastores for training and validation...

[19:59:21] w01: Using single frequency datastore for frequency index 4

[19:59:49] w01: 1 am here before gpu
[19:59:49] w01: 2 am here after gpu
[19:59:50] w01: Training network (Final=0) on gpu for 50 epochs...

[20:01:52] w01: start objective; params=[{"desired_latent_size":12,"hl_s1":1749,"hl_s2":872,"hl_s3":316,"hl_s4":75,"drop_rate":0.27519889046995338,"batch_size":24,"learning_rate":0.00995370307004716,"lr_drop_factor":0.11956456326262091,"lr_drop_period":20}]
[20:01:52] w01: Preparing datastores for training and validation...

[20:01:52] w01: Using single frequency datastore for frequency index 4

[20:02:20] w01: 1 am here before gpu
[20:02:20] w01: 2 am here after gpu
[20:02:20] w01: Training network (Final=0) on gpu for 50 epochs...

[20:04:06] w01: start objective; params=[{"desired_latent_size":12,"hl_s1":1907,"hl_s2":926,"hl_s3":215,"hl_s4":48,"drop_rate":0.033536544975759586,"batch_size":10,"learning_rate":0.0010642191399130093,"lr_drop_factor":0.21317179606519635,"lr_drop_period":15}]
[20:04:06] w01: Preparing datastores for training and validation...

[20:04:06] w01: Using single frequency datastore for frequency index 4

[20:04:35] w01: 1 am here before gpu
[20:04:35] w01: 2 am here after gpu
[20:04:36] w01: Training network (Final=0) on gpu for 50 epochs...

[20:07:36] w01: start objective; params=[{"desired_latent_size":11,"hl_s1":1154,"hl_s2":966,"hl_s3":230,"hl_s4":38,"drop_rate":0.029856392750499755,"batch_size":21,"learning_rate":0.009948744958226282,"lr_drop_factor":0.12961845637167213,"lr_drop_period":6}]
[20:07:36] w01: Preparing datastores for training and validation...

[20:07:36] w01: Using single frequency datastore for frequency index 4

[20:08:03] w01: 1 am here before gpu
[20:08:03] w01: 2 am here after gpu
[20:08:04] w01: Training network (Final=0) on gpu for 50 epochs...

[20:09:37] w01: start objective; params=[{"desired_latent_size":11,"hl_s1":1971,"hl_s2":732,"hl_s3":138,"hl_s4":88,"drop_rate":0.257064062885887,"batch_size":19,"learning_rate":0.0012701456431113709,"lr_drop_factor":0.49933068672198466,"lr_drop_period":5}]
[20:09:37] w01: Preparing datastores for training and validation...

[20:09:37] w01: Using single frequency datastore for frequency index 4

[20:10:05] w01: 1 am here before gpu
[20:10:05] w01: 2 am here after gpu
[20:10:05] w01: Training network (Final=0) on gpu for 50 epochs...

[20:12:01] w01: start objective; params=[{"desired_latent_size":14,"hl_s1":1711,"hl_s2":991,"hl_s3":196,"hl_s4":79,"drop_rate":0.20115511236859324,"batch_size":10,"learning_rate":0.0010068390703996885,"lr_drop_factor":0.49942496371632283,"lr_drop_period":5}]
[20:12:01] w01: Preparing datastores for training and validation...

[20:12:01] w01: Using single frequency datastore for frequency index 4

[20:12:30] w01: 1 am here before gpu
[20:12:30] w01: 2 am here after gpu
[20:12:31] w01: Training network (Final=0) on gpu for 50 epochs...

[20:15:09] w01: start objective; params=[{"desired_latent_size":11,"hl_s1":1004,"hl_s2":508,"hl_s3":152,"hl_s4":32,"drop_rate":0.19752011579410284,"batch_size":31,"learning_rate":0.0099616089118374253,"lr_drop_factor":0.15639963780381089,"lr_drop_period":5}]
[20:15:09] w01: Preparing datastores for training and validation...

[20:15:09] w01: Using single frequency datastore for frequency index 4

[20:15:37] w01: 1 am here before gpu
[20:15:37] w01: 2 am here after gpu
[20:15:38] w01: Training network (Final=0) on gpu for 50 epochs...

[20:17:14] w01: start objective; params=[{"desired_latent_size":13,"hl_s1":1180,"hl_s2":911,"hl_s3":466,"hl_s4":97,"drop_rate":0.29382097196099372,"batch_size":25,"learning_rate":0.0098441507480254882,"lr_drop_factor":0.10564519187676923,"lr_drop_period":12}]
[20:17:14] w01: Preparing datastores for training and validation...

[20:17:14] w01: Using single frequency datastore for frequency index 4

[20:17:41] w01: 1 am here before gpu
[20:17:41] w01: 2 am here after gpu
[20:17:42] w01: Training network (Final=0) on gpu for 50 epochs...

[20:19:21] w01: start objective; params=[{"desired_latent_size":12,"hl_s1":1509,"hl_s2":841,"hl_s3":303,"hl_s4":55,"drop_rate":0.30731825728461737,"batch_size":17,"learning_rate":0.0098812391257095226,"lr_drop_factor":0.12071574147219555,"lr_drop_period":5}]
[20:19:21] w01: Preparing datastores for training and validation...

[20:19:21] w01: Using single frequency datastore for frequency index 4

[20:19:49] w01: 1 am here before gpu
[20:19:49] w01: 2 am here after gpu
[20:19:50] w01: Training network (Final=0) on gpu for 50 epochs...

[20:21:52] w01: start objective; params=[{"desired_latent_size":15,"hl_s1":1600,"hl_s2":860,"hl_s3":172,"hl_s4":62,"drop_rate":0.46388666366343084,"batch_size":13,"learning_rate":0.0099073906434018234,"lr_drop_factor":0.48520157786962448,"lr_drop_period":5}]
[20:21:52] w01: Preparing datastores for training and validation...

[20:21:52] w01: Using single frequency datastore for frequency index 4

[20:22:19] w01: 1 am here before gpu
[20:22:19] w01: 2 am here after gpu
[20:22:20] w01: Training network (Final=0) on gpu for 50 epochs...

[20:25:12] w01: start objective; params=[{"desired_latent_size":12,"hl_s1":1771,"hl_s2":807,"hl_s3":166,"hl_s4":98,"drop_rate":0.096354021821040775,"batch_size":14,"learning_rate":0.0020244161713035328,"lr_drop_factor":0.10258829592075874,"lr_drop_period":5}]
[20:25:12] w01: Preparing datastores for training and validation...

[20:25:12] w01: Using single frequency datastore for frequency index 4

[20:25:40] w01: 1 am here before gpu
[20:25:40] w01: 2 am here after gpu
[20:25:40] w01: Training network (Final=0) on gpu for 50 epochs...

[01:08:49] w01: start objective; params=[{"desired_latent_size":13,"hl_s1":1693,"hl_s2":525,"hl_s3":166,"hl_s4":88,"drop_rate":0.25716406474425041,"batch_size":9,"learning_rate":0.0022196490192915507,"lr_drop_factor":0.29653047954902167,"lr_drop_period":15}]
[01:08:49] w01: Preparing datastores for training and validation...

[01:08:49] w01: Using single frequency datastore for frequency index 5

[01:09:06] w01: 1 am here before gpu
[01:09:07] w01: 2 am here after gpu
[01:09:17] w01: Training network (Final=0) on gpu for 50 epochs...

[01:10:28] w01: start objective; params=[{"desired_latent_size":11,"hl_s1":1303,"hl_s2":561,"hl_s3":460,"hl_s4":75,"drop_rate":0.19743814268350052,"batch_size":11,"learning_rate":0.0086409620115197837,"lr_drop_factor":0.34163854061953669,"lr_drop_period":6}]
[01:10:28] w01: Preparing datastores for training and validation...

[01:10:28] w01: Using single frequency datastore for frequency index 5

[01:10:42] w01: 1 am here before gpu
[01:10:42] w01: 2 am here after gpu
[01:10:43] w01: Training network (Final=0) on gpu for 50 epochs...

[01:11:03] w01: start objective; params=[{"desired_latent_size":15,"hl_s1":1012,"hl_s2":503,"hl_s3":467,"hl_s4":99,"drop_rate":0.0014093235927519765,"batch_size":28,"learning_rate":0.0021820517696938923,"lr_drop_factor":0.30651787137403075,"lr_drop_period":12}]
[01:11:03] w01: Preparing datastores for training and validation...

[01:11:03] w01: Using single frequency datastore for frequency index 5

[01:11:17] w01: 1 am here before gpu
[01:11:17] w01: 2 am here after gpu
[01:11:17] w01: Training network (Final=0) on gpu for 50 epochs...

[01:11:42] w01: start objective; params=[{"desired_latent_size":11,"hl_s1":1279,"hl_s2":886,"hl_s3":380,"hl_s4":84,"drop_rate":0.10938343359642538,"batch_size":30,"learning_rate":0.0015576160135306145,"lr_drop_factor":0.42609765174064107,"lr_drop_period":5}]
[01:11:42] w01: Preparing datastores for training and validation...

[01:11:42] w01: Using single frequency datastore for frequency index 5

[01:11:56] w01: 1 am here before gpu
[01:11:56] w01: 2 am here after gpu
[01:11:56] w01: Training network (Final=0) on gpu for 50 epochs...

[01:12:19] w01: start objective; params=[{"desired_latent_size":11,"hl_s1":1906,"hl_s2":925,"hl_s3":477,"hl_s4":47,"drop_rate":0.27460833982509458,"batch_size":6,"learning_rate":0.0010039090076622117,"lr_drop_factor":0.2953086735803877,"lr_drop_period":20}]
[01:12:19] w01: Preparing datastores for training and validation...

[01:12:19] w01: Using single frequency datastore for frequency index 5

[01:12:33] w01: 1 am here before gpu
[01:12:33] w01: 2 am here after gpu
[01:12:33] w01: Training network (Final=0) on gpu for 50 epochs...

[01:13:34] w01: start objective; params=[{"desired_latent_size":12,"hl_s1":1737,"hl_s2":553,"hl_s3":494,"hl_s4":92,"drop_rate":0.37431586968589875,"batch_size":24,"learning_rate":0.0010229405240815936,"lr_drop_factor":0.12583678771681359,"lr_drop_period":8}]
[01:13:34] w01: Preparing datastores for training and validation...

[01:13:34] w01: Using single frequency datastore for frequency index 5

[01:13:48] w01: 1 am here before gpu
[01:13:48] w01: 2 am here after gpu
[01:13:49] w01: Training network (Final=0) on gpu for 50 epochs...

[01:14:18] w01: start objective; params=[{"desired_latent_size":13,"hl_s1":1230,"hl_s2":561,"hl_s3":488,"hl_s4":31,"drop_rate":0.34181231259017797,"batch_size":21,"learning_rate":0.0010288961328995074,"lr_drop_factor":0.45423971747565783,"lr_drop_period":5}]
[01:14:18] w01: Preparing datastores for training and validation...

[01:14:18] w01: Using single frequency datastore for frequency index 5

[01:14:32] w01: 1 am here before gpu
[01:14:32] w01: 2 am here after gpu
[01:14:32] w01: Training network (Final=0) on gpu for 50 epochs...

[01:15:01] w01: start objective; params=[{"desired_latent_size":14,"hl_s1":1503,"hl_s2":941,"hl_s3":285,"hl_s4":90,"drop_rate":0.0073431800919962348,"batch_size":29,"learning_rate":0.0011054843131394665,"lr_drop_factor":0.49568746765548188,"lr_drop_period":7}]
[01:15:01] w01: Preparing datastores for training and validation...

[01:15:01] w01: Using single frequency datastore for frequency index 5

[01:15:16] w01: 1 am here before gpu
[01:15:16] w01: 2 am here after gpu
[01:15:16] w01: Training network (Final=0) on gpu for 50 epochs...

[01:15:39] w01: start objective; params=[{"desired_latent_size":15,"hl_s1":1916,"hl_s2":759,"hl_s3":354,"hl_s4":65,"drop_rate":0.090209514872006846,"batch_size":29,"learning_rate":0.0010020293521601424,"lr_drop_factor":0.49943769148981787,"lr_drop_period":19}]
[01:15:39] w01: Preparing datastores for training and validation...

[01:15:39] w01: Using single frequency datastore for frequency index 5

[01:15:53] w01: 1 am here before gpu
[01:15:53] w01: 2 am here after gpu
[01:15:54] w01: Training network (Final=0) on gpu for 50 epochs...

[01:16:18] w01: start objective; params=[{"desired_latent_size":12,"hl_s1":1957,"hl_s2":962,"hl_s3":351,"hl_s4":45,"drop_rate":0.42780446752713891,"batch_size":6,"learning_rate":0.0010299697687128711,"lr_drop_factor":0.48819621301143268,"lr_drop_period":12}]
[01:16:18] w01: Preparing datastores for training and validation...

[01:16:18] w01: Using single frequency datastore for frequency index 5

[01:16:32] w01: 1 am here before gpu
[01:16:32] w01: 2 am here after gpu
[01:16:32] w01: Training network (Final=0) on gpu for 50 epochs...

[01:17:14] w01: start objective; params=[{"desired_latent_size":14,"hl_s1":1921,"hl_s2":756,"hl_s3":138,"hl_s4":86,"drop_rate":0.3967869487263177,"batch_size":9,"learning_rate":0.0010964685087365205,"lr_drop_factor":0.49361433375464303,"lr_drop_period":15}]
[01:17:14] w01: Preparing datastores for training and validation...

[01:17:14] w01: Using single frequency datastore for frequency index 5

[01:17:29] w01: 1 am here before gpu
[01:17:29] w01: 2 am here after gpu
[01:17:29] w01: Training network (Final=0) on gpu for 50 epochs...

[01:18:21] w01: start objective; params=[{"desired_latent_size":12,"hl_s1":1964,"hl_s2":788,"hl_s3":246,"hl_s4":51,"drop_rate":0.17377329555266047,"batch_size":11,"learning_rate":0.0010293634300624272,"lr_drop_factor":0.47615931623280361,"lr_drop_period":7}]
[01:18:21] w01: Preparing datastores for training and validation...

[01:18:21] w01: Using single frequency datastore for frequency index 5

[01:18:36] w01: 1 am here before gpu
[01:18:36] w01: 2 am here after gpu
[01:18:36] w01: Training network (Final=0) on gpu for 50 epochs...

[01:19:44] w01: start objective; params=[{"desired_latent_size":10,"hl_s1":1769,"hl_s2":748,"hl_s3":384,"hl_s4":42,"drop_rate":0.32301368107715017,"batch_size":30,"learning_rate":0.00651464803407491,"lr_drop_factor":0.49784694072471758,"lr_drop_period":8}]
[01:19:44] w01: Preparing datastores for training and validation...

[01:19:44] w01: Using single frequency datastore for frequency index 5

[01:19:58] w01: 1 am here before gpu
[01:19:58] w01: 2 am here after gpu
[01:19:58] w01: Training network (Final=0) on gpu for 50 epochs...

[01:20:25] w01: start objective; params=[{"desired_latent_size":11,"hl_s1":1930,"hl_s2":884,"hl_s3":260,"hl_s4":67,"drop_rate":0.11578254014444239,"batch_size":7,"learning_rate":0.0013513544695451273,"lr_drop_factor":0.49442184417103985,"lr_drop_period":10}]
[01:20:25] w01: Preparing datastores for training and validation...

[01:20:25] w01: Using single frequency datastore for frequency index 5

[01:20:39] w01: 1 am here before gpu
[01:20:39] w01: 2 am here after gpu
[01:20:40] w01: Training network (Final=0) on gpu for 50 epochs...

[01:21:35] w01: start objective; params=[{"desired_latent_size":11,"hl_s1":1954,"hl_s2":532,"hl_s3":285,"hl_s4":84,"drop_rate":0.097109592932764943,"batch_size":26,"learning_rate":0.0010150474333559126,"lr_drop_factor":0.48676208625692474,"lr_drop_period":9}]
[01:21:35] w01: Preparing datastores for training and validation...

[01:21:35] w01: Using single frequency datastore for frequency index 5

[01:21:50] w01: 1 am here before gpu
[01:21:50] w01: 2 am here after gpu
[01:21:50] w01: Training network (Final=0) on gpu for 50 epochs...

[01:22:20] w01: start objective; params=[{"desired_latent_size":15,"hl_s1":1236,"hl_s2":998,"hl_s3":409,"hl_s4":64,"drop_rate":0.32621056072182353,"batch_size":16,"learning_rate":0.004337162820107268,"lr_drop_factor":0.3189128968417464,"lr_drop_period":20}]
[01:22:20] w01: Preparing datastores for training and validation...

[01:22:20] w01: Using single frequency datastore for frequency index 5

[01:22:34] w01: 1 am here before gpu
[01:22:34] w01: 2 am here after gpu
[01:22:35] w01: Training network (Final=0) on gpu for 50 epochs...

[01:23:00] w01: start objective; params=[{"desired_latent_size":14,"hl_s1":1888,"hl_s2":718,"hl_s3":120,"hl_s4":98,"drop_rate":0.31660805955669308,"batch_size":22,"learning_rate":0.0010397948238480006,"lr_drop_factor":0.45592148312178937,"lr_drop_period":6}]
[01:23:00] w01: Preparing datastores for training and validation...

[01:23:00] w01: Using single frequency datastore for frequency index 5

[01:23:15] w01: 1 am here before gpu
[01:23:15] w01: 2 am here after gpu
[01:23:15] w01: Training network (Final=0) on gpu for 50 epochs...

[01:23:51] w01: start objective; params=[{"desired_latent_size":14,"hl_s1":1661,"hl_s2":778,"hl_s3":476,"hl_s4":63,"drop_rate":0.4613533207877244,"batch_size":5,"learning_rate":0.00105363331177922,"lr_drop_factor":0.48824190233788323,"lr_drop_period":12}]
[01:23:51] w01: Preparing datastores for training and validation...

[01:23:51] w01: Using single frequency datastore for frequency index 5

[01:24:05] w01: 1 am here before gpu
[01:24:05] w01: 2 am here after gpu
[01:24:05] w01: Training network (Final=0) on gpu for 50 epochs...

[01:25:22] w01: start objective; params=[{"desired_latent_size":12,"hl_s1":1777,"hl_s2":677,"hl_s3":479,"hl_s4":67,"drop_rate":0.19077716603964656,"batch_size":24,"learning_rate":0.00665670435313768,"lr_drop_factor":0.1003695502346629,"lr_drop_period":20}]
[01:25:22] w01: Preparing datastores for training and validation...

[01:25:22] w01: Using single frequency datastore for frequency index 5

[01:25:36] w01: 1 am here before gpu
[01:25:36] w01: 2 am here after gpu
[01:25:36] w01: Training network (Final=0) on gpu for 50 epochs...

[01:26:08] w01: start objective; params=[{"desired_latent_size":14,"hl_s1":1166,"hl_s2":634,"hl_s3":209,"hl_s4":76,"drop_rate":0.15850179683681115,"batch_size":10,"learning_rate":0.0015329952624295396,"lr_drop_factor":0.49966232046877235,"lr_drop_period":19}]
[01:26:08] w01: Preparing datastores for training and validation...

[01:26:08] w01: Using single frequency datastore for frequency index 5

[01:26:22] w01: 1 am here before gpu
[01:26:22] w01: 2 am here after gpu
[01:26:23] w01: Training network (Final=0) on gpu for 50 epochs...

[01:27:18] w01: start objective; params=[{"desired_latent_size":14,"hl_s1":1351,"hl_s2":980,"hl_s3":108,"hl_s4":91,"drop_rate":0.037147741176709492,"batch_size":6,"learning_rate":0.0011772949819991566,"lr_drop_factor":0.49764639774000474,"lr_drop_period":11}]
[01:27:18] w01: Preparing datastores for training and validation...

[01:27:18] w01: Using single frequency datastore for frequency index 5

[01:27:33] w01: 1 am here before gpu
[01:27:33] w01: 2 am here after gpu
[01:27:33] w01: Training network (Final=0) on gpu for 50 epochs...

[01:28:55] w01: start objective; params=[{"desired_latent_size":15,"hl_s1":1337,"hl_s2":953,"hl_s3":152,"hl_s4":72,"drop_rate":0.34325301686941012,"batch_size":14,"learning_rate":0.0013101270422110011,"lr_drop_factor":0.10162892851786935,"lr_drop_period":14}]
[01:28:56] w01: Preparing datastores for training and validation...

[01:28:56] w01: Using single frequency datastore for frequency index 5

[01:29:10] w01: 1 am here before gpu
[01:29:10] w01: 2 am here after gpu
[01:29:10] w01: Training network (Final=0) on gpu for 50 epochs...

[01:30:06] w01: start objective; params=[{"desired_latent_size":14,"hl_s1":1421,"hl_s2":921,"hl_s3":109,"hl_s4":90,"drop_rate":0.26683776762793437,"batch_size":27,"learning_rate":0.0020272671506425732,"lr_drop_factor":0.49921702500562704,"lr_drop_period":20}]
[01:30:06] w01: Preparing datastores for training and validation...

[01:30:06] w01: Using single frequency datastore for frequency index 5

[01:30:20] w01: 1 am here before gpu
[01:30:20] w01: 2 am here after gpu
[01:30:21] w01: Training network (Final=0) on gpu for 50 epochs...

[01:30:51] w01: start objective; params=[{"desired_latent_size":15,"hl_s1":1605,"hl_s2":692,"hl_s3":152,"hl_s4":95,"drop_rate":0.015776719095365987,"batch_size":16,"learning_rate":0.0015958127033367886,"lr_drop_factor":0.10094896936402835,"lr_drop_period":7}]
[01:30:51] w01: Preparing datastores for training and validation...

[01:30:51] w01: Using single frequency datastore for frequency index 5

[01:31:05] w01: 1 am here before gpu
[01:31:05] w01: 2 am here after gpu
[01:31:05] w01: Training network (Final=0) on gpu for 50 epochs...

[01:31:36] w01: start objective; params=[{"desired_latent_size":14,"hl_s1":1229,"hl_s2":732,"hl_s3":447,"hl_s4":56,"drop_rate":0.044523530699099395,"batch_size":5,"learning_rate":0.0023851332836395838,"lr_drop_factor":0.10060290481817069,"lr_drop_period":20}]
[01:31:36] w01: Preparing datastores for training and validation...

[01:31:36] w01: Using single frequency datastore for frequency index 5

[01:31:51] w01: 1 am here before gpu
[01:31:51] w01: 2 am here after gpu
[01:31:51] w01: Training network (Final=0) on gpu for 50 epochs...

[01:32:47] w01: start objective; params=[{"desired_latent_size":14,"hl_s1":1076,"hl_s2":888,"hl_s3":355,"hl_s4":44,"drop_rate":0.16274329940399407,"batch_size":8,"learning_rate":0.0023343030153381785,"lr_drop_factor":0.49991623599366314,"lr_drop_period":18}]
[01:32:47] w01: Preparing datastores for training and validation...

[01:32:47] w01: Using single frequency datastore for frequency index 5

[01:33:01] w01: 1 am here before gpu
[01:33:01] w01: 2 am here after gpu
[01:33:02] w01: Training network (Final=0) on gpu for 50 epochs...

[01:33:46] w01: start objective; params=[{"desired_latent_size":13,"hl_s1":1597,"hl_s2":722,"hl_s3":247,"hl_s4":69,"drop_rate":0.33930867654594787,"batch_size":16,"learning_rate":0.001832872443575796,"lr_drop_factor":0.49821855554162209,"lr_drop_period":17}]
[01:33:46] w01: Preparing datastores for training and validation...

[01:33:46] w01: Using single frequency datastore for frequency index 5

[01:34:01] w01: 1 am here before gpu
[01:34:01] w01: 2 am here after gpu
[01:34:01] w01: Training network (Final=0) on gpu for 50 epochs...

[01:34:31] w01: start objective; params=[{"desired_latent_size":12,"hl_s1":1516,"hl_s2":671,"hl_s3":191,"hl_s4":100,"drop_rate":0.483840088884353,"batch_size":18,"learning_rate":0.003136994978457641,"lr_drop_factor":0.48867897237883667,"lr_drop_period":14}]
[01:34:31] w01: Preparing datastores for training and validation...

[01:34:31] w01: Using single frequency datastore for frequency index 5

[01:34:46] w01: 1 am here before gpu
[01:34:46] w01: 2 am here after gpu
[01:34:46] w01: Training network (Final=0) on gpu for 50 epochs...

[01:35:37] w01: start objective; params=[{"desired_latent_size":14,"hl_s1":1698,"hl_s2":551,"hl_s3":249,"hl_s4":31,"drop_rate":0.16497236199374515,"batch_size":26,"learning_rate":0.0012279242640119742,"lr_drop_factor":0.49715745227232822,"lr_drop_period":7}]
[01:35:37] w01: Preparing datastores for training and validation...

[01:35:37] w01: Using single frequency datastore for frequency index 5

[01:35:51] w01: 1 am here before gpu
[01:35:51] w01: 2 am here after gpu
[01:35:51] w01: Training network (Final=0) on gpu for 50 epochs...

[01:36:25] w01: start objective; params=[{"desired_latent_size":14,"hl_s1":1537,"hl_s2":552,"hl_s3":227,"hl_s4":30,"drop_rate":0.44343582067214005,"batch_size":29,"learning_rate":0.0098955201484675747,"lr_drop_factor":0.37837085375639179,"lr_drop_period":20}]
[01:36:25] w01: Preparing datastores for training and validation...

[01:36:25] w01: Using single frequency datastore for frequency index 5

[01:36:39] w01: 1 am here before gpu
[01:36:39] w01: 2 am here after gpu
[01:36:39] w01: Training network (Final=0) on gpu for 50 epochs...

[01:37:08] w01: start objective; params=[{"desired_latent_size":11,"hl_s1":1819,"hl_s2":622,"hl_s3":159,"hl_s4":30,"drop_rate":0.31666040620942892,"batch_size":9,"learning_rate":0.0010077592274438162,"lr_drop_factor":0.34284510257443507,"lr_drop_period":10}]
[01:37:08] w01: Preparing datastores for training and validation...

[01:37:08] w01: Using single frequency datastore for frequency index 5

[01:37:23] w01: 1 am here before gpu
[01:37:23] w01: 2 am here after gpu
[01:37:23] w01: Training network (Final=0) on gpu for 50 epochs...

[01:38:02] w01: start objective; params=[{"desired_latent_size":10,"hl_s1":1976,"hl_s2":801,"hl_s3":342,"hl_s4":30,"drop_rate":0.077981715928131357,"batch_size":22,"learning_rate":0.0039061890913617918,"lr_drop_factor":0.29411882296881464,"lr_drop_period":13}]
[01:38:02] w01: Preparing datastores for training and validation...

[01:38:02] w01: Using single frequency datastore for frequency index 5

[01:38:17] w01: 1 am here before gpu
[01:38:17] w01: 2 am here after gpu
[01:38:17] w01: Training network (Final=0) on gpu for 50 epochs...

[01:38:45] w01: start objective; params=[{"desired_latent_size":11,"hl_s1":1607,"hl_s2":560,"hl_s3":409,"hl_s4":100,"drop_rate":0.049510861771602591,"batch_size":15,"learning_rate":0.0072373967073368376,"lr_drop_factor":0.28127318434770754,"lr_drop_period":10}]
[01:38:45] w01: Preparing datastores for training and validation...

[01:38:45] w01: Using single frequency datastore for frequency index 5

[01:39:00] w01: 1 am here before gpu
[01:39:00] w01: 2 am here after gpu
[01:39:00] w01: Training network (Final=0) on gpu for 50 epochs...

[01:39:30] w01: start objective; params=[{"desired_latent_size":12,"hl_s1":1040,"hl_s2":860,"hl_s3":403,"hl_s4":46,"drop_rate":0.1651202884242603,"batch_size":11,"learning_rate":0.0099912856730113124,"lr_drop_factor":0.11515125943261975,"lr_drop_period":10}]
[01:39:30] w01: Preparing datastores for training and validation...

[01:39:30] w01: Using single frequency datastore for frequency index 5

[01:39:45] w01: 1 am here before gpu
[01:39:45] w01: 2 am here after gpu
[01:39:45] w01: Training network (Final=0) on gpu for 50 epochs...

[01:40:29] w01: start objective; params=[{"desired_latent_size":10,"hl_s1":1972,"hl_s2":661,"hl_s3":320,"hl_s4":35,"drop_rate":0.18869335414965935,"batch_size":30,"learning_rate":0.0010285912398613915,"lr_drop_factor":0.49084585279807896,"lr_drop_period":8}]
[01:40:29] w01: Preparing datastores for training and validation...

[01:40:29] w01: Using single frequency datastore for frequency index 5

[01:40:44] w01: 1 am here before gpu
[01:40:44] w01: 2 am here after gpu
[01:40:44] w01: Training network (Final=0) on gpu for 50 epochs...

[01:41:13] w01: start objective; params=[{"desired_latent_size":15,"hl_s1":1622,"hl_s2":760,"hl_s3":275,"hl_s4":31,"drop_rate":0.31116472813432916,"batch_size":30,"learning_rate":0.0038618910975030908,"lr_drop_factor":0.4350275209395067,"lr_drop_period":16}]
[01:41:13] w01: Preparing datastores for training and validation...

[01:41:13] w01: Using single frequency datastore for frequency index 5

[01:41:27] w01: 1 am here before gpu
[01:41:27] w01: 2 am here after gpu
[01:41:28] w01: Training network (Final=0) on gpu for 50 epochs...

[01:41:57] w01: start objective; params=[{"desired_latent_size":15,"hl_s1":1654,"hl_s2":873,"hl_s3":306,"hl_s4":100,"drop_rate":0.40562388767915442,"batch_size":5,"learning_rate":0.0061086648853064468,"lr_drop_factor":0.48485543687038063,"lr_drop_period":6}]
[01:41:57] w01: Preparing datastores for training and validation...

[01:41:57] w01: Using single frequency datastore for frequency index 5

[01:42:12] w01: 1 am here before gpu
[01:42:12] w01: 2 am here after gpu
[01:42:12] w01: Training network (Final=0) on gpu for 50 epochs...

[01:42:56] w01: start objective; params=[{"desired_latent_size":15,"hl_s1":1768,"hl_s2":526,"hl_s3":137,"hl_s4":75,"drop_rate":0.29741138946399115,"batch_size":31,"learning_rate":0.0015747823967745553,"lr_drop_factor":0.49300362405172971,"lr_drop_period":15}]
[01:42:56] w01: Preparing datastores for training and validation...

[01:42:56] w01: Using single frequency datastore for frequency index 5

[01:43:11] w01: 1 am here before gpu
[01:43:11] w01: 2 am here after gpu
[01:43:11] w01: Training network (Final=0) on gpu for 50 epochs...

[01:43:42] w01: start objective; params=[{"desired_latent_size":15,"hl_s1":1981,"hl_s2":742,"hl_s3":127,"hl_s4":73,"drop_rate":0.4970521818502433,"batch_size":32,"learning_rate":0.0011873938266322504,"lr_drop_factor":0.49586494689785143,"lr_drop_period":14}]
[01:43:42] w01: Preparing datastores for training and validation...

[01:43:42] w01: Using single frequency datastore for frequency index 5

[01:43:56] w01: 1 am here before gpu
[01:43:56] w01: 2 am here after gpu
[01:43:56] w01: Training network (Final=0) on gpu for 50 epochs...

[01:44:21] w01: start objective; params=[{"desired_latent_size":10,"hl_s1":1681,"hl_s2":955,"hl_s3":297,"hl_s4":47,"drop_rate":0.48012543483316694,"batch_size":14,"learning_rate":0.0013024744876777971,"lr_drop_factor":0.47039193927014145,"lr_drop_period":9}]
[01:44:21] w01: Preparing datastores for training and validation...

[01:44:21] w01: Using single frequency datastore for frequency index 5

[01:44:36] w01: 1 am here before gpu
[01:44:36] w01: 2 am here after gpu
[01:44:36] w01: Training network (Final=0) on gpu for 50 epochs...

[01:45:37] w01: start objective; params=[{"desired_latent_size":10,"hl_s1":1384,"hl_s2":977,"hl_s3":329,"hl_s4":43,"drop_rate":0.4743463020966725,"batch_size":17,"learning_rate":0.0010626752027488391,"lr_drop_factor":0.46962941391663782,"lr_drop_period":13}]
[01:45:38] w01: Preparing datastores for training and validation...

[01:45:38] w01: Using single frequency datastore for frequency index 5

[01:45:52] w01: 1 am here before gpu
[01:45:52] w01: 2 am here after gpu
[01:45:52] w01: Training network (Final=0) on gpu for 50 epochs...

[01:46:44] w01: start objective; params=[{"desired_latent_size":10,"hl_s1":1538,"hl_s2":856,"hl_s3":425,"hl_s4":33,"drop_rate":0.41679265060239434,"batch_size":14,"learning_rate":0.0010893727074991792,"lr_drop_factor":0.4914593058745349,"lr_drop_period":9}]
[01:46:44] w01: Preparing datastores for training and validation...

[01:46:44] w01: Using single frequency datastore for frequency index 5

[01:46:58] w01: 1 am here before gpu
[01:46:58] w01: 2 am here after gpu
[01:46:59] w01: Training network (Final=0) on gpu for 50 epochs...

[01:48:06] w01: start objective; params=[{"desired_latent_size":10,"hl_s1":1358,"hl_s2":923,"hl_s3":382,"hl_s4":32,"drop_rate":0.15089938146593285,"batch_size":8,"learning_rate":0.0010478905631394623,"lr_drop_factor":0.46942319024638912,"lr_drop_period":7}]
[01:48:06] w01: Preparing datastores for training and validation...

[01:48:06] w01: Using single frequency datastore for frequency index 5

[01:48:20] w01: 1 am here before gpu
[01:48:20] w01: 2 am here after gpu
[01:48:21] w01: Training network (Final=0) on gpu for 50 epochs...

[01:49:48] w01: start objective; params=[{"desired_latent_size":15,"hl_s1":1130,"hl_s2":959,"hl_s3":166,"hl_s4":31,"drop_rate":0.020460212376059578,"batch_size":5,"learning_rate":0.0097072997042340538,"lr_drop_factor":0.48192428295352419,"lr_drop_period":7}]
[01:49:48] w01: Preparing datastores for training and validation...

[01:49:48] w01: Using single frequency datastore for frequency index 5

[01:50:03] w01: 1 am here before gpu
[01:50:03] w01: 2 am here after gpu
[01:50:03] w01: Training network (Final=0) on gpu for 50 epochs...

[01:50:47] w01: start objective; params=[{"desired_latent_size":15,"hl_s1":1922,"hl_s2":705,"hl_s3":446,"hl_s4":98,"drop_rate":0.45102838562134745,"batch_size":32,"learning_rate":0.0047179292312708627,"lr_drop_factor":0.45622055197743205,"lr_drop_period":11}]
[01:50:47] w01: Preparing datastores for training and validation...

[01:50:47] w01: Using single frequency datastore for frequency index 5

[01:51:01] w01: 1 am here before gpu
[01:51:01] w01: 2 am here after gpu
[01:51:01] w01: Training network (Final=0) on gpu for 50 epochs...

[01:51:31] w01: start objective; params=[{"desired_latent_size":15,"hl_s1":1257,"hl_s2":776,"hl_s3":468,"hl_s4":53,"drop_rate":0.43110676013333982,"batch_size":32,"learning_rate":0.0093256207128000861,"lr_drop_factor":0.49279896936743584,"lr_drop_period":8}]
[01:51:31] w01: Preparing datastores for training and validation...

[01:51:31] w01: Using single frequency datastore for frequency index 5

[01:51:46] w01: 1 am here before gpu
[01:51:46] w01: 2 am here after gpu
[01:51:46] w01: Training network (Final=0) on gpu for 50 epochs...

[01:52:14] w01: start objective; params=[{"desired_latent_size":10,"hl_s1":1254,"hl_s2":804,"hl_s3":277,"hl_s4":72,"drop_rate":0.24798241123625786,"batch_size":4,"learning_rate":0.0028701178450084809,"lr_drop_factor":0.4586076484892716,"lr_drop_period":6}]
[01:52:14] w01: Preparing datastores for training and validation...

[01:52:14] w01: Using single frequency datastore for frequency index 5

[01:52:29] w01: 1 am here before gpu
[01:52:29] w01: 2 am here after gpu
[01:52:29] w01: Training network (Final=0) on gpu for 50 epochs...

[01:53:05] w01: start objective; params=[{"desired_latent_size":10,"hl_s1":1258,"hl_s2":771,"hl_s3":179,"hl_s4":100,"drop_rate":0.025342484616302854,"batch_size":7,"learning_rate":0.001741127031937845,"lr_drop_factor":0.11189327031742496,"lr_drop_period":11}]
[01:53:05] w01: Preparing datastores for training and validation...

[01:53:05] w01: Using single frequency datastore for frequency index 5

[01:53:19] w01: 1 am here before gpu
[01:53:19] w01: 2 am here after gpu
[01:53:20] w01: Training network (Final=0) on gpu for 50 epochs...

[01:54:15] w01: start objective; params=[{"desired_latent_size":10,"hl_s1":1782,"hl_s2":959,"hl_s3":216,"hl_s4":91,"drop_rate":0.10335958488584586,"batch_size":4,"learning_rate":0.0096116423685329664,"lr_drop_factor":0.13994084636069304,"lr_drop_period":10}]
[01:54:15] w01: Preparing datastores for training and validation...

[01:54:15] w01: Using single frequency datastore for frequency index 5

[01:54:30] w01: 1 am here before gpu
[01:54:30] w01: 2 am here after gpu
[01:54:31] w01: Training network (Final=0) on gpu for 50 epochs...

[01:55:06] w01: start objective; params=[{"desired_latent_size":10,"hl_s1":1522,"hl_s2":851,"hl_s3":217,"hl_s4":63,"drop_rate":0.33892701252508217,"batch_size":32,"learning_rate":0.0038975121297803021,"lr_drop_factor":0.1760258488229543,"lr_drop_period":11}]
[01:55:06] w01: Preparing datastores for training and validation...

[01:55:06] w01: Using single frequency datastore for frequency index 5

[01:55:21] w01: 1 am here before gpu
[01:55:21] w01: 2 am here after gpu
[01:55:21] w01: Training network (Final=0) on gpu for 50 epochs...

[01:55:50] w01: start objective; params=[{"desired_latent_size":10,"hl_s1":1234,"hl_s2":582,"hl_s3":122,"hl_s4":33,"drop_rate":0.029857353302101125,"batch_size":19,"learning_rate":0.0010120452873250594,"lr_drop_factor":0.17429431913052984,"lr_drop_period":12}]
[01:55:50] w01: Preparing datastores for training and validation...

[01:55:50] w01: Using single frequency datastore for frequency index 5

[01:56:05] w01: 1 am here before gpu
[01:56:05] w01: 2 am here after gpu
[01:56:06] w01: Training network (Final=0) on gpu for 50 epochs...

[01:56:43] w01: start objective; params=[{"desired_latent_size":10,"hl_s1":1760,"hl_s2":894,"hl_s3":455,"hl_s4":42,"drop_rate":0.47078008760148415,"batch_size":21,"learning_rate":0.0010000445834983972,"lr_drop_factor":0.44745414463444927,"lr_drop_period":18}]
[01:56:43] w01: Preparing datastores for training and validation...

[01:56:43] w01: Using single frequency datastore for frequency index 5

[01:56:58] w01: 1 am here before gpu
[01:56:58] w01: 2 am here after gpu
[01:56:58] w01: Training network (Final=0) on gpu for 50 epochs...

[01:57:42] w01: start objective; params=[{"desired_latent_size":12,"hl_s1":1038,"hl_s2":903,"hl_s3":204,"hl_s4":33,"drop_rate":0.21459970040830578,"batch_size":28,"learning_rate":0.0014782389648772226,"lr_drop_factor":0.4256256364222144,"lr_drop_period":19}]
[01:57:42] w01: Preparing datastores for training and validation...

[01:57:42] w01: Using single frequency datastore for frequency index 5

[01:57:57] w01: 1 am here before gpu
[01:57:57] w01: 2 am here after gpu
[01:57:57] w01: Training network (Final=0) on gpu for 50 epochs...

[01:58:37] w01: start objective; params=[{"desired_latent_size":15,"hl_s1":1023,"hl_s2":789,"hl_s3":470,"hl_s4":99,"drop_rate":0.033526871465949737,"batch_size":4,"learning_rate":0.0027266097069251595,"lr_drop_factor":0.13823840820147398,"lr_drop_period":7}]
[01:58:37] w01: Preparing datastores for training and validation...

[01:58:37] w01: Using single frequency datastore for frequency index 5

[01:58:52] w01: 1 am here before gpu
[01:58:52] w01: 2 am here after gpu
[01:58:52] w01: Training network (Final=0) on gpu for 50 epochs...

[01:59:39] w01: start objective; params=[{"desired_latent_size":10,"hl_s1":1071,"hl_s2":774,"hl_s3":481,"hl_s4":31,"drop_rate":0.31836093686120503,"batch_size":9,"learning_rate":0.0095981669839337938,"lr_drop_factor":0.43916366490747061,"lr_drop_period":17}]
[01:59:39] w01: Preparing datastores for training and validation...

[01:59:39] w01: Using single frequency datastore for frequency index 5

[01:59:54] w01: 1 am here before gpu
[01:59:54] w01: 2 am here after gpu
[01:59:54] w01: Training network (Final=0) on gpu for 50 epochs...

[02:00:45] w01: start objective; params=[{"desired_latent_size":15,"hl_s1":1745,"hl_s2":948,"hl_s3":103,"hl_s4":91,"drop_rate":0.0539640564916794,"batch_size":16,"learning_rate":0.0010842539601453344,"lr_drop_factor":0.38758593711793532,"lr_drop_period":19}]
[02:00:45] w01: Preparing datastores for training and validation...

[02:00:45] w01: Using single frequency datastore for frequency index 5

[02:00:59] w01: 1 am here before gpu
[02:00:59] w01: 2 am here after gpu
[02:01:00] w01: Training network (Final=0) on gpu for 50 epochs...

[02:01:50] w01: start objective; params=[{"desired_latent_size":11,"hl_s1":1894,"hl_s2":873,"hl_s3":213,"hl_s4":48,"drop_rate":0.45801034659692041,"batch_size":29,"learning_rate":0.0010265509873987858,"lr_drop_factor":0.49049766794173633,"lr_drop_period":20}]
[02:01:50] w01: Preparing datastores for training and validation...

[02:01:50] w01: Using single frequency datastore for frequency index 5

[02:02:05] w01: 1 am here before gpu
[02:02:05] w01: 2 am here after gpu
[02:02:05] w01: Training network (Final=0) on gpu for 50 epochs...

[02:02:45] w01: start objective; params=[{"desired_latent_size":15,"hl_s1":1802,"hl_s2":688,"hl_s3":131,"hl_s4":93,"drop_rate":0.46883907825393473,"batch_size":32,"learning_rate":0.0047513865502710039,"lr_drop_factor":0.11214405208777714,"lr_drop_period":19}]
[02:02:45] w01: Preparing datastores for training and validation...

[02:02:45] w01: Using single frequency datastore for frequency index 5

[02:02:59] w01: 1 am here before gpu
[02:02:59] w01: 2 am here after gpu
[02:03:00] w01: Training network (Final=0) on gpu for 50 epochs...

[02:03:32] w01: start objective; params=[{"desired_latent_size":12,"hl_s1":1800,"hl_s2":719,"hl_s3":350,"hl_s4":46,"drop_rate":0.17602799958946763,"batch_size":23,"learning_rate":0.0011470890905304933,"lr_drop_factor":0.49483444809868438,"lr_drop_period":19}]
[02:03:32] w01: Preparing datastores for training and validation...

[02:03:32] w01: Using single frequency datastore for frequency index 5

[02:03:47] w01: 1 am here before gpu
[02:03:47] w01: 2 am here after gpu
[02:03:47] w01: Training network (Final=0) on gpu for 50 epochs...

[02:04:34] w01: start objective; params=[{"desired_latent_size":10,"hl_s1":1449,"hl_s2":863,"hl_s3":488,"hl_s4":99,"drop_rate":0.47144889855146677,"batch_size":5,"learning_rate":0.0020469921384773187,"lr_drop_factor":0.12170221403308719,"lr_drop_period":18}]
[02:04:34] w01: Preparing datastores for training and validation...

[02:04:34] w01: Using single frequency datastore for frequency index 5

[02:04:49] w01: 1 am here before gpu
[02:04:49] w01: 2 am here after gpu
[02:04:49] w01: Training network (Final=0) on gpu for 50 epochs...

[02:06:13] w01: start objective; params=[{"desired_latent_size":10,"hl_s1":1914,"hl_s2":718,"hl_s3":494,"hl_s4":96,"drop_rate":0.14056876942670549,"batch_size":32,"learning_rate":0.0029906293178583844,"lr_drop_factor":0.2333144513333586,"lr_drop_period":17}]
[02:06:13] w01: Preparing datastores for training and validation...

[02:06:13] w01: Using single frequency datastore for frequency index 5

[02:06:28] w01: 1 am here before gpu
[02:06:28] w01: 2 am here after gpu
[02:06:28] w01: Training network (Final=0) on gpu for 50 epochs...

[02:06:57] w01: start objective; params=[{"desired_latent_size":11,"hl_s1":1676,"hl_s2":757,"hl_s3":307,"hl_s4":43,"drop_rate":0.24727182133295383,"batch_size":21,"learning_rate":0.0010541474467787337,"lr_drop_factor":0.49948348156030042,"lr_drop_period":20}]
[02:06:57] w01: Preparing datastores for training and validation...

[02:06:57] w01: Using single frequency datastore for frequency index 5

[02:07:12] w01: 1 am here before gpu
[02:07:12] w01: 2 am here after gpu
[02:07:12] w01: Training network (Final=0) on gpu for 50 epochs...

[02:07:52] w01: start objective; params=[{"desired_latent_size":10,"hl_s1":1581,"hl_s2":508,"hl_s3":208,"hl_s4":32,"drop_rate":0.46847058585616624,"batch_size":16,"learning_rate":0.0010457410894566589,"lr_drop_factor":0.43722180919171905,"lr_drop_period":17}]
[02:07:52] w01: Preparing datastores for training and validation...

[02:07:52] w01: Using single frequency datastore for frequency index 5

[02:08:07] w01: 1 am here before gpu
[02:08:07] w01: 2 am here after gpu
[02:08:07] w01: Training network (Final=0) on gpu for 50 epochs...

[02:09:11] w01: start objective; params=[{"desired_latent_size":11,"hl_s1":1712,"hl_s2":802,"hl_s3":269,"hl_s4":52,"drop_rate":0.40884545224356017,"batch_size":20,"learning_rate":0.0011413127571534513,"lr_drop_factor":0.47911028866328542,"lr_drop_period":19}]
[02:09:11] w01: Preparing datastores for training and validation...

[02:09:11] w01: Using single frequency datastore for frequency index 5

[02:09:25] w01: 1 am here before gpu
[02:09:25] w01: 2 am here after gpu
[02:09:26] w01: Training network (Final=0) on gpu for 50 epochs...

[02:10:16] w01: start objective; params=[{"desired_latent_size":13,"hl_s1":1620,"hl_s2":594,"hl_s3":366,"hl_s4":94,"drop_rate":0.32281950251999642,"batch_size":30,"learning_rate":0.001242927161409032,"lr_drop_factor":0.45076215534791775,"lr_drop_period":20}]
[02:10:16] w01: Preparing datastores for training and validation...

[02:10:16] w01: Using single frequency datastore for frequency index 5

[02:10:31] w01: 1 am here before gpu
[02:10:31] w01: 2 am here after gpu
[02:10:31] w01: Training network (Final=0) on gpu for 50 epochs...

[02:11:14] w01: start objective; params=[{"desired_latent_size":15,"hl_s1":1431,"hl_s2":527,"hl_s3":155,"hl_s4":41,"drop_rate":0.21768025587762418,"batch_size":29,"learning_rate":0.0020097142342671991,"lr_drop_factor":0.45911728520409145,"lr_drop_period":18}]
[02:11:14] w01: Preparing datastores for training and validation...

[02:11:14] w01: Using single frequency datastore for frequency index 5

[02:11:29] w01: 1 am here before gpu
[02:11:29] w01: 2 am here after gpu
[02:11:29] w01: Training network (Final=0) on gpu for 50 epochs...

[02:12:10] w01: start objective; params=[{"desired_latent_size":11,"hl_s1":1588,"hl_s2":829,"hl_s3":180,"hl_s4":79,"drop_rate":0.45492304471561079,"batch_size":8,"learning_rate":0.0010140898476887958,"lr_drop_factor":0.47206236558455072,"lr_drop_period":13}]
[02:12:10] w01: Preparing datastores for training and validation...

[02:12:10] w01: Using single frequency datastore for frequency index 5

[02:12:25] w01: 1 am here before gpu
[02:12:25] w01: 2 am here after gpu
[02:12:25] w01: Training network (Final=0) on gpu for 50 epochs...

[02:14:26] w01: start objective; params=[{"desired_latent_size":12,"hl_s1":1490,"hl_s2":516,"hl_s3":112,"hl_s4":96,"drop_rate":0.400576911051151,"batch_size":5,"learning_rate":0.0010965283968696106,"lr_drop_factor":0.48455972214288567,"lr_drop_period":19}]
[02:14:26] w01: Preparing datastores for training and validation...

[02:14:26] w01: Using single frequency datastore for frequency index 5

[02:14:41] w01: 1 am here before gpu
[02:14:41] w01: 2 am here after gpu
[02:14:41] w01: Training network (Final=0) on gpu for 50 epochs...

[02:16:00] w01: start objective; params=[{"desired_latent_size":11,"hl_s1":1796,"hl_s2":658,"hl_s3":198,"hl_s4":38,"drop_rate":0.44331136778792385,"batch_size":18,"learning_rate":0.0010237680128583324,"lr_drop_factor":0.4652697311199766,"lr_drop_period":19}]
[02:16:00] w01: Preparing datastores for training and validation...

[02:16:00] w01: Using single frequency datastore for frequency index 5

[02:16:15] w01: 1 am here before gpu
[02:16:15] w01: 2 am here after gpu
[02:16:15] w01: Training network (Final=0) on gpu for 50 epochs...

[02:17:11] w01: start objective; params=[{"desired_latent_size":14,"hl_s1":1059,"hl_s2":650,"hl_s3":333,"hl_s4":49,"drop_rate":0.036730006017963363,"batch_size":29,"learning_rate":0.0014185482404270706,"lr_drop_factor":0.46712006423741326,"lr_drop_period":20}]
[02:17:11] w01: Preparing datastores for training and validation...

[02:17:11] w01: Using single frequency datastore for frequency index 5

[02:17:26] w01: 1 am here before gpu
[02:17:26] w01: 2 am here after gpu
[02:17:26] w01: Training network (Final=0) on gpu for 50 epochs...

[02:18:03] w01: start objective; params=[{"desired_latent_size":11,"hl_s1":1479,"hl_s2":553,"hl_s3":214,"hl_s4":32,"drop_rate":0.33800994809800189,"batch_size":16,"learning_rate":0.0010142026136945267,"lr_drop_factor":0.48407115471154316,"lr_drop_period":19}]
[02:18:03] w01: Preparing datastores for training and validation...

[02:18:03] w01: Using single frequency datastore for frequency index 5

[02:18:18] w01: 1 am here before gpu
[02:18:18] w01: 2 am here after gpu
[02:18:19] w01: Training network (Final=0) on gpu for 50 epochs...

[02:19:17] w01: start objective; params=[{"desired_latent_size":10,"hl_s1":1781,"hl_s2":767,"hl_s3":242,"hl_s4":45,"drop_rate":0.25572953076211474,"batch_size":21,"learning_rate":0.0010195577891866066,"lr_drop_factor":0.46690280156779107,"lr_drop_period":17}]
[02:19:17] w01: Preparing datastores for training and validation...

[02:19:17] w01: Using single frequency datastore for frequency index 5

[02:19:32] w01: 1 am here before gpu
[02:19:32] w01: 2 am here after gpu
[02:19:32] w01: Training network (Final=0) on gpu for 50 epochs...

[02:20:15] w01: start objective; params=[{"desired_latent_size":11,"hl_s1":1818,"hl_s2":990,"hl_s3":142,"hl_s4":85,"drop_rate":0.34854076497069497,"batch_size":20,"learning_rate":0.0012161900712153141,"lr_drop_factor":0.49475742911981113,"lr_drop_period":17}]
[02:20:15] w01: Preparing datastores for training and validation...

[02:20:15] w01: Using single frequency datastore for frequency index 5

[02:20:30] w01: 1 am here before gpu
[02:20:30] w01: 2 am here after gpu
[02:20:30] w01: Training network (Final=0) on gpu for 50 epochs...

[02:21:15] w01: start objective; params=[{"desired_latent_size":10,"hl_s1":1162,"hl_s2":781,"hl_s3":132,"hl_s4":78,"drop_rate":0.13303062890580047,"batch_size":18,"learning_rate":0.0011123510119615469,"lr_drop_factor":0.49033511786930983,"lr_drop_period":19}]
[02:21:15] w01: Preparing datastores for training and validation...

[02:21:15] w01: Using single frequency datastore for frequency index 5

[02:21:30] w01: 1 am here before gpu
[02:21:30] w01: 2 am here after gpu
[02:21:30] w01: Training network (Final=0) on gpu for 50 epochs...

[02:22:31] w01: start objective; params=[{"desired_latent_size":11,"hl_s1":1662,"hl_s2":955,"hl_s3":184,"hl_s4":60,"drop_rate":0.25581946355170992,"batch_size":20,"learning_rate":0.0010865771789439489,"lr_drop_factor":0.4865038314322544,"lr_drop_period":16}]
[02:22:31] w01: Preparing datastores for training and validation...

[02:22:31] w01: Using single frequency datastore for frequency index 5

[02:22:47] w01: 1 am here before gpu
[02:22:47] w01: 2 am here after gpu
[02:22:47] w01: Training network (Final=0) on gpu for 50 epochs...

[02:23:34] w01: start objective; params=[{"desired_latent_size":12,"hl_s1":1352,"hl_s2":997,"hl_s3":371,"hl_s4":38,"drop_rate":0.49331803914976952,"batch_size":24,"learning_rate":0.0011672922189162162,"lr_drop_factor":0.49670844619371868,"lr_drop_period":16}]
[02:23:34] w01: Preparing datastores for training and validation...

[02:23:34] w01: Using single frequency datastore for frequency index 5

[02:23:49] w01: 1 am here before gpu
[02:23:49] w01: 2 am here after gpu
[02:23:50] w01: Training network (Final=0) on gpu for 50 epochs...

[02:24:38] w01: start objective; params=[{"desired_latent_size":14,"hl_s1":1342,"hl_s2":928,"hl_s3":103,"hl_s4":98,"drop_rate":0.42302339085579271,"batch_size":32,"learning_rate":0.0027864737156352128,"lr_drop_factor":0.19454110334694819,"lr_drop_period":7}]
[02:24:38] w01: Preparing datastores for training and validation...

[02:24:38] w01: Using single frequency datastore for frequency index 5

[02:24:53] w01: 1 am here before gpu
[02:24:53] w01: 2 am here after gpu
[02:24:53] w01: Training network (Final=0) on gpu for 50 epochs...

[02:25:33] w01: start objective; params=[{"desired_latent_size":11,"hl_s1":1320,"hl_s2":617,"hl_s3":466,"hl_s4":95,"drop_rate":0.41390289229547261,"batch_size":4,"learning_rate":0.006929476887266312,"lr_drop_factor":0.48005771317243995,"lr_drop_period":20}]
[02:25:33] w01: Preparing datastores for training and validation...

[02:25:33] w01: Using single frequency datastore for frequency index 5

[02:25:48] w01: 1 am here before gpu
[02:25:48] w01: 2 am here after gpu
[02:25:48] w01: Training network (Final=0) on gpu for 50 epochs...

[02:26:32] w01: start objective; params=[{"desired_latent_size":15,"hl_s1":1475,"hl_s2":781,"hl_s3":446,"hl_s4":68,"drop_rate":0.070385265167524524,"batch_size":21,"learning_rate":0.0010740277477056448,"lr_drop_factor":0.45549191090358532,"lr_drop_period":20}]
[02:26:32] w01: Preparing datastores for training and validation...

[02:26:32] w01: Using single frequency datastore for frequency index 5

[02:26:48] w01: 1 am here before gpu
[02:26:48] w01: 2 am here after gpu
[02:26:48] w01: Training network (Final=0) on gpu for 50 epochs...

[02:27:36] w01: start objective; params=[{"desired_latent_size":14,"hl_s1":1575,"hl_s2":842,"hl_s3":400,"hl_s4":38,"drop_rate":0.38262408756629745,"batch_size":18,"learning_rate":0.0010334386524280712,"lr_drop_factor":0.49750039215666503,"lr_drop_period":13}]
[02:27:36] w01: Preparing datastores for training and validation...

[02:27:36] w01: Using single frequency datastore for frequency index 5

[02:27:51] w01: 1 am here before gpu
[02:27:51] w01: 2 am here after gpu
[02:27:51] w01: Training network (Final=0) on gpu for 50 epochs...

[02:28:46] w01: start objective; params=[{"desired_latent_size":15,"hl_s1":1938,"hl_s2":773,"hl_s3":194,"hl_s4":61,"drop_rate":0.37549776712493266,"batch_size":22,"learning_rate":0.0010760562416751221,"lr_drop_factor":0.4862049836964093,"lr_drop_period":20}]
[02:28:46] w01: Preparing datastores for training and validation...

[02:28:46] w01: Using single frequency datastore for frequency index 5

[02:29:01] w01: 1 am here before gpu
[02:29:01] w01: 2 am here after gpu
[02:29:01] w01: Training network (Final=0) on gpu for 50 epochs...

[02:29:58] w01: start objective; params=[{"desired_latent_size":10,"hl_s1":1741,"hl_s2":676,"hl_s3":418,"hl_s4":97,"drop_rate":0.36329274546502088,"batch_size":22,"learning_rate":0.0020204811600409807,"lr_drop_factor":0.11429554122239904,"lr_drop_period":6}]
[02:29:58] w01: Preparing datastores for training and validation...

[02:29:58] w01: Using single frequency datastore for frequency index 5

[02:30:13] w01: 1 am here before gpu
[02:30:13] w01: 2 am here after gpu
[02:30:13] w01: Training network (Final=0) on gpu for 50 epochs...

[02:31:06] w01: start objective; params=[{"desired_latent_size":14,"hl_s1":1609,"hl_s2":815,"hl_s3":146,"hl_s4":95,"drop_rate":0.15485987473180424,"batch_size":4,"learning_rate":0.0010443406598074894,"lr_drop_factor":0.11421302417350783,"lr_drop_period":9}]
[02:31:06] w01: Preparing datastores for training and validation...

[02:31:06] w01: Using single frequency datastore for frequency index 5

[02:31:22] w01: 1 am here before gpu
[02:31:22] w01: 2 am here after gpu
[02:31:22] w01: Training network (Final=0) on gpu for 50 epochs...

[02:32:33] w01: start objective; params=[{"desired_latent_size":11,"hl_s1":1935,"hl_s2":677,"hl_s3":439,"hl_s4":36,"drop_rate":0.26325691929148753,"batch_size":32,"learning_rate":0.006340295127559065,"lr_drop_factor":0.30306295964920471,"lr_drop_period":20}]
[02:32:33] w01: Preparing datastores for training and validation...

[02:32:33] w01: Using single frequency datastore for frequency index 5

[02:32:49] w01: 1 am here before gpu
[02:32:49] w01: 2 am here after gpu
[02:32:49] w01: Training network (Final=0) on gpu for 50 epochs...

[02:33:23] w01: start objective; params=[{"desired_latent_size":10,"hl_s1":1336,"hl_s2":582,"hl_s3":104,"hl_s4":32,"drop_rate":0.15171483810629907,"batch_size":20,"learning_rate":0.0099942258242285871,"lr_drop_factor":0.12561882157225446,"lr_drop_period":13}]
[02:33:23] w01: Preparing datastores for training and validation...

[02:33:23] w01: Using single frequency datastore for frequency index 5

[02:33:39] w01: 1 am here before gpu
[02:33:39] w01: 2 am here after gpu
[02:33:39] w01: Training network (Final=0) on gpu for 50 epochs...

[02:34:29] w01: start objective; params=[{"desired_latent_size":15,"hl_s1":1102,"hl_s2":895,"hl_s3":126,"hl_s4":97,"drop_rate":0.44130050750439664,"batch_size":29,"learning_rate":0.0088702800312386275,"lr_drop_factor":0.47361327273177478,"lr_drop_period":6}]
[02:34:29] w01: Preparing datastores for training and validation...

[02:34:29] w01: Using single frequency datastore for frequency index 5

[02:34:45] w01: 1 am here before gpu
[02:34:45] w01: 2 am here after gpu
[02:34:45] w01: Training network (Final=0) on gpu for 50 epochs...

[02:35:23] w01: start objective; params=[{"desired_latent_size":15,"hl_s1":1589,"hl_s2":988,"hl_s3":106,"hl_s4":97,"drop_rate":0.39054893938751362,"batch_size":32,"learning_rate":0.0011052241726624032,"lr_drop_factor":0.12607144301684989,"lr_drop_period":15}]
[02:35:23] w01: Preparing datastores for training and validation...

[02:35:23] w01: Using single frequency datastore for frequency index 5

[02:35:38] w01: 1 am here before gpu
[02:35:38] w01: 2 am here after gpu
[02:35:38] w01: Training network (Final=0) on gpu for 50 epochs...

[02:36:19] w01: start objective; params=[{"desired_latent_size":14,"hl_s1":1567,"hl_s2":871,"hl_s3":473,"hl_s4":31,"drop_rate":0.0466729102451208,"batch_size":32,"learning_rate":0.0012461824484844893,"lr_drop_factor":0.10036313088185861,"lr_drop_period":6}]
[02:36:19] w01: Preparing datastores for training and validation...

[02:36:19] w01: Using single frequency datastore for frequency index 5

[02:36:34] w01: 1 am here before gpu
[02:36:34] w01: 2 am here after gpu
[02:36:34] w01: Training network (Final=0) on gpu for 50 epochs...

[02:37:13] w01: start objective; params=[{"desired_latent_size":15,"hl_s1":1531,"hl_s2":567,"hl_s3":115,"hl_s4":39,"drop_rate":0.24933933939268715,"batch_size":4,"learning_rate":0.0010024470848115051,"lr_drop_factor":0.12487715997760224,"lr_drop_period":19}]
[02:37:13] w01: Preparing datastores for training and validation...

[02:37:13] w01: Using single frequency datastore for frequency index 5

[02:37:29] w01: 1 am here before gpu
[02:37:29] w01: 2 am here after gpu
[02:37:29] w01: Training network (Final=0) on gpu for 50 epochs...

[15:14:25] w01: start objective; params=[{"desired_latent_size":11,"hl_s1":1407,"hl_s2":977,"hl_s3":373,"hl_s4":74,"drop_rate":0.36329566674003272,"batch_size":30,"learning_rate":0.001973923354261076,"lr_drop_factor":0.16822316527124886,"lr_drop_period":11}]
[15:14:25] w01: Preparing datastores for training and validation...

[15:14:25] w01: Using single frequency datastore for frequency index 5

[15:14:43] w01: 1 am here before gpu
[15:14:43] w01: 2 am here after gpu
[15:14:51] w01: Training network (Final=0) on gpu for 50 epochs...

[15:16:19] w01: start objective; params=[{"desired_latent_size":10,"hl_s1":1260,"hl_s2":660,"hl_s3":488,"hl_s4":79,"drop_rate":0.26066002393653659,"batch_size":17,"learning_rate":0.0058491603266056539,"lr_drop_factor":0.46709211697797992,"lr_drop_period":14}]
[15:16:19] w01: Preparing datastores for training and validation...

[15:16:19] w01: Using single frequency datastore for frequency index 5

[15:16:45] w01: 1 am here before gpu
[15:16:45] w01: 2 am here after gpu
[15:16:46] w01: Training network (Final=0) on gpu for 50 epochs...

[15:18:47] w01: start objective; params=[{"desired_latent_size":10,"hl_s1":1754,"hl_s2":780,"hl_s3":195,"hl_s4":68,"drop_rate":0.26409309194709363,"batch_size":8,"learning_rate":0.0066646750219808964,"lr_drop_factor":0.32630894482878786,"lr_drop_period":13}]
[15:18:47] w01: Preparing datastores for training and validation...

[15:18:47] w01: Using single frequency datastore for frequency index 5

[15:19:05] w01: 1 am here before gpu
[15:19:05] w01: 2 am here after gpu
[15:19:07] w01: Training network (Final=0) on gpu for 50 epochs...

[15:21:38] w01: start objective; params=[{"desired_latent_size":10,"hl_s1":1702,"hl_s2":537,"hl_s3":498,"hl_s4":68,"drop_rate":0.017667612610397371,"batch_size":29,"learning_rate":0.0034483330539925392,"lr_drop_factor":0.28369170786896225,"lr_drop_period":8}]
[15:21:38] w01: Preparing datastores for training and validation...

[15:21:38] w01: Using single frequency datastore for frequency index 5

[15:22:02] w01: 1 am here before gpu
[15:22:02] w01: 2 am here after gpu
[15:22:03] w01: Training network (Final=0) on gpu for 50 epochs...

[15:23:32] w01: start objective; params=[{"desired_latent_size":10,"hl_s1":1873,"hl_s2":573,"hl_s3":460,"hl_s4":93,"drop_rate":0.043047451410203927,"batch_size":27,"learning_rate":0.0010234092198695443,"lr_drop_factor":0.19354827073117709,"lr_drop_period":7}]
[15:23:32] w01: Preparing datastores for training and validation...

[15:23:32] w01: Using single frequency datastore for frequency index 5

[15:23:56] w01: 1 am here before gpu
[15:23:56] w01: 2 am here after gpu
[15:23:57] w01: Training network (Final=0) on gpu for 50 epochs...

[15:25:32] w01: start objective; params=[{"desired_latent_size":11,"hl_s1":1216,"hl_s2":513,"hl_s3":473,"hl_s4":73,"drop_rate":0.012785250483253005,"batch_size":17,"learning_rate":0.0016596215334689459,"lr_drop_factor":0.10539193581353826,"lr_drop_period":7}]
[15:25:32] w01: Preparing datastores for training and validation...

[15:25:32] w01: Using single frequency datastore for frequency index 5

[15:25:57] w01: 1 am here before gpu
[15:25:57] w01: 2 am here after gpu
[15:25:57] w01: Training network (Final=0) on gpu for 50 epochs...

[15:27:59] w01: start objective; params=[{"desired_latent_size":14,"hl_s1":1245,"hl_s2":842,"hl_s3":463,"hl_s4":97,"drop_rate":0.20356584168445768,"batch_size":18,"learning_rate":0.0030637877459343409,"lr_drop_factor":0.49793128884340865,"lr_drop_period":11}]
[15:27:59] w01: Preparing datastores for training and validation...

[15:27:59] w01: Using single frequency datastore for frequency index 5

[15:28:22] w01: 1 am here before gpu
[15:28:22] w01: 2 am here after gpu
[15:28:23] w01: Training network (Final=0) on gpu for 50 epochs...

[15:30:32] w01: start objective; params=[{"desired_latent_size":12,"hl_s1":1659,"hl_s2":695,"hl_s3":493,"hl_s4":86,"drop_rate":0.14213961061154035,"batch_size":6,"learning_rate":0.0034657396203513643,"lr_drop_factor":0.39330261267667466,"lr_drop_period":12}]
[15:30:32] w01: Preparing datastores for training and validation...

[15:30:32] w01: Using single frequency datastore for frequency index 5

[15:30:56] w01: 1 am here before gpu
[15:30:56] w01: 2 am here after gpu
[15:30:56] w01: Training network (Final=0) on gpu for 50 epochs...

[15:33:34] w01: start objective; params=[{"desired_latent_size":12,"hl_s1":1011,"hl_s2":636,"hl_s3":339,"hl_s4":34,"drop_rate":0.4731717954430702,"batch_size":21,"learning_rate":0.0081679297767437015,"lr_drop_factor":0.30051783323188619,"lr_drop_period":13}]
[15:33:34] w01: Preparing datastores for training and validation...

[15:33:34] w01: Using single frequency datastore for frequency index 5

[15:33:59] w01: 1 am here before gpu
[15:33:59] w01: 2 am here after gpu
[15:34:00] w01: Training network (Final=0) on gpu for 50 epochs...

[15:35:43] w01: start objective; params=[{"desired_latent_size":10,"hl_s1":1261,"hl_s2":974,"hl_s3":496,"hl_s4":33,"drop_rate":0.19618618813225314,"batch_size":32,"learning_rate":0.0092429772942279366,"lr_drop_factor":0.13851256436389059,"lr_drop_period":6}]
[15:35:43] w01: Preparing datastores for training and validation...

[15:35:43] w01: Using single frequency datastore for frequency index 5

[15:36:08] w01: 1 am here before gpu
[15:36:08] w01: 2 am here after gpu
[15:36:09] w01: Training network (Final=0) on gpu for 50 epochs...

[15:37:24] w01: start objective; params=[{"desired_latent_size":12,"hl_s1":1617,"hl_s2":959,"hl_s3":455,"hl_s4":77,"drop_rate":0.3843358083360835,"batch_size":26,"learning_rate":0.006314196570299903,"lr_drop_factor":0.39553523046760225,"lr_drop_period":18}]
[15:37:24] w01: Preparing datastores for training and validation...

[15:37:24] w01: Using single frequency datastore for frequency index 5

[15:37:49] w01: 1 am here before gpu
[15:37:49] w01: 2 am here after gpu
[15:37:49] w01: Training network (Final=0) on gpu for 50 epochs...

[15:39:21] w01: start objective; params=[{"desired_latent_size":13,"hl_s1":1636,"hl_s2":656,"hl_s3":291,"hl_s4":97,"drop_rate":0.05662352626973087,"batch_size":25,"learning_rate":0.0080767945323096182,"lr_drop_factor":0.23625158936487889,"lr_drop_period":16}]
[15:39:21] w01: Preparing datastores for training and validation...

[15:39:21] w01: Using single frequency datastore for frequency index 5

[15:39:44] w01: 1 am here before gpu
[15:39:44] w01: 2 am here after gpu
[15:39:45] w01: Training network (Final=0) on gpu for 50 epochs...

[15:41:19] w01: start objective; params=[{"desired_latent_size":15,"hl_s1":1201,"hl_s2":596,"hl_s3":191,"hl_s4":77,"drop_rate":0.46074315767804919,"batch_size":15,"learning_rate":0.0068536245635325461,"lr_drop_factor":0.47974292225686632,"lr_drop_period":6}]
[15:41:19] w01: Preparing datastores for training and validation...

[15:41:19] w01: Using single frequency datastore for frequency index 5

[15:41:43] w01: 1 am here before gpu
[15:41:43] w01: 2 am here after gpu
[15:41:44] w01: Training network (Final=0) on gpu for 50 epochs...

[15:43:44] w01: start objective; params=[{"desired_latent_size":12,"hl_s1":1473,"hl_s2":786,"hl_s3":431,"hl_s4":39,"drop_rate":0.43392015163959496,"batch_size":26,"learning_rate":0.0058020561985128007,"lr_drop_factor":0.20116205079467203,"lr_drop_period":19}]
[15:43:44] w01: Preparing datastores for training and validation...

[15:43:44] w01: Using single frequency datastore for frequency index 5

[15:44:08] w01: 1 am here before gpu
[15:44:08] w01: 2 am here after gpu
[15:44:09] w01: Training network (Final=0) on gpu for 50 epochs...

[15:45:43] w01: start objective; params=[{"desired_latent_size":12,"hl_s1":1272,"hl_s2":883,"hl_s3":388,"hl_s4":97,"drop_rate":0.26782586722282231,"batch_size":23,"learning_rate":0.0082057918509598447,"lr_drop_factor":0.34893298012117019,"lr_drop_period":11}]
[15:45:43] w01: Preparing datastores for training and validation...

[15:45:43] w01: Using single frequency datastore for frequency index 5

[15:46:08] w01: 1 am here before gpu
[15:46:08] w01: 2 am here after gpu
[15:46:09] w01: Training network (Final=0) on gpu for 50 epochs...

[15:47:59] w01: start objective; params=[{"desired_latent_size":14,"hl_s1":1447,"hl_s2":900,"hl_s3":478,"hl_s4":94,"drop_rate":0.23686038821116784,"batch_size":18,"learning_rate":0.0047822734146614147,"lr_drop_factor":0.4769622673470455,"lr_drop_period":13}]
[15:47:59] w01: Preparing datastores for training and validation...

[15:47:59] w01: Using single frequency datastore for frequency index 5

[15:48:23] w01: 1 am here before gpu
[15:48:23] w01: 2 am here after gpu
[15:48:23] w01: Training network (Final=0) on gpu for 50 epochs...

[15:50:30] w01: start objective; params=[{"desired_latent_size":11,"hl_s1":1837,"hl_s2":808,"hl_s3":482,"hl_s4":59,"drop_rate":0.2628486148536594,"batch_size":25,"learning_rate":0.00281413978986447,"lr_drop_factor":0.35332813137903385,"lr_drop_period":10}]
[15:50:30] w01: Preparing datastores for training and validation...

[15:50:30] w01: Using single frequency datastore for frequency index 5

[15:50:55] w01: 1 am here before gpu
[15:50:55] w01: 2 am here after gpu
[15:50:56] w01: Training network (Final=0) on gpu for 50 epochs...

[15:52:35] w01: start objective; params=[{"desired_latent_size":14,"hl_s1":1898,"hl_s2":610,"hl_s3":403,"hl_s4":71,"drop_rate":0.26470821244297693,"batch_size":13,"learning_rate":0.0093890674463958414,"lr_drop_factor":0.19583344975085529,"lr_drop_period":17}]
[15:52:35] w01: Preparing datastores for training and validation...

[15:52:35] w01: Using single frequency datastore for frequency index 5

[15:53:01] w01: 1 am here before gpu
[15:53:01] w01: 2 am here after gpu
[15:53:02] w01: Training network (Final=0) on gpu for 50 epochs...

[15:55:53] w01: start objective; params=[{"desired_latent_size":13,"hl_s1":1582,"hl_s2":623,"hl_s3":390,"hl_s4":88,"drop_rate":0.07378026743983726,"batch_size":26,"learning_rate":0.0097581441730633413,"lr_drop_factor":0.23079771421036432,"lr_drop_period":17}]
[15:55:53] w01: Preparing datastores for training and validation...

[15:55:53] w01: Using single frequency datastore for frequency index 5

[15:56:18] w01: 1 am here before gpu
[15:56:18] w01: 2 am here after gpu
[15:56:19] w01: Training network (Final=0) on gpu for 50 epochs...

[15:57:58] w01: start objective; params=[{"desired_latent_size":11,"hl_s1":1231,"hl_s2":551,"hl_s3":375,"hl_s4":83,"drop_rate":0.46471156488158832,"batch_size":21,"learning_rate":0.0057136881319231579,"lr_drop_factor":0.36299756477906997,"lr_drop_period":16}]
[15:57:58] w01: Preparing datastores for training and validation...

[15:57:58] w01: Using single frequency datastore for frequency index 5

[15:58:23] w01: 1 am here before gpu
[15:58:23] w01: 2 am here after gpu
[15:58:24] w01: Training network (Final=0) on gpu for 50 epochs...

[16:00:17] w01: start objective; params=[{"desired_latent_size":12,"hl_s1":1083,"hl_s2":688,"hl_s3":495,"hl_s4":52,"drop_rate":0.23629916325985767,"batch_size":26,"learning_rate":0.00757711652940022,"lr_drop_factor":0.3091490893910156,"lr_drop_period":18}]
[16:00:17] w01: Preparing datastores for training and validation...

[16:00:17] w01: Using single frequency datastore for frequency index 5

[16:00:42] w01: 1 am here before gpu
[16:00:42] w01: 2 am here after gpu
[16:00:43] w01: Training network (Final=0) on gpu for 50 epochs...

[16:02:22] w01: start objective; params=[{"desired_latent_size":13,"hl_s1":1290,"hl_s2":513,"hl_s3":312,"hl_s4":46,"drop_rate":0.46716761210237967,"batch_size":26,"learning_rate":0.0028892831619019266,"lr_drop_factor":0.16004968964950578,"lr_drop_period":16}]
[16:02:22] w01: Preparing datastores for training and validation...

[16:02:22] w01: Using single frequency datastore for frequency index 5

[16:02:46] w01: 1 am here before gpu
[16:02:46] w01: 2 am here after gpu
[16:02:47] w01: Training network (Final=0) on gpu for 50 epochs...

[16:04:22] w01: start objective; params=[{"desired_latent_size":13,"hl_s1":1477,"hl_s2":584,"hl_s3":218,"hl_s4":52,"drop_rate":0.44020604321232959,"batch_size":28,"learning_rate":0.0031931627804539634,"lr_drop_factor":0.171724583211758,"lr_drop_period":18}]
[16:04:22] w01: Preparing datastores for training and validation...

[16:04:22] w01: Using single frequency datastore for frequency index 5

[16:04:47] w01: 1 am here before gpu
[16:04:47] w01: 2 am here after gpu
[16:04:47] w01: Training network (Final=0) on gpu for 50 epochs...

[16:06:20] w01: start objective; params=[{"desired_latent_size":11,"hl_s1":1900,"hl_s2":551,"hl_s3":395,"hl_s4":47,"drop_rate":0.48737584342703677,"batch_size":26,"learning_rate":0.0043730361598381742,"lr_drop_factor":0.31804281326250816,"lr_drop_period":15}]
[16:06:20] w01: Preparing datastores for training and validation...

[16:06:20] w01: Using single frequency datastore for frequency index 5

[16:06:44] w01: 1 am here before gpu
[16:06:44] w01: 2 am here after gpu
[16:06:44] w01: Training network (Final=0) on gpu for 50 epochs...

[16:08:19] w01: start objective; params=[{"desired_latent_size":11,"hl_s1":1283,"hl_s2":670,"hl_s3":385,"hl_s4":86,"drop_rate":0.48963157358842219,"batch_size":26,"learning_rate":0.0047006516185937857,"lr_drop_factor":0.11372160229654144,"lr_drop_period":17}]
[16:08:19] w01: Preparing datastores for training and validation...

[16:08:19] w01: Using single frequency datastore for frequency index 5

[16:08:47] w01: 1 am here before gpu
[16:08:47] w01: 2 am here after gpu
[16:08:47] w01: Training network (Final=0) on gpu for 50 epochs...

[16:10:22] w01: start objective; params=[{"desired_latent_size":13,"hl_s1":1302,"hl_s2":519,"hl_s3":295,"hl_s4":70,"drop_rate":0.1858080252539985,"batch_size":27,"learning_rate":0.0039405139086036555,"lr_drop_factor":0.344203245077509,"lr_drop_period":18}]
[16:10:22] w01: Preparing datastores for training and validation...

[16:10:22] w01: Using single frequency datastore for frequency index 5

[16:10:46] w01: 1 am here before gpu
[16:10:46] w01: 2 am here after gpu
[16:10:47] w01: Training network (Final=0) on gpu for 50 epochs...

[16:12:24] w01: start objective; params=[{"desired_latent_size":11,"hl_s1":1712,"hl_s2":557,"hl_s3":288,"hl_s4":59,"drop_rate":0.48385881076909554,"batch_size":27,"learning_rate":0.0075725553899449434,"lr_drop_factor":0.38597775181417271,"lr_drop_period":17}]
[16:12:24] w01: Preparing datastores for training and validation...

[16:12:24] w01: Using single frequency datastore for frequency index 5

[16:12:50] w01: 1 am here before gpu
[16:12:50] w01: 2 am here after gpu
[16:12:50] w01: Training network (Final=0) on gpu for 50 epochs...

[16:14:27] w01: start objective; params=[{"desired_latent_size":11,"hl_s1":1721,"hl_s2":828,"hl_s3":493,"hl_s4":50,"drop_rate":0.37017435383460007,"batch_size":28,"learning_rate":0.0039019481772898743,"lr_drop_factor":0.29903478840566444,"lr_drop_period":15}]
[16:14:27] w01: Preparing datastores for training and validation...

[16:14:27] w01: Using single frequency datastore for frequency index 5

[16:14:52] w01: 1 am here before gpu
[16:14:52] w01: 2 am here after gpu
[16:14:53] w01: Training network (Final=0) on gpu for 50 epochs...

[16:16:32] w01: start objective; params=[{"desired_latent_size":13,"hl_s1":1721,"hl_s2":522,"hl_s3":251,"hl_s4":50,"drop_rate":0.42787662477444377,"batch_size":24,"learning_rate":0.0062038578745744494,"lr_drop_factor":0.43416492587111433,"lr_drop_period":18}]
[16:16:32] w01: Preparing datastores for training and validation...

[16:16:32] w01: Using single frequency datastore for frequency index 5

[16:17:02] w01: 1 am here before gpu
[16:17:02] w01: 2 am here after gpu
[16:17:03] w01: Training network (Final=0) on gpu for 50 epochs...

[16:18:37] w01: start objective; params=[{"desired_latent_size":15,"hl_s1":1025,"hl_s2":828,"hl_s3":142,"hl_s4":86,"drop_rate":0.48824916888951331,"batch_size":29,"learning_rate":0.0050651774929498664,"lr_drop_factor":0.197627786195406,"lr_drop_period":18}]
[16:18:37] w01: Preparing datastores for training and validation...

[16:18:37] w01: Using single frequency datastore for frequency index 5

[16:19:00] w01: 1 am here before gpu
[16:19:00] w01: 2 am here after gpu
[16:19:01] w01: Training network (Final=0) on gpu for 50 epochs...

[16:20:41] w01: start objective; params=[{"desired_latent_size":12,"hl_s1":1139,"hl_s2":566,"hl_s3":237,"hl_s4":37,"drop_rate":0.49175719911031013,"batch_size":22,"learning_rate":0.0084649486951797019,"lr_drop_factor":0.32056008637240763,"lr_drop_period":15}]
[16:20:41] w01: Preparing datastores for training and validation...

[16:20:41] w01: Using single frequency datastore for frequency index 5

[16:21:07] w01: 1 am here before gpu
[16:21:07] w01: 2 am here after gpu
[16:21:08] w01: Training network (Final=0) on gpu for 50 epochs...

[16:22:59] w01: start objective; params=[{"desired_latent_size":13,"hl_s1":1122,"hl_s2":705,"hl_s3":391,"hl_s4":31,"drop_rate":0.45295372008520718,"batch_size":29,"learning_rate":0.0026850347371932841,"lr_drop_factor":0.47871705207551629,"lr_drop_period":16}]
[16:22:59] w01: Preparing datastores for training and validation...

[16:22:59] w01: Using single frequency datastore for frequency index 5

[16:23:22] w01: 1 am here before gpu
[16:23:22] w01: 2 am here after gpu
[16:23:23] w01: Training network (Final=0) on gpu for 50 epochs...

[16:25:02] w01: start objective; params=[{"desired_latent_size":11,"hl_s1":1758,"hl_s2":515,"hl_s3":392,"hl_s4":53,"drop_rate":0.28116548026330934,"batch_size":28,"learning_rate":0.0073571420568038877,"lr_drop_factor":0.20560409438349292,"lr_drop_period":17}]
[16:25:02] w01: Preparing datastores for training and validation...

[16:25:02] w01: Using single frequency datastore for frequency index 5

[16:25:27] w01: 1 am here before gpu
[16:25:27] w01: 2 am here after gpu
[16:25:27] w01: Training network (Final=0) on gpu for 50 epochs...

[16:27:06] w01: start objective; params=[{"desired_latent_size":14,"hl_s1":1856,"hl_s2":877,"hl_s3":391,"hl_s4":42,"drop_rate":0.49231695358926092,"batch_size":19,"learning_rate":0.0079853331484268757,"lr_drop_factor":0.22357704237263876,"lr_drop_period":16}]
[16:27:06] w01: Preparing datastores for training and validation...

[16:27:06] w01: Using single frequency datastore for frequency index 5

[16:27:30] w01: 1 am here before gpu
[16:27:30] w01: 2 am here after gpu
[16:27:31] w01: Training network (Final=0) on gpu for 50 epochs...

[16:29:39] w01: start objective; params=[{"desired_latent_size":15,"hl_s1":1600,"hl_s2":804,"hl_s3":446,"hl_s4":80,"drop_rate":0.083504343366958222,"batch_size":28,"learning_rate":0.0099488109609464619,"lr_drop_factor":0.28870884856507939,"lr_drop_period":16}]
[16:29:39] w01: Preparing datastores for training and validation...

[16:29:39] w01: Using single frequency datastore for frequency index 5

[16:30:04] w01: 1 am here before gpu
[16:30:04] w01: 2 am here after gpu
[16:30:05] w01: Training network (Final=0) on gpu for 50 epochs...

[16:31:46] w01: start objective; params=[{"desired_latent_size":13,"hl_s1":1557,"hl_s2":589,"hl_s3":209,"hl_s4":40,"drop_rate":0.18124731229152977,"batch_size":28,"learning_rate":0.0099821936974243859,"lr_drop_factor":0.12628857102726038,"lr_drop_period":18}]
[16:31:46] w01: Preparing datastores for training and validation...

[16:31:46] w01: Using single frequency datastore for frequency index 5

[16:32:09] w01: 1 am here before gpu
[16:32:09] w01: 2 am here after gpu
[16:32:09] w01: Training network (Final=0) on gpu for 50 epochs...

[16:33:51] w01: start objective; params=[{"desired_latent_size":14,"hl_s1":1547,"hl_s2":825,"hl_s3":278,"hl_s4":76,"drop_rate":0.47624382473873139,"batch_size":20,"learning_rate":0.0030370485178500572,"lr_drop_factor":0.43821104835132973,"lr_drop_period":10}]
[16:33:51] w01: Preparing datastores for training and validation...

[16:33:51] w01: Using single frequency datastore for frequency index 5

[16:34:17] w01: 1 am here before gpu
[16:34:17] w01: 2 am here after gpu
[16:34:17] w01: Training network (Final=0) on gpu for 50 epochs...

[16:36:14] w01: start objective; params=[{"desired_latent_size":12,"hl_s1":1835,"hl_s2":732,"hl_s3":358,"hl_s4":50,"drop_rate":0.33526172561272882,"batch_size":22,"learning_rate":0.0032970260573192338,"lr_drop_factor":0.30179273363836145,"lr_drop_period":16}]
[16:36:14] w01: Preparing datastores for training and validation...

[16:36:14] w01: Using single frequency datastore for frequency index 5

[16:36:40] w01: 1 am here before gpu
[16:36:40] w01: 2 am here after gpu
[16:36:41] w01: Training network (Final=0) on gpu for 50 epochs...

[16:38:46] w01: start objective; params=[{"desired_latent_size":14,"hl_s1":1018,"hl_s2":912,"hl_s3":356,"hl_s4":33,"drop_rate":0.4910526837387762,"batch_size":27,"learning_rate":0.0095189460124517084,"lr_drop_factor":0.41565718917547495,"lr_drop_period":17}]
[16:38:46] w01: Preparing datastores for training and validation...

[16:38:46] w01: Using single frequency datastore for frequency index 5

[16:39:12] w01: 1 am here before gpu
[16:39:12] w01: 2 am here after gpu
[16:39:12] w01: Training network (Final=0) on gpu for 50 epochs...

[16:41:02] w01: start objective; params=[{"desired_latent_size":14,"hl_s1":1286,"hl_s2":676,"hl_s3":240,"hl_s4":87,"drop_rate":0.45187147006097206,"batch_size":20,"learning_rate":0.0018786465566677847,"lr_drop_factor":0.49023099572237316,"lr_drop_period":17}]
[16:41:02] w01: Preparing datastores for training and validation...

[16:41:02] w01: Using single frequency datastore for frequency index 5

[16:41:31] w01: 1 am here before gpu
[16:41:31] w01: 2 am here after gpu
[16:41:32] w01: Training network (Final=0) on gpu for 50 epochs...

[16:43:30] w01: start objective; params=[{"desired_latent_size":12,"hl_s1":1310,"hl_s2":534,"hl_s3":195,"hl_s4":34,"drop_rate":0.49797675488323123,"batch_size":15,"learning_rate":0.0012058620393634719,"lr_drop_factor":0.45611969346785586,"lr_drop_period":18}]
[16:43:30] w01: Preparing datastores for training and validation...

[16:43:30] w01: Using single frequency datastore for frequency index 5

[16:43:56] w01: 1 am here before gpu
[16:43:56] w01: 2 am here after gpu
[16:43:57] w01: Training network (Final=0) on gpu for 50 epochs...

[16:46:31] w01: start objective; params=[{"desired_latent_size":12,"hl_s1":1843,"hl_s2":504,"hl_s3":384,"hl_s4":93,"drop_rate":0.40013690826207116,"batch_size":29,"learning_rate":0.0037006298088804643,"lr_drop_factor":0.48332874465226183,"lr_drop_period":17}]
[16:46:31] w01: Preparing datastores for training and validation...

[16:46:31] w01: Using single frequency datastore for frequency index 5

[16:46:58] w01: 1 am here before gpu
[16:46:58] w01: 2 am here after gpu
[16:46:58] w01: Training network (Final=0) on gpu for 50 epochs...

[16:48:44] w01: start objective; params=[{"desired_latent_size":11,"hl_s1":1620,"hl_s2":501,"hl_s3":306,"hl_s4":51,"drop_rate":0.45917324905285162,"batch_size":29,"learning_rate":0.0046999413415070258,"lr_drop_factor":0.21446989722652,"lr_drop_period":17}]
[16:48:44] w01: Preparing datastores for training and validation...

[16:48:44] w01: Using single frequency datastore for frequency index 5

[16:49:07] w01: 1 am here before gpu
[16:49:07] w01: 2 am here after gpu
[16:49:08] w01: Training network (Final=0) on gpu for 50 epochs...

[16:50:54] w01: start objective; params=[{"desired_latent_size":11,"hl_s1":1467,"hl_s2":982,"hl_s3":323,"hl_s4":39,"drop_rate":0.47801374837568539,"batch_size":28,"learning_rate":0.0097496256180429688,"lr_drop_factor":0.2446161058045449,"lr_drop_period":18}]
[16:50:54] w01: Preparing datastores for training and validation...

[16:50:54] w01: Using single frequency datastore for frequency index 5

[16:51:18] w01: 1 am here before gpu
[16:51:18] w01: 2 am here after gpu
[16:51:19] w01: Training network (Final=0) on gpu for 50 epochs...

[16:53:06] w01: start objective; params=[{"desired_latent_size":11,"hl_s1":1339,"hl_s2":772,"hl_s3":290,"hl_s4":90,"drop_rate":0.48305378281625944,"batch_size":22,"learning_rate":0.0081586781284350846,"lr_drop_factor":0.15518627307797245,"lr_drop_period":16}]
[16:53:06] w01: Preparing datastores for training and validation...

[16:53:06] w01: Using single frequency datastore for frequency index 5

[16:53:32] w01: 1 am here before gpu
[16:53:32] w01: 2 am here after gpu
[16:53:33] w01: Training network (Final=0) on gpu for 50 epochs...

[16:55:33] w01: start objective; params=[{"desired_latent_size":12,"hl_s1":1502,"hl_s2":546,"hl_s3":400,"hl_s4":47,"drop_rate":0.013011211227299979,"batch_size":28,"learning_rate":0.0099326531437798349,"lr_drop_factor":0.25525237181995619,"lr_drop_period":18}]
[16:55:33] w01: Preparing datastores for training and validation...

[16:55:33] w01: Using single frequency datastore for frequency index 5

[16:55:58] w01: 1 am here before gpu
[16:55:58] w01: 2 am here after gpu
[16:55:58] w01: Training network (Final=0) on gpu for 50 epochs...

[16:57:50] w01: start objective; params=[{"desired_latent_size":12,"hl_s1":1559,"hl_s2":591,"hl_s3":499,"hl_s4":77,"drop_rate":0.039743311081291754,"batch_size":29,"learning_rate":0.0018785022107411678,"lr_drop_factor":0.2869447353953436,"lr_drop_period":16}]
[16:57:50] w01: Preparing datastores for training and validation...

[16:57:50] w01: Using single frequency datastore for frequency index 5

[16:58:16] w01: 1 am here before gpu
[16:58:16] w01: 2 am here after gpu
[16:58:17] w01: Training network (Final=0) on gpu for 50 epochs...

[17:00:06] w01: start objective; params=[{"desired_latent_size":12,"hl_s1":1200,"hl_s2":708,"hl_s3":500,"hl_s4":72,"drop_rate":0.48928366814099383,"batch_size":30,"learning_rate":0.004063134380804862,"lr_drop_factor":0.25634973279763928,"lr_drop_period":19}]
[17:00:06] w01: Preparing datastores for training and validation...

[17:00:06] w01: Using single frequency datastore for frequency index 5

[17:00:31] w01: 1 am here before gpu
[17:00:31] w01: 2 am here after gpu
[17:00:32] w01: Training network (Final=0) on gpu for 50 epochs...

[17:02:08] w01: start objective; params=[{"desired_latent_size":12,"hl_s1":1926,"hl_s2":699,"hl_s3":377,"hl_s4":32,"drop_rate":0.43693698570015604,"batch_size":29,"learning_rate":0.0041421662403984668,"lr_drop_factor":0.4896692803006244,"lr_drop_period":17}]
[17:02:08] w01: Preparing datastores for training and validation...

[17:02:08] w01: Using single frequency datastore for frequency index 5

[17:02:33] w01: 1 am here before gpu
[17:02:33] w01: 2 am here after gpu
[17:02:34] w01: Training network (Final=0) on gpu for 50 epochs...

[17:04:27] w01: start objective; params=[{"desired_latent_size":14,"hl_s1":1346,"hl_s2":760,"hl_s3":466,"hl_s4":51,"drop_rate":0.49312639702414013,"batch_size":23,"learning_rate":0.0098610848442653581,"lr_drop_factor":0.31555214129606779,"lr_drop_period":16}]
[17:04:27] w01: Preparing datastores for training and validation...

[17:04:27] w01: Using single frequency datastore for frequency index 5

[17:04:53] w01: 1 am here before gpu
[17:04:53] w01: 2 am here after gpu
[17:04:54] w01: Training network (Final=0) on gpu for 50 epochs...

[17:06:58] w01: start objective; params=[{"desired_latent_size":12,"hl_s1":1152,"hl_s2":549,"hl_s3":413,"hl_s4":67,"drop_rate":0.44382499052119984,"batch_size":28,"learning_rate":0.00914458481679118,"lr_drop_factor":0.49167330163851508,"lr_drop_period":17}]
[17:06:58] w01: Preparing datastores for training and validation...

[17:06:58] w01: Using single frequency datastore for frequency index 5

[17:07:23] w01: 1 am here before gpu
[17:07:23] w01: 2 am here after gpu
[17:07:24] w01: Training network (Final=0) on gpu for 50 epochs...

[17:08:25] w01: start objective; params=[{"desired_latent_size":13,"hl_s1":1466,"hl_s2":934,"hl_s3":413,"hl_s4":51,"drop_rate":0.48345680408005942,"batch_size":29,"learning_rate":0.0041282389425148823,"lr_drop_factor":0.30877850022001918,"lr_drop_period":17}]
[17:08:25] w01: Preparing datastores for training and validation...

[17:08:25] w01: Using single frequency datastore for frequency index 5

[17:08:40] w01: 1 am here before gpu
[17:08:40] w01: 2 am here after gpu
[17:08:40] w01: Training network (Final=0) on gpu for 50 epochs...

[17:10:14] w01: start objective; params=[{"desired_latent_size":13,"hl_s1":1100,"hl_s2":679,"hl_s3":300,"hl_s4":30,"drop_rate":0.49177391841791335,"batch_size":28,"learning_rate":0.0056865804234835712,"lr_drop_factor":0.20366959369006163,"lr_drop_period":17}]
[17:10:14] w01: Preparing datastores for training and validation...

[17:10:14] w01: Using single frequency datastore for frequency index 5

[17:10:40] w01: 1 am here before gpu
[17:10:40] w01: 2 am here after gpu
[17:10:41] w01: Training network (Final=0) on gpu for 50 epochs...

[17:12:28] w01: start objective; params=[{"desired_latent_size":10,"hl_s1":1292,"hl_s2":840,"hl_s3":442,"hl_s4":50,"drop_rate":0.45655048198675574,"batch_size":30,"learning_rate":0.0030531207762254818,"lr_drop_factor":0.4612821981964591,"lr_drop_period":19}]
[17:12:28] w01: Preparing datastores for training and validation...

[17:12:28] w01: Using single frequency datastore for frequency index 5

[17:12:43] w01: 1 am here before gpu
[17:12:43] w01: 2 am here after gpu
[17:12:44] w01: Training network (Final=0) on gpu for 50 epochs...

[17:13:26] w01: start objective; params=[{"desired_latent_size":14,"hl_s1":1541,"hl_s2":564,"hl_s3":471,"hl_s4":32,"drop_rate":0.42683745764965569,"batch_size":29,"learning_rate":0.0062763178667118672,"lr_drop_factor":0.40741790304514713,"lr_drop_period":18}]
[17:13:26] w01: Preparing datastores for training and validation...

[17:13:26] w01: Using single frequency datastore for frequency index 5

[17:13:41] w01: 1 am here before gpu
[17:13:41] w01: 2 am here after gpu
[17:13:41] w01: Training network (Final=0) on gpu for 50 epochs...

[17:15:31] w01: start objective; params=[{"desired_latent_size":11,"hl_s1":1433,"hl_s2":816,"hl_s3":352,"hl_s4":32,"drop_rate":0.24211754675310587,"batch_size":9,"learning_rate":0.0010214972299215192,"lr_drop_factor":0.48640388574778681,"lr_drop_period":5}]
[17:15:31] w01: Preparing datastores for training and validation...

[17:15:31] w01: Using single frequency datastore for frequency index 5

[17:15:57] w01: 1 am here before gpu
[17:15:57] w01: 2 am here after gpu
[17:15:58] w01: Training network (Final=0) on gpu for 50 epochs...

[17:20:14] w01: start objective; params=[{"desired_latent_size":15,"hl_s1":1913,"hl_s2":533,"hl_s3":481,"hl_s4":40,"drop_rate":0.13902468172044391,"batch_size":28,"learning_rate":0.0074963586810620772,"lr_drop_factor":0.48166145971095209,"lr_drop_period":16}]
[17:20:14] w01: Preparing datastores for training and validation...

[17:20:14] w01: Using single frequency datastore for frequency index 5

[17:20:43] w01: 1 am here before gpu
[17:20:43] w01: 2 am here after gpu
[17:20:44] w01: Training network (Final=0) on gpu for 50 epochs...

[17:22:39] w01: start objective; params=[{"desired_latent_size":13,"hl_s1":1098,"hl_s2":608,"hl_s3":210,"hl_s4":48,"drop_rate":0.48116744977526293,"batch_size":28,"learning_rate":0.0034517255023568086,"lr_drop_factor":0.48356020603768934,"lr_drop_period":17}]
[17:22:39] w01: Preparing datastores for training and validation...

[17:22:39] w01: Using single frequency datastore for frequency index 5

[17:23:06] w01: 1 am here before gpu
[17:23:06] w01: 2 am here after gpu
[17:23:07] w01: Training network (Final=0) on gpu for 50 epochs...

[17:25:02] w01: start objective; params=[{"desired_latent_size":14,"hl_s1":1487,"hl_s2":864,"hl_s3":204,"hl_s4":49,"drop_rate":0.16472207641200892,"batch_size":32,"learning_rate":0.0010442864787541569,"lr_drop_factor":0.43841802151644393,"lr_drop_period":5}]
[17:25:02] w01: Preparing datastores for training and validation...

[17:25:02] w01: Using single frequency datastore for frequency index 5

[17:25:29] w01: 1 am here before gpu
[17:25:29] w01: 2 am here after gpu
[17:25:30] w01: Training network (Final=0) on gpu for 50 epochs...

[17:27:10] w01: start objective; params=[{"desired_latent_size":12,"hl_s1":1833,"hl_s2":863,"hl_s3":485,"hl_s4":69,"drop_rate":0.19571052339790307,"batch_size":20,"learning_rate":0.0028020966254085509,"lr_drop_factor":0.486928128887133,"lr_drop_period":12}]
[17:27:10] w01: Preparing datastores for training and validation...

[17:27:10] w01: Using single frequency datastore for frequency index 5

[17:27:34] w01: 1 am here before gpu
[17:27:34] w01: 2 am here after gpu
[17:27:34] w01: Training network (Final=0) on gpu for 50 epochs...

[17:29:45] w01: start objective; params=[{"desired_latent_size":13,"hl_s1":1163,"hl_s2":522,"hl_s3":489,"hl_s4":44,"drop_rate":0.48671929150614474,"batch_size":26,"learning_rate":0.0056986672167782786,"lr_drop_factor":0.48193921094266068,"lr_drop_period":15}]
[17:29:45] w01: Preparing datastores for training and validation...

[17:29:45] w01: Using single frequency datastore for frequency index 5

[17:30:11] w01: 1 am here before gpu
[17:30:11] w01: 2 am here after gpu
[17:30:12] w01: Training network (Final=0) on gpu for 50 epochs...

[17:32:12] w01: start objective; params=[{"desired_latent_size":13,"hl_s1":1888,"hl_s2":744,"hl_s3":126,"hl_s4":75,"drop_rate":0.26933253216712522,"batch_size":27,"learning_rate":0.0098335087378733678,"lr_drop_factor":0.49490063497912329,"lr_drop_period":6}]
[17:32:12] w01: Preparing datastores for training and validation...

[17:32:12] w01: Using single frequency datastore for frequency index 5

[17:32:39] w01: 1 am here before gpu
[17:32:39] w01: 2 am here after gpu
[17:32:39] w01: Training network (Final=0) on gpu for 50 epochs...

[17:34:39] w01: start objective; params=[{"desired_latent_size":11,"hl_s1":1207,"hl_s2":584,"hl_s3":483,"hl_s4":95,"drop_rate":0.45649245267565458,"batch_size":19,"learning_rate":0.0032623056730534524,"lr_drop_factor":0.11427075676497023,"lr_drop_period":17}]
[17:34:39] w01: Preparing datastores for training and validation...

[17:34:39] w01: Using single frequency datastore for frequency index 5

[17:35:08] w01: 1 am here before gpu
[17:35:08] w01: 2 am here after gpu
[17:35:12] w01: Training network (Final=0) on gpu for 50 epochs...

[17:38:03] w01: start objective; params=[{"desired_latent_size":11,"hl_s1":1002,"hl_s2":757,"hl_s3":469,"hl_s4":38,"drop_rate":0.47045672020467139,"batch_size":28,"learning_rate":0.003782815168306781,"lr_drop_factor":0.47668870518947409,"lr_drop_period":18}]
[17:38:03] w01: Preparing datastores for training and validation...

[17:38:03] w01: Using single frequency datastore for frequency index 5

[17:38:29] w01: 1 am here before gpu
[17:38:29] w01: 2 am here after gpu
[17:38:30] w01: Training network (Final=0) on gpu for 50 epochs...

[17:40:30] w01: start objective; params=[{"desired_latent_size":14,"hl_s1":1201,"hl_s2":623,"hl_s3":103,"hl_s4":57,"drop_rate":0.066369134485852577,"batch_size":11,"learning_rate":0.0012596647431669366,"lr_drop_factor":0.16935419500747578,"lr_drop_period":6}]
[17:40:30] w01: Preparing datastores for training and validation...

[17:40:30] w01: Using single frequency datastore for frequency index 5

[17:40:56] w01: 1 am here before gpu
[17:40:56] w01: 2 am here after gpu
[17:40:57] w01: Training network (Final=0) on gpu for 50 epochs...

[17:43:28] w01: start objective; params=[{"desired_latent_size":13,"hl_s1":1764,"hl_s2":930,"hl_s3":101,"hl_s4":95,"drop_rate":0.47571593755300151,"batch_size":12,"learning_rate":0.0034764513496237538,"lr_drop_factor":0.35212999756299523,"lr_drop_period":20}]
[17:43:28] w01: Preparing datastores for training and validation...

[17:43:28] w01: Using single frequency datastore for frequency index 5

[17:43:55] w01: 1 am here before gpu
[17:43:55] w01: 2 am here after gpu
[17:43:56] w01: Training network (Final=0) on gpu for 50 epochs...

[17:47:07] w01: start objective; params=[{"desired_latent_size":13,"hl_s1":1272,"hl_s2":501,"hl_s3":383,"hl_s4":73,"drop_rate":0.47074874877295353,"batch_size":20,"learning_rate":0.00465249282254715,"lr_drop_factor":0.47310612960800624,"lr_drop_period":13}]
[17:47:07] w01: Preparing datastores for training and validation...

[17:47:07] w01: Using single frequency datastore for frequency index 5

[17:47:33] w01: 1 am here before gpu
[17:47:33] w01: 2 am here after gpu
[17:47:34] w01: Training network (Final=0) on gpu for 50 epochs...

[17:49:44] w01: start objective; params=[{"desired_latent_size":15,"hl_s1":1175,"hl_s2":930,"hl_s3":395,"hl_s4":36,"drop_rate":0.46490868542781005,"batch_size":31,"learning_rate":0.002776848978190288,"lr_drop_factor":0.44581146077282496,"lr_drop_period":18}]
[17:49:44] w01: Preparing datastores for training and validation...

[17:49:44] w01: Using single frequency datastore for frequency index 5

[17:50:11] w01: 1 am here before gpu
[17:50:11] w01: 2 am here after gpu
[17:50:11] w01: Training network (Final=0) on gpu for 50 epochs...

[17:51:59] w01: start objective; params=[{"desired_latent_size":15,"hl_s1":1423,"hl_s2":883,"hl_s3":415,"hl_s4":57,"drop_rate":0.48632326521326819,"batch_size":29,"learning_rate":0.0067248751598945585,"lr_drop_factor":0.45878924018930112,"lr_drop_period":18}]
[17:51:59] w01: Preparing datastores for training and validation...

[17:51:59] w01: Using single frequency datastore for frequency index 5

[17:52:25] w01: 1 am here before gpu
[17:52:25] w01: 2 am here after gpu
[17:52:26] w01: Training network (Final=0) on gpu for 50 epochs...

[17:54:37] w01: start objective; params=[{"desired_latent_size":15,"hl_s1":1087,"hl_s2":629,"hl_s3":474,"hl_s4":66,"drop_rate":0.17050343379147864,"batch_size":30,"learning_rate":0.0068544283486984357,"lr_drop_factor":0.48387599366353018,"lr_drop_period":19}]
[17:54:37] w01: Preparing datastores for training and validation...

[17:54:37] w01: Using single frequency datastore for frequency index 5

[17:55:04] w01: 1 am here before gpu
[17:55:04] w01: 2 am here after gpu
[17:55:05] w01: Training network (Final=0) on gpu for 50 epochs...

[17:56:17] w01: start objective; params=[{"desired_latent_size":12,"hl_s1":1192,"hl_s2":500,"hl_s3":327,"hl_s4":43,"drop_rate":0.497548941765449,"batch_size":22,"learning_rate":0.0021135303126795552,"lr_drop_factor":0.44941948193816333,"lr_drop_period":15}]
[17:56:17] w01: Preparing datastores for training and validation...

[17:56:17] w01: Using single frequency datastore for frequency index 5

[17:56:33] w01: 1 am here before gpu
[17:56:33] w01: 2 am here after gpu
[17:56:34] w01: Training network (Final=0) on gpu for 50 epochs...

[17:59:06] w01: start objective; params=[{"desired_latent_size":10,"hl_s1":1358,"hl_s2":511,"hl_s3":108,"hl_s4":49,"drop_rate":0.1343144584911074,"batch_size":4,"learning_rate":0.0014848171373891908,"lr_drop_factor":0.49215663547169552,"lr_drop_period":11}]
[17:59:06] w01: Preparing datastores for training and validation...

[17:59:06] w01: Using single frequency datastore for frequency index 5

[17:59:35] w01: 1 am here before gpu
[17:59:35] w01: 2 am here after gpu
[17:59:36] w01: Training network (Final=0) on gpu for 50 epochs...

[18:06:05] w01: start objective; params=[{"desired_latent_size":14,"hl_s1":1957,"hl_s2":916,"hl_s3":102,"hl_s4":36,"drop_rate":0.43136249999658238,"batch_size":30,"learning_rate":0.0011057516189994458,"lr_drop_factor":0.10394815274416966,"lr_drop_period":6}]
[18:06:05] w01: Preparing datastores for training and validation...

[18:06:05] w01: Using single frequency datastore for frequency index 5

[18:06:34] w01: 1 am here before gpu
[18:06:34] w01: 2 am here after gpu
[18:06:36] w01: Training network (Final=0) on gpu for 50 epochs...

[18:08:38] w01: start objective; params=[{"desired_latent_size":15,"hl_s1":1422,"hl_s2":703,"hl_s3":497,"hl_s4":88,"drop_rate":0.27119334787936245,"batch_size":28,"learning_rate":0.0053113239666048037,"lr_drop_factor":0.49290228938719038,"lr_drop_period":9}]
[18:08:38] w01: Preparing datastores for training and validation...

[18:08:38] w01: Using single frequency datastore for frequency index 5

[18:09:06] w01: 1 am here before gpu
[18:09:06] w01: 2 am here after gpu
[18:09:07] w01: Training network (Final=0) on gpu for 50 epochs...

[18:11:16] w01: start objective; params=[{"desired_latent_size":14,"hl_s1":1353,"hl_s2":640,"hl_s3":499,"hl_s4":83,"drop_rate":0.013771420597955407,"batch_size":12,"learning_rate":0.0036610553907864942,"lr_drop_factor":0.49893678613024683,"lr_drop_period":13}]
[18:11:16] w01: Preparing datastores for training and validation...

[18:11:16] w01: Using single frequency datastore for frequency index 5

[18:11:43] w01: 1 am here before gpu
[18:11:43] w01: 2 am here after gpu
[18:11:44] w01: Training network (Final=0) on gpu for 50 epochs...

[18:15:14] w01: start objective; params=[{"desired_latent_size":13,"hl_s1":1854,"hl_s2":583,"hl_s3":112,"hl_s4":42,"drop_rate":0.37364377315277697,"batch_size":6,"learning_rate":0.0091310367532355472,"lr_drop_factor":0.44187114294540408,"lr_drop_period":20}]
[18:15:14] w01: Preparing datastores for training and validation...

[18:15:14] w01: Using single frequency datastore for frequency index 5

[18:15:42] w01: 1 am here before gpu
[18:15:42] w01: 2 am here after gpu
[18:15:44] w01: Training network (Final=0) on gpu for 50 epochs...

[18:18:51] w01: start objective; params=[{"desired_latent_size":13,"hl_s1":1836,"hl_s2":513,"hl_s3":171,"hl_s4":53,"drop_rate":0.40151283072812666,"batch_size":16,"learning_rate":0.0041344611380310075,"lr_drop_factor":0.11627569395000345,"lr_drop_period":17}]
[18:18:51] w01: Preparing datastores for training and validation...

[18:18:51] w01: Using single frequency datastore for frequency index 5

[18:19:18] w01: 1 am here before gpu
[18:19:18] w01: 2 am here after gpu
[18:19:20] w01: Training network (Final=0) on gpu for 50 epochs...

[18:22:14] w01: start objective; params=[{"desired_latent_size":11,"hl_s1":1594,"hl_s2":658,"hl_s3":482,"hl_s4":32,"drop_rate":0.47928111815297925,"batch_size":30,"learning_rate":0.0023722749387784228,"lr_drop_factor":0.46747109357581251,"lr_drop_period":17}]
[18:22:14] w01: Preparing datastores for training and validation...

[18:22:14] w01: Using single frequency datastore for frequency index 5

[18:22:42] w01: 1 am here before gpu
[18:22:42] w01: 2 am here after gpu
[18:22:43] w01: Training network (Final=0) on gpu for 50 epochs...

[18:24:34] w01: start objective; params=[{"desired_latent_size":15,"hl_s1":1958,"hl_s2":751,"hl_s3":482,"hl_s4":44,"drop_rate":0.4297421328760857,"batch_size":6,"learning_rate":0.0018341694092127796,"lr_drop_factor":0.10000715860109617,"lr_drop_period":5}]
[18:24:34] w01: Preparing datastores for training and validation...

[18:24:34] w01: Using single frequency datastore for frequency index 5

[18:25:02] w01: 1 am here before gpu
[18:25:02] w01: 2 am here after gpu
[18:25:02] w01: Training network (Final=0) on gpu for 50 epochs...

[18:27:50] w01: start objective; params=[{"desired_latent_size":11,"hl_s1":1517,"hl_s2":711,"hl_s3":107,"hl_s4":46,"drop_rate":0.11658136240252637,"batch_size":7,"learning_rate":0.0094397402301785154,"lr_drop_factor":0.14079779800977138,"lr_drop_period":5}]
[18:27:50] w01: Preparing datastores for training and validation...

[18:27:50] w01: Using single frequency datastore for frequency index 5

[18:28:17] w01: 1 am here before gpu
[18:28:17] w01: 2 am here after gpu
[18:28:19] w01: Training network (Final=0) on gpu for 50 epochs...

[18:30:27] w01: start objective; params=[{"desired_latent_size":14,"hl_s1":1637,"hl_s2":811,"hl_s3":132,"hl_s4":97,"drop_rate":0.0021411702473474216,"batch_size":17,"learning_rate":0.0014786371712423542,"lr_drop_factor":0.12340240195897986,"lr_drop_period":5}]
[18:30:27] w01: Preparing datastores for training and validation...

[18:30:27] w01: Using single frequency datastore for frequency index 5

[18:30:55] w01: 1 am here before gpu
[18:30:55] w01: 2 am here after gpu
[18:30:56] w01: Training network (Final=0) on gpu for 50 epochs...

[18:33:38] w01: start objective; params=[{"desired_latent_size":14,"hl_s1":1929,"hl_s2":881,"hl_s3":115,"hl_s4":88,"drop_rate":0.021946175593934913,"batch_size":32,"learning_rate":0.009932013232584011,"lr_drop_factor":0.12750465716209614,"lr_drop_period":9}]
[18:33:38] w01: Preparing datastores for training and validation...

[18:33:38] w01: Using single frequency datastore for frequency index 5

[18:34:05] w01: 1 am here before gpu
[18:34:05] w01: 2 am here after gpu
[18:34:06] w01: Training network (Final=0) on gpu for 50 epochs...

[18:35:55] w01: start objective; params=[{"desired_latent_size":12,"hl_s1":1452,"hl_s2":707,"hl_s3":488,"hl_s4":89,"drop_rate":0.052680165010584645,"batch_size":15,"learning_rate":0.0010003378651055094,"lr_drop_factor":0.49720728516770735,"lr_drop_period":5}]
[18:35:55] w01: Preparing datastores for training and validation...

[18:35:55] w01: Using single frequency datastore for frequency index 5

[18:36:24] w01: 1 am here before gpu
[18:36:24] w01: 2 am here after gpu
[18:36:25] w01: Training network (Final=0) on gpu for 50 epochs...

[18:39:35] w01: start objective; params=[{"desired_latent_size":11,"hl_s1":1704,"hl_s2":886,"hl_s3":105,"hl_s4":81,"drop_rate":0.016538087822847845,"batch_size":17,"learning_rate":0.0010077913817097086,"lr_drop_factor":0.46933758016052363,"lr_drop_period":10}]
[18:39:35] w01: Preparing datastores for training and validation...

[18:39:35] w01: Using single frequency datastore for frequency index 5

[18:40:04] w01: 1 am here before gpu
[18:40:04] w01: 2 am here after gpu
[18:40:05] w01: Training network (Final=0) on gpu for 50 epochs...

[18:43:01] w01: start objective; params=[{"desired_latent_size":11,"hl_s1":1186,"hl_s2":952,"hl_s3":110,"hl_s4":86,"drop_rate":0.025088506382611397,"batch_size":8,"learning_rate":0.001087392071769816,"lr_drop_factor":0.45255078298365836,"lr_drop_period":20}]
[18:43:01] w01: Preparing datastores for training and validation...

[18:43:01] w01: Using single frequency datastore for frequency index 5

[18:43:28] w01: 1 am here before gpu
[18:43:28] w01: 2 am here after gpu
[18:43:29] w01: Training network (Final=0) on gpu for 50 epochs...

[18:49:02] w01: start objective; params=[{"desired_latent_size":13,"hl_s1":1476,"hl_s2":548,"hl_s3":118,"hl_s4":66,"drop_rate":0.13465001785469,"batch_size":32,"learning_rate":0.0011814603304363966,"lr_drop_factor":0.12674922350756712,"lr_drop_period":20}]
[18:49:02] w01: Preparing datastores for training and validation...

[18:49:02] w01: Using single frequency datastore for frequency index 5

[18:49:31] w01: 1 am here before gpu
[18:49:31] w01: 2 am here after gpu
[18:49:32] w01: Training network (Final=0) on gpu for 50 epochs...

[18:51:32] w01: start objective; params=[{"desired_latent_size":11,"hl_s1":1207,"hl_s2":869,"hl_s3":110,"hl_s4":48,"drop_rate":0.48237818757462725,"batch_size":17,"learning_rate":0.0056085432930349259,"lr_drop_factor":0.12500930629073848,"lr_drop_period":19}]
[18:51:32] w01: Preparing datastores for training and validation...

[18:51:32] w01: Using single frequency datastore for frequency index 5

[18:52:01] w01: 1 am here before gpu
[18:52:01] w01: 2 am here after gpu
[18:52:02] w01: Training network (Final=0) on gpu for 50 epochs...

[18:55:04] w01: start objective; params=[{"desired_latent_size":13,"hl_s1":1790,"hl_s2":708,"hl_s3":148,"hl_s4":62,"drop_rate":0.49259050453868358,"batch_size":18,"learning_rate":0.0028170123263399375,"lr_drop_factor":0.33097789739182715,"lr_drop_period":14}]
[18:55:05] w01: Preparing datastores for training and validation...

[18:55:05] w01: Using single frequency datastore for frequency index 5

[18:55:33] w01: 1 am here before gpu
[18:55:33] w01: 2 am here after gpu
[18:55:34] w01: Training network (Final=0) on gpu for 50 epochs...

[18:58:31] w01: start objective; params=[{"desired_latent_size":10,"hl_s1":1142,"hl_s2":532,"hl_s3":437,"hl_s4":87,"drop_rate":0.3451734480171843,"batch_size":16,"learning_rate":0.0026303845813331469,"lr_drop_factor":0.32505514948902148,"lr_drop_period":15}]
[18:58:31] w01: Preparing datastores for training and validation...

[18:58:31] w01: Using single frequency datastore for frequency index 5

[18:59:00] w01: 1 am here before gpu
[18:59:00] w01: 2 am here after gpu
[18:59:01] w01: Training network (Final=0) on gpu for 50 epochs...

[19:02:27] w01: start objective; params=[{"desired_latent_size":13,"hl_s1":1115,"hl_s2":576,"hl_s3":448,"hl_s4":58,"drop_rate":0.12676564195443957,"batch_size":18,"learning_rate":0.0061581433153218975,"lr_drop_factor":0.10099144646097107,"lr_drop_period":12}]
[19:02:27] w01: Preparing datastores for training and validation...

[19:02:27] w01: Using single frequency datastore for frequency index 5

[19:02:58] w01: 1 am here before gpu
[19:02:58] w01: 2 am here after gpu
[19:02:59] w01: Training network (Final=0) on gpu for 50 epochs...

[19:05:53] w01: start objective; params=[{"desired_latent_size":13,"hl_s1":1155,"hl_s2":659,"hl_s3":397,"hl_s4":87,"drop_rate":0.27321594466292431,"batch_size":4,"learning_rate":0.0033502094499959318,"lr_drop_factor":0.49920370715570705,"lr_drop_period":5}]
[19:05:53] w01: Preparing datastores for training and validation...

[19:05:53] w01: Using single frequency datastore for frequency index 5

[19:06:24] w01: 1 am here before gpu
[19:06:24] w01: 2 am here after gpu
[19:06:26] w01: Training network (Final=0) on gpu for 50 epochs...

[20:14:06] w01: start objective; params=[{"desired_latent_size":11,"hl_s1":1088,"hl_s2":675,"hl_s3":144,"hl_s4":58,"drop_rate":0.3946709381376563}]
[20:14:06] w01: Preparing datastores for training and validation...

[20:14:06] w01: Using single frequency datastore for frequency index 6

[20:15:07] w01: 1 am here before gpu
[20:15:07] w01: 2 am here after gpu
[21:55:45] w01: start objective; params=[{"desired_latent_size":11,"hl_s1":1088,"hl_s2":675,"hl_s3":144,"hl_s4":58,"drop_rate":0.3946709381376563}]
[21:55:45] w01: Preparing datastores for training and validation...

[21:55:45] w01: Using single frequency datastore for frequency index 6

[21:56:23] w01: 1 am here before gpu
[21:56:25] w01: 2 am here after gpu
[21:56:38] w01: Training network (Final=0) on gpu for 30 epochs...

[22:09:59] w01: start objective; params=[{"desired_latent_size":11,"hl_s1":1088,"hl_s2":675,"hl_s3":144,"hl_s4":58,"drop_rate":0.3946709381376563}]
[22:09:59] w01: Preparing datastores for training and validation...

[22:09:59] w01: Using single frequency datastore for frequency index 6

[22:10:27] w01: 1 am here before gpu
[22:10:27] w01: 2 am here after gpu
[22:10:31] w01: Training network (Final=0) on gpu for 30 epochs...

[22:16:29] w01: start objective; params=[{"desired_latent_size":11,"hl_s1":1088,"hl_s2":675,"hl_s3":144,"hl_s4":58,"drop_rate":0.3946709381376563}]
[22:16:29] w01: Preparing datastores for training and validation...

[22:16:29] w01: Using single frequency datastore for frequency index 6

[22:18:23] w01: start objective; params=[{"desired_latent_size":11,"hl_s1":1088,"hl_s2":675,"hl_s3":144,"hl_s4":58,"drop_rate":0.3946709381376563}]
[22:18:23] w01: Preparing datastores for training and validation...

[22:18:23] w01: Using single frequency datastore for frequency index 6

[22:18:52] w01: 1 am here before gpu
[22:18:52] w01: 2 am here after gpu
[22:18:54] w01: Training network (Final=0) on gpu for 30 epochs...

[22:20:28] w01: start objective; params=[{"desired_latent_size":15,"hl_s1":1094,"hl_s2":551,"hl_s3":459,"hl_s4":78,"drop_rate":0.33452816785731204}]
[22:20:28] w01: Preparing datastores for training and validation...

[22:20:28] w01: Using single frequency datastore for frequency index 6

[22:20:55] w01: 1 am here before gpu
[22:20:55] w01: 2 am here after gpu
[22:20:56] w01: Training network (Final=0) on gpu for 30 epochs...

[22:22:28] w01: start objective; params=[{"desired_latent_size":15,"hl_s1":1879,"hl_s2":500,"hl_s3":499,"hl_s4":34,"drop_rate":0.10419848633541244}]
[22:22:28] w01: Preparing datastores for training and validation...

[22:22:28] w01: Using single frequency datastore for frequency index 6

[22:22:53] w01: 1 am here before gpu
[22:22:53] w01: 2 am here after gpu
[22:22:54] w01: Training network (Final=0) on gpu for 30 epochs...

[22:24:24] w01: start objective; params=[{"desired_latent_size":15,"hl_s1":1484,"hl_s2":842,"hl_s3":434,"hl_s4":100,"drop_rate":0.49474669350816292}]
[22:24:24] w01: Preparing datastores for training and validation...

[22:24:24] w01: Using single frequency datastore for frequency index 6

[22:24:48] w01: 1 am here before gpu
[22:24:48] w01: 2 am here after gpu
[22:24:49] w01: Training network (Final=0) on gpu for 30 epochs...

[22:25:43] w01: start objective; params=[{"desired_latent_size":13,"hl_s1":1093,"hl_s2":556,"hl_s3":438,"hl_s4":75,"drop_rate":0.242063988666041}]
[22:25:43] w01: Preparing datastores for training and validation...

[22:25:43] w01: Using single frequency datastore for frequency index 6

[22:25:58] w01: 1 am here before gpu
[22:25:58] w01: 2 am here after gpu
[22:25:58] w01: Training network (Final=0) on gpu for 30 epochs...

[22:26:37] w01: start objective; params=[{"desired_latent_size":14,"hl_s1":1099,"hl_s2":790,"hl_s3":499,"hl_s4":32,"drop_rate":0.41842035347119821}]
[22:26:37] w01: Preparing datastores for training and validation...

[22:26:37] w01: Using single frequency datastore for frequency index 6

[22:26:51] w01: 1 am here before gpu
[22:26:51] w01: 2 am here after gpu
[22:26:51] w01: Training network (Final=0) on gpu for 30 epochs...

[22:27:26] w01: start objective; params=[{"desired_latent_size":15,"hl_s1":1087,"hl_s2":722,"hl_s3":489,"hl_s4":95,"drop_rate":0.36630464200706203}]
[22:27:26] w01: Preparing datastores for training and validation...

[22:27:26] w01: Using single frequency datastore for frequency index 6

[22:27:41] w01: 1 am here before gpu
[22:27:41] w01: 2 am here after gpu
[22:27:41] w01: Training network (Final=0) on gpu for 30 epochs...

[22:28:18] w01: start objective; params=[{"desired_latent_size":13,"hl_s1":1160,"hl_s2":543,"hl_s3":488,"hl_s4":32,"drop_rate":0.20722427091926932}]
[22:28:18] w01: Preparing datastores for training and validation...

[22:28:18] w01: Using single frequency datastore for frequency index 6

[22:28:32] w01: 1 am here before gpu
[22:28:32] w01: 2 am here after gpu
[22:28:33] w01: Training network (Final=0) on gpu for 30 epochs...

[22:29:15] w01: start objective; params=[{"desired_latent_size":14,"hl_s1":1061,"hl_s2":544,"hl_s3":354,"hl_s4":95,"drop_rate":0.10584176288220085}]
[22:29:15] w01: Preparing datastores for training and validation...

[22:29:15] w01: Using single frequency datastore for frequency index 6

[22:29:30] w01: 1 am here before gpu
[22:29:30] w01: 2 am here after gpu
[22:29:30] w01: Training network (Final=0) on gpu for 30 epochs...

[22:30:15] w01: start objective; params=[{"desired_latent_size":14,"hl_s1":1024,"hl_s2":544,"hl_s3":498,"hl_s4":51,"drop_rate":0.010626123224917256}]
[22:30:15] w01: Preparing datastores for training and validation...

[22:30:15] w01: Using single frequency datastore for frequency index 6

[22:30:30] w01: 1 am here before gpu
[22:30:30] w01: 2 am here after gpu
[22:30:30] w01: Training network (Final=0) on gpu for 30 epochs...

[22:31:08] w01: start objective; params=[{"desired_latent_size":12,"hl_s1":1065,"hl_s2":547,"hl_s3":348,"hl_s4":83,"drop_rate":0.34755993803928265}]
[22:31:08] w01: Preparing datastores for training and validation...

[22:31:08] w01: Using single frequency datastore for frequency index 6

[22:31:23] w01: 1 am here before gpu
[22:31:23] w01: 2 am here after gpu
[22:31:23] w01: Training network (Final=0) on gpu for 30 epochs...

[22:31:59] w01: start objective; params=[{"desired_latent_size":14,"hl_s1":1069,"hl_s2":546,"hl_s3":446,"hl_s4":93,"drop_rate":0.36555599680479078}]
[22:31:59] w01: Preparing datastores for training and validation...

[22:31:59] w01: Using single frequency datastore for frequency index 6

[22:32:13] w01: 1 am here before gpu
[22:32:13] w01: 2 am here after gpu
[22:32:14] w01: Training network (Final=0) on gpu for 30 epochs...

[22:32:52] w01: start objective; params=[{"desired_latent_size":14,"hl_s1":1122,"hl_s2":530,"hl_s3":176,"hl_s4":97,"drop_rate":0.12313625348820001}]
[22:32:52] w01: Preparing datastores for training and validation...

[22:32:52] w01: Using single frequency datastore for frequency index 6

[22:33:06] w01: 1 am here before gpu
[22:33:06] w01: 2 am here after gpu
[22:33:07] w01: Training network (Final=0) on gpu for 30 epochs...

[22:33:53] w01: start objective; params=[{"desired_latent_size":14,"hl_s1":1741,"hl_s2":511,"hl_s3":417,"hl_s4":95,"drop_rate":0.092217220331094}]
[22:33:53] w01: Preparing datastores for training and validation...

[22:33:53] w01: Using single frequency datastore for frequency index 6

[22:34:08] w01: 1 am here before gpu
[22:34:08] w01: 2 am here after gpu
[22:34:08] w01: Training network (Final=0) on gpu for 30 epochs...

[22:34:50] w01: start objective; params=[{"desired_latent_size":14,"hl_s1":1057,"hl_s2":559,"hl_s3":361,"hl_s4":45,"drop_rate":0.35733601615694549}]
[22:34:50] w01: Preparing datastores for training and validation...

[22:34:50] w01: Using single frequency datastore for frequency index 6

[22:35:05] w01: 1 am here before gpu
[22:35:05] w01: 2 am here after gpu
[22:35:05] w01: Training network (Final=0) on gpu for 30 epochs...

[22:35:46] w01: start objective; params=[{"desired_latent_size":12,"hl_s1":1057,"hl_s2":893,"hl_s3":419,"hl_s4":96,"drop_rate":0.10434944016266219}]
[22:35:46] w01: Preparing datastores for training and validation...

[22:35:46] w01: Using single frequency datastore for frequency index 6

[22:36:00] w01: 1 am here before gpu
[22:36:00] w01: 2 am here after gpu
[22:36:01] w01: Training network (Final=0) on gpu for 30 epochs...

[22:36:41] w01: start objective; params=[{"desired_latent_size":14,"hl_s1":1022,"hl_s2":575,"hl_s3":417,"hl_s4":95,"drop_rate":0.10397660630545708}]
[22:36:41] w01: Preparing datastores for training and validation...

[22:36:41] w01: Using single frequency datastore for frequency index 6

[22:36:56] w01: 1 am here before gpu
[22:36:56] w01: 2 am here after gpu
[22:36:56] w01: Training network (Final=0) on gpu for 30 epochs...

[22:37:44] w01: start objective; params=[{"desired_latent_size":14,"hl_s1":1078,"hl_s2":520,"hl_s3":162,"hl_s4":68,"drop_rate":0.39437243400348182}]
[22:37:44] w01: Preparing datastores for training and validation...

[22:37:44] w01: Using single frequency datastore for frequency index 6

[22:37:58] w01: 1 am here before gpu
[22:37:58] w01: 2 am here after gpu
[22:37:59] w01: Training network (Final=0) on gpu for 30 epochs...

[22:38:44] w01: start objective; params=[{"desired_latent_size":13,"hl_s1":1171,"hl_s2":512,"hl_s3":337,"hl_s4":38,"drop_rate":0.14121650661970864}]
[22:38:44] w01: Preparing datastores for training and validation...

[22:38:44] w01: Using single frequency datastore for frequency index 6

[22:38:58] w01: 1 am here before gpu
[22:38:58] w01: 2 am here after gpu
[22:38:59] w01: Training network (Final=0) on gpu for 30 epochs...

[22:39:36] w01: start objective; params=[{"desired_latent_size":13,"hl_s1":1000,"hl_s2":652,"hl_s3":180,"hl_s4":34,"drop_rate":0.089120609182261}]
[22:39:36] w01: Preparing datastores for training and validation...

[22:39:36] w01: Using single frequency datastore for frequency index 6

[22:39:51] w01: 1 am here before gpu
[22:39:51] w01: 2 am here after gpu
[22:39:51] w01: Training network (Final=0) on gpu for 30 epochs...

[22:40:28] w01: start objective; params=[{"desired_latent_size":13,"hl_s1":1166,"hl_s2":507,"hl_s3":197,"hl_s4":63,"drop_rate":0.48576937688095451}]
[22:40:28] w01: Preparing datastores for training and validation...

[22:40:28] w01: Using single frequency datastore for frequency index 6

[22:40:43] w01: 1 am here before gpu
[22:40:43] w01: 2 am here after gpu
[22:40:44] w01: Training network (Final=0) on gpu for 30 epochs...

[22:41:30] w01: start objective; params=[{"desired_latent_size":14,"hl_s1":1005,"hl_s2":520,"hl_s3":409,"hl_s4":65,"drop_rate":0.42429675943055328}]
[22:41:30] w01: Preparing datastores for training and validation...

[22:41:30] w01: Using single frequency datastore for frequency index 6

[22:41:45] w01: 1 am here before gpu
[22:41:45] w01: 2 am here after gpu
[22:41:45] w01: Training network (Final=0) on gpu for 30 epochs...

[22:42:32] w01: start objective; params=[{"desired_latent_size":14,"hl_s1":1031,"hl_s2":517,"hl_s3":406,"hl_s4":99,"drop_rate":0.41740150385568753}]
[22:42:32] w01: Preparing datastores for training and validation...

[22:42:32] w01: Using single frequency datastore for frequency index 6

[22:42:47] w01: 1 am here before gpu
[22:42:47] w01: 2 am here after gpu
[22:42:47] w01: Training network (Final=0) on gpu for 30 epochs...

[22:43:29] w01: start objective; params=[{"desired_latent_size":15,"hl_s1":1201,"hl_s2":512,"hl_s3":437,"hl_s4":64,"drop_rate":0.19555282567039683}]
[22:43:29] w01: Preparing datastores for training and validation...

[22:43:29] w01: Using single frequency datastore for frequency index 6

[22:43:43] w01: 1 am here before gpu
[22:43:43] w01: 2 am here after gpu
[22:43:44] w01: Training network (Final=0) on gpu for 30 epochs...

[22:44:21] w01: start objective; params=[{"desired_latent_size":14,"hl_s1":1003,"hl_s2":519,"hl_s3":300,"hl_s4":63,"drop_rate":0.091493980845862549}]
[22:44:21] w01: Preparing datastores for training and validation...

[22:44:21] w01: Using single frequency datastore for frequency index 6

[22:44:36] w01: 1 am here before gpu
[22:44:36] w01: 2 am here after gpu
[22:44:36] w01: Training network (Final=0) on gpu for 30 epochs...

[22:45:20] w01: start objective; params=[{"desired_latent_size":15,"hl_s1":1026,"hl_s2":520,"hl_s3":215,"hl_s4":62,"drop_rate":0.30287307160581767}]
[22:45:20] w01: Preparing datastores for training and validation...

[22:45:20] w01: Using single frequency datastore for frequency index 6

[22:45:35] w01: 1 am here before gpu
[22:45:35] w01: 2 am here after gpu
[22:45:36] w01: Training network (Final=0) on gpu for 30 epochs...

[22:46:23] w01: start objective; params=[{"desired_latent_size":14,"hl_s1":1032,"hl_s2":556,"hl_s3":335,"hl_s4":95,"drop_rate":0.23538308990192502}]
[22:46:24] w01: Preparing datastores for training and validation...

[22:46:24] w01: Using single frequency datastore for frequency index 6

[22:46:38] w01: 1 am here before gpu
[22:46:38] w01: 2 am here after gpu
[22:46:38] w01: Training network (Final=0) on gpu for 30 epochs...

[22:47:21] w01: start objective; params=[{"desired_latent_size":13,"hl_s1":1999,"hl_s2":979,"hl_s3":422,"hl_s4":99,"drop_rate":0.400752669124373}]
[22:47:21] w01: Preparing datastores for training and validation...

[22:47:21] w01: Using single frequency datastore for frequency index 6

[22:47:36] w01: 1 am here before gpu
[22:47:36] w01: 2 am here after gpu
[22:47:36] w01: Training network (Final=0) on gpu for 30 epochs...

[22:48:16] w01: start objective; params=[{"desired_latent_size":15,"hl_s1":1038,"hl_s2":575,"hl_s3":392,"hl_s4":63,"drop_rate":0.39833076730635975}]
[22:48:16] w01: Preparing datastores for training and validation...

[22:48:16] w01: Using single frequency datastore for frequency index 6

[22:48:31] w01: 1 am here before gpu
[22:48:31] w01: 2 am here after gpu
[22:48:31] w01: Training network (Final=0) on gpu for 30 epochs...

[22:49:13] w01: start objective; params=[{"desired_latent_size":15,"hl_s1":1995,"hl_s2":886,"hl_s3":449,"hl_s4":31,"drop_rate":0.24896917756620923}]
[22:49:13] w01: Preparing datastores for training and validation...

[22:49:13] w01: Using single frequency datastore for frequency index 6

[22:49:28] w01: 1 am here before gpu
[22:49:28] w01: 2 am here after gpu
[22:49:28] w01: Training network (Final=0) on gpu for 30 epochs...

[22:50:17] w01: start objective; params=[{"desired_latent_size":14,"hl_s1":1995,"hl_s2":946,"hl_s3":181,"hl_s4":31,"drop_rate":0.064940072147797678}]
[22:50:17] w01: Preparing datastores for training and validation...

[22:50:17] w01: Using single frequency datastore for frequency index 6

[22:50:32] w01: 1 am here before gpu
[22:50:32] w01: 2 am here after gpu
[22:50:32] w01: Training network (Final=0) on gpu for 30 epochs...

[22:51:19] w01: start objective; params=[{"desired_latent_size":10,"hl_s1":1425,"hl_s2":806,"hl_s3":123,"hl_s4":30,"drop_rate":0.44717208566214633}]
[22:51:20] w01: Preparing datastores for training and validation...

[22:51:20] w01: Using single frequency datastore for frequency index 6

[22:51:34] w01: 1 am here before gpu
[22:51:34] w01: 2 am here after gpu
[22:51:35] w01: Training network (Final=0) on gpu for 30 epochs...

[22:52:20] w01: start objective; params=[{"desired_latent_size":14,"hl_s1":1558,"hl_s2":501,"hl_s3":108,"hl_s4":31,"drop_rate":0.19164146495815004}]
[22:52:20] w01: Preparing datastores for training and validation...

[22:52:20] w01: Using single frequency datastore for frequency index 6

[22:52:35] w01: 1 am here before gpu
[22:52:35] w01: 2 am here after gpu
[22:52:35] w01: Training network (Final=0) on gpu for 30 epochs...

[22:53:16] w01: start objective; params=[{"desired_latent_size":14,"hl_s1":1030,"hl_s2":982,"hl_s3":480,"hl_s4":31,"drop_rate":0.17818211177231252}]
[22:53:16] w01: Preparing datastores for training and validation...

[22:53:16] w01: Using single frequency datastore for frequency index 6

[22:53:31] w01: 1 am here before gpu
[22:53:31] w01: 2 am here after gpu
[22:53:31] w01: Training network (Final=0) on gpu for 30 epochs...

[22:54:18] w01: start objective; params=[{"desired_latent_size":11,"hl_s1":1006,"hl_s2":822,"hl_s3":102,"hl_s4":31,"drop_rate":0.17385220176137561}]
[22:54:18] w01: Preparing datastores for training and validation...

[22:54:18] w01: Using single frequency datastore for frequency index 6

[22:54:33] w01: 1 am here before gpu
[22:54:33] w01: 2 am here after gpu
[22:54:33] w01: Training network (Final=0) on gpu for 30 epochs...

[22:55:25] w01: start objective; params=[{"desired_latent_size":12,"hl_s1":1079,"hl_s2":998,"hl_s3":344,"hl_s4":31,"drop_rate":0.207868721806053}]
[22:55:25] w01: Preparing datastores for training and validation...

[22:55:25] w01: Using single frequency datastore for frequency index 6

[22:55:39] w01: 1 am here before gpu
[22:55:39] w01: 2 am here after gpu
[22:55:40] w01: Training network (Final=0) on gpu for 30 epochs...

[22:56:27] w01: start objective; params=[{"desired_latent_size":12,"hl_s1":1071,"hl_s2":992,"hl_s3":243,"hl_s4":31,"drop_rate":0.20588506618824653}]
[22:56:27] w01: Preparing datastores for training and validation...

[22:56:27] w01: Using single frequency datastore for frequency index 6

[22:56:41] w01: 1 am here before gpu
[22:56:41] w01: 2 am here after gpu
[22:56:42] w01: Training network (Final=0) on gpu for 30 epochs...

[22:57:23] w01: start objective; params=[{"desired_latent_size":15,"hl_s1":1979,"hl_s2":875,"hl_s3":270,"hl_s4":31,"drop_rate":0.22395742520443851}]
[22:57:23] w01: Preparing datastores for training and validation...

[22:57:23] w01: Using single frequency datastore for frequency index 6

[22:57:37] w01: 1 am here before gpu
[22:57:37] w01: 2 am here after gpu
[22:57:37] w01: Training network (Final=0) on gpu for 30 epochs...

[22:58:17] w01: start objective; params=[{"desired_latent_size":15,"hl_s1":1993,"hl_s2":886,"hl_s3":349,"hl_s4":31,"drop_rate":0.22902164876083841}]
[22:58:17] w01: Preparing datastores for training and validation...

[22:58:17] w01: Using single frequency datastore for frequency index 6

[22:58:31] w01: 1 am here before gpu
[22:58:31] w01: 2 am here after gpu
[22:58:32] w01: Training network (Final=0) on gpu for 30 epochs...

[22:59:20] w01: start objective; params=[{"desired_latent_size":10,"hl_s1":1517,"hl_s2":998,"hl_s3":497,"hl_s4":31,"drop_rate":0.061021485908246909}]
[22:59:20] w01: Preparing datastores for training and validation...

[22:59:20] w01: Using single frequency datastore for frequency index 6

[22:59:34] w01: 1 am here before gpu
[22:59:34] w01: 2 am here after gpu
[22:59:35] w01: Training network (Final=0) on gpu for 30 epochs...

[23:00:25] w01: start objective; params=[{"desired_latent_size":15,"hl_s1":1812,"hl_s2":750,"hl_s3":469,"hl_s4":30,"drop_rate":0.30735121036814245}]
[23:00:25] w01: Preparing datastores for training and validation...

[23:00:25] w01: Using single frequency datastore for frequency index 6

[23:00:42] w01: 1 am here before gpu
[23:00:42] w01: 2 am here after gpu
[23:00:42] w01: Training network (Final=0) on gpu for 30 epochs...

[23:02:30] w01: start objective; params=[{"desired_latent_size":10,"hl_s1":1927,"hl_s2":978,"hl_s3":422,"hl_s4":52,"drop_rate":0.038863612985405541}]
[23:02:30] w01: Preparing datastores for training and validation...

[23:02:30] w01: Using single frequency datastore for frequency index 6

[23:02:56] w01: 1 am here before gpu
[23:02:56] w01: 2 am here after gpu
[23:02:57] w01: Training network (Final=0) on gpu for 30 epochs...

[23:04:43] w01: start objective; params=[{"desired_latent_size":14,"hl_s1":1046,"hl_s2":940,"hl_s3":388,"hl_s4":49,"drop_rate":0.47420479305805008}]
[23:04:43] w01: Preparing datastores for training and validation...

[23:04:43] w01: Using single frequency datastore for frequency index 6

[23:05:10] w01: 1 am here before gpu
[23:05:10] w01: 2 am here after gpu
[23:05:10] w01: Training network (Final=0) on gpu for 30 epochs...

[23:06:56] w01: start objective; params=[{"desired_latent_size":14,"hl_s1":1393,"hl_s2":852,"hl_s3":410,"hl_s4":73,"drop_rate":0.24734076218966444}]
[23:06:56] w01: Preparing datastores for training and validation...

[23:06:56] w01: Using single frequency datastore for frequency index 6

[23:07:21] w01: 1 am here before gpu
[23:07:21] w01: 2 am here after gpu
[23:07:22] w01: Training network (Final=0) on gpu for 30 epochs...

[23:09:13] w01: start objective; params=[{"desired_latent_size":14,"hl_s1":1735,"hl_s2":586,"hl_s3":477,"hl_s4":59,"drop_rate":0.10615772343340479}]
[23:09:13] w01: Preparing datastores for training and validation...

[23:09:13] w01: Using single frequency datastore for frequency index 6

[23:09:39] w01: 1 am here before gpu
[23:09:39] w01: 2 am here after gpu
[23:09:40] w01: Training network (Final=0) on gpu for 30 epochs...

[23:26:46] w01: start objective; params=[{"desired_latent_size":11,"hl_s1":1088,"hl_s2":675,"hl_s3":144,"hl_s4":58,"drop_rate":0.3946709381376563}]
[23:27:16] w01: Training network (Final=0) on gpu for 30 epochs...

[23:28:22] w01: start objective; params=[{"desired_latent_size":15,"hl_s1":1094,"hl_s2":551,"hl_s3":459,"hl_s4":78,"drop_rate":0.33452816785731204}]
[23:28:37] w01: Training network (Final=0) on gpu for 30 epochs...

[23:29:30] w01: start objective; params=[{"desired_latent_size":12,"hl_s1":1027,"hl_s2":687,"hl_s3":395,"hl_s4":30,"drop_rate":0.48965777701712321}]
[23:29:45] w01: Training network (Final=0) on gpu for 30 epochs...

[23:30:40] w01: start objective; params=[{"desired_latent_size":13,"hl_s1":1186,"hl_s2":761,"hl_s3":356,"hl_s4":37,"drop_rate":0.39139840182813196}]
[23:30:56] w01: Training network (Final=0) on gpu for 30 epochs...

[23:31:49] w01: start objective; params=[{"desired_latent_size":15,"hl_s1":1625,"hl_s2":955,"hl_s3":114,"hl_s4":56,"drop_rate":0.26719440620040641}]
[23:32:04] w01: Training network (Final=0) on gpu for 30 epochs...

[23:33:00] w01: start objective; params=[{"desired_latent_size":11,"hl_s1":1881,"hl_s2":624,"hl_s3":486,"hl_s4":95,"drop_rate":0.13459302982619764}]
[23:33:15] w01: Training network (Final=0) on gpu for 30 epochs...

[23:34:07] w01: start objective; params=[{"desired_latent_size":11,"hl_s1":1441,"hl_s2":628,"hl_s3":144,"hl_s4":42,"drop_rate":0.31841649916817633}]
[23:34:23] w01: Training network (Final=0) on gpu for 30 epochs...

[23:35:15] w01: start objective; params=[{"desired_latent_size":11,"hl_s1":1961,"hl_s2":719,"hl_s3":160,"hl_s4":86,"drop_rate":0.0054202919651673565}]
[23:35:30] w01: Training network (Final=0) on gpu for 30 epochs...

[23:36:24] w01: start objective; params=[{"desired_latent_size":11,"hl_s1":1229,"hl_s2":684,"hl_s3":101,"hl_s4":89,"drop_rate":0.071764109178594493}]
[23:36:39] w01: Training network (Final=0) on gpu for 30 epochs...

[23:37:30] w01: start objective; params=[{"desired_latent_size":14,"hl_s1":1371,"hl_s2":918,"hl_s3":467,"hl_s4":91,"drop_rate":0.089642185695306131}]
[23:37:45] w01: Training network (Final=0) on gpu for 30 epochs...

[23:38:38] w01: start objective; params=[{"desired_latent_size":14,"hl_s1":1570,"hl_s2":901,"hl_s3":429,"hl_s4":31,"drop_rate":0.096082283927522272}]
[23:38:53] w01: Training network (Final=0) on gpu for 30 epochs...

[23:39:45] w01: start objective; params=[{"desired_latent_size":14,"hl_s1":1814,"hl_s2":946,"hl_s3":469,"hl_s4":50,"drop_rate":0.06438473855152578}]
[23:40:00] w01: Training network (Final=0) on gpu for 30 epochs...

[23:40:54] w01: start objective; params=[{"desired_latent_size":14,"hl_s1":1843,"hl_s2":938,"hl_s3":418,"hl_s4":35,"drop_rate":0.10383408422535503}]
[23:41:09] w01: Training network (Final=0) on gpu for 30 epochs...

[23:42:05] w01: start objective; params=[{"desired_latent_size":14,"hl_s1":1293,"hl_s2":885,"hl_s3":419,"hl_s4":39,"drop_rate":0.065493541763221391}]
[23:42:20] w01: Training network (Final=0) on gpu for 30 epochs...

[23:43:14] w01: start objective; params=[{"desired_latent_size":14,"hl_s1":1371,"hl_s2":913,"hl_s3":445,"hl_s4":75,"drop_rate":0.098978546338084714}]
[23:43:30] w01: Training network (Final=0) on gpu for 30 epochs...

[23:44:24] w01: start objective; params=[{"desired_latent_size":11,"hl_s1":1126,"hl_s2":661,"hl_s3":144,"hl_s4":47,"drop_rate":0.40028352186664373}]
[23:44:39] w01: Training network (Final=0) on gpu for 30 epochs...

[23:45:33] w01: start objective; params=[{"desired_latent_size":14,"hl_s1":1204,"hl_s2":930,"hl_s3":400,"hl_s4":32,"drop_rate":0.038891247691960576}]
[23:45:49] w01: Training network (Final=0) on gpu for 30 epochs...

[23:46:46] w01: start objective; params=[{"desired_latent_size":14,"hl_s1":1234,"hl_s2":944,"hl_s3":421,"hl_s4":41,"drop_rate":0.050795118520452112}]
[23:47:02] w01: Training network (Final=0) on gpu for 30 epochs...

[23:47:57] w01: start objective; params=[{"desired_latent_size":14,"hl_s1":1165,"hl_s2":876,"hl_s3":444,"hl_s4":91,"drop_rate":0.1238879397286497}]
[23:48:12] w01: Training network (Final=0) on gpu for 30 epochs...

[23:49:07] w01: start objective; params=[{"desired_latent_size":10,"hl_s1":1129,"hl_s2":568,"hl_s3":496,"hl_s4":82,"drop_rate":0.4907595580308296}]
[23:49:22] w01: Training network (Final=0) on gpu for 30 epochs...

[23:50:20] w01: start objective; params=[{"desired_latent_size":10,"hl_s1":1192,"hl_s2":614,"hl_s3":158,"hl_s4":55,"drop_rate":0.40143591756537694}]
[23:50:35] w01: Training network (Final=0) on gpu for 30 epochs...

[23:51:32] w01: start objective; params=[{"desired_latent_size":12,"hl_s1":1262,"hl_s2":618,"hl_s3":498,"hl_s4":99,"drop_rate":0.10946392948818212}]
[23:51:48] w01: Training network (Final=0) on gpu for 30 epochs...

[23:52:43] w01: start objective; params=[{"desired_latent_size":12,"hl_s1":1182,"hl_s2":624,"hl_s3":490,"hl_s4":100,"drop_rate":0.10282987715167391}]
[23:52:59] w01: Training network (Final=0) on gpu for 30 epochs...

[23:53:58] w01: start objective; params=[{"desired_latent_size":10,"hl_s1":1261,"hl_s2":600,"hl_s3":115,"hl_s4":54,"drop_rate":0.49692691376150233}]
[23:54:14] w01: Training network (Final=0) on gpu for 30 epochs...

[23:55:10] w01: start objective; params=[{"desired_latent_size":14,"hl_s1":1150,"hl_s2":951,"hl_s3":323,"hl_s4":71,"drop_rate":0.0094937966915607658}]
[23:55:26] w01: Training network (Final=0) on gpu for 30 epochs...

[23:56:22] w01: start objective; params=[{"desired_latent_size":13,"hl_s1":1471,"hl_s2":512,"hl_s3":498,"hl_s4":98,"drop_rate":0.22857963601606268}]
[23:56:38] w01: Training network (Final=0) on gpu for 30 epochs...

[23:57:37] w01: start objective; params=[{"desired_latent_size":13,"hl_s1":1475,"hl_s2":532,"hl_s3":488,"hl_s4":95,"drop_rate":0.13167162570507607}]
[23:57:52] w01: Training network (Final=0) on gpu for 30 epochs...

[23:58:48] w01: start objective; params=[{"desired_latent_size":14,"hl_s1":1751,"hl_s2":887,"hl_s3":101,"hl_s4":100,"drop_rate":0.42604003775072341}]
[23:59:04] w01: Training network (Final=0) on gpu for 30 epochs...

[00:00:01] w01: start objective; params=[{"desired_latent_size":14,"hl_s1":1999,"hl_s2":753,"hl_s3":379,"hl_s4":71,"drop_rate":0.40760366408254134}]
[00:00:17] w01: Training network (Final=0) on gpu for 30 epochs...

[00:01:14] w01: start objective; params=[{"desired_latent_size":15,"hl_s1":1974,"hl_s2":550,"hl_s3":284,"hl_s4":99,"drop_rate":0.19254003310383649}]
[00:01:30] w01: Training network (Final=0) on gpu for 30 epochs...

[00:02:27] w01: start objective; params=[{"desired_latent_size":10,"hl_s1":1637,"hl_s2":552,"hl_s3":495,"hl_s4":56,"drop_rate":0.3128442972367772}]
[00:02:43] w01: Training network (Final=0) on gpu for 30 epochs...

[00:03:42] w01: start objective; params=[{"desired_latent_size":10,"hl_s1":1335,"hl_s2":789,"hl_s3":300,"hl_s4":100,"drop_rate":0.30106402462213117}]
[00:03:58] w01: Training network (Final=0) on gpu for 30 epochs...

[00:04:54] w01: start objective; params=[{"desired_latent_size":15,"hl_s1":1003,"hl_s2":795,"hl_s3":395,"hl_s4":100,"drop_rate":0.42475071652899726}]
[00:05:10] w01: Training network (Final=0) on gpu for 30 epochs...

[00:06:11] w01: start objective; params=[{"desired_latent_size":15,"hl_s1":1997,"hl_s2":735,"hl_s3":224,"hl_s4":31,"drop_rate":0.42611932270105557}]
[00:06:26] w01: Training network (Final=0) on gpu for 30 epochs...

[00:07:25] w01: start objective; params=[{"desired_latent_size":15,"hl_s1":1940,"hl_s2":817,"hl_s3":101,"hl_s4":100,"drop_rate":0.377702349470572}]
[00:07:41] w01: Training network (Final=0) on gpu for 30 epochs...

[00:08:38] w01: start objective; params=[{"desired_latent_size":11,"hl_s1":1623,"hl_s2":584,"hl_s3":100,"hl_s4":84,"drop_rate":0.1761196077609069}]
[00:08:54] w01: Training network (Final=0) on gpu for 30 epochs...

[00:09:53] w01: start objective; params=[{"desired_latent_size":11,"hl_s1":1449,"hl_s2":971,"hl_s3":496,"hl_s4":58,"drop_rate":0.33392457383418478}]
[00:10:08] w01: Training network (Final=0) on gpu for 30 epochs...

[00:11:10] w01: start objective; params=[{"desired_latent_size":12,"hl_s1":1645,"hl_s2":825,"hl_s3":496,"hl_s4":73,"drop_rate":0.15417007612566791}]
[00:11:26] w01: Training network (Final=0) on gpu for 30 epochs...

[00:12:24] w01: start objective; params=[{"desired_latent_size":14,"hl_s1":1996,"hl_s2":594,"hl_s3":485,"hl_s4":87,"drop_rate":0.0083236846445288726}]
[00:12:40] w01: Training network (Final=0) on gpu for 30 epochs...

[00:13:40] w01: start objective; params=[{"desired_latent_size":11,"hl_s1":1586,"hl_s2":789,"hl_s3":319,"hl_s4":57,"drop_rate":0.18959742008039662}]
[00:13:57] w01: Training network (Final=0) on gpu for 30 epochs...

[00:14:58] w01: start objective; params=[{"desired_latent_size":15,"hl_s1":1000,"hl_s2":618,"hl_s3":494,"hl_s4":61,"drop_rate":0.28575505735168688}]
[00:15:14] w01: Training network (Final=0) on gpu for 30 epochs...

[00:16:13] w01: start objective; params=[{"desired_latent_size":12,"hl_s1":1993,"hl_s2":520,"hl_s3":348,"hl_s4":31,"drop_rate":0.24786510810826218}]
[00:16:29] w01: Training network (Final=0) on gpu for 30 epochs...

[00:17:29] w01: start objective; params=[{"desired_latent_size":12,"hl_s1":1126,"hl_s2":882,"hl_s3":250,"hl_s4":100,"drop_rate":0.3531464198399471}]
[00:17:45] w01: Training network (Final=0) on gpu for 30 epochs...

[00:18:45] w01: start objective; params=[{"desired_latent_size":11,"hl_s1":1291,"hl_s2":556,"hl_s3":275,"hl_s4":82,"drop_rate":0.154231079566713}]
[00:19:01] w01: Training network (Final=0) on gpu for 30 epochs...

[00:21:25] w01: start objective; params=[{"desired_latent_size":12,"hl_s1":1376,"hl_s2":961,"hl_s3":244,"hl_s4":70,"drop_rate":0.46471246785757125}]
[00:21:59] w01: Training network (Final=0) on gpu for 30 epochs...

[00:23:57] w01: start objective; params=[{"desired_latent_size":11,"hl_s1":1671,"hl_s2":754,"hl_s3":297,"hl_s4":89,"drop_rate":0.20096563093939379}]
[00:24:30] w01: Training network (Final=0) on gpu for 30 epochs...

[00:26:39] w01: start objective; params=[{"desired_latent_size":12,"hl_s1":1918,"hl_s2":978,"hl_s3":475,"hl_s4":75,"drop_rate":0.042310091512822057}]
[00:27:10] w01: Training network (Final=0) on gpu for 30 epochs...

[00:29:11] w01: start objective; params=[{"desired_latent_size":12,"hl_s1":1233,"hl_s2":602,"hl_s3":500,"hl_s4":32,"drop_rate":0.3712870469710059}]
[00:29:43] w01: Training network (Final=0) on gpu for 30 epochs...

[00:31:45] w01: start objective; params=[{"desired_latent_size":11,"hl_s1":1873,"hl_s2":991,"hl_s3":500,"hl_s4":49,"drop_rate":0.058786272569869513}]
[00:32:17] w01: Training network (Final=0) on gpu for 30 epochs...

[00:34:19] w01: start objective; params=[{"desired_latent_size":12,"hl_s1":1889,"hl_s2":993,"hl_s3":496,"hl_s4":32,"drop_rate":0.35892053802154933}]
[00:34:49] w01: Training network (Final=0) on gpu for 30 epochs...

[00:36:51] w01: start objective; params=[{"desired_latent_size":10,"hl_s1":1367,"hl_s2":991,"hl_s3":498,"hl_s4":36,"drop_rate":0.11779466221050494}]
[00:37:22] w01: Training network (Final=0) on gpu for 30 epochs...

[00:39:24] w01: start objective; params=[{"desired_latent_size":11,"hl_s1":1833,"hl_s2":743,"hl_s3":458,"hl_s4":45,"drop_rate":0.36654449362809627}]
[00:39:56] w01: Training network (Final=0) on gpu for 30 epochs...

[00:42:02] w01: start objective; params=[{"desired_latent_size":11,"hl_s1":1934,"hl_s2":678,"hl_s3":498,"hl_s4":52,"drop_rate":0.337926935810463}]
[00:42:34] w01: Training network (Final=0) on gpu for 30 epochs...

[00:44:41] w01: start objective; params=[{"desired_latent_size":12,"hl_s1":1743,"hl_s2":1000,"hl_s3":489,"hl_s4":48,"drop_rate":0.49215026519757543}]
[00:45:14] w01: Training network (Final=0) on gpu for 30 epochs...

[00:47:19] w01: start objective; params=[{"desired_latent_size":11,"hl_s1":1841,"hl_s2":977,"hl_s3":493,"hl_s4":52,"drop_rate":0.041194094153292893}]
[00:47:51] w01: Training network (Final=0) on gpu for 30 epochs...

[00:49:55] w01: start objective; params=[{"desired_latent_size":11,"hl_s1":1739,"hl_s2":984,"hl_s3":498,"hl_s4":49,"drop_rate":0.35691294998273171}]
[00:50:32] w01: Training network (Final=0) on gpu for 30 epochs...

[00:52:38] w01: start objective; params=[{"desired_latent_size":11,"hl_s1":1843,"hl_s2":957,"hl_s3":470,"hl_s4":48,"drop_rate":0.087310328835063788}]
[00:53:12] w01: Training network (Final=0) on gpu for 30 epochs...

[00:55:22] w01: start objective; params=[{"desired_latent_size":10,"hl_s1":1659,"hl_s2":910,"hl_s3":497,"hl_s4":58,"drop_rate":0.064575500155468563}]
[00:55:54] w01: Training network (Final=0) on gpu for 30 epochs...

[00:58:08] w01: start objective; params=[{"desired_latent_size":13,"hl_s1":1006,"hl_s2":530,"hl_s3":101,"hl_s4":99,"drop_rate":0.076671181981095682}]
[00:58:40] w01: Training network (Final=0) on gpu for 30 epochs...

[01:00:47] w01: start objective; params=[{"desired_latent_size":15,"hl_s1":1963,"hl_s2":991,"hl_s3":102,"hl_s4":65,"drop_rate":0.254710798060481}]
[01:01:18] w01: Training network (Final=0) on gpu for 30 epochs...

[01:03:29] w01: start objective; params=[{"desired_latent_size":10,"hl_s1":1931,"hl_s2":557,"hl_s3":111,"hl_s4":62,"drop_rate":0.33825223221268963}]
[01:04:05] w01: Training network (Final=0) on gpu for 30 epochs...

[01:06:15] w01: start objective; params=[{"desired_latent_size":12,"hl_s1":1002,"hl_s2":521,"hl_s3":317,"hl_s4":99,"drop_rate":0.21304803370167963}]
[01:06:49] w01: Training network (Final=0) on gpu for 30 epochs...

[01:08:52] w01: start objective; params=[{"desired_latent_size":14,"hl_s1":1972,"hl_s2":507,"hl_s3":410,"hl_s4":82,"drop_rate":0.49908840959501566}]
[01:09:26] w01: Training network (Final=0) on gpu for 30 epochs...

[01:11:32] w01: start objective; params=[{"desired_latent_size":14,"hl_s1":1611,"hl_s2":714,"hl_s3":345,"hl_s4":35,"drop_rate":0.49993955154631953}]
[01:12:07] w01: Training network (Final=0) on gpu for 30 epochs...

[01:14:11] w01: start objective; params=[{"desired_latent_size":15,"hl_s1":1278,"hl_s2":994,"hl_s3":143,"hl_s4":63,"drop_rate":0.0018034780147058727}]
[01:14:45] w01: Training network (Final=0) on gpu for 30 epochs...

[01:16:47] w01: start objective; params=[{"desired_latent_size":11,"hl_s1":1012,"hl_s2":887,"hl_s3":107,"hl_s4":79,"drop_rate":0.27833686858399653}]
[01:17:18] w01: Training network (Final=0) on gpu for 30 epochs...

[01:19:23] w01: start objective; params=[{"desired_latent_size":10,"hl_s1":1977,"hl_s2":730,"hl_s3":103,"hl_s4":39,"drop_rate":0.49731100939774253}]
[01:19:55] w01: Training network (Final=0) on gpu for 30 epochs...

[01:21:56] w01: start objective; params=[{"desired_latent_size":15,"hl_s1":1002,"hl_s2":840,"hl_s3":300,"hl_s4":53,"drop_rate":0.33620145931846868}]
[01:22:31] w01: Training network (Final=0) on gpu for 30 epochs...

[01:24:38] w01: start objective; params=[{"desired_latent_size":15,"hl_s1":1001,"hl_s2":776,"hl_s3":269,"hl_s4":49,"drop_rate":0.13919537281182376}]
[01:25:12] w01: Training network (Final=0) on gpu for 30 epochs...

[01:27:19] w01: start objective; params=[{"desired_latent_size":12,"hl_s1":1969,"hl_s2":786,"hl_s3":121,"hl_s4":87,"drop_rate":0.22778881416303748}]
[01:27:52] w01: Training network (Final=0) on gpu for 30 epochs...

[01:29:55] w01: start objective; params=[{"desired_latent_size":10,"hl_s1":1870,"hl_s2":519,"hl_s3":133,"hl_s4":84,"drop_rate":0.35567746423071311}]
[01:30:29] w01: Training network (Final=0) on gpu for 30 epochs...

[01:32:34] w01: start objective; params=[{"desired_latent_size":15,"hl_s1":1001,"hl_s2":940,"hl_s3":448,"hl_s4":46,"drop_rate":0.16654762363331294}]
[01:33:06] w01: Training network (Final=0) on gpu for 30 epochs...

[01:35:03] w01: start objective; params=[{"desired_latent_size":13,"hl_s1":1984,"hl_s2":540,"hl_s3":125,"hl_s4":64,"drop_rate":0.37744736738459883}]
[01:35:38] w01: Training network (Final=0) on gpu for 30 epochs...

[01:37:38] w01: start objective; params=[{"desired_latent_size":10,"hl_s1":1468,"hl_s2":505,"hl_s3":128,"hl_s4":89,"drop_rate":0.32855174785409819}]
[01:38:13] w01: Training network (Final=0) on gpu for 30 epochs...

[01:40:16] w01: start objective; params=[{"desired_latent_size":10,"hl_s1":1955,"hl_s2":517,"hl_s3":130,"hl_s4":64,"drop_rate":0.39556805804088457}]
[01:40:50] w01: Training network (Final=0) on gpu for 30 epochs...

[01:42:53] w01: start objective; params=[{"desired_latent_size":14,"hl_s1":1996,"hl_s2":988,"hl_s3":497,"hl_s4":30,"drop_rate":0.050424973199012693}]
[01:43:27] w01: Training network (Final=0) on gpu for 30 epochs...

[01:45:29] w01: start objective; params=[{"desired_latent_size":15,"hl_s1":1947,"hl_s2":871,"hl_s3":386,"hl_s4":97,"drop_rate":0.00909642976760866}]
[01:46:04] w01: Training network (Final=0) on gpu for 30 epochs...

[01:48:07] w01: start objective; params=[{"desired_latent_size":11,"hl_s1":1010,"hl_s2":511,"hl_s3":431,"hl_s4":46,"drop_rate":0.49558916328403668}]
[01:48:41] w01: Training network (Final=0) on gpu for 30 epochs...

[01:50:42] w01: start objective; params=[{"desired_latent_size":15,"hl_s1":1995,"hl_s2":541,"hl_s3":281,"hl_s4":69,"drop_rate":0.490189171885271}]
[01:51:15] w01: Training network (Final=0) on gpu for 30 epochs...

[01:53:22] w01: start objective; params=[{"desired_latent_size":13,"hl_s1":1000,"hl_s2":788,"hl_s3":385,"hl_s4":74,"drop_rate":0.497603277307479}]
[01:54:00] w01: Training network (Final=0) on gpu for 30 epochs...

[01:56:05] w01: start objective; params=[{"desired_latent_size":10,"hl_s1":1027,"hl_s2":978,"hl_s3":161,"hl_s4":50,"drop_rate":0.27240966116315485}]
[01:56:41] w01: Training network (Final=0) on gpu for 30 epochs...

[01:58:46] w01: start objective; params=[{"desired_latent_size":12,"hl_s1":1012,"hl_s2":973,"hl_s3":310,"hl_s4":54,"drop_rate":0.017483209768892061}]
[01:59:21] w01: Training network (Final=0) on gpu for 30 epochs...

[02:01:23] w01: start objective; params=[{"desired_latent_size":12,"hl_s1":1321,"hl_s2":511,"hl_s3":406,"hl_s4":70,"drop_rate":0.37691769114392459}]
[02:01:59] w01: Training network (Final=0) on gpu for 30 epochs...

[02:04:08] w01: start objective; params=[{"desired_latent_size":12,"hl_s1":1650,"hl_s2":989,"hl_s3":268,"hl_s4":78,"drop_rate":0.47975458263366438}]
[02:04:44] w01: Training network (Final=0) on gpu for 30 epochs...

[02:06:48] w01: start objective; params=[{"desired_latent_size":11,"hl_s1":1010,"hl_s2":979,"hl_s3":339,"hl_s4":97,"drop_rate":0.10442029124640834}]
[02:07:25] w01: Training network (Final=0) on gpu for 30 epochs...

[02:09:25] w01: start objective; params=[{"desired_latent_size":15,"hl_s1":1398,"hl_s2":504,"hl_s3":123,"hl_s4":78,"drop_rate":0.33206596112321429}]
[02:10:01] w01: Training network (Final=0) on gpu for 30 epochs...

[02:11:59] w01: start objective; params=[{"desired_latent_size":10,"hl_s1":1972,"hl_s2":596,"hl_s3":127,"hl_s4":79,"drop_rate":0.33337020241634574}]
[02:12:34] w01: Training network (Final=0) on gpu for 30 epochs...

[02:14:39] w01: start objective; params=[{"desired_latent_size":12,"hl_s1":1584,"hl_s2":507,"hl_s3":435,"hl_s4":78,"drop_rate":0.20037039379123367}]
[02:15:13] w01: Training network (Final=0) on gpu for 30 epochs...

[02:17:26] w01: start objective; params=[{"desired_latent_size":11,"hl_s1":1985,"hl_s2":529,"hl_s3":225,"hl_s4":86,"drop_rate":0.47578800635267449}]
[02:18:02] w01: Training network (Final=0) on gpu for 30 epochs...

[02:20:12] w01: start objective; params=[{"desired_latent_size":13,"hl_s1":1499,"hl_s2":508,"hl_s3":429,"hl_s4":48,"drop_rate":0.28448561134531691}]
[02:20:54] w01: Training network (Final=0) on gpu for 30 epochs...

[02:22:58] w01: start objective; params=[{"desired_latent_size":10,"hl_s1":1930,"hl_s2":506,"hl_s3":130,"hl_s4":81,"drop_rate":0.47219372832910833}]
[02:23:36] w01: Training network (Final=0) on gpu for 30 epochs...

[02:29:32] w01: start objective; params=[{"desired_latent_size":12,"hl_s1":1175,"hl_s2":512,"hl_s3":414,"hl_s4":33,"drop_rate":0.34954463183018719}]
[02:29:51] w01: Training network (Final=0) on gpu for 30 epochs...

[02:30:51] w01: start objective; params=[{"desired_latent_size":10,"hl_s1":1338,"hl_s2":605,"hl_s3":191,"hl_s4":74,"drop_rate":0.41943867717528677}]
[02:31:09] w01: Training network (Final=0) on gpu for 30 epochs...

[02:32:04] w01: start objective; params=[{"desired_latent_size":10,"hl_s1":1033,"hl_s2":967,"hl_s3":267,"hl_s4":100,"drop_rate":0.1125299433594556}]
[02:32:23] w01: Training network (Final=0) on gpu for 30 epochs...

[02:33:15] w01: start objective; params=[{"desired_latent_size":10,"hl_s1":1360,"hl_s2":993,"hl_s3":305,"hl_s4":69,"drop_rate":0.11012179532086888}]
[02:33:33] w01: Training network (Final=0) on gpu for 30 epochs...

[02:34:28] w01: start objective; params=[{"desired_latent_size":10,"hl_s1":1252,"hl_s2":651,"hl_s3":211,"hl_s4":37,"drop_rate":0.24457026272269236}]
[02:34:47] w01: Training network (Final=0) on gpu for 30 epochs...

[02:35:44] w01: start objective; params=[{"desired_latent_size":11,"hl_s1":1230,"hl_s2":971,"hl_s3":383,"hl_s4":84,"drop_rate":0.27736787610858205}]
[02:36:03] w01: Training network (Final=0) on gpu for 30 epochs...

[02:37:03] w01: start objective; params=[{"desired_latent_size":10,"hl_s1":1315,"hl_s2":683,"hl_s3":392,"hl_s4":84,"drop_rate":0.24075443832877608}]
[02:37:22] w01: Training network (Final=0) on gpu for 30 epochs...

[02:38:23] w01: start objective; params=[{"desired_latent_size":13,"hl_s1":1968,"hl_s2":560,"hl_s3":211,"hl_s4":74,"drop_rate":0.41630897642205045}]
[02:38:41] w01: Training network (Final=0) on gpu for 30 epochs...

[02:39:33] w01: start objective; params=[{"desired_latent_size":13,"hl_s1":1736,"hl_s2":820,"hl_s3":245,"hl_s4":84,"drop_rate":0.2219234461125166}]
[02:39:52] w01: Training network (Final=0) on gpu for 30 epochs...

[02:40:43] w01: start objective; params=[{"desired_latent_size":13,"hl_s1":1747,"hl_s2":574,"hl_s3":431,"hl_s4":84,"drop_rate":0.12206538589475252}]
[02:41:01] w01: Training network (Final=0) on gpu for 30 epochs...

[02:41:54] w01: start objective; params=[{"desired_latent_size":15,"hl_s1":1750,"hl_s2":985,"hl_s3":301,"hl_s4":84,"drop_rate":0.29092654825194542}]
[02:42:13] w01: Training network (Final=0) on gpu for 30 epochs...

[02:43:10] w01: start objective; params=[{"desired_latent_size":14,"hl_s1":1740,"hl_s2":956,"hl_s3":296,"hl_s4":85,"drop_rate":0.17540453568263459}]
[02:43:29] w01: Training network (Final=0) on gpu for 30 epochs...

[02:44:27] w01: start objective; params=[{"desired_latent_size":14,"hl_s1":1749,"hl_s2":896,"hl_s3":197,"hl_s4":83,"drop_rate":0.25820675290971762}]
[02:44:47] w01: Training network (Final=0) on gpu for 30 epochs...

[02:45:45] w01: start objective; params=[{"desired_latent_size":10,"hl_s1":1256,"hl_s2":558,"hl_s3":225,"hl_s4":84,"drop_rate":0.36547520070514428}]
[02:46:05] w01: Training network (Final=0) on gpu for 30 epochs...

[02:47:08] w01: start objective; params=[{"desired_latent_size":10,"hl_s1":1381,"hl_s2":939,"hl_s3":351,"hl_s4":92,"drop_rate":0.19055613232478258}]
[02:47:27] w01: Training network (Final=0) on gpu for 30 epochs...

[02:48:21] w01: start objective; params=[{"desired_latent_size":14,"hl_s1":1782,"hl_s2":923,"hl_s3":304,"hl_s4":81,"drop_rate":0.24573414133711591}]
[02:48:40] w01: Training network (Final=0) on gpu for 30 epochs...

[02:49:33] w01: start objective; params=[{"desired_latent_size":13,"hl_s1":1241,"hl_s2":627,"hl_s3":236,"hl_s4":52,"drop_rate":0.0796309546116327}]
[02:49:52] w01: Training network (Final=0) on gpu for 30 epochs...

[02:50:46] w01: start objective; params=[{"desired_latent_size":15,"hl_s1":1724,"hl_s2":500,"hl_s3":352,"hl_s4":42,"drop_rate":0.372012050156733}]
[02:51:06] w01: Training network (Final=0) on gpu for 30 epochs...

[02:52:02] w01: start objective; params=[{"desired_latent_size":15,"hl_s1":1947,"hl_s2":959,"hl_s3":281,"hl_s4":74,"drop_rate":0.068136093579968665}]
[02:52:22] w01: Training network (Final=0) on gpu for 30 epochs...

[02:53:25] w01: start objective; params=[{"desired_latent_size":10,"hl_s1":1992,"hl_s2":507,"hl_s3":226,"hl_s4":44,"drop_rate":0.14116695647178723}]
[02:53:45] w01: Training network (Final=0) on gpu for 30 epochs...

[02:54:44] w01: start objective; params=[{"desired_latent_size":15,"hl_s1":1853,"hl_s2":509,"hl_s3":483,"hl_s4":61,"drop_rate":0.01591282088405882}]
[02:55:03] w01: Training network (Final=0) on gpu for 30 epochs...

[02:56:00] w01: start objective; params=[{"desired_latent_size":11,"hl_s1":1897,"hl_s2":630,"hl_s3":101,"hl_s4":54,"drop_rate":0.49956328899552777}]
[02:56:19] w01: Training network (Final=0) on gpu for 30 epochs...

[02:57:13] w01: start objective; params=[{"desired_latent_size":15,"hl_s1":1133,"hl_s2":541,"hl_s3":369,"hl_s4":49,"drop_rate":0.49976771287744481}]
[02:57:32] w01: Training network (Final=0) on gpu for 30 epochs...

[02:58:28] w01: start objective; params=[{"desired_latent_size":15,"hl_s1":1728,"hl_s2":509,"hl_s3":116,"hl_s4":65,"drop_rate":0.030887922082372558}]
[02:58:48] w01: Training network (Final=0) on gpu for 30 epochs...

[02:59:44] w01: start objective; params=[{"desired_latent_size":10,"hl_s1":1111,"hl_s2":995,"hl_s3":360,"hl_s4":95,"drop_rate":0.49830300227097962}]
[03:00:04] w01: Training network (Final=0) on gpu for 30 epochs...

[03:01:03] w01: start objective; params=[{"desired_latent_size":10,"hl_s1":1539,"hl_s2":512,"hl_s3":497,"hl_s4":48,"drop_rate":0.48929017116716567}]
[03:01:23] w01: Training network (Final=0) on gpu for 30 epochs...

[03:02:17] w01: start objective; params=[{"desired_latent_size":15,"hl_s1":1379,"hl_s2":971,"hl_s3":499,"hl_s4":75,"drop_rate":7.2273608605650066E-5}]
[03:02:36] w01: Training network (Final=0) on gpu for 30 epochs...

[03:03:29] w01: start objective; params=[{"desired_latent_size":12,"hl_s1":1032,"hl_s2":632,"hl_s3":269,"hl_s4":55,"drop_rate":0.081013343848812619}]
[03:03:49] w01: Training network (Final=0) on gpu for 30 epochs...

[03:04:41] w01: start objective; params=[{"desired_latent_size":13,"hl_s1":1160,"hl_s2":687,"hl_s3":100,"hl_s4":42,"drop_rate":0.42479586073144038}]
[03:05:01] w01: Training network (Final=0) on gpu for 30 epochs...

[03:05:55] w01: start objective; params=[{"desired_latent_size":10,"hl_s1":1063,"hl_s2":994,"hl_s3":101,"hl_s4":81,"drop_rate":0.33164812563450996}]
[03:06:15] w01: Training network (Final=0) on gpu for 30 epochs...

[03:07:11] w01: start objective; params=[{"desired_latent_size":14,"hl_s1":1452,"hl_s2":500,"hl_s3":115,"hl_s4":57,"drop_rate":0.096446303018480117}]
[03:07:32] w01: Training network (Final=0) on gpu for 30 epochs...

[03:08:32] w01: start objective; params=[{"desired_latent_size":15,"hl_s1":1568,"hl_s2":714,"hl_s3":152,"hl_s4":95,"drop_rate":0.35664403120472477}]
[03:08:52] w01: Training network (Final=0) on gpu for 30 epochs...

[03:09:52] w01: start objective; params=[{"desired_latent_size":13,"hl_s1":1929,"hl_s2":821,"hl_s3":468,"hl_s4":41,"drop_rate":0.098008615211256478}]
[03:10:11] w01: Training network (Final=0) on gpu for 30 epochs...

[03:11:12] w01: start objective; params=[{"desired_latent_size":14,"hl_s1":1008,"hl_s2":1000,"hl_s3":467,"hl_s4":68,"drop_rate":0.16456806675103203}]
[03:11:32] w01: Training network (Final=0) on gpu for 30 epochs...

[03:12:29] w01: start objective; params=[{"desired_latent_size":14,"hl_s1":1010,"hl_s2":998,"hl_s3":223,"hl_s4":91,"drop_rate":0.31089400498390041}]
[03:12:50] w01: Training network (Final=0) on gpu for 30 epochs...

[03:13:44] w01: start objective; params=[{"desired_latent_size":13,"hl_s1":1594,"hl_s2":733,"hl_s3":345,"hl_s4":97,"drop_rate":0.0034746098968534618}]
[03:14:04] w01: Training network (Final=0) on gpu for 30 epochs...

[03:15:02] w01: start objective; params=[{"desired_latent_size":14,"hl_s1":1180,"hl_s2":665,"hl_s3":201,"hl_s4":38,"drop_rate":0.18993022512486113}]
[03:15:22] w01: Training network (Final=0) on gpu for 30 epochs...

[03:16:25] w01: start objective; params=[{"desired_latent_size":11,"hl_s1":1743,"hl_s2":561,"hl_s3":334,"hl_s4":99,"drop_rate":0.1531716380740461}]
[03:16:45] w01: Training network (Final=0) on gpu for 30 epochs...

[03:17:47] w01: start objective; params=[{"desired_latent_size":15,"hl_s1":1733,"hl_s2":941,"hl_s3":162,"hl_s4":69,"drop_rate":0.403685489271244}]
[03:18:07] w01: Training network (Final=0) on gpu for 30 epochs...

[03:19:06] w01: start objective; params=[{"desired_latent_size":15,"hl_s1":1685,"hl_s2":933,"hl_s3":271,"hl_s4":78,"drop_rate":0.289974931433225}]
[03:19:27] w01: Training network (Final=0) on gpu for 30 epochs...

[03:20:20] w01: start objective; params=[{"desired_latent_size":13,"hl_s1":1087,"hl_s2":995,"hl_s3":493,"hl_s4":87,"drop_rate":0.053426011000937967}]
[03:20:40] w01: Training network (Final=0) on gpu for 30 epochs...

[03:21:34] w01: start objective; params=[{"desired_latent_size":13,"hl_s1":1349,"hl_s2":978,"hl_s3":482,"hl_s4":37,"drop_rate":0.3333281322856354}]
[03:21:54] w01: Training network (Final=0) on gpu for 30 epochs...

[03:22:49] w01: start objective; params=[{"desired_latent_size":13,"hl_s1":1056,"hl_s2":999,"hl_s3":451,"hl_s4":89,"drop_rate":0.10202089329841371}]
[03:23:10] w01: Training network (Final=0) on gpu for 30 epochs...

[03:24:12] w01: start objective; params=[{"desired_latent_size":14,"hl_s1":1533,"hl_s2":990,"hl_s3":114,"hl_s4":57,"drop_rate":0.0010270678653788471}]
[03:24:33] w01: Training network (Final=0) on gpu for 30 epochs...

[03:25:36] w01: start objective; params=[{"desired_latent_size":15,"hl_s1":1721,"hl_s2":950,"hl_s3":428,"hl_s4":78,"drop_rate":0.22806045849469192}]
[03:25:57] w01: Training network (Final=0) on gpu for 30 epochs...

[03:26:59] w01: start objective; params=[{"desired_latent_size":13,"hl_s1":1866,"hl_s2":563,"hl_s3":378,"hl_s4":35,"drop_rate":0.062036218177219909}]
[03:27:20] w01: Training network (Final=0) on gpu for 30 epochs...

[03:28:15] w01: start objective; params=[{"desired_latent_size":15,"hl_s1":1406,"hl_s2":872,"hl_s3":499,"hl_s4":59,"drop_rate":0.017264507337181434}]
[03:28:35] w01: Training network (Final=0) on gpu for 30 epochs...

[03:31:08] w01: start objective; params=[{"desired_latent_size":12,"hl_s1":1077,"hl_s2":968,"hl_s3":361,"hl_s4":31,"drop_rate":0.4346749158179547}]
[03:31:30] w01: Training network (Final=0) on gpu for 30 epochs...

[03:32:32] w01: start objective; params=[{"desired_latent_size":15,"hl_s1":1461,"hl_s2":802,"hl_s3":275,"hl_s4":88,"drop_rate":0.47425848062965481}]
[03:32:53] w01: Training network (Final=0) on gpu for 30 epochs...

[03:33:50] w01: start objective; params=[{"desired_latent_size":12,"hl_s1":1067,"hl_s2":905,"hl_s3":409,"hl_s4":31,"drop_rate":0.4420130467624151}]
[03:34:11] w01: Training network (Final=0) on gpu for 30 epochs...

[03:35:08] w01: start objective; params=[{"desired_latent_size":12,"hl_s1":1224,"hl_s2":931,"hl_s3":361,"hl_s4":64,"drop_rate":0.40199905542237357}]
[03:35:30] w01: Training network (Final=0) on gpu for 30 epochs...

[03:36:27] w01: start objective; params=[{"desired_latent_size":11,"hl_s1":1196,"hl_s2":907,"hl_s3":387,"hl_s4":46,"drop_rate":0.39263091952613394}]
[03:36:48] w01: Training network (Final=0) on gpu for 30 epochs...

[03:37:48] w01: start objective; params=[{"desired_latent_size":15,"hl_s1":1310,"hl_s2":611,"hl_s3":322,"hl_s4":30,"drop_rate":0.3949139748325845}]
[03:38:10] w01: Training network (Final=0) on gpu for 30 epochs...

[03:39:14] w01: start objective; params=[{"desired_latent_size":12,"hl_s1":1147,"hl_s2":649,"hl_s3":356,"hl_s4":31,"drop_rate":0.3547709196120381}]
[03:39:36] w01: Training network (Final=0) on gpu for 30 epochs...

[03:40:39] w01: start objective; params=[{"desired_latent_size":11,"hl_s1":1265,"hl_s2":698,"hl_s3":365,"hl_s4":30,"drop_rate":0.42959218556337214}]
[03:41:01] w01: Training network (Final=0) on gpu for 30 epochs...

[03:41:58] w01: start objective; params=[{"desired_latent_size":13,"hl_s1":1816,"hl_s2":965,"hl_s3":418,"hl_s4":51,"drop_rate":0.20692077681403248}]
[03:42:20] w01: Training network (Final=0) on gpu for 30 epochs...

[03:43:17] w01: start objective; params=[{"desired_latent_size":10,"hl_s1":1882,"hl_s2":870,"hl_s3":406,"hl_s4":53,"drop_rate":0.041840416830973018}]
[03:43:38] w01: Training network (Final=0) on gpu for 30 epochs...

[03:44:40] w01: start objective; params=[{"desired_latent_size":12,"hl_s1":1034,"hl_s2":976,"hl_s3":392,"hl_s4":68,"drop_rate":0.35389161617982667}]
[03:45:01] w01: Training network (Final=0) on gpu for 30 epochs...

[03:46:04] w01: start objective; params=[{"desired_latent_size":11,"hl_s1":1480,"hl_s2":861,"hl_s3":272,"hl_s4":79,"drop_rate":0.0053897296041687335}]
[03:46:26] w01: Training network (Final=0) on gpu for 30 epochs...

[03:47:31] w01: start objective; params=[{"desired_latent_size":11,"hl_s1":1249,"hl_s2":835,"hl_s3":126,"hl_s4":55,"drop_rate":0.056000789395678929}]
[03:47:52] w01: Training network (Final=0) on gpu for 30 epochs...

[03:48:50] w01: start objective; params=[{"desired_latent_size":11,"hl_s1":1647,"hl_s2":991,"hl_s3":381,"hl_s4":47,"drop_rate":0.39575210478468026}]
[03:49:12] w01: Training network (Final=0) on gpu for 30 epochs...

[03:50:08] w01: start objective; params=[{"desired_latent_size":12,"hl_s1":1270,"hl_s2":987,"hl_s3":358,"hl_s4":57,"drop_rate":0.4785473863672694}]
[03:50:30] w01: Training network (Final=0) on gpu for 30 epochs...

[03:51:27] w01: start objective; params=[{"desired_latent_size":11,"hl_s1":1089,"hl_s2":800,"hl_s3":389,"hl_s4":86,"drop_rate":0.40711005559079938}]
[03:51:49] w01: Training network (Final=0) on gpu for 30 epochs...

[03:52:51] w01: start objective; params=[{"desired_latent_size":13,"hl_s1":1691,"hl_s2":989,"hl_s3":474,"hl_s4":33,"drop_rate":0.36056787009741453}]
[03:53:14] w01: Training network (Final=0) on gpu for 30 epochs...

[03:54:21] w01: start objective; params=[{"desired_latent_size":12,"hl_s1":1028,"hl_s2":795,"hl_s3":173,"hl_s4":62,"drop_rate":0.4491018449682958}]
[03:54:43] w01: Training network (Final=0) on gpu for 30 epochs...

[03:55:39] w01: start objective; params=[{"desired_latent_size":12,"hl_s1":1107,"hl_s2":980,"hl_s3":347,"hl_s4":55,"drop_rate":0.44305814238549146}]
[03:56:01] w01: Training network (Final=0) on gpu for 30 epochs...

[03:56:57] w01: start objective; params=[{"desired_latent_size":12,"hl_s1":1334,"hl_s2":982,"hl_s3":345,"hl_s4":31,"drop_rate":0.36984307405313155}]
[03:57:19] w01: Training network (Final=0) on gpu for 30 epochs...

[03:58:18] w01: start objective; params=[{"desired_latent_size":11,"hl_s1":1090,"hl_s2":842,"hl_s3":418,"hl_s4":45,"drop_rate":0.36760937975187946}]
[03:58:40] w01: Training network (Final=0) on gpu for 30 epochs...

[03:59:43] w01: start objective; params=[{"desired_latent_size":12,"hl_s1":1073,"hl_s2":769,"hl_s3":380,"hl_s4":99,"drop_rate":0.39330491602189738}]
[04:00:05] w01: Training network (Final=0) on gpu for 30 epochs...

[04:01:08] w01: start objective; params=[{"desired_latent_size":11,"hl_s1":1704,"hl_s2":976,"hl_s3":484,"hl_s4":63,"drop_rate":0.49827872240838911}]
[04:01:30] w01: Training network (Final=0) on gpu for 30 epochs...

[04:02:28] w01: start objective; params=[{"desired_latent_size":10,"hl_s1":1036,"hl_s2":594,"hl_s3":157,"hl_s4":35,"drop_rate":0.17901853739046136}]
[04:02:50] w01: Training network (Final=0) on gpu for 30 epochs...

[04:03:51] w01: start objective; params=[{"desired_latent_size":10,"hl_s1":1015,"hl_s2":592,"hl_s3":184,"hl_s4":32,"drop_rate":0.13889793517826554}]
[04:04:13] w01: Training network (Final=0) on gpu for 30 epochs...

[04:05:10] w01: start objective; params=[{"desired_latent_size":10,"hl_s1":1041,"hl_s2":915,"hl_s3":445,"hl_s4":95,"drop_rate":0.2840246489109477}]
[04:05:32] w01: Training network (Final=0) on gpu for 30 epochs...

[04:06:35] w01: start objective; params=[{"desired_latent_size":15,"hl_s1":1799,"hl_s2":502,"hl_s3":185,"hl_s4":97,"drop_rate":0.445095718610126}]
[04:06:57] w01: Training network (Final=0) on gpu for 30 epochs...

[04:08:00] w01: start objective; params=[{"desired_latent_size":10,"hl_s1":1440,"hl_s2":517,"hl_s3":100,"hl_s4":67,"drop_rate":0.03705470410933695}]
[04:08:22] w01: Training network (Final=0) on gpu for 30 epochs...

[04:09:21] w01: start objective; params=[{"desired_latent_size":10,"hl_s1":1358,"hl_s2":586,"hl_s3":116,"hl_s4":58,"drop_rate":0.068325019978372883}]
[04:09:45] w01: Training network (Final=0) on gpu for 30 epochs...

[04:10:42] w01: start objective; params=[{"desired_latent_size":15,"hl_s1":1287,"hl_s2":523,"hl_s3":493,"hl_s4":45,"drop_rate":0.0054380584985856614}]
[04:11:04] w01: Training network (Final=0) on gpu for 30 epochs...

[04:12:04] w01: start objective; params=[{"desired_latent_size":11,"hl_s1":1736,"hl_s2":811,"hl_s3":180,"hl_s4":88,"drop_rate":0.016613743014009037}]
[04:12:26] w01: Training network (Final=0) on gpu for 30 epochs...

[04:13:31] w01: start objective; params=[{"desired_latent_size":11,"hl_s1":1108,"hl_s2":867,"hl_s3":360,"hl_s4":77,"drop_rate":0.2168515253641233}]
[04:13:54] w01: Training network (Final=0) on gpu for 30 epochs...

[04:15:00] w01: start objective; params=[{"desired_latent_size":10,"hl_s1":1010,"hl_s2":502,"hl_s3":359,"hl_s4":38,"drop_rate":0.15419561949978294}]
[04:15:23] w01: Training network (Final=0) on gpu for 30 epochs...

[04:16:28] w01: start objective; params=[{"desired_latent_size":12,"hl_s1":1940,"hl_s2":672,"hl_s3":149,"hl_s4":70,"drop_rate":0.023993047382833012}]
[04:16:50] w01: Training network (Final=0) on gpu for 30 epochs...

[04:17:52] w01: start objective; params=[{"desired_latent_size":12,"hl_s1":1601,"hl_s2":753,"hl_s3":110,"hl_s4":55,"drop_rate":0.013296342947953718}]
[04:18:15] w01: Training network (Final=0) on gpu for 30 epochs...

[04:19:11] w01: start objective; params=[{"desired_latent_size":11,"hl_s1":1136,"hl_s2":812,"hl_s3":463,"hl_s4":98,"drop_rate":0.29992591982895556}]
[04:19:34] w01: Training network (Final=0) on gpu for 30 epochs...

[04:20:34] w01: start objective; params=[{"desired_latent_size":11,"hl_s1":1114,"hl_s2":812,"hl_s3":498,"hl_s4":99,"drop_rate":0.33430374074485358}]
[04:20:57] w01: Training network (Final=0) on gpu for 30 epochs...

[04:22:02] w01: start objective; params=[{"desired_latent_size":13,"hl_s1":1045,"hl_s2":811,"hl_s3":445,"hl_s4":67,"drop_rate":0.31270530151979403}]
[04:22:25] w01: Training network (Final=0) on gpu for 30 epochs...

[04:23:30] w01: start objective; params=[{"desired_latent_size":11,"hl_s1":1068,"hl_s2":870,"hl_s3":416,"hl_s4":83,"drop_rate":0.37901243072807783}]
[04:23:53] w01: Training network (Final=0) on gpu for 30 epochs...

[04:24:56] w01: start objective; params=[{"desired_latent_size":11,"hl_s1":1072,"hl_s2":811,"hl_s3":443,"hl_s4":91,"drop_rate":0.32571267343391297}]
[04:25:19] w01: Training network (Final=0) on gpu for 30 epochs...

[04:26:19] w01: start objective; params=[{"desired_latent_size":11,"hl_s1":1201,"hl_s2":810,"hl_s3":468,"hl_s4":61,"drop_rate":0.39683609818608478}]
[04:26:43] w01: Training network (Final=0) on gpu for 30 epochs...

[04:27:42] w01: start objective; params=[{"desired_latent_size":11,"hl_s1":1187,"hl_s2":808,"hl_s3":491,"hl_s4":99,"drop_rate":0.37551963193434346}]
[04:28:05] w01: Training network (Final=0) on gpu for 30 epochs...

[04:29:09] w01: start objective; params=[{"desired_latent_size":12,"hl_s1":1073,"hl_s2":787,"hl_s3":398,"hl_s4":92,"drop_rate":0.43107290828422118}]
[04:29:32] w01: Training network (Final=0) on gpu for 30 epochs...

[04:30:38] w01: start objective; params=[{"desired_latent_size":11,"hl_s1":1176,"hl_s2":611,"hl_s3":370,"hl_s4":45,"drop_rate":0.40470690665248532}]
[04:31:01] w01: Training network (Final=0) on gpu for 30 epochs...

[04:32:07] w01: start objective; params=[{"desired_latent_size":12,"hl_s1":1488,"hl_s2":963,"hl_s3":314,"hl_s4":96,"drop_rate":0.41796606758442834}]
[04:32:30] w01: Training network (Final=0) on gpu for 30 epochs...

[04:33:29] w01: start objective; params=[{"desired_latent_size":11,"hl_s1":1214,"hl_s2":808,"hl_s3":486,"hl_s4":62,"drop_rate":0.3561759011057668}]
[04:33:52] w01: Training network (Final=0) on gpu for 30 epochs...

[04:37:05] w01: start objective; params=[{"desired_latent_size":12,"hl_s1":1224,"hl_s2":999,"hl_s3":313,"hl_s4":49,"drop_rate":0.30511523238249172}]
[04:37:29] w01: Training network (Final=0) on gpu for 30 epochs...

[04:38:35] w01: start objective; params=[{"desired_latent_size":13,"hl_s1":1946,"hl_s2":862,"hl_s3":296,"hl_s4":53,"drop_rate":0.055371850997242733}]
[04:38:58] w01: Training network (Final=0) on gpu for 30 epochs...

[04:40:02] w01: start objective; params=[{"desired_latent_size":12,"hl_s1":1178,"hl_s2":532,"hl_s3":482,"hl_s4":86,"drop_rate":0.4173469706938715}]
[04:40:25] w01: Training network (Final=0) on gpu for 30 epochs...

[04:41:27] w01: start objective; params=[{"desired_latent_size":11,"hl_s1":1180,"hl_s2":864,"hl_s3":469,"hl_s4":59,"drop_rate":0.2303273635532187}]
[04:41:51] w01: Training network (Final=0) on gpu for 30 epochs...

[04:42:54] w01: start objective; params=[{"desired_latent_size":14,"hl_s1":1903,"hl_s2":514,"hl_s3":362,"hl_s4":99,"drop_rate":0.025202144780665646}]
[04:43:17] w01: Training network (Final=0) on gpu for 30 epochs...

[04:44:24] w01: start objective; params=[{"desired_latent_size":12,"hl_s1":1011,"hl_s2":681,"hl_s3":189,"hl_s4":96,"drop_rate":0.1723369657940052}]
[04:44:47] w01: Training network (Final=0) on gpu for 30 epochs...

[04:45:55] w01: start objective; params=[{"desired_latent_size":10,"hl_s1":1852,"hl_s2":768,"hl_s3":227,"hl_s4":99,"drop_rate":0.060056931876276032}]
[04:46:19] w01: Training network (Final=0) on gpu for 30 epochs...

[04:47:23] w01: start objective; params=[{"desired_latent_size":11,"hl_s1":1613,"hl_s2":938,"hl_s3":418,"hl_s4":94,"drop_rate":0.00081394610755002256}]
[04:47:46] w01: Training network (Final=0) on gpu for 30 epochs...

[04:48:47] w01: start objective; params=[{"desired_latent_size":15,"hl_s1":1064,"hl_s2":989,"hl_s3":434,"hl_s4":97,"drop_rate":0.012393758402135427}]
[04:49:10] w01: Training network (Final=0) on gpu for 30 epochs...

[04:50:12] w01: start objective; params=[{"desired_latent_size":12,"hl_s1":1212,"hl_s2":833,"hl_s3":428,"hl_s4":95,"drop_rate":0.024268739524674676}]
[04:50:35] w01: Training network (Final=0) on gpu for 30 epochs...

[04:51:38] w01: start objective; params=[{"desired_latent_size":10,"hl_s1":1323,"hl_s2":696,"hl_s3":399,"hl_s4":95,"drop_rate":0.10048744282328695}]
[04:52:01] w01: Training network (Final=0) on gpu for 30 epochs...

[04:53:08] w01: start objective; params=[{"desired_latent_size":15,"hl_s1":1496,"hl_s2":735,"hl_s3":483,"hl_s4":87,"drop_rate":0.074381225602823564}]
[04:53:31] w01: Training network (Final=0) on gpu for 30 epochs...

[04:54:35] w01: start objective; params=[{"desired_latent_size":15,"hl_s1":1242,"hl_s2":547,"hl_s3":464,"hl_s4":98,"drop_rate":0.017199196847560543}]
[04:54:59] w01: Training network (Final=0) on gpu for 30 epochs...

[04:56:02] w01: start objective; params=[{"desired_latent_size":15,"hl_s1":1470,"hl_s2":757,"hl_s3":440,"hl_s4":86,"drop_rate":0.0013865837147229486}]
[04:56:26] w01: Training network (Final=0) on gpu for 30 epochs...

[04:57:27] w01: start objective; params=[{"desired_latent_size":13,"hl_s1":1173,"hl_s2":994,"hl_s3":199,"hl_s4":48,"drop_rate":0.41683454266641928}]
[04:57:50] w01: Training network (Final=0) on gpu for 30 epochs...

[04:58:55] w01: start objective; params=[{"desired_latent_size":13,"hl_s1":1183,"hl_s2":994,"hl_s3":216,"hl_s4":48,"drop_rate":0.40126351545500072}]
[04:59:19] w01: Training network (Final=0) on gpu for 30 epochs...

[05:00:27] w01: start objective; params=[{"desired_latent_size":11,"hl_s1":1368,"hl_s2":870,"hl_s3":429,"hl_s4":95,"drop_rate":0.16265777120737923}]
[05:00:50] w01: Training network (Final=0) on gpu for 30 epochs...

[05:02:02] w01: start objective; params=[{"desired_latent_size":13,"hl_s1":1138,"hl_s2":991,"hl_s3":192,"hl_s4":75,"drop_rate":0.49606227988845553}]
[05:02:25] w01: Training network (Final=0) on gpu for 30 epochs...

[05:03:30] w01: start objective; params=[{"desired_latent_size":11,"hl_s1":1595,"hl_s2":984,"hl_s3":244,"hl_s4":46,"drop_rate":0.49893872774123194}]
[05:03:54] w01: Training network (Final=0) on gpu for 30 epochs...

[05:04:55] w01: start objective; params=[{"desired_latent_size":13,"hl_s1":1220,"hl_s2":953,"hl_s3":491,"hl_s4":31,"drop_rate":0.22353068967154127}]
[05:05:20] w01: Training network (Final=0) on gpu for 30 epochs...

[05:06:24] w01: start objective; params=[{"desired_latent_size":12,"hl_s1":1774,"hl_s2":740,"hl_s3":492,"hl_s4":94,"drop_rate":0.1627272863444415}]
[05:06:48] w01: Training network (Final=0) on gpu for 30 epochs...

[05:07:54] w01: start objective; params=[{"desired_latent_size":11,"hl_s1":1991,"hl_s2":862,"hl_s3":103,"hl_s4":100,"drop_rate":0.4861008922329646}]
[05:08:18] w01: Training network (Final=0) on gpu for 30 epochs...

[05:09:25] w01: start objective; params=[{"desired_latent_size":13,"hl_s1":1044,"hl_s2":994,"hl_s3":489,"hl_s4":30,"drop_rate":0.000502202154435083}]
[05:09:49] w01: Training network (Final=0) on gpu for 30 epochs...

[05:10:56] w01: start objective; params=[{"desired_latent_size":14,"hl_s1":1994,"hl_s2":892,"hl_s3":500,"hl_s4":70,"drop_rate":0.01726001386041888}]
[05:11:20] w01: Training network (Final=0) on gpu for 30 epochs...

[05:12:21] w01: start objective; params=[{"desired_latent_size":13,"hl_s1":1486,"hl_s2":500,"hl_s3":237,"hl_s4":64,"drop_rate":0.47961227891799207}]
[05:12:44] w01: Training network (Final=0) on gpu for 30 epochs...

[05:13:45] w01: start objective; params=[{"desired_latent_size":11,"hl_s1":1878,"hl_s2":977,"hl_s3":137,"hl_s4":73,"drop_rate":0.33669727346051492}]
[05:14:08] w01: Training network (Final=0) on gpu for 30 epochs...

[05:15:09] w01: start objective; params=[{"desired_latent_size":13,"hl_s1":1914,"hl_s2":923,"hl_s3":105,"hl_s4":38,"drop_rate":0.297658267297553}]
[05:15:33] w01: Training network (Final=0) on gpu for 30 epochs...

[05:16:35] w01: start objective; params=[{"desired_latent_size":14,"hl_s1":1717,"hl_s2":693,"hl_s3":324,"hl_s4":57,"drop_rate":0.499548866833865}]
[05:16:58] w01: Training network (Final=0) on gpu for 30 epochs...

[05:18:01] w01: start objective; params=[{"desired_latent_size":11,"hl_s1":1534,"hl_s2":971,"hl_s3":103,"hl_s4":62,"drop_rate":0.39381904268453571}]
[05:18:25] w01: Training network (Final=0) on gpu for 30 epochs...

[05:19:32] w01: start objective; params=[{"desired_latent_size":14,"hl_s1":1834,"hl_s2":991,"hl_s3":159,"hl_s4":43,"drop_rate":0.25795966816082894}]
[05:19:56] w01: Training network (Final=0) on gpu for 30 epochs...

[05:21:07] w01: start objective; params=[{"desired_latent_size":13,"hl_s1":1555,"hl_s2":556,"hl_s3":156,"hl_s4":48,"drop_rate":0.49291497333515855}]
[05:21:31] w01: Training network (Final=0) on gpu for 30 epochs...

[05:22:37] w01: start objective; params=[{"desired_latent_size":15,"hl_s1":1029,"hl_s2":764,"hl_s3":144,"hl_s4":63,"drop_rate":0.14654123759641668}]
[05:23:00] w01: Training network (Final=0) on gpu for 30 epochs...

[05:24:09] w01: start objective; params=[{"desired_latent_size":13,"hl_s1":1957,"hl_s2":850,"hl_s3":306,"hl_s4":32,"drop_rate":0.33960423620810942}]
[05:24:33] w01: Training network (Final=0) on gpu for 30 epochs...

[05:25:38] w01: start objective; params=[{"desired_latent_size":15,"hl_s1":1335,"hl_s2":755,"hl_s3":426,"hl_s4":30,"drop_rate":0.036662170955542875}]
[05:26:02] w01: Training network (Final=0) on gpu for 30 epochs...

[05:27:07] w01: start objective; params=[{"desired_latent_size":13,"hl_s1":1172,"hl_s2":983,"hl_s3":174,"hl_s4":43,"drop_rate":0.37651012828046337}]
[05:27:31] w01: Training network (Final=0) on gpu for 30 epochs...

[05:28:41] w01: start objective; params=[{"desired_latent_size":12,"hl_s1":1342,"hl_s2":513,"hl_s3":214,"hl_s4":55,"drop_rate":0.47767238217139862}]
[05:29:05] w01: Training network (Final=0) on gpu for 30 epochs...

[05:30:17] w01: start objective; params=[{"desired_latent_size":13,"hl_s1":1159,"hl_s2":985,"hl_s3":429,"hl_s4":30,"drop_rate":0.13716664681090884}]
[05:30:41] w01: Training network (Final=0) on gpu for 30 epochs...

[05:31:46] w01: start objective; params=[{"desired_latent_size":11,"hl_s1":1552,"hl_s2":666,"hl_s3":348,"hl_s4":35,"drop_rate":0.20637771661677845}]
[05:32:10] w01: Training network (Final=0) on gpu for 30 epochs...

[05:33:15] w01: start objective; params=[{"desired_latent_size":13,"hl_s1":1923,"hl_s2":985,"hl_s3":451,"hl_s4":43,"drop_rate":0.098389025471667835}]
[05:33:39] w01: Training network (Final=0) on gpu for 30 epochs...

[05:34:46] w01: start objective; params=[{"desired_latent_size":13,"hl_s1":1195,"hl_s2":983,"hl_s3":400,"hl_s4":31,"drop_rate":0.05914020793325668}]
[05:35:09] w01: Training network (Final=0) on gpu for 30 epochs...

[05:36:17] w01: start objective; params=[{"desired_latent_size":13,"hl_s1":1161,"hl_s2":990,"hl_s3":424,"hl_s4":33,"drop_rate":0.060709515576817821}]
[05:36:42] w01: Training network (Final=0) on gpu for 30 epochs...

[05:37:52] w01: start objective; params=[{"desired_latent_size":13,"hl_s1":1099,"hl_s2":990,"hl_s3":427,"hl_s4":30,"drop_rate":0.12905429079814357}]
[05:38:17] w01: Training network (Final=0) on gpu for 30 epochs...

[05:39:27] w01: start objective; params=[{"desired_latent_size":14,"hl_s1":1431,"hl_s2":987,"hl_s3":490,"hl_s4":32,"drop_rate":0.16612775908256361}]
[05:39:51] w01: Training network (Final=0) on gpu for 30 epochs...

[05:40:57] w01: start objective; params=[{"desired_latent_size":11,"hl_s1":1061,"hl_s2":977,"hl_s3":101,"hl_s4":40,"drop_rate":0.49235555146712545}]
[05:41:20] w01: Training network (Final=0) on gpu for 30 epochs...

[05:42:22] w01: start objective; params=[{"desired_latent_size":14,"hl_s1":1472,"hl_s2":566,"hl_s3":333,"hl_s4":60,"drop_rate":0.47564451072119868}]
[05:42:47] w01: Training network (Final=0) on gpu for 30 epochs...

[05:43:50] w01: start objective; params=[{"desired_latent_size":13,"hl_s1":1525,"hl_s2":521,"hl_s3":297,"hl_s4":64,"drop_rate":0.41209201605493762}]
[05:44:14] w01: Training network (Final=0) on gpu for 30 epochs...

[05:45:21] w01: start objective; params=[{"desired_latent_size":11,"hl_s1":1499,"hl_s2":636,"hl_s3":221,"hl_s4":31,"drop_rate":0.12281617941427225}]
[05:47:43] w01: start objective; params=[{"desired_latent_size":12,"hl_s1":1188,"hl_s2":762,"hl_s3":198,"hl_s4":41,"drop_rate":0.44266334815468683}]
[05:48:07] w01: Training network (Final=0) on gpu for 30 epochs...

[05:49:18] w01: start objective; params=[{"desired_latent_size":13,"hl_s1":1985,"hl_s2":684,"hl_s3":472,"hl_s4":72,"drop_rate":0.1531896668898281}]
[05:49:42] w01: Training network (Final=0) on gpu for 30 epochs...

[05:50:48] w01: start objective; params=[{"desired_latent_size":12,"hl_s1":1183,"hl_s2":765,"hl_s3":196,"hl_s4":41,"drop_rate":0.43796448962333445}]
[05:51:12] w01: Training network (Final=0) on gpu for 30 epochs...

[05:52:13] w01: start objective; params=[{"desired_latent_size":12,"hl_s1":1008,"hl_s2":778,"hl_s3":315,"hl_s4":56,"drop_rate":0.48703576588216235}]
[05:52:37] w01: Training network (Final=0) on gpu for 30 epochs...

[05:53:42] w01: start objective; params=[{"desired_latent_size":14,"hl_s1":1240,"hl_s2":904,"hl_s3":165,"hl_s4":60,"drop_rate":0.49994384983442797}]
[05:54:07] w01: Training network (Final=0) on gpu for 30 epochs...

[05:55:13] w01: start objective; params=[{"desired_latent_size":15,"hl_s1":1861,"hl_s2":944,"hl_s3":102,"hl_s4":40,"drop_rate":0.49974541687898144}]
[05:55:38] w01: Training network (Final=0) on gpu for 30 epochs...

[05:56:50] w01: start objective; params=[{"desired_latent_size":14,"hl_s1":1113,"hl_s2":833,"hl_s3":102,"hl_s4":99,"drop_rate":0.49940552033555674}]
[05:57:14] w01: Training network (Final=0) on gpu for 30 epochs...

[05:58:27] w01: start objective; params=[{"desired_latent_size":14,"hl_s1":1032,"hl_s2":917,"hl_s3":149,"hl_s4":59,"drop_rate":0.20378431152805593}]
[05:58:51] w01: Training network (Final=0) on gpu for 30 epochs...

[05:59:52] w01: start objective; params=[{"desired_latent_size":14,"hl_s1":1435,"hl_s2":913,"hl_s3":151,"hl_s4":51,"drop_rate":0.49002870831962186}]
[06:00:16] w01: Training network (Final=0) on gpu for 30 epochs...

[06:01:19] w01: start objective; params=[{"desired_latent_size":15,"hl_s1":1269,"hl_s2":881,"hl_s3":182,"hl_s4":56,"drop_rate":0.49270877778862548}]
[06:01:44] w01: Training network (Final=0) on gpu for 30 epochs...

[06:02:49] w01: start objective; params=[{"desired_latent_size":11,"hl_s1":1267,"hl_s2":910,"hl_s3":181,"hl_s4":86,"drop_rate":0.49504416683576291}]
[06:03:14] w01: Training network (Final=0) on gpu for 30 epochs...

[06:04:21] w01: start objective; params=[{"desired_latent_size":14,"hl_s1":1256,"hl_s2":909,"hl_s3":104,"hl_s4":52,"drop_rate":0.485729049382125}]
[06:04:47] w01: Training network (Final=0) on gpu for 30 epochs...

[06:05:56] w01: start objective; params=[{"desired_latent_size":13,"hl_s1":1257,"hl_s2":913,"hl_s3":209,"hl_s4":45,"drop_rate":0.4935516200256681}]
[06:06:21] w01: Training network (Final=0) on gpu for 30 epochs...

[06:07:29] w01: start objective; params=[{"desired_latent_size":14,"hl_s1":1787,"hl_s2":941,"hl_s3":122,"hl_s4":85,"drop_rate":0.48586403506235737}]
[06:07:53] w01: Training network (Final=0) on gpu for 30 epochs...

[06:08:56] w01: start objective; params=[{"desired_latent_size":11,"hl_s1":1312,"hl_s2":916,"hl_s3":254,"hl_s4":65,"drop_rate":0.49827170112159835}]
[06:09:20] w01: Training network (Final=0) on gpu for 30 epochs...

[06:10:24] w01: start objective; params=[{"desired_latent_size":12,"hl_s1":1844,"hl_s2":926,"hl_s3":251,"hl_s4":47,"drop_rate":0.4903383367103834}]
[06:10:48] w01: Training network (Final=0) on gpu for 30 epochs...

[06:11:52] w01: start objective; params=[{"desired_latent_size":14,"hl_s1":1278,"hl_s2":922,"hl_s3":132,"hl_s4":60,"drop_rate":0.49997501798365429}]
[06:12:17] w01: Training network (Final=0) on gpu for 30 epochs...

[06:13:20] w01: start objective; params=[{"desired_latent_size":15,"hl_s1":1779,"hl_s2":936,"hl_s3":464,"hl_s4":45,"drop_rate":0.496906162680433}]
[06:13:44] w01: Training network (Final=0) on gpu for 30 epochs...

[06:14:49] w01: start objective; params=[{"desired_latent_size":14,"hl_s1":1321,"hl_s2":894,"hl_s3":272,"hl_s4":64,"drop_rate":0.49088962697219096}]
[06:15:13] w01: Training network (Final=0) on gpu for 30 epochs...

[06:16:17] w01: start objective; params=[{"desired_latent_size":15,"hl_s1":1741,"hl_s2":931,"hl_s3":130,"hl_s4":39,"drop_rate":0.48302229900709226}]
[06:16:41] w01: Training network (Final=0) on gpu for 30 epochs...

[06:17:50] w01: start objective; params=[{"desired_latent_size":14,"hl_s1":1239,"hl_s2":890,"hl_s3":346,"hl_s4":62,"drop_rate":0.4835770199553755}]
[06:18:15] w01: Training network (Final=0) on gpu for 30 epochs...

[06:19:19] w01: start objective; params=[{"desired_latent_size":14,"hl_s1":1239,"hl_s2":906,"hl_s3":131,"hl_s4":59,"drop_rate":0.49758964924390436}]
[06:19:43] w01: Training network (Final=0) on gpu for 30 epochs...

[06:20:47] w01: start objective; params=[{"desired_latent_size":14,"hl_s1":1176,"hl_s2":907,"hl_s3":204,"hl_s4":57,"drop_rate":0.49734186289167037}]
[06:21:12] w01: Training network (Final=0) on gpu for 30 epochs...

[06:22:18] w01: start objective; params=[{"desired_latent_size":14,"hl_s1":1633,"hl_s2":805,"hl_s3":309,"hl_s4":55,"drop_rate":0.41412131712590838}]
[06:22:43] w01: Training network (Final=0) on gpu for 30 epochs...

[06:23:48] w01: start objective; params=[{"desired_latent_size":10,"hl_s1":1523,"hl_s2":890,"hl_s3":409,"hl_s4":84,"drop_rate":0.031090908256821204}]
[06:24:12] w01: Training network (Final=0) on gpu for 30 epochs...

[06:25:18] w01: start objective; params=[{"desired_latent_size":11,"hl_s1":1866,"hl_s2":882,"hl_s3":315,"hl_s4":89,"drop_rate":0.29864180910557092}]
[06:25:44] w01: Training network (Final=0) on gpu for 30 epochs...

[06:26:49] w01: start objective; params=[{"desired_latent_size":10,"hl_s1":1337,"hl_s2":660,"hl_s3":272,"hl_s4":43,"drop_rate":0.30321268557917364}]
[06:27:15] w01: Training network (Final=0) on gpu for 30 epochs...

[06:28:19] w01: start objective; params=[{"desired_latent_size":15,"hl_s1":1546,"hl_s2":895,"hl_s3":188,"hl_s4":48,"drop_rate":0.487360949232134}]
[06:28:45] w01: Training network (Final=0) on gpu for 30 epochs...

[06:29:52] w01: start objective; params=[{"desired_latent_size":12,"hl_s1":1698,"hl_s2":805,"hl_s3":491,"hl_s4":99,"drop_rate":0.01546645645882009}]
[06:30:17] w01: Training network (Final=0) on gpu for 30 epochs...

[06:31:20] w01: start objective; params=[{"desired_latent_size":12,"hl_s1":1257,"hl_s2":776,"hl_s3":137,"hl_s4":97,"drop_rate":0.49893393846238765}]
[06:31:47] w01: Training network (Final=0) on gpu for 30 epochs...

[06:32:52] w01: start objective; params=[{"desired_latent_size":15,"hl_s1":1737,"hl_s2":988,"hl_s3":462,"hl_s4":100,"drop_rate":0.013294435004003624}]
[06:33:18] w01: Training network (Final=0) on gpu for 30 epochs...

[06:34:22] w01: start objective; params=[{"desired_latent_size":13,"hl_s1":1419,"hl_s2":795,"hl_s3":497,"hl_s4":30,"drop_rate":0.0040402325314431147}]
[06:34:47] w01: Training network (Final=0) on gpu for 30 epochs...

[06:35:56] w01: start objective; params=[{"desired_latent_size":10,"hl_s1":1262,"hl_s2":619,"hl_s3":142,"hl_s4":100,"drop_rate":0.48556110789648704}]
[06:36:23] w01: Training network (Final=0) on gpu for 30 epochs...

[06:37:29] w01: start objective; params=[{"desired_latent_size":11,"hl_s1":1229,"hl_s2":647,"hl_s3":474,"hl_s4":30,"drop_rate":0.46938738628497195}]
[06:37:54] w01: Training network (Final=0) on gpu for 30 epochs...

[06:39:00] w01: start objective; params=[{"desired_latent_size":12,"hl_s1":1218,"hl_s2":691,"hl_s3":417,"hl_s4":60,"drop_rate":0.0033473974178344894}]
[06:39:26] w01: Training network (Final=0) on gpu for 30 epochs...

[06:40:33] w01: start objective; params=[{"desired_latent_size":11,"hl_s1":1788,"hl_s2":623,"hl_s3":467,"hl_s4":77,"drop_rate":7.94362012776251E-5}]
[06:41:00] w01: Training network (Final=0) on gpu for 30 epochs...

[06:42:05] w01: start objective; params=[{"desired_latent_size":14,"hl_s1":1020,"hl_s2":770,"hl_s3":331,"hl_s4":100,"drop_rate":0.0031977265325063842}]
[06:42:32] w01: Training network (Final=0) on gpu for 30 epochs...

[06:43:39] w01: start objective; params=[{"desired_latent_size":15,"hl_s1":1684,"hl_s2":649,"hl_s3":493,"hl_s4":60,"drop_rate":0.0098071521950338081}]
[06:44:04] w01: Training network (Final=0) on gpu for 30 epochs...

[06:45:12] w01: start objective; params=[{"desired_latent_size":12,"hl_s1":1977,"hl_s2":599,"hl_s3":236,"hl_s4":30,"drop_rate":0.0016474441693416497}]
[06:45:38] w01: Training network (Final=0) on gpu for 30 epochs...

[06:46:43] w01: start objective; params=[{"desired_latent_size":10,"hl_s1":1163,"hl_s2":689,"hl_s3":147,"hl_s4":70,"drop_rate":0.49902251548896409}]
[06:47:08] w01: Training network (Final=0) on gpu for 30 epochs...

[06:48:15] w01: start objective; params=[{"desired_latent_size":10,"hl_s1":1805,"hl_s2":947,"hl_s3":153,"hl_s4":30,"drop_rate":0.014557692366780169}]
[06:48:40] w01: Training network (Final=0) on gpu for 30 epochs...

[06:49:50] w01: start objective; params=[{"desired_latent_size":15,"hl_s1":1320,"hl_s2":676,"hl_s3":474,"hl_s4":30,"drop_rate":0.00080335626213002545}]
[06:50:15] w01: Training network (Final=0) on gpu for 30 epochs...

[06:51:22] w01: start objective; params=[{"desired_latent_size":12,"hl_s1":1063,"hl_s2":821,"hl_s3":385,"hl_s4":78,"drop_rate":0.25536558809797361}]
[06:51:48] w01: Training network (Final=0) on gpu for 30 epochs...

[06:52:53] w01: start objective; params=[{"desired_latent_size":14,"hl_s1":1743,"hl_s2":914,"hl_s3":178,"hl_s4":30,"drop_rate":0.00566084816589257}]
[06:53:19] w01: Training network (Final=0) on gpu for 30 epochs...

[06:54:23] w01: start objective; params=[{"desired_latent_size":13,"hl_s1":1123,"hl_s2":937,"hl_s3":282,"hl_s4":30,"drop_rate":0.23724035400676047}]
[06:54:49] w01: Training network (Final=0) on gpu for 30 epochs...

[06:55:56] w01: start objective; params=[{"desired_latent_size":10,"hl_s1":1129,"hl_s2":985,"hl_s3":175,"hl_s4":100,"drop_rate":0.22219031851155713}]
[06:56:22] w01: Training network (Final=0) on gpu for 30 epochs...

[06:57:29] w01: start objective; params=[{"desired_latent_size":11,"hl_s1":1413,"hl_s2":591,"hl_s3":145,"hl_s4":100,"drop_rate":0.0094754790842672687}]
[06:57:56] w01: Training network (Final=0) on gpu for 30 epochs...

[06:59:04] w01: start objective; params=[{"desired_latent_size":13,"hl_s1":1676,"hl_s2":938,"hl_s3":394,"hl_s4":100,"drop_rate":0.49815981506649276}]
[06:59:31] w01: Training network (Final=0) on gpu for 30 epochs...

[07:00:39] w01: start objective; params=[{"desired_latent_size":10,"hl_s1":1794,"hl_s2":673,"hl_s3":339,"hl_s4":57,"drop_rate":0.00052596520428105169}]
[07:01:06] w01: Training network (Final=0) on gpu for 30 epochs...

[07:02:14] w01: start objective; params=[{"desired_latent_size":15,"hl_s1":1936,"hl_s2":995,"hl_s3":196,"hl_s4":77,"drop_rate":0.22329928154755563}]
[07:02:41] w01: Training network (Final=0) on gpu for 30 epochs...

[07:03:50] w01: start objective; params=[{"desired_latent_size":11,"hl_s1":1524,"hl_s2":977,"hl_s3":424,"hl_s4":58,"drop_rate":0.19877787631368271}]
[07:04:15] w01: Training network (Final=0) on gpu for 30 epochs...

[07:05:25] w01: start objective; params=[{"desired_latent_size":15,"hl_s1":1723,"hl_s2":860,"hl_s3":177,"hl_s4":75,"drop_rate":0.218201667411153}]
[07:05:52] w01: Training network (Final=0) on gpu for 30 epochs...

[07:07:02] w01: start objective; params=[{"desired_latent_size":15,"hl_s1":1903,"hl_s2":562,"hl_s3":357,"hl_s4":100,"drop_rate":0.31417188213686603}]
[07:07:29] w01: Training network (Final=0) on gpu for 30 epochs...

[07:08:36] w01: start objective; params=[{"desired_latent_size":15,"hl_s1":1878,"hl_s2":839,"hl_s3":178,"hl_s4":75,"drop_rate":0.21845674113738395}]
[07:09:04] w01: Training network (Final=0) on gpu for 30 epochs...

[07:10:11] w01: start objective; params=[{"desired_latent_size":15,"hl_s1":1781,"hl_s2":906,"hl_s3":186,"hl_s4":80,"drop_rate":0.23853875407996128}]
[07:10:37] w01: Training network (Final=0) on gpu for 30 epochs...

[07:11:44] w01: start objective; params=[{"desired_latent_size":10,"hl_s1":1762,"hl_s2":645,"hl_s3":326,"hl_s4":32,"drop_rate":0.49994962691516742}]
[07:12:10] w01: Training network (Final=0) on gpu for 30 epochs...

[07:13:21] w01: start objective; params=[{"desired_latent_size":14,"hl_s1":1551,"hl_s2":825,"hl_s3":249,"hl_s4":100,"drop_rate":0.23539174201066237}]
[07:13:47] w01: Training network (Final=0) on gpu for 30 epochs...

[07:14:55] w01: start objective; params=[{"desired_latent_size":13,"hl_s1":1705,"hl_s2":670,"hl_s3":327,"hl_s4":100,"drop_rate":0.001151560195561935}]
[07:15:21] w01: Training network (Final=0) on gpu for 30 epochs...

[07:16:29] w01: start objective; params=[{"desired_latent_size":13,"hl_s1":1200,"hl_s2":804,"hl_s3":178,"hl_s4":54,"drop_rate":0.00057365356523549267}]
[07:16:55] w01: Training network (Final=0) on gpu for 30 epochs...

[07:18:02] w01: start objective; params=[{"desired_latent_size":11,"hl_s1":1322,"hl_s2":800,"hl_s3":191,"hl_s4":30,"drop_rate":0.22692687790615571}]
[07:18:29] w01: Training network (Final=0) on gpu for 30 epochs...

[07:19:37] w01: start objective; params=[{"desired_latent_size":13,"hl_s1":1462,"hl_s2":976,"hl_s3":343,"hl_s4":36,"drop_rate":0.017349257280994845}]
[07:20:03] w01: Training network (Final=0) on gpu for 30 epochs...

[07:21:11] w01: start objective; params=[{"desired_latent_size":12,"hl_s1":1082,"hl_s2":941,"hl_s3":282,"hl_s4":30,"drop_rate":0.21413418316690785}]
[07:21:38] w01: Training network (Final=0) on gpu for 30 epochs...

[07:22:46] w01: start objective; params=[{"desired_latent_size":10,"hl_s1":1600,"hl_s2":569,"hl_s3":168,"hl_s4":71,"drop_rate":0.25238437821224424}]
[07:23:12] w01: Training network (Final=0) on gpu for 30 epochs...

[07:24:22] w01: start objective; params=[{"desired_latent_size":15,"hl_s1":1246,"hl_s2":941,"hl_s3":140,"hl_s4":82,"drop_rate":0.0836300165958197}]
[07:24:49] w01: Training network (Final=0) on gpu for 30 epochs...

[07:26:00] w01: start objective; params=[{"desired_latent_size":13,"hl_s1":1300,"hl_s2":500,"hl_s3":154,"hl_s4":31,"drop_rate":0.22094025446780272}]
[07:26:27] w01: Training network (Final=0) on gpu for 30 epochs...

[07:27:39] w01: start objective; params=[{"desired_latent_size":15,"hl_s1":1590,"hl_s2":990,"hl_s3":193,"hl_s4":76,"drop_rate":0.19059207995205485}]
[07:28:06] w01: Training network (Final=0) on gpu for 30 epochs...

[07:29:17] w01: start objective; params=[{"desired_latent_size":14,"hl_s1":1996,"hl_s2":607,"hl_s3":111,"hl_s4":34,"drop_rate":0.48351880314844564}]
[07:29:43] w01: Training network (Final=0) on gpu for 30 epochs...

[07:30:52] w01: start objective; params=[{"desired_latent_size":15,"hl_s1":1158,"hl_s2":998,"hl_s3":128,"hl_s4":77,"drop_rate":0.263578968376078}]
[07:31:19] w01: Training network (Final=0) on gpu for 30 epochs...

[07:32:27] w01: start objective; params=[{"desired_latent_size":14,"hl_s1":1328,"hl_s2":505,"hl_s3":498,"hl_s4":71,"drop_rate":0.47620992992744887}]
[07:32:55] w01: Training network (Final=0) on gpu for 30 epochs...

[07:34:08] w01: start objective; params=[{"desired_latent_size":15,"hl_s1":1775,"hl_s2":984,"hl_s3":269,"hl_s4":75,"drop_rate":0.20673957327254455}]
[07:34:35] w01: Training network (Final=0) on gpu for 30 epochs...

[07:35:42] w01: start objective; params=[{"desired_latent_size":14,"hl_s1":1603,"hl_s2":501,"hl_s3":487,"hl_s4":41,"drop_rate":0.024303716611677462}]
[07:36:09] w01: Training network (Final=0) on gpu for 30 epochs...

[07:37:21] w01: start objective; params=[{"desired_latent_size":12,"hl_s1":1598,"hl_s2":509,"hl_s3":155,"hl_s4":97,"drop_rate":0.068504138315095026}]
[07:37:49] w01: Training network (Final=0) on gpu for 30 epochs...

[07:38:57] w01: start objective; params=[{"desired_latent_size":14,"hl_s1":1218,"hl_s2":500,"hl_s3":151,"hl_s4":98,"drop_rate":0.16324573525351593}]
[07:39:24] w01: Training network (Final=0) on gpu for 30 epochs...

[07:40:33] w01: start objective; params=[{"desired_latent_size":12,"hl_s1":1031,"hl_s2":501,"hl_s3":494,"hl_s4":51,"drop_rate":0.48406353324506535}]
[07:41:00] w01: Training network (Final=0) on gpu for 30 epochs...

[07:42:07] w01: start objective; params=[{"desired_latent_size":13,"hl_s1":1125,"hl_s2":999,"hl_s3":342,"hl_s4":93,"drop_rate":0.00232296652703933}]
[07:42:35] w01: Training network (Final=0) on gpu for 30 epochs...

[07:43:46] w01: start objective; params=[{"desired_latent_size":15,"hl_s1":1286,"hl_s2":511,"hl_s3":112,"hl_s4":31,"drop_rate":0.47767751696212968}]
[07:44:14] w01: Training network (Final=0) on gpu for 30 epochs...

[07:45:24] w01: start objective; params=[{"desired_latent_size":10,"hl_s1":1335,"hl_s2":997,"hl_s3":490,"hl_s4":34,"drop_rate":0.45304088425473754}]
[07:45:52] w01: Training network (Final=0) on gpu for 30 epochs...

[07:47:03] w01: start objective; params=[{"desired_latent_size":15,"hl_s1":1366,"hl_s2":977,"hl_s3":266,"hl_s4":73,"drop_rate":0.23670174519095588}]
[07:47:31] w01: Training network (Final=0) on gpu for 30 epochs...

[07:48:39] w01: start objective; params=[{"desired_latent_size":12,"hl_s1":1898,"hl_s2":502,"hl_s3":469,"hl_s4":95,"drop_rate":0.48107511535595537}]
[07:49:07] w01: Training network (Final=0) on gpu for 30 epochs...

[07:50:18] w01: start objective; params=[{"desired_latent_size":11,"hl_s1":1320,"hl_s2":527,"hl_s3":441,"hl_s4":100,"drop_rate":0.49089166768276771}]
[07:50:45] w01: Training network (Final=0) on gpu for 30 epochs...

[07:51:53] w01: start objective; params=[{"desired_latent_size":10,"hl_s1":1806,"hl_s2":512,"hl_s3":427,"hl_s4":100,"drop_rate":0.063528991661351342}]
[07:52:21] w01: Training network (Final=0) on gpu for 30 epochs...

[07:53:33] w01: start objective; params=[{"desired_latent_size":15,"hl_s1":1184,"hl_s2":977,"hl_s3":495,"hl_s4":99,"drop_rate":0.49763211413664}]
[07:54:01] w01: Training network (Final=0) on gpu for 30 epochs...

[07:55:11] w01: start objective; params=[{"desired_latent_size":13,"hl_s1":1337,"hl_s2":508,"hl_s3":147,"hl_s4":63,"drop_rate":0.49489948045167553}]
[07:55:40] w01: Training network (Final=0) on gpu for 30 epochs...

[07:56:49] w01: start objective; params=[{"desired_latent_size":15,"hl_s1":1705,"hl_s2":973,"hl_s3":132,"hl_s4":77,"drop_rate":0.15502119240578016}]
[07:57:18] w01: Training network (Final=0) on gpu for 30 epochs...

[07:58:30] w01: start objective; params=[{"desired_latent_size":11,"hl_s1":1896,"hl_s2":982,"hl_s3":222,"hl_s4":99,"drop_rate":0.0051564061741265679}]
[07:58:57] w01: Training network (Final=0) on gpu for 30 epochs...

[08:00:04] w01: start objective; params=[{"desired_latent_size":10,"hl_s1":1485,"hl_s2":997,"hl_s3":436,"hl_s4":70,"drop_rate":0.47629421991784621}]
[08:00:31] w01: Training network (Final=0) on gpu for 30 epochs...

[08:01:38] w01: start objective; params=[{"desired_latent_size":13,"hl_s1":1876,"hl_s2":649,"hl_s3":495,"hl_s4":33,"drop_rate":0.48878123306774024}]
[08:02:05] w01: Training network (Final=0) on gpu for 30 epochs...

[08:03:15] w01: start objective; params=[{"desired_latent_size":15,"hl_s1":1848,"hl_s2":993,"hl_s3":125,"hl_s4":34,"drop_rate":0.00972856790648912}]
[08:03:42] w01: Training network (Final=0) on gpu for 30 epochs...

[08:04:49] w01: start objective; params=[{"desired_latent_size":15,"hl_s1":1909,"hl_s2":538,"hl_s3":237,"hl_s4":99,"drop_rate":0.0055766800078425015}]
[08:06:19] w01: start objective; params=[{"desired_latent_size":11,"hl_s1":1456,"hl_s2":852,"hl_s3":154,"hl_s4":90,"drop_rate":0.469777101875319}]
[08:06:47] w01: Training network (Final=0) on gpu for 30 epochs...

[08:08:00] w01: start objective; params=[{"desired_latent_size":13,"hl_s1":1692,"hl_s2":967,"hl_s3":500,"hl_s4":73,"drop_rate":0.14377834089258723}]
[08:08:28] w01: Training network (Final=0) on gpu for 30 epochs...

[08:09:38] w01: start objective; params=[{"desired_latent_size":11,"hl_s1":1998,"hl_s2":865,"hl_s3":248,"hl_s4":42,"drop_rate":0.12103369033293765}]
[08:10:05] w01: Training network (Final=0) on gpu for 30 epochs...

[08:11:16] w01: start objective; params=[{"desired_latent_size":11,"hl_s1":1726,"hl_s2":938,"hl_s3":106,"hl_s4":54,"drop_rate":0.4608147208479626}]
[08:11:44] w01: Training network (Final=0) on gpu for 30 epochs...

[08:12:57] w01: start objective; params=[{"desired_latent_size":12,"hl_s1":1083,"hl_s2":999,"hl_s3":499,"hl_s4":31,"drop_rate":0.18393056285970349}]
[08:13:24] w01: Training network (Final=0) on gpu for 30 epochs...

[08:14:36] w01: start objective; params=[{"desired_latent_size":14,"hl_s1":1996,"hl_s2":886,"hl_s3":104,"hl_s4":37,"drop_rate":0.31683310125059355}]
[08:15:04] w01: Training network (Final=0) on gpu for 30 epochs...

[08:16:12] w01: start objective; params=[{"desired_latent_size":10,"hl_s1":1260,"hl_s2":973,"hl_s3":250,"hl_s4":30,"drop_rate":0.086003326709835515}]
[08:16:39] w01: Training network (Final=0) on gpu for 30 epochs...

[08:17:50] w01: start objective; params=[{"desired_latent_size":11,"hl_s1":1365,"hl_s2":512,"hl_s3":496,"hl_s4":35,"drop_rate":0.413598120756308}]
[08:18:17] w01: Training network (Final=0) on gpu for 30 epochs...

[08:19:26] w01: start objective; params=[{"desired_latent_size":11,"hl_s1":1310,"hl_s2":989,"hl_s3":317,"hl_s4":34,"drop_rate":0.00087882138304851143}]
[08:19:54] w01: Training network (Final=0) on gpu for 30 epochs...

[08:21:02] w01: start objective; params=[{"desired_latent_size":11,"hl_s1":1991,"hl_s2":872,"hl_s3":274,"hl_s4":43,"drop_rate":0.11918896942802731}]
[08:21:30] w01: Training network (Final=0) on gpu for 30 epochs...

[08:22:39] w01: start objective; params=[{"desired_latent_size":11,"hl_s1":1756,"hl_s2":993,"hl_s3":256,"hl_s4":55,"drop_rate":0.10147078104667463}]
[08:23:07] w01: Training network (Final=0) on gpu for 30 epochs...

[08:24:17] w01: start objective; params=[{"desired_latent_size":12,"hl_s1":1983,"hl_s2":924,"hl_s3":242,"hl_s4":35,"drop_rate":0.095702454249090727}]
[08:24:45] w01: Training network (Final=0) on gpu for 30 epochs...

[08:25:55] w01: start objective; params=[{"desired_latent_size":12,"hl_s1":1943,"hl_s2":864,"hl_s3":456,"hl_s4":60,"drop_rate":0.12383630261087605}]
[08:26:23] w01: Training network (Final=0) on gpu for 30 epochs...

[08:27:35] w01: start objective; params=[{"desired_latent_size":14,"hl_s1":1121,"hl_s2":778,"hl_s3":313,"hl_s4":39,"drop_rate":0.17119623043681115}]
[08:28:02] w01: Training network (Final=0) on gpu for 30 epochs...

[08:29:17] w01: start objective; params=[{"desired_latent_size":15,"hl_s1":1020,"hl_s2":685,"hl_s3":226,"hl_s4":30,"drop_rate":0.23153029904616362}]
[08:29:47] w01: Training network (Final=0) on gpu for 30 epochs...

[08:31:00] w01: start objective; params=[{"desired_latent_size":12,"hl_s1":1082,"hl_s2":731,"hl_s3":204,"hl_s4":99,"drop_rate":0.13635597461203797}]
[08:31:29] w01: Training network (Final=0) on gpu for 30 epochs...

[08:32:40] w01: start objective; params=[{"desired_latent_size":14,"hl_s1":1960,"hl_s2":946,"hl_s3":364,"hl_s4":36,"drop_rate":0.11646840832290462}]
[08:33:09] w01: Training network (Final=0) on gpu for 30 epochs...

[08:34:18] w01: start objective; params=[{"desired_latent_size":11,"hl_s1":1978,"hl_s2":621,"hl_s3":320,"hl_s4":48,"drop_rate":0.093641674421253568}]
[08:34:46] w01: Training network (Final=0) on gpu for 30 epochs...

[08:35:58] w01: start objective; params=[{"desired_latent_size":11,"hl_s1":1962,"hl_s2":897,"hl_s3":154,"hl_s4":34,"drop_rate":0.094168250309176721}]
[08:36:26] w01: Training network (Final=0) on gpu for 30 epochs...

[08:37:37] w01: start objective; params=[{"desired_latent_size":12,"hl_s1":1994,"hl_s2":873,"hl_s3":282,"hl_s4":35,"drop_rate":0.076233181988073329}]
[08:38:04] w01: Training network (Final=0) on gpu for 30 epochs...

[08:39:16] w01: start objective; params=[{"desired_latent_size":12,"hl_s1":1997,"hl_s2":804,"hl_s3":409,"hl_s4":34,"drop_rate":0.10621707154688041}]
[08:39:46] w01: Training network (Final=0) on gpu for 30 epochs...

[08:40:56] w01: start objective; params=[{"desired_latent_size":11,"hl_s1":1985,"hl_s2":913,"hl_s3":479,"hl_s4":56,"drop_rate":0.12067547407479592}]
[08:41:24] w01: Training network (Final=0) on gpu for 30 epochs...

[08:42:33] w01: start objective; params=[{"desired_latent_size":11,"hl_s1":1987,"hl_s2":901,"hl_s3":154,"hl_s4":74,"drop_rate":0.11448333018843565}]
[08:43:01] w01: Training network (Final=0) on gpu for 30 epochs...

[08:44:14] w01: start objective; params=[{"desired_latent_size":11,"hl_s1":1983,"hl_s2":937,"hl_s3":334,"hl_s4":47,"drop_rate":0.12252603167600806}]
[08:44:42] w01: Training network (Final=0) on gpu for 30 epochs...

[08:45:55] w01: start objective; params=[{"desired_latent_size":14,"hl_s1":1142,"hl_s2":774,"hl_s3":274,"hl_s4":41,"drop_rate":0.094950756656630719}]
[08:46:24] w01: Training network (Final=0) on gpu for 30 epochs...

[08:47:34] w01: start objective; params=[{"desired_latent_size":11,"hl_s1":1023,"hl_s2":901,"hl_s3":253,"hl_s4":42,"drop_rate":0.4165277110261007}]
[08:48:02] w01: Training network (Final=0) on gpu for 30 epochs...

[08:49:13] w01: start objective; params=[{"desired_latent_size":14,"hl_s1":1481,"hl_s2":896,"hl_s3":262,"hl_s4":43,"drop_rate":0.11316861464753138}]
[08:49:41] w01: Training network (Final=0) on gpu for 30 epochs...

[08:50:55] w01: start objective; params=[{"desired_latent_size":10,"hl_s1":1598,"hl_s2":884,"hl_s3":265,"hl_s4":42,"drop_rate":0.17249909462991442}]
[08:51:23] w01: Training network (Final=0) on gpu for 30 epochs...

[08:52:35] w01: start objective; params=[{"desired_latent_size":13,"hl_s1":1980,"hl_s2":867,"hl_s3":264,"hl_s4":45,"drop_rate":0.17835672282188314}]
[08:53:04] w01: Training network (Final=0) on gpu for 30 epochs...

[08:54:17] w01: start objective; params=[{"desired_latent_size":11,"hl_s1":1955,"hl_s2":882,"hl_s3":261,"hl_s4":39,"drop_rate":0.3358448877531649}]
[08:54:46] w01: Training network (Final=0) on gpu for 30 epochs...

[08:55:59] w01: start objective; params=[{"desired_latent_size":11,"hl_s1":1957,"hl_s2":964,"hl_s3":264,"hl_s4":42,"drop_rate":0.013820118216775066}]
[08:56:28] w01: Training network (Final=0) on gpu for 30 epochs...

[08:57:40] w01: start objective; params=[{"desired_latent_size":11,"hl_s1":1132,"hl_s2":849,"hl_s3":279,"hl_s4":33,"drop_rate":0.0077949307063621687}]
[08:58:08] w01: Training network (Final=0) on gpu for 30 epochs...

[08:59:20] w01: start objective; params=[{"desired_latent_size":11,"hl_s1":1052,"hl_s2":896,"hl_s3":496,"hl_s4":61,"drop_rate":0.19383210779268456}]
[08:59:48] w01: Training network (Final=0) on gpu for 30 epochs...

[09:01:01] w01: start objective; params=[{"desired_latent_size":11,"hl_s1":1938,"hl_s2":850,"hl_s3":276,"hl_s4":73,"drop_rate":0.09414895210269647}]
[09:01:30] w01: Training network (Final=0) on gpu for 30 epochs...

[09:02:45] w01: start objective; params=[{"desired_latent_size":11,"hl_s1":1751,"hl_s2":860,"hl_s3":274,"hl_s4":44,"drop_rate":0.17539327545678463}]
[09:03:13] w01: Training network (Final=0) on gpu for 30 epochs...

[09:04:28] w01: start objective; params=[{"desired_latent_size":11,"hl_s1":1976,"hl_s2":864,"hl_s3":252,"hl_s4":33,"drop_rate":0.038577452331459955}]
[09:04:56] w01: Training network (Final=0) on gpu for 30 epochs...

[09:06:11] w01: start objective; params=[{"desired_latent_size":10,"hl_s1":1995,"hl_s2":678,"hl_s3":498,"hl_s4":50,"drop_rate":0.11179825537541217}]
[09:06:39] w01: Training network (Final=0) on gpu for 30 epochs...

[09:07:53] w01: start objective; params=[{"desired_latent_size":13,"hl_s1":1959,"hl_s2":959,"hl_s3":258,"hl_s4":45,"drop_rate":0.11699713546551921}]
[09:08:22] w01: Training network (Final=0) on gpu for 30 epochs...

[09:09:39] w01: start objective; params=[{"desired_latent_size":15,"hl_s1":1988,"hl_s2":937,"hl_s3":256,"hl_s4":47,"drop_rate":0.11838972954570381}]
[09:10:09] w01: Training network (Final=0) on gpu for 30 epochs...

[09:11:23] w01: start objective; params=[{"desired_latent_size":12,"hl_s1":1985,"hl_s2":912,"hl_s3":238,"hl_s4":35,"drop_rate":0.095942621973967}]
[09:11:53] w01: Training network (Final=0) on gpu for 30 epochs...

[09:13:10] w01: start objective; params=[{"desired_latent_size":13,"hl_s1":1984,"hl_s2":833,"hl_s3":485,"hl_s4":86,"drop_rate":0.12755596127039293}]
[09:13:40] w01: Training network (Final=0) on gpu for 30 epochs...

[09:14:58] w01: start objective; params=[{"desired_latent_size":11,"hl_s1":1952,"hl_s2":844,"hl_s3":479,"hl_s4":62,"drop_rate":0.10196216361622298}]
[09:15:27] w01: Training network (Final=0) on gpu for 30 epochs...

[09:16:43] w01: start objective; params=[{"desired_latent_size":10,"hl_s1":1921,"hl_s2":876,"hl_s3":496,"hl_s4":38,"drop_rate":0.1802827309016779}]
[09:17:14] w01: Training network (Final=0) on gpu for 30 epochs...

[09:18:32] w01: start objective; params=[{"desired_latent_size":11,"hl_s1":1906,"hl_s2":852,"hl_s3":213,"hl_s4":38,"drop_rate":0.159876227303952}]
[09:19:39] w01: Training network (Final=0) on gpu for 30 epochs...

[09:22:29] w01: start objective; params=[{"desired_latent_size":12,"hl_s1":1074,"hl_s2":990,"hl_s3":498,"hl_s4":35,"drop_rate":0.21951292695561103}]
[09:23:33] w01: Training network (Final=0) on gpu for 30 epochs...

[09:26:33] w01: start objective; params=[{"desired_latent_size":12,"hl_s1":1061,"hl_s2":953,"hl_s3":486,"hl_s4":33,"drop_rate":0.202957604292815}]
[09:27:44] w01: Training network (Final=0) on gpu for 30 epochs...

[09:30:40] w01: start objective; params=[{"desired_latent_size":14,"hl_s1":1949,"hl_s2":841,"hl_s3":366,"hl_s4":89,"drop_rate":0.42232017545582984}]
[09:31:44] w01: Training network (Final=0) on gpu for 30 epochs...

[09:34:40] w01: start objective; params=[{"desired_latent_size":13,"hl_s1":1835,"hl_s2":613,"hl_s3":296,"hl_s4":56,"drop_rate":0.060787968269715165}]
[09:35:48] w01: Training network (Final=0) on gpu for 30 epochs...

[09:38:41] w01: start objective; params=[{"desired_latent_size":11,"hl_s1":1920,"hl_s2":758,"hl_s3":468,"hl_s4":83,"drop_rate":0.42484041710637582}]
[09:39:47] w01: Training network (Final=0) on gpu for 30 epochs...

[09:42:37] w01: start objective; params=[{"desired_latent_size":12,"hl_s1":1010,"hl_s2":975,"hl_s3":500,"hl_s4":32,"drop_rate":0.14432555428621463}]
[09:43:36] w01: Training network (Final=0) on gpu for 30 epochs...

[09:46:21] w01: start objective; params=[{"desired_latent_size":12,"hl_s1":1827,"hl_s2":941,"hl_s3":439,"hl_s4":76,"drop_rate":0.096508242937403232}]
[09:47:23] w01: Training network (Final=0) on gpu for 30 epochs...

[09:50:08] w01: start objective; params=[{"desired_latent_size":14,"hl_s1":1181,"hl_s2":612,"hl_s3":400,"hl_s4":30,"drop_rate":0.436459830859256}]
[09:51:07] w01: Training network (Final=0) on gpu for 30 epochs...

[09:53:58] w01: start objective; params=[{"desired_latent_size":11,"hl_s1":1823,"hl_s2":505,"hl_s3":495,"hl_s4":31,"drop_rate":0.19513080416637241}]
[09:54:58] w01: Training network (Final=0) on gpu for 30 epochs...

[09:57:34] w01: start objective; params=[{"desired_latent_size":11,"hl_s1":1879,"hl_s2":567,"hl_s3":499,"hl_s4":43,"drop_rate":0.16922172460152324}]
[09:58:32] w01: Training network (Final=0) on gpu for 30 epochs...

[10:01:08] w01: start objective; params=[{"desired_latent_size":10,"hl_s1":1079,"hl_s2":501,"hl_s3":466,"hl_s4":38,"drop_rate":0.021244366624311534}]
[10:02:07] w01: Training network (Final=0) on gpu for 30 epochs...

[10:04:54] w01: start objective; params=[{"desired_latent_size":10,"hl_s1":1599,"hl_s2":517,"hl_s3":351,"hl_s4":32,"drop_rate":0.46277906012036324}]
[10:05:55] w01: Training network (Final=0) on gpu for 30 epochs...

[10:08:32] w01: start objective; params=[{"desired_latent_size":10,"hl_s1":1983,"hl_s2":641,"hl_s3":451,"hl_s4":30,"drop_rate":0.49125208542992177}]
[10:09:29] w01: Training network (Final=0) on gpu for 30 epochs...

[10:12:08] w01: start objective; params=[{"desired_latent_size":13,"hl_s1":1056,"hl_s2":992,"hl_s3":465,"hl_s4":31,"drop_rate":0.19148206126874884}]
[10:13:07] w01: Training network (Final=0) on gpu for 30 epochs...

[10:15:51] w01: start objective; params=[{"desired_latent_size":12,"hl_s1":1538,"hl_s2":520,"hl_s3":432,"hl_s4":31,"drop_rate":0.1527947078735159}]
[10:16:53] w01: Training network (Final=0) on gpu for 30 epochs...

[10:19:34] w01: start objective; params=[{"desired_latent_size":15,"hl_s1":1966,"hl_s2":941,"hl_s3":343,"hl_s4":100,"drop_rate":0.007014816974900584}]
[10:20:38] w01: Training network (Final=0) on gpu for 30 epochs...

[10:23:29] w01: start objective; params=[{"desired_latent_size":14,"hl_s1":1385,"hl_s2":990,"hl_s3":330,"hl_s4":31,"drop_rate":0.42424015938956849}]
[10:24:36] w01: Training network (Final=0) on gpu for 30 epochs...

[10:27:41] w01: start objective; params=[{"desired_latent_size":10,"hl_s1":1040,"hl_s2":548,"hl_s3":475,"hl_s4":86,"drop_rate":0.47742357128094071}]
[10:28:44] w01: Training network (Final=0) on gpu for 30 epochs...

[10:31:49] w01: start objective; params=[{"desired_latent_size":13,"hl_s1":1063,"hl_s2":980,"hl_s3":476,"hl_s4":38,"drop_rate":0.23518605923798441}]
[10:32:55] w01: Training network (Final=0) on gpu for 30 epochs...

[10:35:38] w01: start objective; params=[{"desired_latent_size":10,"hl_s1":1983,"hl_s2":984,"hl_s3":378,"hl_s4":92,"drop_rate":0.37586048874593669}]
[10:36:42] w01: Training network (Final=0) on gpu for 30 epochs...

[10:39:31] w01: start objective; params=[{"desired_latent_size":15,"hl_s1":1949,"hl_s2":520,"hl_s3":119,"hl_s4":100,"drop_rate":0.48025487643856479}]
[10:40:31] w01: Training network (Final=0) on gpu for 30 epochs...

[10:43:17] w01: start objective; params=[{"desired_latent_size":10,"hl_s1":1185,"hl_s2":502,"hl_s3":165,"hl_s4":31,"drop_rate":0.464915578382014}]
[10:44:19] w01: Training network (Final=0) on gpu for 30 epochs...

[10:47:05] w01: start objective; params=[{"desired_latent_size":10,"hl_s1":1998,"hl_s2":510,"hl_s3":165,"hl_s4":94,"drop_rate":0.40596267680258091}]
[10:48:05] w01: Training network (Final=0) on gpu for 30 epochs...

[10:50:47] w01: start objective; params=[{"desired_latent_size":12,"hl_s1":1012,"hl_s2":979,"hl_s3":445,"hl_s4":33,"drop_rate":0.15042820761264147}]
[10:51:48] w01: Training network (Final=0) on gpu for 30 epochs...

[10:54:33] w01: start objective; params=[{"desired_latent_size":12,"hl_s1":1081,"hl_s2":637,"hl_s3":455,"hl_s4":60,"drop_rate":0.18141084186456313}]
[10:55:37] w01: Training network (Final=0) on gpu for 30 epochs...

[10:58:18] w01: start objective; params=[{"desired_latent_size":11,"hl_s1":1996,"hl_s2":626,"hl_s3":483,"hl_s4":33,"drop_rate":0.12839111821256111}]
[10:59:20] w01: Training network (Final=0) on gpu for 30 epochs...

[11:02:03] w01: start objective; params=[{"desired_latent_size":10,"hl_s1":1996,"hl_s2":589,"hl_s3":256,"hl_s4":43,"drop_rate":0.10895832636365888}]
[11:03:06] w01: Training network (Final=0) on gpu for 30 epochs...

[11:05:55] w01: start objective; params=[{"desired_latent_size":15,"hl_s1":1061,"hl_s2":767,"hl_s3":460,"hl_s4":31,"drop_rate":0.165892045802669}]
[11:06:59] w01: Training network (Final=0) on gpu for 30 epochs...

[11:09:50] w01: start objective; params=[{"desired_latent_size":14,"hl_s1":1039,"hl_s2":820,"hl_s3":496,"hl_s4":32,"drop_rate":0.10735478571751939}]
[11:10:55] w01: Training network (Final=0) on gpu for 30 epochs...

[11:13:47] w01: start objective; params=[{"desired_latent_size":15,"hl_s1":1827,"hl_s2":505,"hl_s3":153,"hl_s4":100,"drop_rate":0.047497081724982571}]
[11:14:48] w01: Training network (Final=0) on gpu for 30 epochs...

[11:17:35] w01: start objective; params=[{"desired_latent_size":15,"hl_s1":1146,"hl_s2":508,"hl_s3":486,"hl_s4":90,"drop_rate":0.32219820254905218}]
[11:18:37] w01: Training network (Final=0) on gpu for 30 epochs...

[11:21:27] w01: start objective; params=[{"desired_latent_size":11,"hl_s1":1061,"hl_s2":966,"hl_s3":460,"hl_s4":31,"drop_rate":0.22221647479691753}]
[11:22:27] w01: Training network (Final=0) on gpu for 30 epochs...

[11:25:13] w01: start objective; params=[{"desired_latent_size":15,"hl_s1":1967,"hl_s2":502,"hl_s3":497,"hl_s4":98,"drop_rate":0.48680506920805172}]
[11:26:16] w01: Training network (Final=0) on gpu for 30 epochs...

[11:29:05] w01: start objective; params=[{"desired_latent_size":15,"hl_s1":1120,"hl_s2":514,"hl_s3":124,"hl_s4":99,"drop_rate":0.49631494853220237}]
[11:30:10] w01: Training network (Final=0) on gpu for 30 epochs...

[11:33:01] w01: start objective; params=[{"desired_latent_size":10,"hl_s1":1003,"hl_s2":647,"hl_s3":116,"hl_s4":32,"drop_rate":0.012924886646013729}]
[11:34:03] w01: Training network (Final=0) on gpu for 30 epochs...

[11:36:51] w01: start objective; params=[{"desired_latent_size":10,"hl_s1":1003,"hl_s2":522,"hl_s3":496,"hl_s4":97,"drop_rate":0.0017867555448023984}]
[11:37:52] w01: Training network (Final=0) on gpu for 30 epochs...

[11:40:42] w01: start objective; params=[{"desired_latent_size":15,"hl_s1":1053,"hl_s2":505,"hl_s3":419,"hl_s4":95,"drop_rate":0.017650585072674779}]
[11:41:48] w01: Training network (Final=0) on gpu for 30 epochs...

[11:44:38] w01: start objective; params=[{"desired_latent_size":15,"hl_s1":1955,"hl_s2":504,"hl_s3":109,"hl_s4":32,"drop_rate":0.47993983273940355}]
[11:45:39] w01: Training network (Final=0) on gpu for 30 epochs...

[11:48:36] w01: start objective; params=[{"desired_latent_size":15,"hl_s1":1004,"hl_s2":966,"hl_s3":419,"hl_s4":99,"drop_rate":0.49185957682859216}]
[11:49:43] w01: Training network (Final=0) on gpu for 30 epochs...

[11:52:36] w01: start objective; params=[{"desired_latent_size":10,"hl_s1":1500,"hl_s2":502,"hl_s3":119,"hl_s4":82,"drop_rate":0.037233450556007908}]
[11:53:42] w01: Training network (Final=0) on gpu for 30 epochs...

[11:56:33] w01: start objective; params=[{"desired_latent_size":11,"hl_s1":1029,"hl_s2":517,"hl_s3":484,"hl_s4":90,"drop_rate":0.0052049851626362505}]
[11:57:43] w01: Training network (Final=0) on gpu for 30 epochs...

[12:00:32] w01: start objective; params=[{"desired_latent_size":12,"hl_s1":1133,"hl_s2":998,"hl_s3":471,"hl_s4":33,"drop_rate":0.19830296448280205}]
[12:01:37] w01: Training network (Final=0) on gpu for 30 epochs...

[12:04:25] w01: start objective; params=[{"desired_latent_size":10,"hl_s1":1112,"hl_s2":870,"hl_s3":489,"hl_s4":35,"drop_rate":0.1979964188932532}]
[12:05:29] w01: Training network (Final=0) on gpu for 30 epochs...

[12:08:24] w01: start objective; params=[{"desired_latent_size":14,"hl_s1":1061,"hl_s2":946,"hl_s3":456,"hl_s4":84,"drop_rate":0.17849305911598112}]
[12:09:27] w01: Training network (Final=0) on gpu for 30 epochs...

[12:12:20] w01: start objective; params=[{"desired_latent_size":11,"hl_s1":1132,"hl_s2":975,"hl_s3":450,"hl_s4":32,"drop_rate":0.19793942662460878}]
[12:13:24] w01: Training network (Final=0) on gpu for 30 epochs...

[12:16:09] w01: start objective; params=[{"desired_latent_size":14,"hl_s1":1068,"hl_s2":583,"hl_s3":468,"hl_s4":31,"drop_rate":0.17408802295666104}]
[12:17:13] w01: Training network (Final=0) on gpu for 30 epochs...

[12:20:01] w01: start objective; params=[{"desired_latent_size":11,"hl_s1":1068,"hl_s2":944,"hl_s3":469,"hl_s4":39,"drop_rate":0.1801531688671304}]
[12:21:07] w01: Training network (Final=0) on gpu for 30 epochs...

[12:23:49] w01: start objective; params=[{"desired_latent_size":11,"hl_s1":1964,"hl_s2":911,"hl_s3":180,"hl_s4":56,"drop_rate":0.15607149478315024}]
[12:24:52] w01: Training network (Final=0) on gpu for 30 epochs...

[12:27:33] w01: start objective; params=[{"desired_latent_size":13,"hl_s1":1086,"hl_s2":996,"hl_s3":345,"hl_s4":33,"drop_rate":0.20842422381996584}]
[12:28:36] w01: Training network (Final=0) on gpu for 30 epochs...

[12:31:25] w01: start objective; params=[{"desired_latent_size":13,"hl_s1":1146,"hl_s2":987,"hl_s3":432,"hl_s4":31,"drop_rate":0.23480610003912461}]
[12:32:27] w01: Training network (Final=0) on gpu for 30 epochs...

[12:35:14] w01: start objective; params=[{"desired_latent_size":12,"hl_s1":1030,"hl_s2":1000,"hl_s3":488,"hl_s4":40,"drop_rate":0.16129773873295794}]
[12:36:16] w01: Training network (Final=0) on gpu for 30 epochs...

[12:39:03] w01: start objective; params=[{"desired_latent_size":14,"hl_s1":1213,"hl_s2":864,"hl_s3":200,"hl_s4":44,"drop_rate":0.40392430442272365}]
[12:40:06] w01: Training network (Final=0) on gpu for 30 epochs...

[12:42:52] w01: start objective; params=[{"desired_latent_size":11,"hl_s1":1072,"hl_s2":783,"hl_s3":433,"hl_s4":49,"drop_rate":0.49565017551405566}]
[12:43:53] w01: Training network (Final=0) on gpu for 30 epochs...

[12:46:36] w01: start objective; params=[{"desired_latent_size":15,"hl_s1":1971,"hl_s2":506,"hl_s3":106,"hl_s4":54,"drop_rate":0.47796454690066614}]
[12:47:38] w01: Training network (Final=0) on gpu for 30 epochs...

[12:50:25] w01: start objective; params=[{"desired_latent_size":14,"hl_s1":1116,"hl_s2":623,"hl_s3":215,"hl_s4":63,"drop_rate":0.35153394807259486}]
[12:51:28] w01: Training network (Final=0) on gpu for 30 epochs...

[12:54:13] w01: start objective; params=[{"desired_latent_size":14,"hl_s1":1882,"hl_s2":814,"hl_s3":228,"hl_s4":75,"drop_rate":0.41344325088817191}]
[12:55:18] w01: Training network (Final=0) on gpu for 30 epochs...

[13:03:35] w01: start objective; params=[{"desired_latent_size":11,"hl_s1":1091,"hl_s2":726,"hl_s3":458,"hl_s4":57,"drop_rate":0.055173710100165807}]
[13:04:42] w01: Training network (Final=0) on gpu for 30 epochs...

[13:07:35] w01: start objective; params=[{"desired_latent_size":10,"hl_s1":1837,"hl_s2":992,"hl_s3":197,"hl_s4":67,"drop_rate":0.108081057108603}]
[13:08:43] w01: Training network (Final=0) on gpu for 30 epochs...

[13:11:38] w01: start objective; params=[{"desired_latent_size":14,"hl_s1":1878,"hl_s2":655,"hl_s3":329,"hl_s4":40,"drop_rate":0.40452769131666094}]
[13:12:47] w01: Training network (Final=0) on gpu for 30 epochs...

[13:15:38] w01: start objective; params=[{"desired_latent_size":13,"hl_s1":1400,"hl_s2":893,"hl_s3":322,"hl_s4":64,"drop_rate":0.10064030309167993}]
[13:16:43] w01: Training network (Final=0) on gpu for 30 epochs...

[13:19:29] w01: start objective; params=[{"desired_latent_size":13,"hl_s1":1410,"hl_s2":890,"hl_s3":332,"hl_s4":61,"drop_rate":0.034024536404814294}]
[13:20:34] w01: Training network (Final=0) on gpu for 30 epochs...

[13:23:20] w01: start objective; params=[{"desired_latent_size":11,"hl_s1":1054,"hl_s2":731,"hl_s3":416,"hl_s4":91,"drop_rate":0.092497091157174638}]
[13:24:24] w01: Training network (Final=0) on gpu for 30 epochs...

[13:27:15] w01: start objective; params=[{"desired_latent_size":14,"hl_s1":1459,"hl_s2":970,"hl_s3":466,"hl_s4":58,"drop_rate":0.10101836837774048}]
[13:28:19] w01: Training network (Final=0) on gpu for 30 epochs...

[13:31:14] w01: start objective; params=[{"desired_latent_size":11,"hl_s1":1250,"hl_s2":907,"hl_s3":277,"hl_s4":66,"drop_rate":0.094430328889887977}]
[13:32:18] w01: Training network (Final=0) on gpu for 30 epochs...

[13:35:12] w01: start objective; params=[{"desired_latent_size":13,"hl_s1":1870,"hl_s2":882,"hl_s3":263,"hl_s4":34,"drop_rate":0.088569817541732015}]
[13:36:20] w01: Training network (Final=0) on gpu for 30 epochs...

[13:39:25] w01: start objective; params=[{"desired_latent_size":11,"hl_s1":1184,"hl_s2":710,"hl_s3":335,"hl_s4":66,"drop_rate":0.090136888297134274}]
[13:40:34] w01: Training network (Final=0) on gpu for 30 epochs...

[13:43:36] w01: start objective; params=[{"desired_latent_size":11,"hl_s1":1177,"hl_s2":906,"hl_s3":238,"hl_s4":69,"drop_rate":0.11216904420848842}]
[13:44:46] w01: Training network (Final=0) on gpu for 30 epochs...

[13:48:02] w01: start objective; params=[{"desired_latent_size":10,"hl_s1":1402,"hl_s2":953,"hl_s3":319,"hl_s4":56,"drop_rate":0.0976054177120168}]
[13:49:20] w01: Training network (Final=0) on gpu for 30 epochs...

[13:52:26] w01: start objective; params=[{"desired_latent_size":12,"hl_s1":1584,"hl_s2":958,"hl_s3":294,"hl_s4":85,"drop_rate":0.17184016287352}]
[13:53:38] w01: Training network (Final=0) on gpu for 30 epochs...

[13:56:34] w01: start objective; params=[{"desired_latent_size":13,"hl_s1":1909,"hl_s2":986,"hl_s3":126,"hl_s4":99,"drop_rate":0.072881312808724785}]
[13:57:43] w01: Training network (Final=0) on gpu for 30 epochs...

[14:00:41] w01: start objective; params=[{"desired_latent_size":12,"hl_s1":1754,"hl_s2":707,"hl_s3":416,"hl_s4":63,"drop_rate":0.21065861591611729}]
[14:01:59] w01: Training network (Final=0) on gpu for 30 epochs...

[14:04:57] w01: start objective; params=[{"desired_latent_size":12,"hl_s1":1744,"hl_s2":669,"hl_s3":457,"hl_s4":68,"drop_rate":0.20522763577214925}]
[14:06:04] w01: Training network (Final=0) on gpu for 30 epochs...

[14:08:59] w01: start objective; params=[{"desired_latent_size":12,"hl_s1":1762,"hl_s2":764,"hl_s3":387,"hl_s4":61,"drop_rate":0.23265053449263562}]
[14:10:05] w01: Training network (Final=0) on gpu for 30 epochs...

[14:13:09] w01: start objective; params=[{"desired_latent_size":12,"hl_s1":1756,"hl_s2":696,"hl_s3":112,"hl_s4":46,"drop_rate":0.17976766106428121}]
[14:14:19] w01: Training network (Final=0) on gpu for 30 epochs...

[14:17:12] w01: start objective; params=[{"desired_latent_size":12,"hl_s1":1751,"hl_s2":760,"hl_s3":256,"hl_s4":62,"drop_rate":0.2349937745264209}]
[14:18:19] w01: Training network (Final=0) on gpu for 30 epochs...

[14:21:17] w01: start objective; params=[{"desired_latent_size":10,"hl_s1":1752,"hl_s2":534,"hl_s3":249,"hl_s4":63,"drop_rate":0.19561633497316613}]
[14:22:28] w01: Training network (Final=0) on gpu for 30 epochs...

[14:25:40] w01: start objective; params=[{"desired_latent_size":12,"hl_s1":1756,"hl_s2":742,"hl_s3":203,"hl_s4":63,"drop_rate":0.20651936682040595}]
[14:26:57] w01: Training network (Final=0) on gpu for 30 epochs...

[14:30:32] w01: start objective; params=[{"desired_latent_size":12,"hl_s1":1757,"hl_s2":551,"hl_s3":370,"hl_s4":64,"drop_rate":0.20999702949014026}]
[14:31:46] w01: Training network (Final=0) on gpu for 30 epochs...

[14:34:57] w01: start objective; params=[{"desired_latent_size":12,"hl_s1":1758,"hl_s2":705,"hl_s3":428,"hl_s4":63,"drop_rate":0.18763706255860579}]
[14:36:11] w01: Training network (Final=0) on gpu for 30 epochs...

[14:39:18] w01: start objective; params=[{"desired_latent_size":12,"hl_s1":1767,"hl_s2":771,"hl_s3":168,"hl_s4":64,"drop_rate":0.20195383842156733}]
[14:40:31] w01: Training network (Final=0) on gpu for 30 epochs...

[14:43:42] w01: start objective; params=[{"desired_latent_size":12,"hl_s1":1756,"hl_s2":686,"hl_s3":370,"hl_s4":64,"drop_rate":0.3372879872518536}]
[14:44:54] w01: Training network (Final=0) on gpu for 30 epochs...

[14:48:05] w01: start objective; params=[{"desired_latent_size":12,"hl_s1":1212,"hl_s2":730,"hl_s3":379,"hl_s4":63,"drop_rate":0.22727180450877482}]
[14:49:19] w01: Training network (Final=0) on gpu for 30 epochs...

[14:52:28] w01: start objective; params=[{"desired_latent_size":11,"hl_s1":1249,"hl_s2":953,"hl_s3":441,"hl_s4":63,"drop_rate":0.085884901036013511}]
[14:53:52] w01: Training network (Final=0) on gpu for 30 epochs...

[14:57:46] w01: start objective; params=[{"desired_latent_size":12,"hl_s1":1758,"hl_s2":749,"hl_s3":295,"hl_s4":64,"drop_rate":0.20672449647577051}]
[14:59:02] w01: Training network (Final=0) on gpu for 30 epochs...

[15:02:23] w01: start objective; params=[{"desired_latent_size":13,"hl_s1":1753,"hl_s2":575,"hl_s3":288,"hl_s4":63,"drop_rate":0.20784627244174717}]
[15:03:37] w01: Training network (Final=0) on gpu for 30 epochs...

[15:06:57] w01: start objective; params=[{"desired_latent_size":12,"hl_s1":1758,"hl_s2":744,"hl_s3":438,"hl_s4":63,"drop_rate":0.275315537232859}]
[15:08:07] w01: Training network (Final=0) on gpu for 30 epochs...

[15:11:10] w01: start objective; params=[{"desired_latent_size":12,"hl_s1":1748,"hl_s2":696,"hl_s3":398,"hl_s4":63,"drop_rate":0.22224450603880161}]
[15:12:23] w01: Training network (Final=0) on gpu for 30 epochs...

[15:15:36] w01: start objective; params=[{"desired_latent_size":11,"hl_s1":1245,"hl_s2":940,"hl_s3":250,"hl_s4":66,"drop_rate":0.06683076436534463}]
[15:16:52] w01: Training network (Final=0) on gpu for 30 epochs...

[15:20:04] w01: start objective; params=[{"desired_latent_size":12,"hl_s1":1758,"hl_s2":593,"hl_s3":260,"hl_s4":62,"drop_rate":0.1732419851416451}]
[15:21:27] w01: Training network (Final=0) on gpu for 30 epochs...

[15:24:54] w01: start objective; params=[{"desired_latent_size":12,"hl_s1":1753,"hl_s2":923,"hl_s3":343,"hl_s4":62,"drop_rate":0.18373781090920177}]
[15:26:13] w01: Training network (Final=0) on gpu for 30 epochs...

[15:29:58] w01: start objective; params=[{"desired_latent_size":12,"hl_s1":1757,"hl_s2":644,"hl_s3":458,"hl_s4":62,"drop_rate":0.15410732578051}]
[15:31:11] w01: Training network (Final=0) on gpu for 30 epochs...

[15:34:21] w01: start objective; params=[{"desired_latent_size":12,"hl_s1":1755,"hl_s2":656,"hl_s3":148,"hl_s4":62,"drop_rate":0.18169437954986034}]
[15:35:34] w01: Training network (Final=0) on gpu for 30 epochs...

[15:38:57] w01: start objective; params=[{"desired_latent_size":12,"hl_s1":1765,"hl_s2":695,"hl_s3":449,"hl_s4":63,"drop_rate":0.1870836257620612}]
[15:40:09] w01: Training network (Final=0) on gpu for 30 epochs...

[15:43:27] w01: start objective; params=[{"desired_latent_size":11,"hl_s1":1251,"hl_s2":885,"hl_s3":349,"hl_s4":66,"drop_rate":0.08532454232555188}]
[15:44:41] w01: Training network (Final=0) on gpu for 30 epochs...

[15:47:43] w01: start objective; params=[{"desired_latent_size":12,"hl_s1":1761,"hl_s2":746,"hl_s3":310,"hl_s4":61,"drop_rate":0.26662188173777573}]
[15:48:57] w01: Training network (Final=0) on gpu for 30 epochs...

[15:50:41] w01: start objective; params=[{"desired_latent_size":11,"hl_s1":1251,"hl_s2":874,"hl_s3":305,"hl_s4":66,"drop_rate":0.23027374290872088}]
[15:51:16] w01: Training network (Final=0) on gpu for 30 epochs...

[15:52:53] w01: start objective; params=[{"desired_latent_size":12,"hl_s1":1754,"hl_s2":703,"hl_s3":443,"hl_s4":63,"drop_rate":0.18420024112990779}]
[15:53:29] w01: Training network (Final=0) on gpu for 30 epochs...

[15:55:05] w01: start objective; params=[{"desired_latent_size":12,"hl_s1":1752,"hl_s2":626,"hl_s3":194,"hl_s4":63,"drop_rate":0.14043902359358162}]
[15:55:41] w01: Training network (Final=0) on gpu for 30 epochs...

[15:57:12] w01: start objective; params=[{"desired_latent_size":12,"hl_s1":1757,"hl_s2":681,"hl_s3":416,"hl_s4":62,"drop_rate":0.19193148076741579}]
[15:57:46] w01: Training network (Final=0) on gpu for 30 epochs...

[15:59:16] w01: start objective; params=[{"desired_latent_size":12,"hl_s1":1755,"hl_s2":576,"hl_s3":208,"hl_s4":62,"drop_rate":0.14723052840218265}]
[15:59:51] w01: Training network (Final=0) on gpu for 30 epochs...

[16:01:21] w01: start objective; params=[{"desired_latent_size":12,"hl_s1":1747,"hl_s2":749,"hl_s3":335,"hl_s4":61,"drop_rate":0.2426263256130782}]
[16:01:56] w01: Training network (Final=0) on gpu for 30 epochs...

[16:04:46] w01: start objective; params=[{"desired_latent_size":12,"hl_s1":1756,"hl_s2":597,"hl_s3":260,"hl_s4":62,"drop_rate":0.21959007212630288}]
[16:05:59] w01: Training network (Final=0) on gpu for 30 epochs...

[16:08:57] w01: start objective; params=[{"desired_latent_size":12,"hl_s1":1757,"hl_s2":687,"hl_s3":227,"hl_s4":62,"drop_rate":0.16290353294940146}]
[16:10:05] w01: Training network (Final=0) on gpu for 30 epochs...

[16:13:00] w01: start objective; params=[{"desired_latent_size":12,"hl_s1":1746,"hl_s2":702,"hl_s3":191,"hl_s4":63,"drop_rate":0.23428101669493834}]
[16:14:07] w01: Training network (Final=0) on gpu for 30 epochs...

[16:17:10] w01: start objective; params=[{"desired_latent_size":12,"hl_s1":1760,"hl_s2":808,"hl_s3":362,"hl_s4":63,"drop_rate":0.24561888964421741}]
[16:18:23] w01: Training network (Final=0) on gpu for 30 epochs...

[16:21:31] w01: start objective; params=[{"desired_latent_size":12,"hl_s1":1756,"hl_s2":633,"hl_s3":169,"hl_s4":62,"drop_rate":0.20126256294639427}]
[16:22:42] w01: Training network (Final=0) on gpu for 30 epochs...

[16:25:43] w01: start objective; params=[{"desired_latent_size":12,"hl_s1":1758,"hl_s2":726,"hl_s3":285,"hl_s4":63,"drop_rate":0.24150705045496465}]
[16:26:57] w01: Training network (Final=0) on gpu for 30 epochs...

[16:29:57] w01: start objective; params=[{"desired_latent_size":11,"hl_s1":1247,"hl_s2":908,"hl_s3":308,"hl_s4":65,"drop_rate":0.098816920136929248}]
[16:31:09] w01: Training network (Final=0) on gpu for 30 epochs...

[16:34:14] w01: start objective; params=[{"desired_latent_size":12,"hl_s1":1753,"hl_s2":700,"hl_s3":418,"hl_s4":63,"drop_rate":0.18140367900614202}]
[16:35:27] w01: Training network (Final=0) on gpu for 30 epochs...

[16:38:36] w01: start objective; params=[{"desired_latent_size":11,"hl_s1":1243,"hl_s2":928,"hl_s3":494,"hl_s4":65,"drop_rate":0.14437327146207413}]
[16:39:52] w01: Training network (Final=0) on gpu for 30 epochs...

[16:42:58] w01: start objective; params=[{"desired_latent_size":12,"hl_s1":1755,"hl_s2":743,"hl_s3":242,"hl_s4":61,"drop_rate":0.21969589681820118}]
[16:44:09] w01: Training network (Final=0) on gpu for 30 epochs...

[16:47:24] w01: start objective; params=[{"desired_latent_size":12,"hl_s1":1758,"hl_s2":810,"hl_s3":130,"hl_s4":63,"drop_rate":0.24400790129144267}]
[16:48:36] w01: Training network (Final=0) on gpu for 30 epochs...

[16:51:40] w01: start objective; params=[{"desired_latent_size":12,"hl_s1":1753,"hl_s2":640,"hl_s3":139,"hl_s4":63,"drop_rate":0.17293358480642007}]
[16:52:52] w01: Training network (Final=0) on gpu for 30 epochs...

[16:55:58] w01: start objective; params=[{"desired_latent_size":12,"hl_s1":1745,"hl_s2":712,"hl_s3":476,"hl_s4":63,"drop_rate":0.22477225057329434}]
[16:57:13] w01: Training network (Final=0) on gpu for 30 epochs...

[17:00:22] w01: start objective; params=[{"desired_latent_size":12,"hl_s1":1751,"hl_s2":733,"hl_s3":105,"hl_s4":62,"drop_rate":0.27142955438062355}]
[17:01:43] w01: Training network (Final=0) on gpu for 30 epochs...

[17:04:41] w01: start objective; params=[{"desired_latent_size":12,"hl_s1":1753,"hl_s2":791,"hl_s3":245,"hl_s4":63,"drop_rate":0.24146569185159494}]
[17:05:52] w01: Training network (Final=0) on gpu for 30 epochs...

[17:09:01] w01: start objective; params=[{"desired_latent_size":11,"hl_s1":1244,"hl_s2":872,"hl_s3":219,"hl_s4":65,"drop_rate":0.094132936653805371}]
[17:10:08] w01: Training network (Final=0) on gpu for 30 epochs...

[17:13:14] w01: start objective; params=[{"desired_latent_size":12,"hl_s1":1753,"hl_s2":682,"hl_s3":325,"hl_s4":63,"drop_rate":0.21349363250746409}]
[17:14:35] w01: Training network (Final=0) on gpu for 30 epochs...

[17:17:58] w01: start objective; params=[{"desired_latent_size":11,"hl_s1":1244,"hl_s2":923,"hl_s3":175,"hl_s4":65,"drop_rate":0.0374168708112646}]
[17:19:21] w01: Training network (Final=0) on gpu for 30 epochs...

[17:22:58] w01: start objective; params=[{"desired_latent_size":11,"hl_s1":1249,"hl_s2":831,"hl_s3":366,"hl_s4":65,"drop_rate":0.12939645406423433}]
[17:24:21] w01: Training network (Final=0) on gpu for 30 epochs...

[17:27:41] w01: start objective; params=[{"desired_latent_size":12,"hl_s1":1755,"hl_s2":711,"hl_s3":390,"hl_s4":62,"drop_rate":0.21983173928134903}]
[17:29:04] w01: Training network (Final=0) on gpu for 30 epochs...

[17:32:27] w01: start objective; params=[{"desired_latent_size":11,"hl_s1":1243,"hl_s2":591,"hl_s3":147,"hl_s4":64,"drop_rate":0.15900384935178957}]
[17:33:51] w01: Training network (Final=0) on gpu for 30 epochs...

[17:37:27] w01: start objective; params=[{"desired_latent_size":12,"hl_s1":1754,"hl_s2":557,"hl_s3":442,"hl_s4":62,"drop_rate":0.21530654722703046}]
[17:38:52] w01: Training network (Final=0) on gpu for 30 epochs...

[17:41:58] w01: start objective; params=[{"desired_latent_size":11,"hl_s1":1250,"hl_s2":943,"hl_s3":175,"hl_s4":65,"drop_rate":0.1392553212048071}]
[17:43:11] w01: Training network (Final=0) on gpu for 30 epochs...

[17:46:18] w01: start objective; params=[{"desired_latent_size":11,"hl_s1":1248,"hl_s2":817,"hl_s3":196,"hl_s4":65,"drop_rate":0.086097174292003309}]
[17:47:34] w01: Training network (Final=0) on gpu for 30 epochs...

[17:50:51] w01: start objective; params=[{"desired_latent_size":11,"hl_s1":1245,"hl_s2":770,"hl_s3":159,"hl_s4":65,"drop_rate":0.11465551361301055}]
[17:52:02] w01: Training network (Final=0) on gpu for 30 epochs...

[17:55:04] w01: start objective; params=[{"desired_latent_size":11,"hl_s1":1248,"hl_s2":902,"hl_s3":223,"hl_s4":64,"drop_rate":0.16550642293513473}]
[17:56:16] w01: Training network (Final=0) on gpu for 30 epochs...

[17:59:17] w01: start objective; params=[{"desired_latent_size":11,"hl_s1":1249,"hl_s2":894,"hl_s3":391,"hl_s4":65,"drop_rate":0.10443343650214748}]
[18:00:30] w01: Training network (Final=0) on gpu for 30 epochs...

[18:03:34] w01: start objective; params=[{"desired_latent_size":12,"hl_s1":1754,"hl_s2":628,"hl_s3":443,"hl_s4":63,"drop_rate":0.17634716739843925}]
[18:04:46] w01: Training network (Final=0) on gpu for 30 epochs...

[18:07:52] w01: start objective; params=[{"desired_latent_size":11,"hl_s1":1247,"hl_s2":954,"hl_s3":337,"hl_s4":65,"drop_rate":0.11723739782904122}]
[18:09:05] w01: Training network (Final=0) on gpu for 30 epochs...

[18:12:07] w01: start objective; params=[{"desired_latent_size":11,"hl_s1":1243,"hl_s2":811,"hl_s3":466,"hl_s4":65,"drop_rate":0.0721618514835238}]
[18:13:22] w01: Training network (Final=0) on gpu for 30 epochs...

[18:16:31] w01: start objective; params=[{"desired_latent_size":12,"hl_s1":1755,"hl_s2":728,"hl_s3":495,"hl_s4":63,"drop_rate":0.17101268882949089}]
[18:17:42] w01: Training network (Final=0) on gpu for 30 epochs...

[18:20:46] w01: start objective; params=[{"desired_latent_size":11,"hl_s1":1245,"hl_s2":851,"hl_s3":259,"hl_s4":64,"drop_rate":0.13246476476151625}]
[18:21:58] w01: Training network (Final=0) on gpu for 30 epochs...

[18:25:14] w01: start objective; params=[{"desired_latent_size":11,"hl_s1":1249,"hl_s2":829,"hl_s3":457,"hl_s4":65,"drop_rate":0.099494657644122075}]
[18:26:29] w01: Training network (Final=0) on gpu for 30 epochs...

[18:29:34] w01: start objective; params=[{"desired_latent_size":11,"hl_s1":1252,"hl_s2":914,"hl_s3":339,"hl_s4":64,"drop_rate":0.069267801894566453}]
[18:30:45] w01: Training network (Final=0) on gpu for 30 epochs...

[18:33:45] w01: start objective; params=[{"desired_latent_size":11,"hl_s1":1250,"hl_s2":846,"hl_s3":376,"hl_s4":65,"drop_rate":0.15367459413214474}]
[18:34:59] w01: Training network (Final=0) on gpu for 30 epochs...

[18:38:03] w01: start objective; params=[{"desired_latent_size":12,"hl_s1":1759,"hl_s2":661,"hl_s3":331,"hl_s4":63,"drop_rate":0.184527860956902}]
[18:39:19] w01: Training network (Final=0) on gpu for 30 epochs...

[18:42:30] w01: start objective; params=[{"desired_latent_size":12,"hl_s1":1760,"hl_s2":581,"hl_s3":153,"hl_s4":62,"drop_rate":0.19218421408792552}]
[18:43:40] w01: Training network (Final=0) on gpu for 30 epochs...

[18:46:48] w01: start objective; params=[{"desired_latent_size":12,"hl_s1":1760,"hl_s2":656,"hl_s3":145,"hl_s4":61,"drop_rate":0.282319335420292}]
[18:47:59] w01: Training network (Final=0) on gpu for 30 epochs...

[18:51:07] w01: start objective; params=[{"desired_latent_size":12,"hl_s1":1770,"hl_s2":781,"hl_s3":274,"hl_s4":61,"drop_rate":0.29362588246267352}]
[18:52:20] w01: Training network (Final=0) on gpu for 30 epochs...

[18:55:23] w01: start objective; params=[{"desired_latent_size":12,"hl_s1":1762,"hl_s2":629,"hl_s3":403,"hl_s4":61,"drop_rate":0.24926322448374877}]
[18:56:33] w01: Training network (Final=0) on gpu for 30 epochs...

[18:59:37] w01: start objective; params=[{"desired_latent_size":11,"hl_s1":1244,"hl_s2":764,"hl_s3":417,"hl_s4":67,"drop_rate":0.092876931364515525}]
[19:00:47] w01: Training network (Final=0) on gpu for 30 epochs...

[19:03:43] w01: start objective; params=[{"desired_latent_size":11,"hl_s1":1245,"hl_s2":800,"hl_s3":246,"hl_s4":66,"drop_rate":0.11862548000492065}]
[19:04:54] w01: Training network (Final=0) on gpu for 30 epochs...

[19:08:06] w01: start objective; params=[{"desired_latent_size":11,"hl_s1":1246,"hl_s2":734,"hl_s3":486,"hl_s4":67,"drop_rate":0.18312899217036016}]
[19:09:17] w01: Training network (Final=0) on gpu for 30 epochs...

[19:12:21] w01: start objective; params=[{"desired_latent_size":11,"hl_s1":1249,"hl_s2":840,"hl_s3":383,"hl_s4":66,"drop_rate":0.15571731492107851}]
[19:13:31] w01: Training network (Final=0) on gpu for 30 epochs...

[19:16:30] w01: start objective; params=[{"desired_latent_size":11,"hl_s1":1249,"hl_s2":808,"hl_s3":132,"hl_s4":65,"drop_rate":0.13170950034491746}]
[19:17:41] w01: Training network (Final=0) on gpu for 30 epochs...

[19:20:41] w01: start objective; params=[{"desired_latent_size":13,"hl_s1":1753,"hl_s2":671,"hl_s3":294,"hl_s4":63,"drop_rate":0.25642365246362}]
[19:21:51] w01: Training network (Final=0) on gpu for 30 epochs...

[19:24:51] w01: start objective; params=[{"desired_latent_size":11,"hl_s1":1245,"hl_s2":862,"hl_s3":427,"hl_s4":65,"drop_rate":0.12332928350439398}]
[19:26:01] w01: Training network (Final=0) on gpu for 30 epochs...

[19:29:06] w01: start objective; params=[{"desired_latent_size":12,"hl_s1":1281,"hl_s2":581,"hl_s3":403,"hl_s4":73,"drop_rate":0.1972030575544077}]
[19:30:18] w01: Training network (Final=0) on gpu for 30 epochs...

[19:33:22] w01: start objective; params=[{"desired_latent_size":12,"hl_s1":1757,"hl_s2":649,"hl_s3":167,"hl_s4":62,"drop_rate":0.26340589722628327}]
[19:34:32] w01: Training network (Final=0) on gpu for 30 epochs...

[19:37:42] w01: start objective; params=[{"desired_latent_size":11,"hl_s1":1251,"hl_s2":799,"hl_s3":347,"hl_s4":65,"drop_rate":0.11611895328324753}]
[19:38:55] w01: Training network (Final=0) on gpu for 30 epochs...

[19:41:55] w01: start objective; params=[{"desired_latent_size":13,"hl_s1":1761,"hl_s2":710,"hl_s3":222,"hl_s4":61,"drop_rate":0.24194096873805926}]
[19:43:07] w01: Training network (Final=0) on gpu for 30 epochs...

[19:46:05] w01: start objective; params=[{"desired_latent_size":12,"hl_s1":1751,"hl_s2":601,"hl_s3":421,"hl_s4":62,"drop_rate":0.23458186213546617}]
[19:47:18] w01: Training network (Final=0) on gpu for 30 epochs...

[19:50:21] w01: start objective; params=[{"desired_latent_size":11,"hl_s1":1244,"hl_s2":908,"hl_s3":221,"hl_s4":64,"drop_rate":0.18327734258050271}]
[19:51:35] w01: Training network (Final=0) on gpu for 30 epochs...

[19:54:48] w01: start objective; params=[{"desired_latent_size":11,"hl_s1":1798,"hl_s2":696,"hl_s3":198,"hl_s4":74,"drop_rate":0.16006259659603589}]
[19:55:59] w01: Training network (Final=0) on gpu for 30 epochs...

[19:59:04] w01: start objective; params=[{"desired_latent_size":11,"hl_s1":1820,"hl_s2":712,"hl_s3":206,"hl_s4":77,"drop_rate":0.1696689981508307}]
[20:00:14] w01: Training network (Final=0) on gpu for 30 epochs...

[20:08:40] w01: start objective; params=[{"desired_latent_size":10,"hl_s1":1897,"hl_s2":812,"hl_s3":404,"hl_s4":31,"drop_rate":0.48384689673906384}]
[20:09:15] w01: Training network (Final=0) on gpu for 30 epochs...

[20:10:49] w01: start objective; params=[{"desired_latent_size":12,"hl_s1":1997,"hl_s2":554,"hl_s3":491,"hl_s4":87,"drop_rate":0.080249919743888065}]
[20:11:24] w01: Training network (Final=0) on gpu for 30 epochs...

[20:13:01] w01: start objective; params=[{"desired_latent_size":12,"hl_s1":1149,"hl_s2":651,"hl_s3":176,"hl_s4":53,"drop_rate":0.28294073478874054}]
[20:13:36] w01: Training network (Final=0) on gpu for 30 epochs...

[20:15:13] w01: start objective; params=[{"desired_latent_size":13,"hl_s1":1139,"hl_s2":883,"hl_s3":328,"hl_s4":79,"drop_rate":0.13991628213561774}]
[20:15:48] w01: Training network (Final=0) on gpu for 30 epochs...

[20:17:20] w01: start objective; params=[{"desired_latent_size":12,"hl_s1":1807,"hl_s2":572,"hl_s3":489,"hl_s4":89,"drop_rate":0.05978168613244067}]
[20:17:54] w01: Training network (Final=0) on gpu for 30 epochs...

[20:19:29] w01: start objective; params=[{"desired_latent_size":10,"hl_s1":1358,"hl_s2":501,"hl_s3":499,"hl_s4":80,"drop_rate":0.13541490950053531}]
[20:20:04] w01: Training network (Final=0) on gpu for 30 epochs...

[20:21:42] w01: start objective; params=[{"desired_latent_size":15,"hl_s1":1946,"hl_s2":533,"hl_s3":459,"hl_s4":93,"drop_rate":0.17705985660874274}]
[20:22:17] w01: Training network (Final=0) on gpu for 30 epochs...

[20:23:46] w01: start objective; params=[{"desired_latent_size":13,"hl_s1":1075,"hl_s2":591,"hl_s3":500,"hl_s4":74,"drop_rate":0.1467186697208212}]
[20:24:20] w01: Training network (Final=0) on gpu for 30 epochs...

[20:25:52] w01: start objective; params=[{"desired_latent_size":15,"hl_s1":1957,"hl_s2":553,"hl_s3":500,"hl_s4":96,"drop_rate":0.25646984468250361}]
[20:26:27] w01: Training network (Final=0) on gpu for 30 epochs...

[20:27:59] w01: start objective; params=[{"desired_latent_size":15,"hl_s1":1169,"hl_s2":815,"hl_s3":499,"hl_s4":43,"drop_rate":0.34166680739508187}]
[20:28:34] w01: Training network (Final=0) on gpu for 30 epochs...

[20:30:10] w01: start objective; params=[{"desired_latent_size":15,"hl_s1":1847,"hl_s2":832,"hl_s3":499,"hl_s4":70,"drop_rate":0.47689078237421206}]
[20:30:45] w01: Training network (Final=0) on gpu for 30 epochs...

[20:32:17] w01: start objective; params=[{"desired_latent_size":11,"hl_s1":1495,"hl_s2":550,"hl_s3":499,"hl_s4":53,"drop_rate":0.068550040958694491}]
[20:32:53] w01: Training network (Final=0) on gpu for 30 epochs...

[20:34:22] w01: start objective; params=[{"desired_latent_size":15,"hl_s1":1447,"hl_s2":999,"hl_s3":167,"hl_s4":73,"drop_rate":0.42505048742023782}]
[20:34:57] w01: Training network (Final=0) on gpu for 30 epochs...

[20:36:27] w01: start objective; params=[{"desired_latent_size":10,"hl_s1":1340,"hl_s2":500,"hl_s3":244,"hl_s4":72,"drop_rate":0.21193567919495}]
[20:37:02] w01: Training network (Final=0) on gpu for 30 epochs...

[20:38:33] w01: start objective; params=[{"desired_latent_size":15,"hl_s1":1034,"hl_s2":558,"hl_s3":492,"hl_s4":76,"drop_rate":0.11074588994529858}]
[20:39:08] w01: Training network (Final=0) on gpu for 30 epochs...

[20:40:36] w01: start objective; params=[{"desired_latent_size":14,"hl_s1":1817,"hl_s2":672,"hl_s3":270,"hl_s4":75,"drop_rate":0.21074390671481047}]
[20:41:11] w01: Training network (Final=0) on gpu for 30 epochs...

[20:42:47] w01: start objective; params=[{"desired_latent_size":15,"hl_s1":1226,"hl_s2":657,"hl_s3":381,"hl_s4":100,"drop_rate":0.072491596237741485}]
[20:43:22] w01: Training network (Final=0) on gpu for 30 epochs...

[20:44:52] w01: start objective; params=[{"desired_latent_size":11,"hl_s1":1863,"hl_s2":692,"hl_s3":196,"hl_s4":83,"drop_rate":0.273173348314349}]
[20:45:27] w01: Training network (Final=0) on gpu for 30 epochs...

[20:46:58] w01: start objective; params=[{"desired_latent_size":12,"hl_s1":1392,"hl_s2":501,"hl_s3":194,"hl_s4":74,"drop_rate":0.25123326077104469}]
[20:47:34] w01: Training network (Final=0) on gpu for 30 epochs...

[20:49:04] w01: start objective; params=[{"desired_latent_size":13,"hl_s1":1750,"hl_s2":724,"hl_s3":498,"hl_s4":72,"drop_rate":0.14679910497596416}]
[20:49:40] w01: Training network (Final=0) on gpu for 30 epochs...

[20:51:11] w01: start objective; params=[{"desired_latent_size":11,"hl_s1":1884,"hl_s2":617,"hl_s3":437,"hl_s4":76,"drop_rate":0.19404631633514757}]
[20:51:47] w01: Training network (Final=0) on gpu for 30 epochs...

[20:53:18] w01: start objective; params=[{"desired_latent_size":14,"hl_s1":1004,"hl_s2":606,"hl_s3":464,"hl_s4":77,"drop_rate":0.45639062079889459}]
[20:53:53] w01: Training network (Final=0) on gpu for 30 epochs...

[20:55:25] w01: start objective; params=[{"desired_latent_size":12,"hl_s1":1017,"hl_s2":504,"hl_s3":371,"hl_s4":76,"drop_rate":0.00065818161108377763}]
[20:56:02] w01: Training network (Final=0) on gpu for 30 epochs...

[20:57:33] w01: start objective; params=[{"desired_latent_size":14,"hl_s1":1055,"hl_s2":505,"hl_s3":316,"hl_s4":75,"drop_rate":0.0024608910422125206}]
[20:58:08] w01: Training network (Final=0) on gpu for 30 epochs...

[20:59:42] w01: start objective; params=[{"desired_latent_size":13,"hl_s1":1428,"hl_s2":615,"hl_s3":500,"hl_s4":79,"drop_rate":0.14571188348392269}]
[21:00:19] w01: Training network (Final=0) on gpu for 30 epochs...

[21:01:53] w01: start objective; params=[{"desired_latent_size":13,"hl_s1":1727,"hl_s2":518,"hl_s3":500,"hl_s4":73,"drop_rate":0.13774953105271717}]
[21:02:30] w01: Training network (Final=0) on gpu for 30 epochs...

[21:04:04] w01: start objective; params=[{"desired_latent_size":12,"hl_s1":1012,"hl_s2":718,"hl_s3":478,"hl_s4":77,"drop_rate":0.070344051433754}]
[21:04:40] w01: Training network (Final=0) on gpu for 30 epochs...

[21:06:17] w01: start objective; params=[{"desired_latent_size":12,"hl_s1":1031,"hl_s2":674,"hl_s3":497,"hl_s4":76,"drop_rate":0.043971072140528339}]
[21:06:54] w01: Training network (Final=0) on gpu for 30 epochs...

[21:08:25] w01: start objective; params=[{"desired_latent_size":15,"hl_s1":1128,"hl_s2":536,"hl_s3":465,"hl_s4":78,"drop_rate":0.097574332334466218}]
[21:09:01] w01: Training network (Final=0) on gpu for 30 epochs...

[21:10:43] w01: start objective; params=[{"desired_latent_size":14,"hl_s1":1754,"hl_s2":742,"hl_s3":357,"hl_s4":83,"drop_rate":0.00041576036161412758}]
[21:11:21] w01: Training network (Final=0) on gpu for 30 epochs...

[21:12:58] w01: start objective; params=[{"desired_latent_size":13,"hl_s1":1610,"hl_s2":828,"hl_s3":325,"hl_s4":30,"drop_rate":0.0016915582767462437}]
[21:13:35] w01: Training network (Final=0) on gpu for 30 epochs...

[21:15:11] w01: start objective; params=[{"desired_latent_size":15,"hl_s1":1907,"hl_s2":833,"hl_s3":345,"hl_s4":40,"drop_rate":0.00064269847606308146}]
[21:15:47] w01: Training network (Final=0) on gpu for 30 epochs...

[21:17:18] w01: start objective; params=[{"desired_latent_size":15,"hl_s1":1032,"hl_s2":739,"hl_s3":253,"hl_s4":100,"drop_rate":0.49811151332326409}]
[21:17:54] w01: Training network (Final=0) on gpu for 30 epochs...

[21:19:28] w01: start objective; params=[{"desired_latent_size":12,"hl_s1":1006,"hl_s2":837,"hl_s3":491,"hl_s4":77,"drop_rate":0.11771753374154093}]
[21:20:04] w01: Training network (Final=0) on gpu for 30 epochs...

[21:21:40] w01: start objective; params=[{"desired_latent_size":11,"hl_s1":1450,"hl_s2":539,"hl_s3":495,"hl_s4":100,"drop_rate":0.49997046539158485}]
[21:22:18] w01: Training network (Final=0) on gpu for 30 epochs...

[21:23:48] w01: start objective; params=[{"desired_latent_size":11,"hl_s1":1729,"hl_s2":756,"hl_s3":272,"hl_s4":100,"drop_rate":0.49818858540001487}]
[21:24:25] w01: Training network (Final=0) on gpu for 30 epochs...

[21:26:05] w01: start objective; params=[{"desired_latent_size":10,"hl_s1":1041,"hl_s2":836,"hl_s3":419,"hl_s4":61,"drop_rate":0.4985335954110644}]
[21:26:43] w01: Training network (Final=0) on gpu for 30 epochs...

[21:28:16] w01: start objective; params=[{"desired_latent_size":14,"hl_s1":1206,"hl_s2":537,"hl_s3":486,"hl_s4":79,"drop_rate":0.10528048825175162}]
[21:28:53] w01: Training network (Final=0) on gpu for 30 epochs...

[21:30:30] w01: start objective; params=[{"desired_latent_size":13,"hl_s1":1084,"hl_s2":618,"hl_s3":385,"hl_s4":73,"drop_rate":0.14525664841968067}]
[21:31:08] w01: Training network (Final=0) on gpu for 30 epochs...

[21:32:42] w01: start objective; params=[{"desired_latent_size":15,"hl_s1":1016,"hl_s2":931,"hl_s3":449,"hl_s4":81,"drop_rate":0.387334006872712}]
[21:33:19] w01: Training network (Final=0) on gpu for 30 epochs...

[21:34:57] w01: start objective; params=[{"desired_latent_size":13,"hl_s1":1072,"hl_s2":936,"hl_s3":491,"hl_s4":75,"drop_rate":0.34929143572513066}]
[21:35:35] w01: Training network (Final=0) on gpu for 30 epochs...

[21:37:08] w01: start objective; params=[{"desired_latent_size":14,"hl_s1":1837,"hl_s2":948,"hl_s3":250,"hl_s4":72,"drop_rate":0.46522195476232564}]
[21:37:46] w01: Training network (Final=0) on gpu for 30 epochs...

[21:39:22] w01: start objective; params=[{"desired_latent_size":10,"hl_s1":1352,"hl_s2":829,"hl_s3":120,"hl_s4":78,"drop_rate":0.1945443507355043}]
[21:40:00] w01: Training network (Final=0) on gpu for 30 epochs...

[21:41:35] w01: start objective; params=[{"desired_latent_size":10,"hl_s1":1341,"hl_s2":882,"hl_s3":152,"hl_s4":77,"drop_rate":0.11302251845921482}]
[21:42:12] w01: Training network (Final=0) on gpu for 30 epochs...

[21:43:49] w01: start objective; params=[{"desired_latent_size":10,"hl_s1":1343,"hl_s2":702,"hl_s3":223,"hl_s4":77,"drop_rate":0.024376627818815527}]
[21:44:25] w01: Training network (Final=0) on gpu for 30 epochs...

[21:46:01] w01: start objective; params=[{"desired_latent_size":10,"hl_s1":1319,"hl_s2":750,"hl_s3":189,"hl_s4":79,"drop_rate":0.23951023669715371}]
[21:46:37] w01: Training network (Final=0) on gpu for 30 epochs...

[21:48:21] w01: start objective; params=[{"desired_latent_size":10,"hl_s1":1416,"hl_s2":521,"hl_s3":120,"hl_s4":76,"drop_rate":0.22715177780959539}]
[21:48:59] w01: Training network (Final=0) on gpu for 30 epochs...

[21:50:37] w01: start objective; params=[{"desired_latent_size":15,"hl_s1":1012,"hl_s2":858,"hl_s3":344,"hl_s4":73,"drop_rate":0.11667023506832461}]
[21:51:15] w01: Training network (Final=0) on gpu for 30 epochs...

[21:53:21] w01: start objective; params=[{"desired_latent_size":12,"hl_s1":1005,"hl_s2":603,"hl_s3":373,"hl_s4":93,"drop_rate":0.046804734168714168}]
[21:53:58] w01: Training network (Final=0) on gpu for 30 epochs...

[21:55:37] w01: start objective; params=[{"desired_latent_size":14,"hl_s1":1029,"hl_s2":995,"hl_s3":287,"hl_s4":30,"drop_rate":0.14041535882306991}]
[21:56:13] w01: Training network (Final=0) on gpu for 30 epochs...

[21:57:51] w01: start objective; params=[{"desired_latent_size":12,"hl_s1":1873,"hl_s2":896,"hl_s3":257,"hl_s4":62,"drop_rate":0.49738264306891111}]
[21:58:28] w01: Training network (Final=0) on gpu for 30 epochs...

[22:00:00] w01: start objective; params=[{"desired_latent_size":10,"hl_s1":1975,"hl_s2":601,"hl_s3":223,"hl_s4":85,"drop_rate":0.37075971887725767}]
[22:00:37] w01: Training network (Final=0) on gpu for 30 epochs...

[22:02:15] w01: start objective; params=[{"desired_latent_size":14,"hl_s1":1882,"hl_s2":547,"hl_s3":421,"hl_s4":100,"drop_rate":0.28322531420129088}]
[22:02:53] w01: Training network (Final=0) on gpu for 30 epochs...

[22:04:28] w01: start objective; params=[{"desired_latent_size":13,"hl_s1":1767,"hl_s2":575,"hl_s3":321,"hl_s4":72,"drop_rate":0.017692434048693126}]
[22:05:04] w01: Training network (Final=0) on gpu for 30 epochs...

[22:06:40] w01: start objective; params=[{"desired_latent_size":14,"hl_s1":1872,"hl_s2":530,"hl_s3":369,"hl_s4":98,"drop_rate":0.277923081149544}]
[22:07:18] w01: Training network (Final=0) on gpu for 30 epochs...

[22:08:51] w01: start objective; params=[{"desired_latent_size":10,"hl_s1":1311,"hl_s2":630,"hl_s3":450,"hl_s4":77,"drop_rate":0.38548059043826349}]
[22:09:29] w01: Training network (Final=0) on gpu for 30 epochs...

[22:11:02] w01: start objective; params=[{"desired_latent_size":14,"hl_s1":1795,"hl_s2":677,"hl_s3":327,"hl_s4":77,"drop_rate":0.21581966452994139}]
[22:11:39] w01: Training network (Final=0) on gpu for 30 epochs...

[22:13:15] w01: start objective; params=[{"desired_latent_size":10,"hl_s1":1328,"hl_s2":840,"hl_s3":210,"hl_s4":77,"drop_rate":0.17359807897508084}]
[22:13:53] w01: Training network (Final=0) on gpu for 30 epochs...

[22:15:32] w01: start objective; params=[{"desired_latent_size":13,"hl_s1":1075,"hl_s2":573,"hl_s3":451,"hl_s4":74,"drop_rate":0.1239443089506298}]
[22:16:09] w01: Training network (Final=0) on gpu for 30 epochs...

[22:18:38] w01: start objective; params=[{"desired_latent_size":14,"hl_s1":1866,"hl_s2":540,"hl_s3":459,"hl_s4":98,"drop_rate":0.31495678508953961}]
[22:20:01] w01: Training network (Final=0) on gpu for 30 epochs...

[22:23:39] w01: start objective; params=[{"desired_latent_size":14,"hl_s1":1901,"hl_s2":576,"hl_s3":470,"hl_s4":99,"drop_rate":0.32899639044333151}]
[22:25:02] w01: Training network (Final=0) on gpu for 30 epochs...

[22:28:33] w01: start objective; params=[{"desired_latent_size":13,"hl_s1":1015,"hl_s2":669,"hl_s3":485,"hl_s4":77,"drop_rate":0.17296165289823473}]
[22:30:00] w01: Training network (Final=0) on gpu for 30 epochs...

[22:33:28] w01: start objective; params=[{"desired_latent_size":12,"hl_s1":1019,"hl_s2":593,"hl_s3":471,"hl_s4":82,"drop_rate":0.15887496152959002}]
[22:34:50] w01: Training network (Final=0) on gpu for 30 epochs...

[22:38:20] w01: start objective; params=[{"desired_latent_size":14,"hl_s1":1037,"hl_s2":610,"hl_s3":477,"hl_s4":65,"drop_rate":0.10242164170702106}]
[22:39:40] w01: Training network (Final=0) on gpu for 30 epochs...

[22:43:03] w01: start objective; params=[{"desired_latent_size":12,"hl_s1":1048,"hl_s2":714,"hl_s3":498,"hl_s4":83,"drop_rate":0.18362658274948673}]
[22:44:23] w01: Training network (Final=0) on gpu for 30 epochs...

[22:47:49] w01: start objective; params=[{"desired_latent_size":13,"hl_s1":1023,"hl_s2":617,"hl_s3":490,"hl_s4":75,"drop_rate":0.22104756720583651}]
[22:49:11] w01: Training network (Final=0) on gpu for 30 epochs...

[22:52:46] w01: start objective; params=[{"desired_latent_size":14,"hl_s1":1869,"hl_s2":637,"hl_s3":426,"hl_s4":99,"drop_rate":0.04628595555980726}]
[22:54:10] w01: Training network (Final=0) on gpu for 30 epochs...

[22:56:57] w01: start objective; params=[{"desired_latent_size":14,"hl_s1":1998,"hl_s2":965,"hl_s3":235,"hl_s4":56,"drop_rate":0.090473652214646261}]
[22:57:34] w01: Training network (Final=0) on gpu for 30 epochs...

[22:59:12] w01: start objective; params=[{"desired_latent_size":14,"hl_s1":1719,"hl_s2":725,"hl_s3":419,"hl_s4":100,"drop_rate":0.27913707848568703}]
[22:59:48] w01: Training network (Final=0) on gpu for 30 epochs...

[23:03:17] w01: start objective; params=[{"desired_latent_size":13,"hl_s1":1957,"hl_s2":622,"hl_s3":146,"hl_s4":74,"drop_rate":0.19562100531633148}]
[23:04:40] w01: Training network (Final=0) on gpu for 30 epochs...

[23:08:08] w01: start objective; params=[{"desired_latent_size":12,"hl_s1":1036,"hl_s2":845,"hl_s3":410,"hl_s4":81,"drop_rate":0.16817859441820054}]
[23:09:32] w01: Training network (Final=0) on gpu for 30 epochs...

[23:12:50] w01: start objective; params=[{"desired_latent_size":10,"hl_s1":1152,"hl_s2":899,"hl_s3":117,"hl_s4":74,"drop_rate":0.061390390355627433}]
[23:14:11] w01: Training network (Final=0) on gpu for 30 epochs...

[23:17:35] w01: start objective; params=[{"desired_latent_size":15,"hl_s1":1056,"hl_s2":592,"hl_s3":490,"hl_s4":76,"drop_rate":0.1674277692418823}]
[23:18:57] w01: Training network (Final=0) on gpu for 30 epochs...

[23:22:24] w01: start objective; params=[{"desired_latent_size":11,"hl_s1":1021,"hl_s2":770,"hl_s3":469,"hl_s4":78,"drop_rate":0.07800298881828488}]
[23:23:47] w01: Training network (Final=0) on gpu for 30 epochs...

[23:27:19] w01: start objective; params=[{"desired_latent_size":14,"hl_s1":1878,"hl_s2":926,"hl_s3":420,"hl_s4":95,"drop_rate":0.31971958359062058}]
[23:28:40] w01: Training network (Final=0) on gpu for 30 epochs...

[23:32:03] w01: start objective; params=[{"desired_latent_size":14,"hl_s1":1067,"hl_s2":843,"hl_s3":494,"hl_s4":77,"drop_rate":0.19506182082948842}]
[23:33:26] w01: Training network (Final=0) on gpu for 30 epochs...

[23:36:44] w01: start objective; params=[{"desired_latent_size":12,"hl_s1":1022,"hl_s2":705,"hl_s3":481,"hl_s4":79,"drop_rate":0.34880156893381981}]
[23:38:06] w01: Training network (Final=0) on gpu for 30 epochs...

[23:41:24] w01: start objective; params=[{"desired_latent_size":13,"hl_s1":1355,"hl_s2":734,"hl_s3":147,"hl_s4":76,"drop_rate":0.11603721532515232}]
[23:42:46] w01: Training network (Final=0) on gpu for 30 epochs...

[23:46:09] w01: start objective; params=[{"desired_latent_size":15,"hl_s1":1061,"hl_s2":533,"hl_s3":488,"hl_s4":77,"drop_rate":0.11807154165199629}]
[23:47:32] w01: Training network (Final=0) on gpu for 30 epochs...

[23:51:01] w01: start objective; params=[{"desired_latent_size":11,"hl_s1":1364,"hl_s2":849,"hl_s3":226,"hl_s4":31,"drop_rate":0.22764551931987675}]
[23:52:23] w01: Training network (Final=0) on gpu for 30 epochs...

[23:55:52] w01: start objective; params=[{"desired_latent_size":11,"hl_s1":1075,"hl_s2":715,"hl_s3":491,"hl_s4":74,"drop_rate":0.24325904156450256}]
[23:57:15] w01: Training network (Final=0) on gpu for 30 epochs...

[00:00:46] w01: start objective; params=[{"desired_latent_size":11,"hl_s1":1664,"hl_s2":738,"hl_s3":104,"hl_s4":32,"drop_rate":0.31876774337013192}]
[00:02:10] w01: Training network (Final=0) on gpu for 30 epochs...

[00:05:36] w01: start objective; params=[{"desired_latent_size":12,"hl_s1":1857,"hl_s2":877,"hl_s3":435,"hl_s4":98,"drop_rate":0.32462207334683035}]
[00:06:58] w01: Training network (Final=0) on gpu for 30 epochs...

[00:10:22] w01: start objective; params=[{"desired_latent_size":14,"hl_s1":1884,"hl_s2":582,"hl_s3":440,"hl_s4":99,"drop_rate":0.13000840257183621}]
[00:11:46] w01: Training network (Final=0) on gpu for 30 epochs...

[00:15:16] w01: start objective; params=[{"desired_latent_size":11,"hl_s1":1569,"hl_s2":750,"hl_s3":500,"hl_s4":68,"drop_rate":0.35904956760411794}]
[00:16:40] w01: Training network (Final=0) on gpu for 30 epochs...

[00:20:08] w01: start objective; params=[{"desired_latent_size":13,"hl_s1":1573,"hl_s2":983,"hl_s3":102,"hl_s4":37,"drop_rate":0.12655652221496133}]
[00:21:32] w01: Training network (Final=0) on gpu for 30 epochs...

[00:25:05] w01: start objective; params=[{"desired_latent_size":11,"hl_s1":1236,"hl_s2":719,"hl_s3":108,"hl_s4":42,"drop_rate":0.49953009005860888}]
[00:26:27] w01: Training network (Final=0) on gpu for 30 epochs...

[00:29:58] w01: start objective; params=[{"desired_latent_size":15,"hl_s1":1748,"hl_s2":919,"hl_s3":101,"hl_s4":53,"drop_rate":0.1368626862391078}]
[00:31:21] w01: Training network (Final=0) on gpu for 30 epochs...

[00:34:50] w01: start objective; params=[{"desired_latent_size":11,"hl_s1":1171,"hl_s2":917,"hl_s3":330,"hl_s4":50,"drop_rate":0.49929772832546804}]
[00:36:12] w01: Training network (Final=0) on gpu for 30 epochs...

[00:39:40] w01: start objective; params=[{"desired_latent_size":14,"hl_s1":1001,"hl_s2":669,"hl_s3":101,"hl_s4":37,"drop_rate":0.32666787850472767}]
[00:41:01] w01: Training network (Final=0) on gpu for 30 epochs...

[00:44:27] w01: start objective; params=[{"desired_latent_size":15,"hl_s1":1591,"hl_s2":970,"hl_s3":106,"hl_s4":98,"drop_rate":0.49797008393737208}]
[00:45:48] w01: Training network (Final=0) on gpu for 30 epochs...

[00:49:21] w01: start objective; params=[{"desired_latent_size":14,"hl_s1":1664,"hl_s2":939,"hl_s3":499,"hl_s4":47,"drop_rate":0.49759276158271459}]
[00:50:41] w01: Training network (Final=0) on gpu for 30 epochs...

[00:54:16] w01: start objective; params=[{"desired_latent_size":11,"hl_s1":1893,"hl_s2":520,"hl_s3":102,"hl_s4":84,"drop_rate":0.0017635824227144755}]
[00:55:37] w01: Training network (Final=0) on gpu for 30 epochs...

[00:59:06] w01: start objective; params=[{"desired_latent_size":11,"hl_s1":1552,"hl_s2":509,"hl_s3":294,"hl_s4":90,"drop_rate":0.25809204960757937}]
[01:00:26] w01: Training network (Final=0) on gpu for 30 epochs...

[01:03:57] w01: start objective; params=[{"desired_latent_size":15,"hl_s1":1552,"hl_s2":509,"hl_s3":322,"hl_s4":95,"drop_rate":0.49420403270590446}]
[01:05:19] w01: Training network (Final=0) on gpu for 30 epochs...

[01:08:50] w01: start objective; params=[{"desired_latent_size":11,"hl_s1":1001,"hl_s2":576,"hl_s3":101,"hl_s4":33,"drop_rate":0.063087878642766132}]
[01:10:12] w01: Training network (Final=0) on gpu for 30 epochs...

[01:13:44] w01: start objective; params=[{"desired_latent_size":11,"hl_s1":1479,"hl_s2":520,"hl_s3":103,"hl_s4":94,"drop_rate":0.0046761022261520777}]
[01:15:06] w01: Training network (Final=0) on gpu for 30 epochs...

[01:18:30] w01: start objective; params=[{"desired_latent_size":12,"hl_s1":1445,"hl_s2":944,"hl_s3":408,"hl_s4":94,"drop_rate":0.30336760668930346}]
[01:19:52] w01: Training network (Final=0) on gpu for 30 epochs...

[01:23:14] w01: start objective; params=[{"desired_latent_size":11,"hl_s1":1041,"hl_s2":672,"hl_s3":130,"hl_s4":31,"drop_rate":0.49919355422735484}]
[01:24:35] w01: Training network (Final=0) on gpu for 30 epochs...

[01:27:56] w01: start objective; params=[{"desired_latent_size":11,"hl_s1":1328,"hl_s2":997,"hl_s3":263,"hl_s4":94,"drop_rate":0.49506809383891709}]
[01:29:19] w01: Training network (Final=0) on gpu for 30 epochs...

[18:13:13] w01: start objective; params=[{"desired_latent_size":11,"hl_s1":1088,"hl_s2":675,"hl_s3":144,"hl_s4":58,"drop_rate":0.3946709381376563}]
[18:13:56] w01: Training network (Final=0) on gpu for 30 epochs...

[18:15:39] w01: start objective; params=[{"desired_latent_size":15,"hl_s1":1094,"hl_s2":551,"hl_s3":459,"hl_s4":78,"drop_rate":0.33452816785731204}]
[18:16:03] w01: Training network (Final=0) on gpu for 30 epochs...

[18:17:21] w01: start objective; params=[{"desired_latent_size":15,"hl_s1":1133,"hl_s2":553,"hl_s3":481,"hl_s4":79,"drop_rate":0.313106998328595}]
[18:17:44] w01: Training network (Final=0) on gpu for 30 epochs...

[18:19:03] w01: start objective; params=[{"desired_latent_size":14,"hl_s1":1709,"hl_s2":760,"hl_s3":455,"hl_s4":52,"drop_rate":0.47802697373096958}]
[18:19:26] w01: Training network (Final=0) on gpu for 30 epochs...

[18:20:45] w01: start objective; params=[{"desired_latent_size":12,"hl_s1":1919,"hl_s2":560,"hl_s3":245,"hl_s4":86,"drop_rate":0.083156179383232942}]
[18:21:09] w01: Training network (Final=0) on gpu for 30 epochs...

[18:22:32] w01: start objective; params=[{"desired_latent_size":12,"hl_s1":1405,"hl_s2":512,"hl_s3":338,"hl_s4":56,"drop_rate":0.18635038401756626}]
[18:22:56] w01: Training network (Final=0) on gpu for 30 epochs...

[18:24:16] w01: start objective; params=[{"desired_latent_size":14,"hl_s1":1311,"hl_s2":962,"hl_s3":392,"hl_s4":82,"drop_rate":0.28015025585342751}]
[18:24:39] w01: Training network (Final=0) on gpu for 30 epochs...

[18:25:59] w01: start objective; params=[{"desired_latent_size":15,"hl_s1":1162,"hl_s2":507,"hl_s3":477,"hl_s4":45,"drop_rate":0.45612198619217714}]
[18:26:21] w01: Training network (Final=0) on gpu for 30 epochs...

[18:27:42] w01: start objective; params=[{"desired_latent_size":14,"hl_s1":1620,"hl_s2":604,"hl_s3":451,"hl_s4":77,"drop_rate":0.00027588729030126631}]
[18:28:05] w01: Training network (Final=0) on gpu for 30 epochs...

[18:29:27] w01: start objective; params=[{"desired_latent_size":15,"hl_s1":1138,"hl_s2":573,"hl_s3":332,"hl_s4":39,"drop_rate":0.35824742803117482}]
[18:29:50] w01: Training network (Final=0) on gpu for 30 epochs...

[18:31:10] w01: start objective; params=[{"desired_latent_size":15,"hl_s1":1259,"hl_s2":512,"hl_s3":406,"hl_s4":44,"drop_rate":0.024985537063674179}]
[18:31:32] w01: Training network (Final=0) on gpu for 30 epochs...

[18:32:53] w01: start objective; params=[{"desired_latent_size":13,"hl_s1":1977,"hl_s2":605,"hl_s3":415,"hl_s4":44,"drop_rate":0.49845408055472917}]
[18:33:17] w01: Training network (Final=0) on gpu for 30 epochs...

[18:34:41] w01: start objective; params=[{"desired_latent_size":15,"hl_s1":1303,"hl_s2":730,"hl_s3":412,"hl_s4":43,"drop_rate":0.45652642489889977}]
[18:35:05] w01: Training network (Final=0) on gpu for 30 epochs...

[18:36:25] w01: start objective; params=[{"desired_latent_size":12,"hl_s1":1859,"hl_s2":520,"hl_s3":246,"hl_s4":87,"drop_rate":0.19430792955285003}]
[18:36:48] w01: Training network (Final=0) on gpu for 30 epochs...

[18:38:09] w01: start objective; params=[{"desired_latent_size":15,"hl_s1":1616,"hl_s2":669,"hl_s3":141,"hl_s4":51,"drop_rate":0.41237192425653163}]
[18:38:31] w01: Training network (Final=0) on gpu for 30 epochs...

[18:39:53] w01: start objective; params=[{"desired_latent_size":11,"hl_s1":1181,"hl_s2":903,"hl_s3":202,"hl_s4":82,"drop_rate":0.43464384351461555}]
[18:40:15] w01: Training network (Final=0) on gpu for 30 epochs...

[18:41:40] w01: start objective; params=[{"desired_latent_size":15,"hl_s1":1036,"hl_s2":552,"hl_s3":410,"hl_s4":83,"drop_rate":0.40673689780421446}]
[18:42:04] w01: Training network (Final=0) on gpu for 30 epochs...

[18:43:27] w01: start objective; params=[{"desired_latent_size":13,"hl_s1":1850,"hl_s2":721,"hl_s3":404,"hl_s4":82,"drop_rate":0.1747695969683592}]
[18:43:50] w01: Training network (Final=0) on gpu for 30 epochs...

[18:45:15] w01: start objective; params=[{"desired_latent_size":13,"hl_s1":1310,"hl_s2":866,"hl_s3":298,"hl_s4":70,"drop_rate":0.29093245350069868}]
[18:45:38] w01: Training network (Final=0) on gpu for 30 epochs...

[18:47:05] w01: start objective; params=[{"desired_latent_size":12,"hl_s1":1328,"hl_s2":642,"hl_s3":494,"hl_s4":30,"drop_rate":0.43846192083784374}]
[18:47:28] w01: Training network (Final=0) on gpu for 30 epochs...

[18:48:55] w01: start objective; params=[{"desired_latent_size":11,"hl_s1":1175,"hl_s2":886,"hl_s3":127,"hl_s4":100,"drop_rate":0.35095535196386263}]
[18:49:19] w01: Training network (Final=0) on gpu for 30 epochs...

[18:50:43] w01: start objective; params=[{"desired_latent_size":14,"hl_s1":1328,"hl_s2":589,"hl_s3":269,"hl_s4":80,"drop_rate":0.09247719908666957}]
[18:51:06] w01: Training network (Final=0) on gpu for 30 epochs...

[18:52:33] w01: start objective; params=[{"desired_latent_size":10,"hl_s1":1688,"hl_s2":937,"hl_s3":491,"hl_s4":42,"drop_rate":0.4900719176731958}]
[18:52:57] w01: Training network (Final=0) on gpu for 30 epochs...

[18:54:25] w01: start objective; params=[{"desired_latent_size":10,"hl_s1":1310,"hl_s2":884,"hl_s3":459,"hl_s4":31,"drop_rate":0.36139446849285989}]
[18:54:53] w01: Training network (Final=0) on gpu for 30 epochs...

[18:56:18] w01: start objective; params=[{"desired_latent_size":11,"hl_s1":1926,"hl_s2":506,"hl_s3":330,"hl_s4":97,"drop_rate":0.013851843820656864}]
[18:56:41] w01: Training network (Final=0) on gpu for 30 epochs...

[18:58:06] w01: start objective; params=[{"desired_latent_size":10,"hl_s1":1694,"hl_s2":516,"hl_s3":328,"hl_s4":31,"drop_rate":0.24793240579789588}]
[18:58:30] w01: Training network (Final=0) on gpu for 30 epochs...

[18:59:55] w01: start objective; params=[{"desired_latent_size":15,"hl_s1":1894,"hl_s2":787,"hl_s3":273,"hl_s4":100,"drop_rate":0.24448365106161785}]
[19:00:19] w01: Training network (Final=0) on gpu for 30 epochs...

[19:01:49] w01: start objective; params=[{"desired_latent_size":10,"hl_s1":1586,"hl_s2":696,"hl_s3":410,"hl_s4":60,"drop_rate":0.16064072044930744}]
[19:02:16] w01: Training network (Final=0) on gpu for 30 epochs...

[19:03:41] w01: start objective; params=[{"desired_latent_size":12,"hl_s1":1193,"hl_s2":890,"hl_s3":460,"hl_s4":54,"drop_rate":0.092960845252041846}]
[19:04:05] w01: Training network (Final=0) on gpu for 30 epochs...

[19:05:30] w01: start objective; params=[{"desired_latent_size":12,"hl_s1":1064,"hl_s2":933,"hl_s3":224,"hl_s4":53,"drop_rate":0.17783386981818311}]
[19:05:53] w01: Training network (Final=0) on gpu for 30 epochs...

[19:07:22] w01: start objective; params=[{"desired_latent_size":12,"hl_s1":1812,"hl_s2":826,"hl_s3":275,"hl_s4":50,"drop_rate":0.42762226509799067}]
[19:07:46] w01: Training network (Final=0) on gpu for 30 epochs...

[19:09:16] w01: start objective; params=[{"desired_latent_size":10,"hl_s1":1208,"hl_s2":622,"hl_s3":349,"hl_s4":30,"drop_rate":0.11204157510215138}]
[19:09:44] w01: Training network (Final=0) on gpu for 30 epochs...

[19:11:14] w01: start objective; params=[{"desired_latent_size":15,"hl_s1":1756,"hl_s2":998,"hl_s3":286,"hl_s4":33,"drop_rate":0.037243618080712276}]
[19:11:38] w01: Training network (Final=0) on gpu for 30 epochs...

[19:13:06] w01: start objective; params=[{"desired_latent_size":11,"hl_s1":1297,"hl_s2":981,"hl_s3":294,"hl_s4":56,"drop_rate":0.26776244789903825}]
[19:13:30] w01: Training network (Final=0) on gpu for 30 epochs...

[19:14:59] w01: start objective; params=[{"desired_latent_size":15,"hl_s1":1405,"hl_s2":841,"hl_s3":108,"hl_s4":32,"drop_rate":0.055512898925422813}]
[19:15:22] w01: Training network (Final=0) on gpu for 30 epochs...

[19:16:55] w01: start objective; params=[{"desired_latent_size":15,"hl_s1":1699,"hl_s2":846,"hl_s3":499,"hl_s4":34,"drop_rate":0.049917234857632775}]
[19:17:23] w01: Training network (Final=0) on gpu for 30 epochs...

[19:18:53] w01: start objective; params=[{"desired_latent_size":11,"hl_s1":1990,"hl_s2":887,"hl_s3":500,"hl_s4":30,"drop_rate":0.22432405537783368}]
[19:19:17] w01: Training network (Final=0) on gpu for 30 epochs...

[19:20:45] w01: start objective; params=[{"desired_latent_size":15,"hl_s1":1882,"hl_s2":719,"hl_s3":101,"hl_s4":78,"drop_rate":0.42534467943641663}]
[19:21:10] w01: Training network (Final=0) on gpu for 30 epochs...

[19:22:41] w01: start objective; params=[{"desired_latent_size":10,"hl_s1":1258,"hl_s2":505,"hl_s3":103,"hl_s4":86,"drop_rate":0.017399389374935653}]
[19:23:05] w01: Training network (Final=0) on gpu for 30 epochs...

[19:24:35] w01: start objective; params=[{"desired_latent_size":13,"hl_s1":1626,"hl_s2":755,"hl_s3":100,"hl_s4":80,"drop_rate":0.31668053675227259}]
[19:25:02] w01: Training network (Final=0) on gpu for 30 epochs...

[19:26:35] w01: start objective; params=[{"desired_latent_size":10,"hl_s1":1845,"hl_s2":940,"hl_s3":101,"hl_s4":95,"drop_rate":0.16388747403839121}]
[19:26:59] w01: Training network (Final=0) on gpu for 30 epochs...

[19:28:31] w01: start objective; params=[{"desired_latent_size":14,"hl_s1":1831,"hl_s2":576,"hl_s3":101,"hl_s4":39,"drop_rate":0.06877435113243191}]
[19:28:56] w01: Training network (Final=0) on gpu for 30 epochs...

[19:30:25] w01: start objective; params=[{"desired_latent_size":10,"hl_s1":1939,"hl_s2":629,"hl_s3":104,"hl_s4":97,"drop_rate":0.40735430106773118}]
[19:30:49] w01: Training network (Final=0) on gpu for 30 epochs...

[19:32:23] w01: start objective; params=[{"desired_latent_size":13,"hl_s1":1589,"hl_s2":999,"hl_s3":163,"hl_s4":100,"drop_rate":0.065060841785979678}]
[19:32:48] w01: Training network (Final=0) on gpu for 30 epochs...

[19:34:19] w01: start objective; params=[{"desired_latent_size":14,"hl_s1":1994,"hl_s2":995,"hl_s3":499,"hl_s4":37,"drop_rate":0.33447698009045951}]
[19:34:43] w01: Training network (Final=0) on gpu for 30 epochs...

[19:40:12] w01: start objective; params=[{"desired_latent_size":12,"hl_s1":1233,"hl_s2":698,"hl_s3":328,"hl_s4":30,"drop_rate":0.29393153927003957}]
[19:40:41] w01: Training network (Final=0) on gpu for 30 epochs...

[19:42:14] w01: start objective; params=[{"desired_latent_size":11,"hl_s1":1723,"hl_s2":720,"hl_s3":170,"hl_s4":31,"drop_rate":0.35946235050905295}]
[19:42:39] w01: Training network (Final=0) on gpu for 30 epochs...

[19:44:14] w01: start objective; params=[{"desired_latent_size":12,"hl_s1":1973,"hl_s2":519,"hl_s3":138,"hl_s4":47,"drop_rate":0.24861500356522825}]
[19:44:39] w01: Training network (Final=0) on gpu for 30 epochs...

[19:46:16] w01: start objective; params=[{"desired_latent_size":12,"hl_s1":1951,"hl_s2":523,"hl_s3":138,"hl_s4":49,"drop_rate":0.26782903799114383}]
[19:46:41] w01: Training network (Final=0) on gpu for 30 epochs...

[19:48:18] w01: start objective; params=[{"desired_latent_size":11,"hl_s1":1994,"hl_s2":507,"hl_s3":169,"hl_s4":45,"drop_rate":0.10062852596257746}]
[19:48:45] w01: Training network (Final=0) on gpu for 30 epochs...

[19:50:19] w01: start objective; params=[{"desired_latent_size":10,"hl_s1":1733,"hl_s2":608,"hl_s3":137,"hl_s4":44,"drop_rate":0.19618426520744853}]
[19:50:44] w01: Training network (Final=0) on gpu for 30 epochs...

[19:52:23] w01: start objective; params=[{"desired_latent_size":13,"hl_s1":1692,"hl_s2":519,"hl_s3":229,"hl_s4":89,"drop_rate":0.15163659940624696}]
[19:52:48] w01: Training network (Final=0) on gpu for 30 epochs...

[19:54:22] w01: start objective; params=[{"desired_latent_size":13,"hl_s1":1436,"hl_s2":503,"hl_s3":285,"hl_s4":93,"drop_rate":0.22210045773600195}]
[19:54:46] w01: Training network (Final=0) on gpu for 30 epochs...

[19:56:18] w01: start objective; params=[{"desired_latent_size":15,"hl_s1":1664,"hl_s2":508,"hl_s3":316,"hl_s4":70,"drop_rate":0.033416737169461141}]
[19:56:44] w01: Training network (Final=0) on gpu for 30 epochs...

[19:58:19] w01: start objective; params=[{"desired_latent_size":14,"hl_s1":1664,"hl_s2":508,"hl_s3":260,"hl_s4":63,"drop_rate":0.0070826363886149629}]
[19:58:43] w01: Training network (Final=0) on gpu for 30 epochs...

[20:00:20] w01: start objective; params=[{"desired_latent_size":15,"hl_s1":1645,"hl_s2":969,"hl_s3":383,"hl_s4":66,"drop_rate":0.082827235030925261}]
[20:00:45] w01: Training network (Final=0) on gpu for 30 epochs...

[20:02:24] w01: start objective; params=[{"desired_latent_size":12,"hl_s1":1170,"hl_s2":640,"hl_s3":212,"hl_s4":96,"drop_rate":0.4939057645241729}]
[20:02:49] w01: Training network (Final=0) on gpu for 30 epochs...

[20:04:27] w01: start objective; params=[{"desired_latent_size":13,"hl_s1":1672,"hl_s2":517,"hl_s3":359,"hl_s4":31,"drop_rate":0.040460105271949237}]
[20:04:53] w01: Training network (Final=0) on gpu for 30 epochs...

[20:06:27] w01: start objective; params=[{"desired_latent_size":15,"hl_s1":1496,"hl_s2":519,"hl_s3":397,"hl_s4":32,"drop_rate":0.017452266982120837}]
[20:06:52] w01: Training network (Final=0) on gpu for 30 epochs...

[20:08:28] w01: start objective; params=[{"desired_latent_size":14,"hl_s1":1660,"hl_s2":548,"hl_s3":427,"hl_s4":33,"drop_rate":0.097498107354641345}]
[20:08:53] w01: Training network (Final=0) on gpu for 30 epochs...

[20:10:30] w01: start objective; params=[{"desired_latent_size":12,"hl_s1":1649,"hl_s2":536,"hl_s3":132,"hl_s4":31,"drop_rate":0.3274056479999079}]
[20:10:56] w01: Training network (Final=0) on gpu for 30 epochs...

[20:12:35] w01: start objective; params=[{"desired_latent_size":15,"hl_s1":1736,"hl_s2":528,"hl_s3":382,"hl_s4":59,"drop_rate":0.044905853127288869}]
[20:13:05] w01: Training network (Final=0) on gpu for 30 epochs...

[20:14:43] w01: start objective; params=[{"desired_latent_size":15,"hl_s1":1649,"hl_s2":589,"hl_s3":228,"hl_s4":74,"drop_rate":0.082701997309673231}]
[20:15:10] w01: Training network (Final=0) on gpu for 30 epochs...

[20:16:48] w01: start objective; params=[{"desired_latent_size":14,"hl_s1":1779,"hl_s2":776,"hl_s3":210,"hl_s4":76,"drop_rate":0.040029905404178494}]
[20:17:14] w01: Training network (Final=0) on gpu for 30 epochs...

[20:18:53] w01: start objective; params=[{"desired_latent_size":15,"hl_s1":1993,"hl_s2":508,"hl_s3":121,"hl_s4":34,"drop_rate":0.057915737018489108}]
[20:19:19] w01: Training network (Final=0) on gpu for 30 epochs...

[20:20:56] w01: start objective; params=[{"desired_latent_size":15,"hl_s1":1382,"hl_s2":992,"hl_s3":433,"hl_s4":97,"drop_rate":0.15808646335767595}]
[20:21:21] w01: Training network (Final=0) on gpu for 30 epochs...

[20:22:58] w01: start objective; params=[{"desired_latent_size":14,"hl_s1":1991,"hl_s2":505,"hl_s3":323,"hl_s4":60,"drop_rate":0.0075715511372561779}]
[20:23:27] w01: Training network (Final=0) on gpu for 30 epochs...

[20:25:08] w01: start objective; params=[{"desired_latent_size":10,"hl_s1":1375,"hl_s2":525,"hl_s3":349,"hl_s4":95,"drop_rate":0.49861209060917133}]
[20:25:34] w01: Training network (Final=0) on gpu for 30 epochs...

[20:27:14] w01: start objective; params=[{"desired_latent_size":10,"hl_s1":1387,"hl_s2":559,"hl_s3":300,"hl_s4":96,"drop_rate":0.48930576859674685}]
[20:27:39] w01: Training network (Final=0) on gpu for 30 epochs...

[20:29:20] w01: start objective; params=[{"desired_latent_size":12,"hl_s1":1264,"hl_s2":514,"hl_s3":486,"hl_s4":91,"drop_rate":0.49387130068844143}]
[20:29:45] w01: Training network (Final=0) on gpu for 30 epochs...

[20:31:26] w01: start objective; params=[{"desired_latent_size":10,"hl_s1":1010,"hl_s2":968,"hl_s3":423,"hl_s4":32,"drop_rate":0.067191755429761912}]
[20:31:51] w01: Training network (Final=0) on gpu for 30 epochs...

[20:33:30] w01: start objective; params=[{"desired_latent_size":10,"hl_s1":1514,"hl_s2":551,"hl_s3":210,"hl_s4":62,"drop_rate":0.34111106949878495}]
[20:33:58] w01: Training network (Final=0) on gpu for 30 epochs...

[20:35:39] w01: start objective; params=[{"desired_latent_size":12,"hl_s1":1651,"hl_s2":654,"hl_s3":485,"hl_s4":42,"drop_rate":0.030603534938547283}]
[20:36:05] w01: Training network (Final=0) on gpu for 30 epochs...

[20:37:44] w01: start objective; params=[{"desired_latent_size":11,"hl_s1":1651,"hl_s2":573,"hl_s3":153,"hl_s4":31,"drop_rate":0.035807306292200282}]
[20:38:09] w01: Training network (Final=0) on gpu for 30 epochs...

[20:39:52] w01: start objective; params=[{"desired_latent_size":14,"hl_s1":1653,"hl_s2":557,"hl_s3":459,"hl_s4":46,"drop_rate":0.064311121472857974}]
[20:40:18] w01: Training network (Final=0) on gpu for 30 epochs...

[20:42:00] w01: start objective; params=[{"desired_latent_size":13,"hl_s1":1149,"hl_s2":904,"hl_s3":497,"hl_s4":46,"drop_rate":0.019515418329088086}]
[20:42:26] w01: Training network (Final=0) on gpu for 30 epochs...

[20:44:06] w01: start objective; params=[{"desired_latent_size":13,"hl_s1":1931,"hl_s2":969,"hl_s3":498,"hl_s4":84,"drop_rate":0.490002477088956}]
[20:44:36] w01: Training network (Final=0) on gpu for 30 epochs...

[20:46:16] w01: start objective; params=[{"desired_latent_size":13,"hl_s1":1627,"hl_s2":538,"hl_s3":427,"hl_s4":57,"drop_rate":0.003201118197172283}]
[20:46:43] w01: Training network (Final=0) on gpu for 30 epochs...

[20:48:24] w01: start objective; params=[{"desired_latent_size":11,"hl_s1":1650,"hl_s2":608,"hl_s3":365,"hl_s4":55,"drop_rate":0.012907285953514969}]
[20:48:50] w01: Training network (Final=0) on gpu for 30 epochs...

[20:50:31] w01: start objective; params=[{"desired_latent_size":12,"hl_s1":1655,"hl_s2":574,"hl_s3":201,"hl_s4":93,"drop_rate":0.079170570203243751}]
[20:50:58] w01: Training network (Final=0) on gpu for 30 epochs...

[20:52:38] w01: start objective; params=[{"desired_latent_size":11,"hl_s1":1306,"hl_s2":972,"hl_s3":468,"hl_s4":53,"drop_rate":0.0082030604487018932}]
[20:53:05] w01: Training network (Final=0) on gpu for 30 epochs...

[20:54:52] w01: start objective; params=[{"desired_latent_size":10,"hl_s1":1600,"hl_s2":640,"hl_s3":453,"hl_s4":70,"drop_rate":0.055927597029111875}]
[20:55:22] w01: Training network (Final=0) on gpu for 30 epochs...

[20:57:07] w01: start objective; params=[{"desired_latent_size":12,"hl_s1":1322,"hl_s2":799,"hl_s3":410,"hl_s4":36,"drop_rate":0.10882881759191237}]
[20:57:33] w01: Training network (Final=0) on gpu for 30 epochs...

[20:59:16] w01: start objective; params=[{"desired_latent_size":10,"hl_s1":1467,"hl_s2":973,"hl_s3":143,"hl_s4":53,"drop_rate":2.6098230176056343E-5}]
[20:59:43] w01: Training network (Final=0) on gpu for 30 epochs...

[21:01:25] w01: start objective; params=[{"desired_latent_size":15,"hl_s1":1536,"hl_s2":972,"hl_s3":459,"hl_s4":81,"drop_rate":0.014751974874045327}]
[21:01:52] w01: Training network (Final=0) on gpu for 30 epochs...

[21:03:39] w01: start objective; params=[{"desired_latent_size":10,"hl_s1":1672,"hl_s2":904,"hl_s3":353,"hl_s4":65,"drop_rate":0.43995177245106143}]
[21:04:06] w01: Training network (Final=0) on gpu for 30 epochs...

[21:05:48] w01: start objective; params=[{"desired_latent_size":12,"hl_s1":1512,"hl_s2":547,"hl_s3":431,"hl_s4":38,"drop_rate":0.010755904309741392}]
[21:06:15] w01: Training network (Final=0) on gpu for 30 epochs...

[21:08:00] w01: start objective; params=[{"desired_latent_size":14,"hl_s1":1650,"hl_s2":539,"hl_s3":346,"hl_s4":37,"drop_rate":0.044267372480038744}]
[21:08:27] w01: Training network (Final=0) on gpu for 30 epochs...

[21:10:13] w01: start objective; params=[{"desired_latent_size":11,"hl_s1":1120,"hl_s2":983,"hl_s3":488,"hl_s4":64,"drop_rate":0.21991057615236106}]
[21:10:41] w01: Training network (Final=0) on gpu for 30 epochs...

[21:12:26] w01: start objective; params=[{"desired_latent_size":11,"hl_s1":1549,"hl_s2":654,"hl_s3":421,"hl_s4":98,"drop_rate":0.0034088288635871905}]
[21:12:54] w01: Training network (Final=0) on gpu for 30 epochs...

[21:14:43] w01: start objective; params=[{"desired_latent_size":14,"hl_s1":1909,"hl_s2":993,"hl_s3":127,"hl_s4":48,"drop_rate":0.31069650346582867}]
[21:15:11] w01: Training network (Final=0) on gpu for 30 epochs...

[21:19:41] w01: start objective; params=[{"desired_latent_size":11,"hl_s1":1454,"hl_s2":976,"hl_s3":166,"hl_s4":77,"drop_rate":0.19294802450292409}]
[21:20:10] w01: Training network (Final=0) on gpu for 30 epochs...

[21:21:58] w01: start objective; params=[{"desired_latent_size":15,"hl_s1":1283,"hl_s2":519,"hl_s3":224,"hl_s4":50,"drop_rate":0.24015289560763331}]
[21:22:26] w01: Training network (Final=0) on gpu for 30 epochs...

[21:24:12] w01: start objective; params=[{"desired_latent_size":14,"hl_s1":1457,"hl_s2":524,"hl_s3":297,"hl_s4":97,"drop_rate":0.23239303051993704}]
[21:24:40] w01: Training network (Final=0) on gpu for 30 epochs...

[21:26:29] w01: start objective; params=[{"desired_latent_size":15,"hl_s1":1406,"hl_s2":896,"hl_s3":177,"hl_s4":46,"drop_rate":0.41906953364752458}]
[21:26:57] w01: Training network (Final=0) on gpu for 30 epochs...

[21:28:43] w01: start objective; params=[{"desired_latent_size":11,"hl_s1":1017,"hl_s2":502,"hl_s3":179,"hl_s4":40,"drop_rate":0.13059890135117624}]
[21:29:10] w01: Training network (Final=0) on gpu for 30 epochs...

[21:30:57] w01: start objective; params=[{"desired_latent_size":11,"hl_s1":1000,"hl_s2":833,"hl_s3":397,"hl_s4":34,"drop_rate":0.062195248663567043}]
[21:31:27] w01: Training network (Final=0) on gpu for 30 epochs...

[21:33:15] w01: start objective; params=[{"desired_latent_size":13,"hl_s1":1135,"hl_s2":886,"hl_s3":101,"hl_s4":72,"drop_rate":0.082489320924137716}]
[21:33:43] w01: Training network (Final=0) on gpu for 30 epochs...

[21:35:29] w01: start objective; params=[{"desired_latent_size":13,"hl_s1":1278,"hl_s2":561,"hl_s3":492,"hl_s4":83,"drop_rate":0.2188936535585928}]
[21:35:57] w01: Training network (Final=0) on gpu for 30 epochs...

[21:37:44] w01: start objective; params=[{"desired_latent_size":15,"hl_s1":1052,"hl_s2":853,"hl_s3":137,"hl_s4":61,"drop_rate":0.01568694455431428}]
[21:38:11] w01: Training network (Final=0) on gpu for 30 epochs...

[21:39:53] w01: start objective; params=[{"desired_latent_size":15,"hl_s1":1923,"hl_s2":901,"hl_s3":103,"hl_s4":83,"drop_rate":0.043571353609481}]
[21:40:21] w01: Training network (Final=0) on gpu for 30 epochs...

[21:42:04] w01: start objective; params=[{"desired_latent_size":14,"hl_s1":1285,"hl_s2":677,"hl_s3":360,"hl_s4":44,"drop_rate":0.36823526090323561}]
[21:42:32] w01: Training network (Final=0) on gpu for 30 epochs...

[21:44:23] w01: start objective; params=[{"desired_latent_size":15,"hl_s1":1016,"hl_s2":964,"hl_s3":387,"hl_s4":83,"drop_rate":0.40225845105701724}]
[21:44:52] w01: Training network (Final=0) on gpu for 30 epochs...

[21:46:41] w01: start objective; params=[{"desired_latent_size":15,"hl_s1":1009,"hl_s2":619,"hl_s3":463,"hl_s4":81,"drop_rate":0.42120824269109436}]
[21:47:10] w01: Training network (Final=0) on gpu for 30 epochs...

[21:48:55] w01: start objective; params=[{"desired_latent_size":15,"hl_s1":1295,"hl_s2":605,"hl_s3":109,"hl_s4":52,"drop_rate":0.19504180422913509}]
[21:49:22] w01: Training network (Final=0) on gpu for 30 epochs...

[21:51:10] w01: start objective; params=[{"desired_latent_size":11,"hl_s1":1274,"hl_s2":781,"hl_s3":201,"hl_s4":87,"drop_rate":0.28485580841642305}]
[21:51:38] w01: Training network (Final=0) on gpu for 30 epochs...

[21:53:27] w01: start objective; params=[{"desired_latent_size":14,"hl_s1":1004,"hl_s2":823,"hl_s3":103,"hl_s4":74,"drop_rate":0.24517730821464251}]
[21:53:56] w01: Training network (Final=0) on gpu for 30 epochs...

[21:55:46] w01: start objective; params=[{"desired_latent_size":12,"hl_s1":1000,"hl_s2":809,"hl_s3":108,"hl_s4":86,"drop_rate":0.48414429612962895}]
[21:56:15] w01: Training network (Final=0) on gpu for 30 epochs...

[21:58:04] w01: start objective; params=[{"desired_latent_size":14,"hl_s1":1278,"hl_s2":679,"hl_s3":240,"hl_s4":52,"drop_rate":0.1793031602508357}]
[21:58:33] w01: Training network (Final=0) on gpu for 30 epochs...

[22:00:24] w01: start objective; params=[{"desired_latent_size":12,"hl_s1":1289,"hl_s2":893,"hl_s3":215,"hl_s4":48,"drop_rate":0.28794212217999043}]
[22:00:52] w01: Training network (Final=0) on gpu for 30 epochs...

[22:02:43] w01: start objective; params=[{"desired_latent_size":15,"hl_s1":1001,"hl_s2":920,"hl_s3":111,"hl_s4":82,"drop_rate":0.11675083152292204}]
[22:03:12] w01: Training network (Final=0) on gpu for 30 epochs...

[22:05:01] w01: start objective; params=[{"desired_latent_size":13,"hl_s1":1020,"hl_s2":909,"hl_s3":403,"hl_s4":84,"drop_rate":0.48475498257775429}]
[22:05:31] w01: Training network (Final=0) on gpu for 30 epochs...

[22:07:18] w01: start objective; params=[{"desired_latent_size":14,"hl_s1":1282,"hl_s2":800,"hl_s3":218,"hl_s4":50,"drop_rate":0.28790677332328451}]
[22:07:47] w01: Training network (Final=0) on gpu for 30 epochs...

[22:09:37] w01: start objective; params=[{"desired_latent_size":14,"hl_s1":1643,"hl_s2":795,"hl_s3":112,"hl_s4":82,"drop_rate":0.086281594698045083}]
[22:10:07] w01: Training network (Final=0) on gpu for 30 epochs...

[22:11:59] w01: start objective; params=[{"desired_latent_size":15,"hl_s1":1509,"hl_s2":624,"hl_s3":217,"hl_s4":49,"drop_rate":0.25520364068809032}]
[22:12:27] w01: Training network (Final=0) on gpu for 30 epochs...

[22:14:17] w01: start objective; params=[{"desired_latent_size":11,"hl_s1":1947,"hl_s2":512,"hl_s3":101,"hl_s4":81,"drop_rate":0.080778015509085477}]
[22:14:48] w01: Training network (Final=0) on gpu for 30 epochs...

[22:16:39] w01: start objective; params=[{"desired_latent_size":11,"hl_s1":1147,"hl_s2":616,"hl_s3":128,"hl_s4":81,"drop_rate":0.063794607865847341}]
[22:17:08] w01: Training network (Final=0) on gpu for 30 epochs...

[22:18:55] w01: start objective; params=[{"desired_latent_size":12,"hl_s1":1650,"hl_s2":672,"hl_s3":192,"hl_s4":50,"drop_rate":0.24334536585781918}]
[22:19:25] w01: Training network (Final=0) on gpu for 30 epochs...

[22:21:16] w01: start objective; params=[{"desired_latent_size":14,"hl_s1":1612,"hl_s2":912,"hl_s3":126,"hl_s4":95,"drop_rate":0.11025715189592478}]
[22:21:45] w01: Training network (Final=0) on gpu for 30 epochs...

[22:23:38] w01: start objective; params=[{"desired_latent_size":13,"hl_s1":1450,"hl_s2":913,"hl_s3":116,"hl_s4":79,"drop_rate":0.085658713431087274}]
[22:24:09] w01: Training network (Final=0) on gpu for 30 epochs...

[22:25:59] w01: start objective; params=[{"desired_latent_size":11,"hl_s1":1218,"hl_s2":737,"hl_s3":415,"hl_s4":83,"drop_rate":0.40737343009269977}]
[22:26:28] w01: Training network (Final=0) on gpu for 30 epochs...

[22:28:21] w01: start objective; params=[{"desired_latent_size":14,"hl_s1":1780,"hl_s2":828,"hl_s3":147,"hl_s4":80,"drop_rate":0.08018700991576283}]
[22:28:56] w01: Training network (Final=0) on gpu for 30 epochs...

[22:30:50] w01: start objective; params=[{"desired_latent_size":13,"hl_s1":1003,"hl_s2":846,"hl_s3":120,"hl_s4":80,"drop_rate":0.091391828554049537}]
[22:31:20] w01: Training network (Final=0) on gpu for 30 epochs...

[22:33:12] w01: start objective; params=[{"desired_latent_size":11,"hl_s1":1114,"hl_s2":598,"hl_s3":113,"hl_s4":80,"drop_rate":0.082679478669594131}]
[22:33:41] w01: Training network (Final=0) on gpu for 30 epochs...

[22:35:34] w01: start objective; params=[{"desired_latent_size":13,"hl_s1":1105,"hl_s2":881,"hl_s3":261,"hl_s4":81,"drop_rate":0.084339287314820377}]
[22:36:05] w01: Training network (Final=0) on gpu for 30 epochs...

[22:37:57] w01: start objective; params=[{"desired_latent_size":15,"hl_s1":1596,"hl_s2":938,"hl_s3":112,"hl_s4":84,"drop_rate":0.084290894084287582}]
[22:38:28] w01: Training network (Final=0) on gpu for 30 epochs...

[22:40:26] w01: start objective; params=[{"desired_latent_size":12,"hl_s1":1088,"hl_s2":527,"hl_s3":171,"hl_s4":81,"drop_rate":0.078192767401038143}]
[22:40:55] w01: Training network (Final=0) on gpu for 30 epochs...

[22:42:49] w01: start objective; params=[{"desired_latent_size":11,"hl_s1":1699,"hl_s2":516,"hl_s3":455,"hl_s4":93,"drop_rate":0.3518414088083327}]
[22:43:21] w01: Training network (Final=0) on gpu for 30 epochs...

[22:45:23] w01: start objective; params=[{"desired_latent_size":12,"hl_s1":1151,"hl_s2":859,"hl_s3":113,"hl_s4":93,"drop_rate":0.085705747442258673}]
[22:46:07] w01: Training network (Final=0) on gpu for 30 epochs...

[22:48:31] w01: start objective; params=[{"desired_latent_size":12,"hl_s1":1073,"hl_s2":823,"hl_s3":104,"hl_s4":76,"drop_rate":0.085849402660849172}]
[22:49:06] w01: Training network (Final=0) on gpu for 30 epochs...

[22:51:28] w01: start objective; params=[{"desired_latent_size":12,"hl_s1":1291,"hl_s2":754,"hl_s3":142,"hl_s4":82,"drop_rate":0.095776331673024157}]
[22:52:01] w01: Training network (Final=0) on gpu for 30 epochs...

[22:54:06] w01: start objective; params=[{"desired_latent_size":12,"hl_s1":1238,"hl_s2":837,"hl_s3":109,"hl_s4":81,"drop_rate":0.073774797211343529}]
[22:54:39] w01: Training network (Final=0) on gpu for 30 epochs...

[22:56:42] w01: start objective; params=[{"desired_latent_size":15,"hl_s1":1327,"hl_s2":686,"hl_s3":141,"hl_s4":83,"drop_rate":0.0807199202138772}]
[22:57:15] w01: Training network (Final=0) on gpu for 30 epochs...

[22:59:14] w01: start objective; params=[{"desired_latent_size":14,"hl_s1":1291,"hl_s2":806,"hl_s3":105,"hl_s4":80,"drop_rate":0.10283106870646719}]
[22:59:45] w01: Training network (Final=0) on gpu for 30 epochs...

[23:01:42] w01: start objective; params=[{"desired_latent_size":12,"hl_s1":1117,"hl_s2":991,"hl_s3":145,"hl_s4":82,"drop_rate":0.0837949144283912}]
[23:02:13] w01: Training network (Final=0) on gpu for 30 epochs...

[23:04:11] w01: start objective; params=[{"desired_latent_size":14,"hl_s1":1225,"hl_s2":617,"hl_s3":223,"hl_s4":50,"drop_rate":0.23999818763125508}]
[23:04:44] w01: Training network (Final=0) on gpu for 30 epochs...

[23:06:42] w01: start objective; params=[{"desired_latent_size":11,"hl_s1":1783,"hl_s2":651,"hl_s3":117,"hl_s4":82,"drop_rate":0.078646871366337662}]
[23:07:21] w01: Training network (Final=0) on gpu for 30 epochs...

[23:22:20] w01: start objective; params=[{"desired_latent_size":11,"hl_s1":1088,"hl_s2":675,"hl_s3":144,"hl_s4":58,"drop_rate":0.3946709381376563}]
[23:23:08] w01: Training network (Final=0) on gpu for 30 epochs...

[23:25:41] w01: start objective; params=[{"desired_latent_size":15,"hl_s1":1094,"hl_s2":551,"hl_s3":459,"hl_s4":78,"drop_rate":0.33452816785731204}]
[23:26:19] w01: Training network (Final=0) on gpu for 30 epochs...

[23:28:31] w01: start objective; params=[{"desired_latent_size":11,"hl_s1":1095,"hl_s2":702,"hl_s3":142,"hl_s4":64,"drop_rate":0.32495079564063656}]
[23:29:11] w01: Training network (Final=0) on gpu for 30 epochs...

[23:31:21] w01: start objective; params=[{"desired_latent_size":11,"hl_s1":1086,"hl_s2":679,"hl_s3":145,"hl_s4":92,"drop_rate":0.28511834502188332}]
[23:31:59] w01: Training network (Final=0) on gpu for 30 epochs...

[23:34:12] w01: start objective; params=[{"desired_latent_size":14,"hl_s1":1982,"hl_s2":538,"hl_s3":147,"hl_s4":99,"drop_rate":0.30015321574891174}]
[23:34:52] w01: Training network (Final=0) on gpu for 30 epochs...

[23:36:59] w01: start objective; params=[{"desired_latent_size":11,"hl_s1":1472,"hl_s2":623,"hl_s3":147,"hl_s4":100,"drop_rate":0.49444704837652081}]
[23:37:35] w01: Training network (Final=0) on gpu for 30 epochs...

[23:39:31] w01: start objective; params=[{"desired_latent_size":11,"hl_s1":1997,"hl_s2":907,"hl_s3":146,"hl_s4":83,"drop_rate":0.10541811650422372}]
[23:40:07] w01: Training network (Final=0) on gpu for 30 epochs...

[23:42:01] w01: start objective; params=[{"desired_latent_size":11,"hl_s1":1082,"hl_s2":604,"hl_s3":146,"hl_s4":92,"drop_rate":0.034717131856641228}]
[23:42:37] w01: Training network (Final=0) on gpu for 30 epochs...

[23:44:31] w01: start objective; params=[{"desired_latent_size":11,"hl_s1":1021,"hl_s2":845,"hl_s3":146,"hl_s4":73,"drop_rate":0.23450812012271377}]
[23:45:07] w01: Training network (Final=0) on gpu for 30 epochs...

[23:47:02] w01: start objective; params=[{"desired_latent_size":11,"hl_s1":1085,"hl_s2":648,"hl_s3":290,"hl_s4":96,"drop_rate":0.14915522729440195}]
[23:47:38] w01: Training network (Final=0) on gpu for 30 epochs...

[23:49:35] w01: start objective; params=[{"desired_latent_size":11,"hl_s1":1119,"hl_s2":587,"hl_s3":145,"hl_s4":100,"drop_rate":0.36806957678376817}]
[23:50:10] w01: Training network (Final=0) on gpu for 30 epochs...

[23:52:12] w01: start objective; params=[{"desired_latent_size":11,"hl_s1":1165,"hl_s2":708,"hl_s3":147,"hl_s4":93,"drop_rate":0.0055903262405525376}]
[23:52:50] w01: Training network (Final=0) on gpu for 30 epochs...

[23:54:52] w01: start objective; params=[{"desired_latent_size":11,"hl_s1":1044,"hl_s2":700,"hl_s3":199,"hl_s4":66,"drop_rate":0.16930966973723605}]
[23:55:29] w01: Training network (Final=0) on gpu for 30 epochs...

[23:57:28] w01: start objective; params=[{"desired_latent_size":11,"hl_s1":1253,"hl_s2":961,"hl_s3":146,"hl_s4":93,"drop_rate":0.40681981803919809}]
[23:58:04] w01: Training network (Final=0) on gpu for 30 epochs...

[00:00:06] w01: start objective; params=[{"desired_latent_size":11,"hl_s1":1206,"hl_s2":806,"hl_s3":130,"hl_s4":93,"drop_rate":0.47693446336853679}]
[00:00:45] w01: Training network (Final=0) on gpu for 30 epochs...

[00:02:41] w01: start objective; params=[{"desired_latent_size":11,"hl_s1":1138,"hl_s2":930,"hl_s3":142,"hl_s4":92,"drop_rate":0.37410410716244197}]
[00:03:17] w01: Training network (Final=0) on gpu for 30 epochs...

[00:05:12] w01: start objective; params=[{"desired_latent_size":11,"hl_s1":1122,"hl_s2":981,"hl_s3":148,"hl_s4":93,"drop_rate":0.39320262221046448}]
[00:05:51] w01: Training network (Final=0) on gpu for 30 epochs...

[00:07:50] w01: start objective; params=[{"desired_latent_size":11,"hl_s1":1156,"hl_s2":605,"hl_s3":149,"hl_s4":92,"drop_rate":0.33542925763888526}]
[00:08:30] w01: Training network (Final=0) on gpu for 30 epochs...

[00:10:21] w01: start objective; params=[{"desired_latent_size":11,"hl_s1":1150,"hl_s2":787,"hl_s3":141,"hl_s4":92,"drop_rate":0.43295916612176477}]
[00:10:56] w01: Training network (Final=0) on gpu for 30 epochs...

[00:12:49] w01: start objective; params=[{"desired_latent_size":11,"hl_s1":1096,"hl_s2":670,"hl_s3":145,"hl_s4":34,"drop_rate":0.010453826979517189}]
[00:13:22] w01: Training network (Final=0) on gpu for 30 epochs...

[00:15:19] w01: start objective; params=[{"desired_latent_size":11,"hl_s1":1107,"hl_s2":708,"hl_s3":151,"hl_s4":67,"drop_rate":0.047026077653507969}]
[00:15:51] w01: Training network (Final=0) on gpu for 30 epochs...

[00:17:36] w01: start objective; params=[{"desired_latent_size":11,"hl_s1":1082,"hl_s2":701,"hl_s3":145,"hl_s4":97,"drop_rate":0.077382895498348342}]
[00:18:14] w01: Training network (Final=0) on gpu for 30 epochs...

[00:20:14] w01: start objective; params=[{"desired_latent_size":11,"hl_s1":1217,"hl_s2":965,"hl_s3":141,"hl_s4":54,"drop_rate":0.37060658277076997}]
[00:20:48] w01: Training network (Final=0) on gpu for 30 epochs...

[00:22:32] w01: start objective; params=[{"desired_latent_size":11,"hl_s1":1094,"hl_s2":910,"hl_s3":142,"hl_s4":66,"drop_rate":0.30756058343219561}]
[00:23:07] w01: Training network (Final=0) on gpu for 30 epochs...

[00:24:52] w01: start objective; params=[{"desired_latent_size":11,"hl_s1":1108,"hl_s2":907,"hl_s3":143,"hl_s4":88,"drop_rate":0.42616440775898146}]
[00:25:26] w01: Training network (Final=0) on gpu for 30 epochs...

[00:27:10] w01: start objective; params=[{"desired_latent_size":11,"hl_s1":1140,"hl_s2":687,"hl_s3":144,"hl_s4":89,"drop_rate":0.013341232475838537}]
[00:27:42] w01: Training network (Final=0) on gpu for 30 epochs...

[00:29:26] w01: start objective; params=[{"desired_latent_size":11,"hl_s1":1018,"hl_s2":816,"hl_s3":144,"hl_s4":87,"drop_rate":0.032141973453217579}]
[00:30:00] w01: Training network (Final=0) on gpu for 30 epochs...

[00:31:44] w01: start objective; params=[{"desired_latent_size":11,"hl_s1":1057,"hl_s2":881,"hl_s3":137,"hl_s4":86,"drop_rate":0.4527125780863655}]
[00:32:18] w01: Training network (Final=0) on gpu for 30 epochs...

[00:34:03] w01: start objective; params=[{"desired_latent_size":11,"hl_s1":1195,"hl_s2":670,"hl_s3":151,"hl_s4":92,"drop_rate":0.02544329110333661}]
[00:34:37] w01: Training network (Final=0) on gpu for 30 epochs...

[00:36:19] w01: start objective; params=[{"desired_latent_size":11,"hl_s1":1026,"hl_s2":913,"hl_s3":147,"hl_s4":88,"drop_rate":0.37542354630045982}]
[00:36:52] w01: Training network (Final=0) on gpu for 30 epochs...

[00:38:36] w01: start objective; params=[{"desired_latent_size":11,"hl_s1":1123,"hl_s2":713,"hl_s3":146,"hl_s4":89,"drop_rate":0.11942402445177727}]
[00:39:10] w01: Training network (Final=0) on gpu for 30 epochs...

[00:40:53] w01: start objective; params=[{"desired_latent_size":11,"hl_s1":1115,"hl_s2":897,"hl_s3":144,"hl_s4":69,"drop_rate":0.44341224420916164}]
[00:41:27] w01: Training network (Final=0) on gpu for 30 epochs...

[00:43:14] w01: start objective; params=[{"desired_latent_size":11,"hl_s1":1147,"hl_s2":947,"hl_s3":142,"hl_s4":51,"drop_rate":0.45098185510424665}]
[00:43:47] w01: Training network (Final=0) on gpu for 30 epochs...

[00:45:36] w01: start objective; params=[{"desired_latent_size":11,"hl_s1":1121,"hl_s2":875,"hl_s3":136,"hl_s4":90,"drop_rate":0.43761678989980185}]
[00:46:11] w01: Training network (Final=0) on gpu for 30 epochs...

[00:47:57] w01: start objective; params=[{"desired_latent_size":11,"hl_s1":1115,"hl_s2":896,"hl_s3":149,"hl_s4":86,"drop_rate":0.41277847655799205}]
[00:48:31] w01: Training network (Final=0) on gpu for 30 epochs...

[00:50:17] w01: start objective; params=[{"desired_latent_size":11,"hl_s1":1118,"hl_s2":987,"hl_s3":100,"hl_s4":88,"drop_rate":0.47636319357449797}]
[00:50:53] w01: Training network (Final=0) on gpu for 30 epochs...

[00:52:38] w01: start objective; params=[{"desired_latent_size":11,"hl_s1":1270,"hl_s2":991,"hl_s3":218,"hl_s4":90,"drop_rate":0.01179086416063602}]
[00:53:14] w01: Training network (Final=0) on gpu for 30 epochs...

[00:55:00] w01: start objective; params=[{"desired_latent_size":14,"hl_s1":1881,"hl_s2":723,"hl_s3":499,"hl_s4":33,"drop_rate":0.15774837852663282}]
[00:55:35] w01: Training network (Final=0) on gpu for 30 epochs...

[00:57:18] w01: start objective; params=[{"desired_latent_size":11,"hl_s1":1703,"hl_s2":833,"hl_s3":252,"hl_s4":48,"drop_rate":0.095887085672390487}]
[00:57:53] w01: Training network (Final=0) on gpu for 30 epochs...

[00:59:37] w01: start objective; params=[{"desired_latent_size":11,"hl_s1":1820,"hl_s2":913,"hl_s3":103,"hl_s4":43,"drop_rate":0.495082255346914}]
[01:00:12] w01: Training network (Final=0) on gpu for 30 epochs...

[01:01:58] w01: start objective; params=[{"desired_latent_size":10,"hl_s1":1872,"hl_s2":946,"hl_s3":271,"hl_s4":31,"drop_rate":0.032538056368774548}]
[01:02:32] w01: Training network (Final=0) on gpu for 30 epochs...

[01:04:16] w01: start objective; params=[{"desired_latent_size":10,"hl_s1":1091,"hl_s2":628,"hl_s3":104,"hl_s4":99,"drop_rate":0.06572505196289552}]
[01:04:51] w01: Training network (Final=0) on gpu for 30 epochs...

[01:06:35] w01: start objective; params=[{"desired_latent_size":10,"hl_s1":1904,"hl_s2":754,"hl_s3":497,"hl_s4":32,"drop_rate":0.15297839567462002}]
[01:07:11] w01: Training network (Final=0) on gpu for 30 epochs...

[01:08:57] w01: start objective; params=[{"desired_latent_size":10,"hl_s1":1878,"hl_s2":679,"hl_s3":278,"hl_s4":30,"drop_rate":0.47550093038412167}]
[01:09:34] w01: Training network (Final=0) on gpu for 30 epochs...

[01:11:19] w01: start objective; params=[{"desired_latent_size":11,"hl_s1":1533,"hl_s2":868,"hl_s3":345,"hl_s4":93,"drop_rate":0.16784742619989806}]
[01:11:54] w01: Training network (Final=0) on gpu for 30 epochs...

[01:13:40] w01: start objective; params=[{"desired_latent_size":14,"hl_s1":1988,"hl_s2":550,"hl_s3":479,"hl_s4":90,"drop_rate":0.25534222007920387}]
[01:14:17] w01: Training network (Final=0) on gpu for 30 epochs...

[01:16:05] w01: start objective; params=[{"desired_latent_size":11,"hl_s1":1184,"hl_s2":826,"hl_s3":258,"hl_s4":42,"drop_rate":0.25520338653782337}]
[01:16:40] w01: Training network (Final=0) on gpu for 30 epochs...

[01:18:31] w01: start objective; params=[{"desired_latent_size":14,"hl_s1":1981,"hl_s2":725,"hl_s3":386,"hl_s4":80,"drop_rate":0.49505362658272739}]
[01:19:07] w01: Training network (Final=0) on gpu for 30 epochs...

[01:20:54] w01: start objective; params=[{"desired_latent_size":15,"hl_s1":1292,"hl_s2":964,"hl_s3":103,"hl_s4":69,"drop_rate":0.15339276488252285}]
[01:21:28] w01: Training network (Final=0) on gpu for 30 epochs...

[01:23:12] w01: start objective; params=[{"desired_latent_size":10,"hl_s1":1452,"hl_s2":820,"hl_s3":103,"hl_s4":51,"drop_rate":0.031331689931703433}]
[01:23:48] w01: Training network (Final=0) on gpu for 30 epochs...

[01:25:33] w01: start objective; params=[{"desired_latent_size":14,"hl_s1":1728,"hl_s2":538,"hl_s3":329,"hl_s4":64,"drop_rate":0.44658241767756579}]
[01:26:08] w01: Training network (Final=0) on gpu for 30 epochs...

[01:27:54] w01: start objective; params=[{"desired_latent_size":10,"hl_s1":1513,"hl_s2":975,"hl_s3":110,"hl_s4":92,"drop_rate":0.33789028597433568}]
[01:28:29] w01: Training network (Final=0) on gpu for 30 epochs...

[01:30:15] w01: start objective; params=[{"desired_latent_size":11,"hl_s1":1608,"hl_s2":860,"hl_s3":197,"hl_s4":61,"drop_rate":0.047253135502186683}]
[01:30:50] w01: Training network (Final=0) on gpu for 30 epochs...

[01:32:37] w01: start objective; params=[{"desired_latent_size":12,"hl_s1":1626,"hl_s2":978,"hl_s3":156,"hl_s4":86,"drop_rate":0.022792270507484468}]
[01:33:14] w01: Training network (Final=0) on gpu for 30 epochs...

[01:35:07] w01: start objective; params=[{"desired_latent_size":13,"hl_s1":1068,"hl_s2":999,"hl_s3":103,"hl_s4":78,"drop_rate":0.47330858113542096}]
[01:35:43] w01: Training network (Final=0) on gpu for 30 epochs...

[01:37:29] w01: start objective; params=[{"desired_latent_size":12,"hl_s1":1683,"hl_s2":996,"hl_s3":238,"hl_s4":38,"drop_rate":0.068690520709771469}]
[01:38:03] w01: Training network (Final=0) on gpu for 30 epochs...

[01:39:44] w01: start objective; params=[{"desired_latent_size":13,"hl_s1":1214,"hl_s2":993,"hl_s3":103,"hl_s4":92,"drop_rate":0.46427126408949082}]
[01:40:19] w01: Training network (Final=0) on gpu for 30 epochs...

[01:42:05] w01: start objective; params=[{"desired_latent_size":12,"hl_s1":1667,"hl_s2":989,"hl_s3":128,"hl_s4":61,"drop_rate":0.32160294835886349}]
[01:42:40] w01: Training network (Final=0) on gpu for 30 epochs...

[01:44:18] w01: start objective; params=[{"desired_latent_size":11,"hl_s1":1145,"hl_s2":687,"hl_s3":122,"hl_s4":91,"drop_rate":0.0096359224679962649}]
[01:44:53] w01: Training network (Final=0) on gpu for 30 epochs...

[01:46:42] w01: start objective; params=[{"desired_latent_size":10,"hl_s1":1394,"hl_s2":690,"hl_s3":110,"hl_s4":60,"drop_rate":0.023973568522859492}]
[01:47:20] w01: Training network (Final=0) on gpu for 30 epochs...

[01:49:04] w01: start objective; params=[{"desired_latent_size":12,"hl_s1":1609,"hl_s2":676,"hl_s3":310,"hl_s4":34,"drop_rate":0.0024903344725823182}]
[01:49:40] w01: Training network (Final=0) on gpu for 30 epochs...

[01:51:23] w01: start objective; params=[{"desired_latent_size":15,"hl_s1":1919,"hl_s2":973,"hl_s3":498,"hl_s4":93,"drop_rate":0.13969829418465979}]
[01:51:59] w01: Training network (Final=0) on gpu for 30 epochs...

[01:53:43] w01: start objective; params=[{"desired_latent_size":10,"hl_s1":1208,"hl_s2":769,"hl_s3":195,"hl_s4":35,"drop_rate":0.098750444432516377}]
[01:54:18] w01: Training network (Final=0) on gpu for 30 epochs...

[01:56:01] w01: start objective; params=[{"desired_latent_size":11,"hl_s1":1105,"hl_s2":914,"hl_s3":143,"hl_s4":90,"drop_rate":0.37032605006548225}]
[01:56:36] w01: Training network (Final=0) on gpu for 30 epochs...

[01:58:19] w01: start objective; params=[{"desired_latent_size":11,"hl_s1":1170,"hl_s2":932,"hl_s3":143,"hl_s4":87,"drop_rate":0.46998970709840693}]
[01:58:54] w01: Training network (Final=0) on gpu for 30 epochs...

[02:00:37] w01: start objective; params=[{"desired_latent_size":10,"hl_s1":1131,"hl_s2":758,"hl_s3":184,"hl_s4":34,"drop_rate":0.1098571098948333}]
[02:01:13] w01: Training network (Final=0) on gpu for 30 epochs...

[02:02:55] w01: start objective; params=[{"desired_latent_size":10,"hl_s1":1067,"hl_s2":984,"hl_s3":496,"hl_s4":75,"drop_rate":0.48933292075398549}]
[02:03:31] w01: Training network (Final=0) on gpu for 30 epochs...

[02:05:11] w01: start objective; params=[{"desired_latent_size":15,"hl_s1":1567,"hl_s2":991,"hl_s3":481,"hl_s4":33,"drop_rate":0.4959857101460432}]
[02:05:47] w01: Training network (Final=0) on gpu for 30 epochs...

[02:07:31] w01: start objective; params=[{"desired_latent_size":12,"hl_s1":1141,"hl_s2":583,"hl_s3":102,"hl_s4":84,"drop_rate":0.469041255227547}]
[02:08:06] w01: Training network (Final=0) on gpu for 30 epochs...

[02:09:48] w01: start objective; params=[{"desired_latent_size":10,"hl_s1":1738,"hl_s2":795,"hl_s3":119,"hl_s4":31,"drop_rate":0.37473279469971604}]
[02:10:25] w01: Training network (Final=0) on gpu for 30 epochs...

[02:12:09] w01: start objective; params=[{"desired_latent_size":11,"hl_s1":1140,"hl_s2":773,"hl_s3":159,"hl_s4":35,"drop_rate":0.32143880748131126}]
[02:12:44] w01: Training network (Final=0) on gpu for 30 epochs...

[02:14:27] w01: start objective; params=[{"desired_latent_size":10,"hl_s1":1333,"hl_s2":502,"hl_s3":416,"hl_s4":33,"drop_rate":0.40790676743936738}]
[02:15:03] w01: Training network (Final=0) on gpu for 30 epochs...

[02:16:50] w01: start objective; params=[{"desired_latent_size":11,"hl_s1":1180,"hl_s2":708,"hl_s3":145,"hl_s4":99,"drop_rate":0.0583760428723413}]
[02:17:27] w01: Training network (Final=0) on gpu for 30 epochs...

[02:19:10] w01: start objective; params=[{"desired_latent_size":15,"hl_s1":1452,"hl_s2":998,"hl_s3":187,"hl_s4":57,"drop_rate":0.17249508658235366}]
[02:19:46] w01: Training network (Final=0) on gpu for 30 epochs...

[02:21:29] w01: start objective; params=[{"desired_latent_size":11,"hl_s1":1040,"hl_s2":618,"hl_s3":141,"hl_s4":73,"drop_rate":0.019207095707305846}]
[02:22:06] w01: Training network (Final=0) on gpu for 30 epochs...

[02:23:51] w01: start objective; params=[{"desired_latent_size":10,"hl_s1":1332,"hl_s2":762,"hl_s3":149,"hl_s4":40,"drop_rate":0.025741322496104252}]
[02:24:27] w01: Training network (Final=0) on gpu for 30 epochs...

[02:26:10] w01: start objective; params=[{"desired_latent_size":11,"hl_s1":1023,"hl_s2":620,"hl_s3":126,"hl_s4":69,"drop_rate":0.0049276032407639444}]
[02:26:48] w01: Training network (Final=0) on gpu for 30 epochs...

[02:28:32] w01: start objective; params=[{"desired_latent_size":12,"hl_s1":1871,"hl_s2":769,"hl_s3":500,"hl_s4":94,"drop_rate":0.25668970169368}]
[02:29:09] w01: Training network (Final=0) on gpu for 30 epochs...

[02:30:50] w01: start objective; params=[{"desired_latent_size":12,"hl_s1":1971,"hl_s2":726,"hl_s3":407,"hl_s4":63,"drop_rate":0.012162522195139358}]
[02:31:25] w01: Training network (Final=0) on gpu for 30 epochs...

[02:33:13] w01: start objective; params=[{"desired_latent_size":15,"hl_s1":1009,"hl_s2":631,"hl_s3":282,"hl_s4":82,"drop_rate":0.41967520887756804}]
[02:33:50] w01: Training network (Final=0) on gpu for 30 epochs...

[02:35:34] w01: start objective; params=[{"desired_latent_size":14,"hl_s1":1231,"hl_s2":996,"hl_s3":478,"hl_s4":90,"drop_rate":0.017972310982664434}]
[02:36:11] w01: Training network (Final=0) on gpu for 30 epochs...

[02:37:55] w01: start objective; params=[{"desired_latent_size":12,"hl_s1":1993,"hl_s2":730,"hl_s3":432,"hl_s4":60,"drop_rate":0.039409812740537571}]
[02:38:32] w01: Training network (Final=0) on gpu for 30 epochs...

[02:40:15] w01: start objective; params=[{"desired_latent_size":14,"hl_s1":1998,"hl_s2":798,"hl_s3":333,"hl_s4":95,"drop_rate":0.0021013962651805305}]
[02:40:53] w01: Training network (Final=0) on gpu for 30 epochs...

[02:42:39] w01: start objective; params=[{"desired_latent_size":11,"hl_s1":1058,"hl_s2":589,"hl_s3":130,"hl_s4":64,"drop_rate":0.024237878444872532}]
[02:43:16] w01: Training network (Final=0) on gpu for 30 epochs...

[02:44:58] w01: start objective; params=[{"desired_latent_size":14,"hl_s1":1072,"hl_s2":985,"hl_s3":486,"hl_s4":86,"drop_rate":0.029667678183172393}]
[02:45:34] w01: Training network (Final=0) on gpu for 30 epochs...

[02:47:17] w01: start objective; params=[{"desired_latent_size":10,"hl_s1":1992,"hl_s2":691,"hl_s3":335,"hl_s4":74,"drop_rate":0.0046364766434054492}]
[02:47:53] w01: Training network (Final=0) on gpu for 30 epochs...

[02:49:37] w01: start objective; params=[{"desired_latent_size":13,"hl_s1":1987,"hl_s2":743,"hl_s3":407,"hl_s4":74,"drop_rate":0.017682972586763754}]
[02:50:15] w01: Training network (Final=0) on gpu for 30 epochs...

[02:51:59] w01: start objective; params=[{"desired_latent_size":15,"hl_s1":1032,"hl_s2":970,"hl_s3":343,"hl_s4":99,"drop_rate":0.47761053686034949}]
[02:52:36] w01: Training network (Final=0) on gpu for 30 epochs...

[02:54:21] w01: start objective; params=[{"desired_latent_size":15,"hl_s1":1961,"hl_s2":501,"hl_s3":482,"hl_s4":33,"drop_rate":0.43934196453281349}]
[02:55:00] w01: Training network (Final=0) on gpu for 30 epochs...

[02:56:42] w01: start objective; params=[{"desired_latent_size":15,"hl_s1":1057,"hl_s2":941,"hl_s3":352,"hl_s4":95,"drop_rate":0.48008890218627243}]
[02:57:19] w01: Training network (Final=0) on gpu for 30 epochs...

[02:59:06] w01: start objective; params=[{"desired_latent_size":11,"hl_s1":1475,"hl_s2":630,"hl_s3":344,"hl_s4":98,"drop_rate":0.47755333678486933}]
[02:59:43] w01: Training network (Final=0) on gpu for 30 epochs...

[03:01:30] w01: start objective; params=[{"desired_latent_size":15,"hl_s1":1725,"hl_s2":880,"hl_s3":342,"hl_s4":44,"drop_rate":0.47762359214048972}]
[03:02:07] w01: Training network (Final=0) on gpu for 30 epochs...

[03:03:52] w01: start objective; params=[{"desired_latent_size":15,"hl_s1":1025,"hl_s2":991,"hl_s3":327,"hl_s4":99,"drop_rate":0.43101833363994624}]
[03:04:28] w01: Training network (Final=0) on gpu for 30 epochs...

[03:06:13] w01: start objective; params=[{"desired_latent_size":14,"hl_s1":1088,"hl_s2":965,"hl_s3":343,"hl_s4":75,"drop_rate":0.47734263654887765}]
[03:06:51] w01: Training network (Final=0) on gpu for 30 epochs...

[03:08:33] w01: start objective; params=[{"desired_latent_size":15,"hl_s1":1936,"hl_s2":507,"hl_s3":110,"hl_s4":34,"drop_rate":0.38753198300393271}]
[03:09:11] w01: Training network (Final=0) on gpu for 30 epochs...

[03:11:04] w01: start objective; params=[{"desired_latent_size":15,"hl_s1":1047,"hl_s2":936,"hl_s3":352,"hl_s4":91,"drop_rate":0.43871226301797983}]
[03:13:25] w01: start objective; params=[{"desired_latent_size":13,"hl_s1":1725,"hl_s2":833,"hl_s3":355,"hl_s4":40,"drop_rate":0.45415146378428473}]
[03:13:47] w01: Training network (Final=0) on gpu for 30 epochs...

[03:14:43] w01: start objective; params=[{"desired_latent_size":15,"hl_s1":1639,"hl_s2":916,"hl_s3":347,"hl_s4":87,"drop_rate":0.065049298329983185}]
[03:15:05] w01: Training network (Final=0) on gpu for 30 epochs...

[03:16:00] w01: start objective; params=[{"desired_latent_size":11,"hl_s1":1991,"hl_s2":591,"hl_s3":216,"hl_s4":56,"drop_rate":0.019160120810143955}]
[03:16:21] w01: Training network (Final=0) on gpu for 30 epochs...

[03:17:18] w01: start objective; params=[{"desired_latent_size":14,"hl_s1":1005,"hl_s2":587,"hl_s3":274,"hl_s4":77,"drop_rate":0.017962487896025725}]
[03:17:40] w01: Training network (Final=0) on gpu for 30 epochs...

[03:18:36] w01: start objective; params=[{"desired_latent_size":13,"hl_s1":1828,"hl_s2":952,"hl_s3":101,"hl_s4":33,"drop_rate":0.000852642841272979}]
[03:18:57] w01: Training network (Final=0) on gpu for 30 epochs...

[03:19:57] w01: start objective; params=[{"desired_latent_size":10,"hl_s1":1229,"hl_s2":500,"hl_s3":492,"hl_s4":58,"drop_rate":0.44373764323134612}]
[03:20:19] w01: Training network (Final=0) on gpu for 30 epochs...

[03:21:16] w01: start objective; params=[{"desired_latent_size":10,"hl_s1":1999,"hl_s2":864,"hl_s3":192,"hl_s4":83,"drop_rate":0.43329487739651429}]
[03:21:38] w01: Training network (Final=0) on gpu for 30 epochs...

[03:22:36] w01: start objective; params=[{"desired_latent_size":10,"hl_s1":1069,"hl_s2":640,"hl_s3":204,"hl_s4":50,"drop_rate":0.098133997161366282}]
[03:22:58] w01: Training network (Final=0) on gpu for 30 epochs...

[03:23:53] w01: start objective; params=[{"desired_latent_size":15,"hl_s1":1743,"hl_s2":500,"hl_s3":245,"hl_s4":32,"drop_rate":0.0064160466033488725}]
[03:24:15] w01: Training network (Final=0) on gpu for 30 epochs...

[03:25:13] w01: start objective; params=[{"desired_latent_size":10,"hl_s1":1100,"hl_s2":626,"hl_s3":383,"hl_s4":63,"drop_rate":0.497693581929924}]
[03:25:35] w01: Training network (Final=0) on gpu for 30 epochs...

[03:26:33] w01: start objective; params=[{"desired_latent_size":10,"hl_s1":1686,"hl_s2":500,"hl_s3":195,"hl_s4":46,"drop_rate":0.015049506804616031}]
[03:26:55] w01: Training network (Final=0) on gpu for 30 epochs...

[03:27:50] w01: start objective; params=[{"desired_latent_size":10,"hl_s1":1704,"hl_s2":501,"hl_s3":206,"hl_s4":71,"drop_rate":0.4788599914284144}]
[03:28:12] w01: Training network (Final=0) on gpu for 30 epochs...

[03:29:11] w01: start objective; params=[{"desired_latent_size":10,"hl_s1":1720,"hl_s2":548,"hl_s3":496,"hl_s4":32,"drop_rate":0.36487448035234948}]
[03:29:32] w01: Training network (Final=0) on gpu for 30 epochs...

[03:30:30] w01: start objective; params=[{"desired_latent_size":10,"hl_s1":1217,"hl_s2":515,"hl_s3":481,"hl_s4":56,"drop_rate":0.13666617921952262}]
[03:30:52] w01: Training network (Final=0) on gpu for 30 epochs...

[03:31:47] w01: start objective; params=[{"desired_latent_size":11,"hl_s1":1334,"hl_s2":511,"hl_s3":488,"hl_s4":71,"drop_rate":0.47351776244037336}]
[03:32:10] w01: Training network (Final=0) on gpu for 30 epochs...

[03:33:07] w01: start objective; params=[{"desired_latent_size":10,"hl_s1":1716,"hl_s2":568,"hl_s3":476,"hl_s4":56,"drop_rate":0.4796076834359464}]
[03:33:30] w01: Training network (Final=0) on gpu for 30 epochs...

[03:34:30] w01: start objective; params=[{"desired_latent_size":14,"hl_s1":1086,"hl_s2":502,"hl_s3":428,"hl_s4":43,"drop_rate":0.43945632314656152}]
[03:34:51] w01: Training network (Final=0) on gpu for 30 epochs...

[03:35:50] w01: start objective; params=[{"desired_latent_size":13,"hl_s1":1763,"hl_s2":500,"hl_s3":490,"hl_s4":73,"drop_rate":0.447737878044288}]
[03:36:12] w01: Training network (Final=0) on gpu for 30 epochs...

[03:37:12] w01: start objective; params=[{"desired_latent_size":11,"hl_s1":1221,"hl_s2":765,"hl_s3":123,"hl_s4":81,"drop_rate":0.46415943011106992}]
[03:37:34] w01: Training network (Final=0) on gpu for 30 epochs...

[03:38:34] w01: start objective; params=[{"desired_latent_size":14,"hl_s1":1236,"hl_s2":503,"hl_s3":483,"hl_s4":69,"drop_rate":0.422406571708272}]
[03:38:57] w01: Training network (Final=0) on gpu for 30 epochs...

[03:39:56] w01: start objective; params=[{"desired_latent_size":10,"hl_s1":1713,"hl_s2":797,"hl_s3":397,"hl_s4":70,"drop_rate":0.44365561505834883}]
[03:40:18] w01: Training network (Final=0) on gpu for 30 epochs...

[03:41:16] w01: start objective; params=[{"desired_latent_size":10,"hl_s1":1234,"hl_s2":539,"hl_s3":267,"hl_s4":66,"drop_rate":0.432691417660943}]
[03:41:39] w01: Training network (Final=0) on gpu for 30 epochs...

[03:42:39] w01: start objective; params=[{"desired_latent_size":10,"hl_s1":1229,"hl_s2":721,"hl_s3":309,"hl_s4":67,"drop_rate":0.44428051928471279}]
[03:43:01] w01: Training network (Final=0) on gpu for 30 epochs...

[03:43:59] w01: start objective; params=[{"desired_latent_size":10,"hl_s1":1225,"hl_s2":535,"hl_s3":483,"hl_s4":57,"drop_rate":0.44544284030733489}]
[03:44:21] w01: Training network (Final=0) on gpu for 30 epochs...

[03:45:20] w01: start objective; params=[{"desired_latent_size":14,"hl_s1":1084,"hl_s2":527,"hl_s3":444,"hl_s4":43,"drop_rate":0.42985618609678583}]
[03:45:43] w01: Training network (Final=0) on gpu for 30 epochs...

[03:46:42] w01: start objective; params=[{"desired_latent_size":14,"hl_s1":1131,"hl_s2":503,"hl_s3":266,"hl_s4":49,"drop_rate":0.494567030616276}]
[03:47:04] w01: Training network (Final=0) on gpu for 30 epochs...

[03:48:03] w01: start objective; params=[{"desired_latent_size":10,"hl_s1":1309,"hl_s2":701,"hl_s3":110,"hl_s4":66,"drop_rate":0.034809498900866792}]
[03:48:25] w01: Training network (Final=0) on gpu for 30 epochs...

[03:49:25] w01: start objective; params=[{"desired_latent_size":13,"hl_s1":1154,"hl_s2":513,"hl_s3":428,"hl_s4":31,"drop_rate":0.43570970572408352}]
[03:49:47] w01: Training network (Final=0) on gpu for 30 epochs...

[03:50:43] w01: start objective; params=[{"desired_latent_size":10,"hl_s1":1805,"hl_s2":523,"hl_s3":127,"hl_s4":35,"drop_rate":0.12786888062989177}]
[03:51:07] w01: Training network (Final=0) on gpu for 30 epochs...

[03:52:08] w01: start objective; params=[{"desired_latent_size":15,"hl_s1":1122,"hl_s2":512,"hl_s3":375,"hl_s4":72,"drop_rate":0.46031273048971455}]
[03:52:30] w01: Training network (Final=0) on gpu for 30 epochs...

[03:53:29] w01: start objective; params=[{"desired_latent_size":10,"hl_s1":1433,"hl_s2":592,"hl_s3":234,"hl_s4":51,"drop_rate":0.029285908563438795}]
[03:53:51] w01: Training network (Final=0) on gpu for 30 epochs...

[03:54:49] w01: start objective; params=[{"desired_latent_size":10,"hl_s1":1687,"hl_s2":514,"hl_s3":196,"hl_s4":51,"drop_rate":0.0010190066620826949}]
[03:55:12] w01: Training network (Final=0) on gpu for 30 epochs...

[03:56:11] w01: start objective; params=[{"desired_latent_size":11,"hl_s1":1028,"hl_s2":680,"hl_s3":115,"hl_s4":67,"drop_rate":0.020497993403864989}]
[03:56:33] w01: Training network (Final=0) on gpu for 30 epochs...

[03:57:33] w01: start objective; params=[{"desired_latent_size":10,"hl_s1":1242,"hl_s2":505,"hl_s3":435,"hl_s4":52,"drop_rate":0.42003565671990806}]
[03:57:56] w01: Training network (Final=0) on gpu for 30 epochs...

[03:58:55] w01: start objective; params=[{"desired_latent_size":11,"hl_s1":1710,"hl_s2":504,"hl_s3":329,"hl_s4":32,"drop_rate":0.029900184072072428}]
[03:59:17] w01: Training network (Final=0) on gpu for 30 epochs...

[04:00:16] w01: start objective; params=[{"desired_latent_size":10,"hl_s1":1005,"hl_s2":741,"hl_s3":428,"hl_s4":90,"drop_rate":0.06819849565206644}]
[04:00:38] w01: Training network (Final=0) on gpu for 30 epochs...

[04:01:37] w01: start objective; params=[{"desired_latent_size":10,"hl_s1":1002,"hl_s2":562,"hl_s3":469,"hl_s4":88,"drop_rate":0.48185852929967254}]
[04:01:59] w01: Training network (Final=0) on gpu for 30 epochs...

[04:03:00] w01: start objective; params=[{"desired_latent_size":15,"hl_s1":1831,"hl_s2":504,"hl_s3":419,"hl_s4":86,"drop_rate":0.37066960996459519}]
[04:03:23] w01: Training network (Final=0) on gpu for 30 epochs...

[04:04:21] w01: start objective; params=[{"desired_latent_size":14,"hl_s1":1345,"hl_s2":659,"hl_s3":340,"hl_s4":54,"drop_rate":0.18433461351834712}]
[04:04:43] w01: Training network (Final=0) on gpu for 30 epochs...

[04:05:45] w01: start objective; params=[{"desired_latent_size":10,"hl_s1":1231,"hl_s2":545,"hl_s3":463,"hl_s4":56,"drop_rate":0.44282854654961606}]
[04:06:08] w01: Training network (Final=0) on gpu for 30 epochs...

[04:07:08] w01: start objective; params=[{"desired_latent_size":10,"hl_s1":1110,"hl_s2":514,"hl_s3":461,"hl_s4":61,"drop_rate":0.49019644473504459}]
[04:07:32] w01: Training network (Final=0) on gpu for 30 epochs...

[04:08:33] w01: start objective; params=[{"desired_latent_size":11,"hl_s1":1082,"hl_s2":502,"hl_s3":194,"hl_s4":71,"drop_rate":0.47578056167631355}]
[04:08:56] w01: Training network (Final=0) on gpu for 30 epochs...

[04:09:56] w01: start objective; params=[{"desired_latent_size":10,"hl_s1":1006,"hl_s2":765,"hl_s3":167,"hl_s4":31,"drop_rate":0.13972437964374096}]
[04:10:19] w01: Training network (Final=0) on gpu for 30 epochs...

[04:11:21] w01: start objective; params=[{"desired_latent_size":10,"hl_s1":1061,"hl_s2":512,"hl_s3":415,"hl_s4":47,"drop_rate":0.47747090676378845}]
[04:11:45] w01: Training network (Final=0) on gpu for 30 epochs...

[04:12:47] w01: start objective; params=[{"desired_latent_size":14,"hl_s1":1991,"hl_s2":574,"hl_s3":430,"hl_s4":64,"drop_rate":0.16009318302715414}]
[04:13:09] w01: Training network (Final=0) on gpu for 30 epochs...

[04:14:10] w01: start objective; params=[{"desired_latent_size":10,"hl_s1":1039,"hl_s2":521,"hl_s3":452,"hl_s4":64,"drop_rate":0.45008763020972692}]
[04:14:33] w01: Training network (Final=0) on gpu for 30 epochs...

[04:15:33] w01: start objective; params=[{"desired_latent_size":13,"hl_s1":1815,"hl_s2":514,"hl_s3":499,"hl_s4":74,"drop_rate":0.42070702105816626}]
[04:15:56] w01: Training network (Final=0) on gpu for 30 epochs...

[04:16:56] w01: start objective; params=[{"desired_latent_size":10,"hl_s1":1107,"hl_s2":525,"hl_s3":477,"hl_s4":74,"drop_rate":0.48776183293788256}]
[04:17:19] w01: Training network (Final=0) on gpu for 30 epochs...

[04:18:19] w01: start objective; params=[{"desired_latent_size":14,"hl_s1":1965,"hl_s2":523,"hl_s3":433,"hl_s4":72,"drop_rate":0.25874601175973955}]
[04:18:42] w01: Training network (Final=0) on gpu for 30 epochs...

[04:19:44] w01: start objective; params=[{"desired_latent_size":15,"hl_s1":1977,"hl_s2":551,"hl_s3":125,"hl_s4":79,"drop_rate":0.068147659383957254}]
[04:20:07] w01: Training network (Final=0) on gpu for 30 epochs...

[04:21:07] w01: start objective; params=[{"desired_latent_size":14,"hl_s1":1974,"hl_s2":580,"hl_s3":193,"hl_s4":75,"drop_rate":0.072633246538618385}]
[04:21:31] w01: Training network (Final=0) on gpu for 30 epochs...

[04:22:32] w01: start objective; params=[{"desired_latent_size":14,"hl_s1":1984,"hl_s2":557,"hl_s3":196,"hl_s4":74,"drop_rate":0.06765369660133963}]
[04:22:55] w01: Training network (Final=0) on gpu for 30 epochs...

[04:23:54] w01: start objective; params=[{"desired_latent_size":14,"hl_s1":1997,"hl_s2":556,"hl_s3":135,"hl_s4":75,"drop_rate":0.066173796305320776}]
[04:24:17] w01: Training network (Final=0) on gpu for 30 epochs...

[04:25:19] w01: start objective; params=[{"desired_latent_size":13,"hl_s1":1982,"hl_s2":622,"hl_s3":116,"hl_s4":71,"drop_rate":0.045785940918564777}]
[04:25:42] w01: Training network (Final=0) on gpu for 30 epochs...

[04:26:44] w01: start objective; params=[{"desired_latent_size":12,"hl_s1":1925,"hl_s2":505,"hl_s3":101,"hl_s4":95,"drop_rate":0.12567914979888345}]
[04:27:07] w01: Training network (Final=0) on gpu for 30 epochs...

[04:28:08] w01: start objective; params=[{"desired_latent_size":14,"hl_s1":1955,"hl_s2":527,"hl_s3":110,"hl_s4":79,"drop_rate":0.086154969743622828}]
[04:28:31] w01: Training network (Final=0) on gpu for 30 epochs...

[04:29:36] w01: start objective; params=[{"desired_latent_size":10,"hl_s1":1315,"hl_s2":518,"hl_s3":471,"hl_s4":87,"drop_rate":0.36844879437244871}]
[04:30:00] w01: Training network (Final=0) on gpu for 30 epochs...

[04:31:00] w01: start objective; params=[{"desired_latent_size":14,"hl_s1":1992,"hl_s2":576,"hl_s3":137,"hl_s4":67,"drop_rate":0.069151473851932821}]
[04:31:23] w01: Training network (Final=0) on gpu for 30 epochs...

[04:32:24] w01: start objective; params=[{"desired_latent_size":10,"hl_s1":1353,"hl_s2":540,"hl_s3":447,"hl_s4":82,"drop_rate":0.3601681589432697}]
[04:32:47] w01: Training network (Final=0) on gpu for 30 epochs...

[04:33:49] w01: start objective; params=[{"desired_latent_size":10,"hl_s1":1357,"hl_s2":521,"hl_s3":427,"hl_s4":83,"drop_rate":0.36136774094965185}]
[04:34:12] w01: Training network (Final=0) on gpu for 30 epochs...

[04:35:13] w01: start objective; params=[{"desired_latent_size":10,"hl_s1":1320,"hl_s2":536,"hl_s3":416,"hl_s4":86,"drop_rate":0.3671307805441032}]
[04:35:36] w01: Training network (Final=0) on gpu for 30 epochs...

[04:36:37] w01: start objective; params=[{"desired_latent_size":13,"hl_s1":1546,"hl_s2":504,"hl_s3":473,"hl_s4":69,"drop_rate":0.44369751332741469}]
[04:37:00] w01: Training network (Final=0) on gpu for 30 epochs...

[04:37:59] w01: start objective; params=[{"desired_latent_size":10,"hl_s1":1391,"hl_s2":511,"hl_s3":313,"hl_s4":58,"drop_rate":0.48668448432942663}]
[04:38:22] w01: Training network (Final=0) on gpu for 30 epochs...

[04:39:23] w01: start objective; params=[{"desired_latent_size":10,"hl_s1":1253,"hl_s2":533,"hl_s3":394,"hl_s4":86,"drop_rate":0.35014858355867334}]
[04:39:46] w01: Training network (Final=0) on gpu for 30 epochs...

[04:40:46] w01: start objective; params=[{"desired_latent_size":10,"hl_s1":1351,"hl_s2":542,"hl_s3":471,"hl_s4":84,"drop_rate":0.385083237983153}]
[04:41:10] w01: Training network (Final=0) on gpu for 30 epochs...

[04:42:12] w01: start objective; params=[{"desired_latent_size":11,"hl_s1":1150,"hl_s2":868,"hl_s3":104,"hl_s4":92,"drop_rate":0.13850475757526792}]
[04:42:35] w01: Training network (Final=0) on gpu for 30 epochs...

[04:43:36] w01: start objective; params=[{"desired_latent_size":10,"hl_s1":1980,"hl_s2":979,"hl_s3":499,"hl_s4":99,"drop_rate":0.17967634934547211}]
[04:43:59] w01: Training network (Final=0) on gpu for 30 epochs...

[04:45:02] w01: start objective; params=[{"desired_latent_size":10,"hl_s1":1397,"hl_s2":931,"hl_s3":463,"hl_s4":100,"drop_rate":0.31111169969260455}]
[04:45:26] w01: Training network (Final=0) on gpu for 30 epochs...

[04:46:26] w01: start objective; params=[{"desired_latent_size":12,"hl_s1":1976,"hl_s2":598,"hl_s3":361,"hl_s4":91,"drop_rate":0.23512260302538374}]
[04:46:49] w01: Training network (Final=0) on gpu for 30 epochs...

[04:47:50] w01: start objective; params=[{"desired_latent_size":10,"hl_s1":1359,"hl_s2":517,"hl_s3":498,"hl_s4":94,"drop_rate":0.34540814358345434}]
[04:48:13] w01: Training network (Final=0) on gpu for 30 epochs...

[04:49:14] w01: start objective; params=[{"desired_latent_size":12,"hl_s1":1998,"hl_s2":614,"hl_s3":217,"hl_s4":98,"drop_rate":0.13348362435812156}]
[04:49:37] w01: Training network (Final=0) on gpu for 30 epochs...

[04:50:36] w01: start objective; params=[{"desired_latent_size":12,"hl_s1":1972,"hl_s2":614,"hl_s3":235,"hl_s4":98,"drop_rate":0.13354133627076814}]
[04:51:00] w01: Training network (Final=0) on gpu for 30 epochs...

[04:52:04] w01: start objective; params=[{"desired_latent_size":12,"hl_s1":1986,"hl_s2":557,"hl_s3":137,"hl_s4":97,"drop_rate":0.1223879423426722}]
[04:52:27] w01: Training network (Final=0) on gpu for 30 epochs...

[04:53:27] w01: start objective; params=[{"desired_latent_size":15,"hl_s1":1972,"hl_s2":607,"hl_s3":284,"hl_s4":79,"drop_rate":0.065602651393389555}]
[04:53:50] w01: Training network (Final=0) on gpu for 30 epochs...

[04:54:52] w01: start objective; params=[{"desired_latent_size":14,"hl_s1":1989,"hl_s2":636,"hl_s3":307,"hl_s4":82,"drop_rate":0.086967511061480346}]
[04:55:15] w01: Training network (Final=0) on gpu for 30 epochs...

[04:56:15] w01: start objective; params=[{"desired_latent_size":15,"hl_s1":1989,"hl_s2":514,"hl_s3":187,"hl_s4":79,"drop_rate":0.025093937179489552}]
[04:56:38] w01: Training network (Final=0) on gpu for 30 epochs...

[04:57:40] w01: start objective; params=[{"desired_latent_size":11,"hl_s1":1993,"hl_s2":821,"hl_s3":330,"hl_s4":98,"drop_rate":0.21178898994941506}]
[04:58:03] w01: Training network (Final=0) on gpu for 30 epochs...

[04:59:06] w01: start objective; params=[{"desired_latent_size":15,"hl_s1":1972,"hl_s2":503,"hl_s3":448,"hl_s4":93,"drop_rate":0.46011995047433629}]
[04:59:29] w01: Training network (Final=0) on gpu for 30 epochs...

[05:00:29] w01: start objective; params=[{"desired_latent_size":10,"hl_s1":1017,"hl_s2":678,"hl_s3":124,"hl_s4":48,"drop_rate":0.13665714094433581}]
[05:00:53] w01: Training network (Final=0) on gpu for 30 epochs...

[05:01:56] w01: start objective; params=[{"desired_latent_size":14,"hl_s1":1991,"hl_s2":539,"hl_s3":329,"hl_s4":53,"drop_rate":0.078592270314659984}]
[05:02:20] w01: Training network (Final=0) on gpu for 30 epochs...

[05:03:22] w01: start objective; params=[{"desired_latent_size":15,"hl_s1":1036,"hl_s2":663,"hl_s3":371,"hl_s4":90,"drop_rate":0.026933056451248168}]
[05:03:46] w01: Training network (Final=0) on gpu for 30 epochs...

[05:04:51] w01: start objective; params=[{"desired_latent_size":10,"hl_s1":1097,"hl_s2":501,"hl_s3":482,"hl_s4":61,"drop_rate":0.44649410100361736}]
[05:05:14] w01: Training network (Final=0) on gpu for 30 epochs...

[05:06:16] w01: start objective; params=[{"desired_latent_size":11,"hl_s1":1111,"hl_s2":503,"hl_s3":449,"hl_s4":72,"drop_rate":0.38370817950084157}]
[05:06:40] w01: Training network (Final=0) on gpu for 30 epochs...

[05:07:41] w01: start objective; params=[{"desired_latent_size":10,"hl_s1":1145,"hl_s2":521,"hl_s3":481,"hl_s4":65,"drop_rate":0.36411020318260284}]
[05:08:04] w01: Training network (Final=0) on gpu for 30 epochs...

[05:09:06] w01: start objective; params=[{"desired_latent_size":10,"hl_s1":1073,"hl_s2":506,"hl_s3":463,"hl_s4":83,"drop_rate":0.42590064497165425}]
[05:09:31] w01: Training network (Final=0) on gpu for 30 epochs...

[05:10:33] w01: start objective; params=[{"desired_latent_size":10,"hl_s1":1258,"hl_s2":512,"hl_s3":458,"hl_s4":45,"drop_rate":0.42075818174479263}]
[05:10:57] w01: Training network (Final=0) on gpu for 30 epochs...

[05:12:00] w01: start objective; params=[{"desired_latent_size":10,"hl_s1":1099,"hl_s2":560,"hl_s3":432,"hl_s4":80,"drop_rate":0.44676934735334528}]
[05:12:23] w01: Training network (Final=0) on gpu for 30 epochs...

[05:13:27] w01: start objective; params=[{"desired_latent_size":10,"hl_s1":1073,"hl_s2":516,"hl_s3":459,"hl_s4":79,"drop_rate":0.38741331925117789}]
[05:13:51] w01: Training network (Final=0) on gpu for 30 epochs...

[05:14:52] w01: start objective; params=[{"desired_latent_size":11,"hl_s1":1104,"hl_s2":515,"hl_s3":332,"hl_s4":61,"drop_rate":0.071803928638242254}]
[05:15:16] w01: Training network (Final=0) on gpu for 30 epochs...

[05:16:17] w01: start objective; params=[{"desired_latent_size":10,"hl_s1":1234,"hl_s2":610,"hl_s3":233,"hl_s4":61,"drop_rate":0.28391920876405097}]
[05:16:41] w01: Training network (Final=0) on gpu for 30 epochs...

[05:17:44] w01: start objective; params=[{"desired_latent_size":10,"hl_s1":1159,"hl_s2":586,"hl_s3":176,"hl_s4":67,"drop_rate":0.24590011065059691}]
[05:18:08] w01: Training network (Final=0) on gpu for 30 epochs...

[05:19:10] w01: start objective; params=[{"desired_latent_size":10,"hl_s1":1160,"hl_s2":589,"hl_s3":207,"hl_s4":63,"drop_rate":0.27525266281200023}]
[05:19:35] w01: Training network (Final=0) on gpu for 30 epochs...

[05:20:39] w01: start objective; params=[{"desired_latent_size":11,"hl_s1":1026,"hl_s2":598,"hl_s3":131,"hl_s4":62,"drop_rate":0.20650991938674812}]
[05:21:03] w01: Training network (Final=0) on gpu for 30 epochs...

[05:22:08] w01: start objective; params=[{"desired_latent_size":11,"hl_s1":1064,"hl_s2":603,"hl_s3":127,"hl_s4":62,"drop_rate":0.20573637650869614}]
[05:22:32] w01: Training network (Final=0) on gpu for 30 epochs...

[05:23:34] w01: start objective; params=[{"desired_latent_size":10,"hl_s1":1115,"hl_s2":605,"hl_s3":146,"hl_s4":69,"drop_rate":0.24232340517313994}]
[05:23:58] w01: Training network (Final=0) on gpu for 30 epochs...

[05:25:00] w01: start objective; params=[{"desired_latent_size":12,"hl_s1":1018,"hl_s2":576,"hl_s3":169,"hl_s4":51,"drop_rate":0.19949789197575152}]
[05:25:24] w01: Training network (Final=0) on gpu for 30 epochs...

[05:26:27] w01: start objective; params=[{"desired_latent_size":12,"hl_s1":1001,"hl_s2":606,"hl_s3":205,"hl_s4":53,"drop_rate":0.18703534246855325}]
[05:26:51] w01: Training network (Final=0) on gpu for 30 epochs...

[05:27:55] w01: start objective; params=[{"desired_latent_size":10,"hl_s1":1061,"hl_s2":509,"hl_s3":488,"hl_s4":68,"drop_rate":0.49455268491924936}]
[05:28:19] w01: Training network (Final=0) on gpu for 30 epochs...

[05:29:22] w01: start objective; params=[{"desired_latent_size":13,"hl_s1":1014,"hl_s2":506,"hl_s3":134,"hl_s4":40,"drop_rate":0.15089726985345586}]
[05:29:46] w01: Training network (Final=0) on gpu for 30 epochs...

[05:30:48] w01: start objective; params=[{"desired_latent_size":14,"hl_s1":1030,"hl_s2":502,"hl_s3":165,"hl_s4":38,"drop_rate":0.093483661119692266}]
[05:31:12] w01: Training network (Final=0) on gpu for 30 epochs...

[05:34:31] w01: start objective; params=[{"desired_latent_size":11,"hl_s1":1974,"hl_s2":754,"hl_s3":132,"hl_s4":49,"drop_rate":0.22001338555504141}]
[05:34:55] w01: Training network (Final=0) on gpu for 30 epochs...

[05:35:59] w01: start objective; params=[{"desired_latent_size":11,"hl_s1":1998,"hl_s2":528,"hl_s3":461,"hl_s4":99,"drop_rate":0.043313186570673623}]
[05:36:23] w01: Training network (Final=0) on gpu for 30 epochs...

[05:37:27] w01: start objective; params=[{"desired_latent_size":11,"hl_s1":1066,"hl_s2":607,"hl_s3":213,"hl_s4":89,"drop_rate":0.42169730331468386}]
[05:37:51] w01: Training network (Final=0) on gpu for 30 epochs...

[05:38:53] w01: start objective; params=[{"desired_latent_size":13,"hl_s1":1925,"hl_s2":898,"hl_s3":361,"hl_s4":45,"drop_rate":0.0079564890600459237}]
[05:39:18] w01: Training network (Final=0) on gpu for 30 epochs...

[05:40:17] w01: start objective; params=[{"desired_latent_size":11,"hl_s1":1622,"hl_s2":838,"hl_s3":336,"hl_s4":30,"drop_rate":0.01510468518411448}]
[05:40:41] w01: Training network (Final=0) on gpu for 30 epochs...

[05:41:45] w01: start objective; params=[{"desired_latent_size":11,"hl_s1":1058,"hl_s2":621,"hl_s3":202,"hl_s4":89,"drop_rate":0.47500001412008946}]
[05:42:09] w01: Training network (Final=0) on gpu for 30 epochs...

[05:43:10] w01: start objective; params=[{"desired_latent_size":11,"hl_s1":1036,"hl_s2":544,"hl_s3":187,"hl_s4":87,"drop_rate":0.42155104743038369}]
[05:43:34] w01: Training network (Final=0) on gpu for 30 epochs...

[05:44:37] w01: start objective; params=[{"desired_latent_size":11,"hl_s1":1239,"hl_s2":562,"hl_s3":271,"hl_s4":80,"drop_rate":0.41143487166316223}]
[05:45:02] w01: Training network (Final=0) on gpu for 30 epochs...

[05:46:04] w01: start objective; params=[{"desired_latent_size":11,"hl_s1":1322,"hl_s2":500,"hl_s3":206,"hl_s4":97,"drop_rate":0.3769605176545292}]
[05:46:28] w01: Training network (Final=0) on gpu for 30 epochs...

[05:47:28] w01: start objective; params=[{"desired_latent_size":11,"hl_s1":1382,"hl_s2":500,"hl_s3":106,"hl_s4":49,"drop_rate":0.28756092614238249}]
[05:47:53] w01: Training network (Final=0) on gpu for 30 epochs...

[05:48:56] w01: start objective; params=[{"desired_latent_size":11,"hl_s1":1524,"hl_s2":644,"hl_s3":269,"hl_s4":64,"drop_rate":0.31770858007340885}]
[05:49:22] w01: Training network (Final=0) on gpu for 30 epochs...

[05:50:24] w01: start objective; params=[{"desired_latent_size":11,"hl_s1":1356,"hl_s2":501,"hl_s3":273,"hl_s4":71,"drop_rate":0.23268546435580695}]
[05:50:48] w01: Training network (Final=0) on gpu for 30 epochs...

[05:51:52] w01: start objective; params=[{"desired_latent_size":11,"hl_s1":1045,"hl_s2":501,"hl_s3":387,"hl_s4":63,"drop_rate":0.33512979692836775}]
[05:52:16] w01: Training network (Final=0) on gpu for 30 epochs...

[05:53:19] w01: start objective; params=[{"desired_latent_size":13,"hl_s1":1411,"hl_s2":601,"hl_s3":325,"hl_s4":99,"drop_rate":0.014677247151946637}]
[05:53:44] w01: Training network (Final=0) on gpu for 30 epochs...

[05:54:44] w01: start objective; params=[{"desired_latent_size":11,"hl_s1":1976,"hl_s2":502,"hl_s3":410,"hl_s4":54,"drop_rate":0.40023514615579808}]
[05:55:09] w01: Training network (Final=0) on gpu for 30 epochs...

[05:56:10] w01: start objective; params=[{"desired_latent_size":11,"hl_s1":1046,"hl_s2":521,"hl_s3":103,"hl_s4":65,"drop_rate":0.38701506684209253}]
[05:56:34] w01: Training network (Final=0) on gpu for 30 epochs...

[05:57:35] w01: start objective; params=[{"desired_latent_size":11,"hl_s1":1042,"hl_s2":529,"hl_s3":412,"hl_s4":81,"drop_rate":0.41935457341609628}]
[05:58:00] w01: Training network (Final=0) on gpu for 30 epochs...

[05:59:04] w01: start objective; params=[{"desired_latent_size":11,"hl_s1":1599,"hl_s2":839,"hl_s3":183,"hl_s4":82,"drop_rate":0.41505464112054452}]
[05:59:29] w01: Training network (Final=0) on gpu for 30 epochs...

[06:00:33] w01: start objective; params=[{"desired_latent_size":11,"hl_s1":1766,"hl_s2":563,"hl_s3":206,"hl_s4":86,"drop_rate":0.39752346705834896}]
[06:00:59] w01: Training network (Final=0) on gpu for 30 epochs...

[06:02:00] w01: start objective; params=[{"desired_latent_size":11,"hl_s1":1937,"hl_s2":612,"hl_s3":162,"hl_s4":79,"drop_rate":0.42689872972270704}]
[06:02:25] w01: Training network (Final=0) on gpu for 30 epochs...

[06:03:28] w01: start objective; params=[{"desired_latent_size":11,"hl_s1":1742,"hl_s2":512,"hl_s3":204,"hl_s4":85,"drop_rate":0.41242870709735052}]
[06:03:53] w01: Training network (Final=0) on gpu for 30 epochs...

[06:04:55] w01: start objective; params=[{"desired_latent_size":11,"hl_s1":1457,"hl_s2":893,"hl_s3":196,"hl_s4":83,"drop_rate":0.40367887909431194}]
[06:05:20] w01: Training network (Final=0) on gpu for 30 epochs...

[06:06:23] w01: start objective; params=[{"desired_latent_size":11,"hl_s1":1611,"hl_s2":641,"hl_s3":168,"hl_s4":84,"drop_rate":0.40524085407140664}]
[06:06:48] w01: Training network (Final=0) on gpu for 30 epochs...

[06:07:52] w01: start objective; params=[{"desired_latent_size":11,"hl_s1":1837,"hl_s2":816,"hl_s3":158,"hl_s4":82,"drop_rate":0.417411734806979}]
[06:08:16] w01: Training network (Final=0) on gpu for 30 epochs...

[06:09:20] w01: start objective; params=[{"desired_latent_size":13,"hl_s1":1272,"hl_s2":890,"hl_s3":179,"hl_s4":74,"drop_rate":0.43423575764337752}]
[06:09:46] w01: Training network (Final=0) on gpu for 30 epochs...

[06:10:50] w01: start objective; params=[{"desired_latent_size":11,"hl_s1":1174,"hl_s2":506,"hl_s3":182,"hl_s4":67,"drop_rate":0.42470845080053432}]
[06:11:15] w01: Training network (Final=0) on gpu for 30 epochs...

[06:12:19] w01: start objective; params=[{"desired_latent_size":11,"hl_s1":1296,"hl_s2":519,"hl_s3":249,"hl_s4":86,"drop_rate":0.33664736441675724}]
[06:12:45] w01: Training network (Final=0) on gpu for 30 epochs...

[06:13:50] w01: start objective; params=[{"desired_latent_size":12,"hl_s1":1591,"hl_s2":961,"hl_s3":236,"hl_s4":84,"drop_rate":0.40937461060623637}]
[06:14:16] w01: Training network (Final=0) on gpu for 30 epochs...

[06:15:21] w01: start objective; params=[{"desired_latent_size":11,"hl_s1":1364,"hl_s2":579,"hl_s3":143,"hl_s4":61,"drop_rate":0.264947125987267}]
[06:15:46] w01: Training network (Final=0) on gpu for 30 epochs...

[06:16:48] w01: start objective; params=[{"desired_latent_size":10,"hl_s1":1584,"hl_s2":899,"hl_s3":122,"hl_s4":72,"drop_rate":0.40709030999927986}]
[06:17:13] w01: Training network (Final=0) on gpu for 30 epochs...

[06:18:18] w01: start objective; params=[{"desired_latent_size":11,"hl_s1":1601,"hl_s2":859,"hl_s3":148,"hl_s4":70,"drop_rate":0.41173132122125056}]
[06:18:43] w01: Training network (Final=0) on gpu for 30 epochs...

[06:19:43] w01: start objective; params=[{"desired_latent_size":10,"hl_s1":1598,"hl_s2":854,"hl_s3":118,"hl_s4":80,"drop_rate":0.41597510987456232}]
[06:20:08] w01: Training network (Final=0) on gpu for 30 epochs...

[06:21:11] w01: start objective; params=[{"desired_latent_size":13,"hl_s1":1569,"hl_s2":877,"hl_s3":185,"hl_s4":80,"drop_rate":0.4126835489476699}]
[06:21:37] w01: Training network (Final=0) on gpu for 30 epochs...

[06:22:41] w01: start objective; params=[{"desired_latent_size":11,"hl_s1":1317,"hl_s2":597,"hl_s3":271,"hl_s4":99,"drop_rate":0.48124252151547564}]
[06:23:06] w01: Training network (Final=0) on gpu for 30 epochs...

[06:24:11] w01: start objective; params=[{"desired_latent_size":11,"hl_s1":1310,"hl_s2":567,"hl_s3":270,"hl_s4":97,"drop_rate":0.47812746139565276}]
[06:24:36] w01: Training network (Final=0) on gpu for 30 epochs...

[06:25:41] w01: start objective; params=[{"desired_latent_size":11,"hl_s1":1019,"hl_s2":507,"hl_s3":176,"hl_s4":100,"drop_rate":0.20771749105950205}]
[06:26:07] w01: Training network (Final=0) on gpu for 30 epochs...

[06:27:08] w01: start objective; params=[{"desired_latent_size":10,"hl_s1":1480,"hl_s2":879,"hl_s3":149,"hl_s4":85,"drop_rate":0.46004993035403241}]
[06:27:34] w01: Training network (Final=0) on gpu for 30 epochs...

[06:28:37] w01: start objective; params=[{"desired_latent_size":10,"hl_s1":1600,"hl_s2":943,"hl_s3":389,"hl_s4":90,"drop_rate":0.45886883833640812}]
[06:29:03] w01: Training network (Final=0) on gpu for 30 epochs...

[06:30:08] w01: start objective; params=[{"desired_latent_size":11,"hl_s1":1285,"hl_s2":512,"hl_s3":362,"hl_s4":31,"drop_rate":0.24428978774915985}]
[06:30:34] w01: Training network (Final=0) on gpu for 30 epochs...

[06:31:39] w01: start objective; params=[{"desired_latent_size":11,"hl_s1":1563,"hl_s2":859,"hl_s3":152,"hl_s4":81,"drop_rate":0.41854516332199349}]
[06:32:06] w01: Training network (Final=0) on gpu for 30 epochs...

[06:33:09] w01: start objective; params=[{"desired_latent_size":10,"hl_s1":1282,"hl_s2":709,"hl_s3":121,"hl_s4":99,"drop_rate":0.36691668864681326}]
[06:33:34] w01: Training network (Final=0) on gpu for 30 epochs...

[06:34:35] w01: start objective; params=[{"desired_latent_size":10,"hl_s1":1526,"hl_s2":970,"hl_s3":116,"hl_s4":34,"drop_rate":0.45727775658660708}]
[06:35:01] w01: Training network (Final=0) on gpu for 30 epochs...

[06:36:06] w01: start objective; params=[{"desired_latent_size":11,"hl_s1":1602,"hl_s2":663,"hl_s3":183,"hl_s4":58,"drop_rate":0.34675292860731877}]
[06:36:31] w01: Training network (Final=0) on gpu for 30 epochs...

[06:37:33] w01: start objective; params=[{"desired_latent_size":10,"hl_s1":1572,"hl_s2":974,"hl_s3":158,"hl_s4":75,"drop_rate":0.40127067876217282}]
[06:37:58] w01: Training network (Final=0) on gpu for 30 epochs...

[06:39:01] w01: start objective; params=[{"desired_latent_size":11,"hl_s1":1467,"hl_s2":514,"hl_s3":185,"hl_s4":100,"drop_rate":0.415421281222194}]
[06:39:27] w01: Training network (Final=0) on gpu for 30 epochs...

[06:40:30] w01: start objective; params=[{"desired_latent_size":11,"hl_s1":1451,"hl_s2":504,"hl_s3":177,"hl_s4":100,"drop_rate":0.41997693630663779}]
[06:40:56] w01: Training network (Final=0) on gpu for 30 epochs...

[06:41:57] w01: start objective; params=[{"desired_latent_size":10,"hl_s1":1377,"hl_s2":825,"hl_s3":224,"hl_s4":87,"drop_rate":0.48172549346860793}]
[06:42:22] w01: Training network (Final=0) on gpu for 30 epochs...

[06:43:25] w01: start objective; params=[{"desired_latent_size":11,"hl_s1":1640,"hl_s2":503,"hl_s3":103,"hl_s4":34,"drop_rate":0.086202460995275981}]
[06:43:51] w01: Training network (Final=0) on gpu for 30 epochs...

[06:44:55] w01: start objective; params=[{"desired_latent_size":14,"hl_s1":1742,"hl_s2":772,"hl_s3":498,"hl_s4":100,"drop_rate":0.498042714462568}]
[06:45:20] w01: Training network (Final=0) on gpu for 30 epochs...

[06:46:26] w01: start objective; params=[{"desired_latent_size":10,"hl_s1":1300,"hl_s2":806,"hl_s3":263,"hl_s4":98,"drop_rate":0.45340842596622571}]
[06:46:52] w01: Training network (Final=0) on gpu for 30 epochs...

[06:47:55] w01: start objective; params=[{"desired_latent_size":10,"hl_s1":1410,"hl_s2":833,"hl_s3":107,"hl_s4":66,"drop_rate":0.41018039918217591}]
[06:48:21] w01: Training network (Final=0) on gpu for 30 epochs...

[06:49:26] w01: start objective; params=[{"desired_latent_size":11,"hl_s1":1245,"hl_s2":730,"hl_s3":284,"hl_s4":98,"drop_rate":0.40979476849553009}]
[06:49:52] w01: Training network (Final=0) on gpu for 30 epochs...

[06:50:56] w01: start objective; params=[{"desired_latent_size":15,"hl_s1":1022,"hl_s2":997,"hl_s3":377,"hl_s4":35,"drop_rate":0.48439448123222256}]
[06:51:23] w01: Training network (Final=0) on gpu for 30 epochs...

[06:52:28] w01: start objective; params=[{"desired_latent_size":11,"hl_s1":1642,"hl_s2":599,"hl_s3":331,"hl_s4":99,"drop_rate":0.32393048336375541}]
[06:52:55] w01: Training network (Final=0) on gpu for 30 epochs...

[06:54:01] w01: start objective; params=[{"desired_latent_size":11,"hl_s1":1617,"hl_s2":542,"hl_s3":363,"hl_s4":99,"drop_rate":0.36817337940533146}]
[06:54:26] w01: Training network (Final=0) on gpu for 30 epochs...

[06:55:28] w01: start objective; params=[{"desired_latent_size":10,"hl_s1":1832,"hl_s2":518,"hl_s3":205,"hl_s4":94,"drop_rate":0.031332252366191971}]
[06:55:54] w01: Training network (Final=0) on gpu for 30 epochs...

[06:57:00] w01: start objective; params=[{"desired_latent_size":15,"hl_s1":1990,"hl_s2":522,"hl_s3":441,"hl_s4":33,"drop_rate":0.30476866323677942}]
[06:57:27] w01: Training network (Final=0) on gpu for 30 epochs...

[06:58:30] w01: start objective; params=[{"desired_latent_size":11,"hl_s1":1221,"hl_s2":753,"hl_s3":290,"hl_s4":100,"drop_rate":0.36646126506400911}]
[06:58:55] w01: Training network (Final=0) on gpu for 30 epochs...

[06:59:59] w01: start objective; params=[{"desired_latent_size":15,"hl_s1":1025,"hl_s2":504,"hl_s3":118,"hl_s4":31,"drop_rate":0.016450550198323859}]
[07:00:26] w01: Training network (Final=0) on gpu for 30 epochs...

[07:01:34] w01: start objective; params=[{"desired_latent_size":11,"hl_s1":1266,"hl_s2":777,"hl_s3":282,"hl_s4":100,"drop_rate":0.36512595489115873}]
[07:02:00] w01: Training network (Final=0) on gpu for 30 epochs...

[07:03:04] w01: start objective; params=[{"desired_latent_size":10,"hl_s1":1699,"hl_s2":515,"hl_s3":141,"hl_s4":89,"drop_rate":0.069570917818484568}]
[07:03:30] w01: Training network (Final=0) on gpu for 30 epochs...

[07:04:33] w01: start objective; params=[{"desired_latent_size":10,"hl_s1":1703,"hl_s2":523,"hl_s3":129,"hl_s4":81,"drop_rate":0.07266322249634749}]
[07:05:00] w01: Training network (Final=0) on gpu for 30 epochs...

[07:06:06] w01: start objective; params=[{"desired_latent_size":10,"hl_s1":1670,"hl_s2":505,"hl_s3":143,"hl_s4":93,"drop_rate":0.094179355831572553}]
[07:06:32] w01: Training network (Final=0) on gpu for 30 epochs...

[07:07:36] w01: start objective; params=[{"desired_latent_size":10,"hl_s1":1211,"hl_s2":631,"hl_s3":284,"hl_s4":90,"drop_rate":0.4374040417263555}]
[07:08:02] w01: Training network (Final=0) on gpu for 30 epochs...

[07:09:08] w01: start objective; params=[{"desired_latent_size":10,"hl_s1":1789,"hl_s2":503,"hl_s3":116,"hl_s4":78,"drop_rate":0.020048982040789441}]
[07:09:35] w01: Training network (Final=0) on gpu for 30 epochs...

[07:10:40] w01: start objective; params=[{"desired_latent_size":10,"hl_s1":1881,"hl_s2":533,"hl_s3":126,"hl_s4":84,"drop_rate":0.03706983821934734}]
[07:11:07] w01: Training network (Final=0) on gpu for 30 epochs...

[07:12:11] w01: start objective; params=[{"desired_latent_size":11,"hl_s1":1788,"hl_s2":505,"hl_s3":126,"hl_s4":76,"drop_rate":0.046401242427939943}]
[07:12:37] w01: Training network (Final=0) on gpu for 30 epochs...

[07:13:43] w01: start objective; params=[{"desired_latent_size":10,"hl_s1":1797,"hl_s2":504,"hl_s3":114,"hl_s4":65,"drop_rate":0.072208010791458249}]
[07:14:09] w01: Training network (Final=0) on gpu for 30 epochs...

[07:15:14] w01: start objective; params=[{"desired_latent_size":10,"hl_s1":1943,"hl_s2":961,"hl_s3":417,"hl_s4":66,"drop_rate":0.10879402729177517}]
[07:15:41] w01: Training network (Final=0) on gpu for 30 epochs...

[07:16:46] w01: start objective; params=[{"desired_latent_size":10,"hl_s1":1661,"hl_s2":506,"hl_s3":108,"hl_s4":61,"drop_rate":0.040102041364860425}]
[07:17:12] w01: Training network (Final=0) on gpu for 30 epochs...

[07:18:17] w01: start objective; params=[{"desired_latent_size":10,"hl_s1":1793,"hl_s2":519,"hl_s3":120,"hl_s4":98,"drop_rate":0.035287453891470977}]
[07:18:43] w01: Training network (Final=0) on gpu for 30 epochs...

[07:19:52] w01: start objective; params=[{"desired_latent_size":15,"hl_s1":1966,"hl_s2":996,"hl_s3":463,"hl_s4":97,"drop_rate":0.080663976921488523}]
[07:20:20] w01: Training network (Final=0) on gpu for 30 epochs...

[07:21:28] w01: start objective; params=[{"desired_latent_size":15,"hl_s1":1970,"hl_s2":997,"hl_s3":464,"hl_s4":57,"drop_rate":0.093990883283316673}]
[07:21:55] w01: Training network (Final=0) on gpu for 30 epochs...

[07:23:01] w01: start objective; params=[{"desired_latent_size":15,"hl_s1":1990,"hl_s2":991,"hl_s3":465,"hl_s4":70,"drop_rate":0.16903927687932419}]
[07:23:27] w01: Training network (Final=0) on gpu for 30 epochs...

[07:24:33] w01: start objective; params=[{"desired_latent_size":15,"hl_s1":1997,"hl_s2":997,"hl_s3":410,"hl_s4":74,"drop_rate":0.032033934093698008}]
[07:24:59] w01: Training network (Final=0) on gpu for 30 epochs...

[07:26:06] w01: start objective; params=[{"desired_latent_size":15,"hl_s1":1972,"hl_s2":963,"hl_s3":439,"hl_s4":68,"drop_rate":0.050580801182430607}]
[07:26:32] w01: Training network (Final=0) on gpu for 30 epochs...

[07:27:38] w01: start objective; params=[{"desired_latent_size":15,"hl_s1":1966,"hl_s2":992,"hl_s3":449,"hl_s4":41,"drop_rate":0.019577609348112909}]
[07:28:05] w01: Training network (Final=0) on gpu for 30 epochs...

[07:29:10] w01: start objective; params=[{"desired_latent_size":14,"hl_s1":1941,"hl_s2":993,"hl_s3":406,"hl_s4":98,"drop_rate":0.032742453271958988}]
[07:29:36] w01: Training network (Final=0) on gpu for 30 epochs...

[07:30:42] w01: start objective; params=[{"desired_latent_size":10,"hl_s1":1945,"hl_s2":500,"hl_s3":114,"hl_s4":86,"drop_rate":0.03761610978340979}]
[07:31:09] w01: Training network (Final=0) on gpu for 30 epochs...

[07:32:14] w01: start objective; params=[{"desired_latent_size":10,"hl_s1":1685,"hl_s2":506,"hl_s3":117,"hl_s4":35,"drop_rate":0.38880582059982177}]
[07:32:42] w01: Training network (Final=0) on gpu for 30 epochs...

[07:33:51] w01: start objective; params=[{"desired_latent_size":10,"hl_s1":1540,"hl_s2":532,"hl_s3":217,"hl_s4":80,"drop_rate":0.031886724696998367}]
[07:34:18] w01: Training network (Final=0) on gpu for 30 epochs...

[07:35:24] w01: start objective; params=[{"desired_latent_size":15,"hl_s1":1995,"hl_s2":530,"hl_s3":127,"hl_s4":91,"drop_rate":0.027139052938020714}]
[07:35:51] w01: Training network (Final=0) on gpu for 30 epochs...

[07:37:01] w01: start objective; params=[{"desired_latent_size":15,"hl_s1":1980,"hl_s2":832,"hl_s3":103,"hl_s4":79,"drop_rate":0.0014553762917678273}]
[07:37:28] w01: Training network (Final=0) on gpu for 30 epochs...

[07:38:39] w01: start objective; params=[{"desired_latent_size":15,"hl_s1":1981,"hl_s2":800,"hl_s3":119,"hl_s4":82,"drop_rate":0.014490874138959317}]
[07:39:06] w01: Training network (Final=0) on gpu for 30 epochs...

[07:40:13] w01: start objective; params=[{"desired_latent_size":14,"hl_s1":1995,"hl_s2":743,"hl_s3":132,"hl_s4":74,"drop_rate":0.023215260577003176}]
[07:40:40] w01: Training network (Final=0) on gpu for 30 epochs...

[07:41:48] w01: start objective; params=[{"desired_latent_size":15,"hl_s1":1993,"hl_s2":937,"hl_s3":124,"hl_s4":82,"drop_rate":0.032735695483372546}]
[07:42:16] w01: Training network (Final=0) on gpu for 30 epochs...

[07:43:24] w01: start objective; params=[{"desired_latent_size":15,"hl_s1":1955,"hl_s2":509,"hl_s3":294,"hl_s4":60,"drop_rate":0.011549194906282881}]
[07:43:51] w01: Training network (Final=0) on gpu for 30 epochs...

[07:45:00] w01: start objective; params=[{"desired_latent_size":15,"hl_s1":1986,"hl_s2":616,"hl_s3":115,"hl_s4":69,"drop_rate":0.021462244114815204}]
[07:45:28] w01: Training network (Final=0) on gpu for 30 epochs...

[07:46:36] w01: start objective; params=[{"desired_latent_size":15,"hl_s1":1943,"hl_s2":670,"hl_s3":105,"hl_s4":90,"drop_rate":0.011203903420881234}]
[07:47:03] w01: Training network (Final=0) on gpu for 30 epochs...

[07:48:11] w01: start objective; params=[{"desired_latent_size":15,"hl_s1":1990,"hl_s2":661,"hl_s3":106,"hl_s4":36,"drop_rate":0.019200577857117998}]
[07:48:37] w01: Training network (Final=0) on gpu for 30 epochs...

[07:49:45] w01: start objective; params=[{"desired_latent_size":11,"hl_s1":1883,"hl_s2":531,"hl_s3":257,"hl_s4":100,"drop_rate":0.259236245908829}]
[07:50:13] w01: Training network (Final=0) on gpu for 30 epochs...

[07:51:21] w01: start objective; params=[{"desired_latent_size":11,"hl_s1":1904,"hl_s2":522,"hl_s3":268,"hl_s4":92,"drop_rate":0.25600001961596314}]
[07:51:48] w01: Training network (Final=0) on gpu for 30 epochs...

[07:52:58] w01: start objective; params=[{"desired_latent_size":13,"hl_s1":1983,"hl_s2":654,"hl_s3":102,"hl_s4":36,"drop_rate":0.0037272550018626512}]
[07:53:25] w01: Training network (Final=0) on gpu for 30 epochs...

[07:54:35] w01: start objective; params=[{"desired_latent_size":11,"hl_s1":1999,"hl_s2":735,"hl_s3":104,"hl_s4":58,"drop_rate":0.019351285310398647}]
[07:55:02] w01: Training network (Final=0) on gpu for 30 epochs...

[07:56:09] w01: start objective; params=[{"desired_latent_size":11,"hl_s1":1124,"hl_s2":541,"hl_s3":272,"hl_s4":99,"drop_rate":0.35332053040267475}]
[07:56:36] w01: Training network (Final=0) on gpu for 30 epochs...

[07:57:48] w01: start objective; params=[{"desired_latent_size":11,"hl_s1":1147,"hl_s2":550,"hl_s3":284,"hl_s4":97,"drop_rate":0.34650512720588111}]
[07:58:15] w01: Training network (Final=0) on gpu for 30 epochs...

[07:59:22] w01: start objective; params=[{"desired_latent_size":11,"hl_s1":1122,"hl_s2":510,"hl_s3":250,"hl_s4":100,"drop_rate":0.34844148605146441}]
[07:59:50] w01: Training network (Final=0) on gpu for 30 epochs...

[08:00:58] w01: start objective; params=[{"desired_latent_size":15,"hl_s1":1939,"hl_s2":993,"hl_s3":496,"hl_s4":91,"drop_rate":0.49722525203236645}]
[08:01:26] w01: Training network (Final=0) on gpu for 30 epochs...

[08:02:36] w01: start objective; params=[{"desired_latent_size":13,"hl_s1":1964,"hl_s2":963,"hl_s3":499,"hl_s4":94,"drop_rate":0.446913853215614}]
[08:03:04] w01: Training network (Final=0) on gpu for 30 epochs...

[08:04:12] w01: start objective; params=[{"desired_latent_size":15,"hl_s1":1677,"hl_s2":993,"hl_s3":487,"hl_s4":97,"drop_rate":0.47615616160552487}]
[08:04:40] w01: Training network (Final=0) on gpu for 30 epochs...

